item_id,sentence_id,sentence_text,majority_tag,n_raters,cited_indicators,fact_premise_list,fact_premise,record_premise,indicator,is_core,is_negative_control,,,,,,,
Q135,S1,"The student provided a correct response without seeking assistance, indicating some level of engagement with the task.",supported,1,['confidence_triad'],"['The status of this indicator (confidence_triad) is AMBIGUOUS. The student answered correctly without using a hint, but the current data cannot structurally distinguish whether this reflects a correct answer despite low confidence (underconfidence), a correct answer after productive struggle (productive_struggle), or a lucky guess (lucky_guess). (Note: confidence is high, so the signal leans slightly toward productive struggle.)']","The status of this indicator (confidence_triad) is AMBIGUOUS. The student answered correctly without using a hint, but the current data cannot structurally distinguish whether this reflects a correct answer despite low confidence (underconfidence), a correct answer after productive struggle (productive_struggle), or a lucky guess (lucky_guess). (Note: confidence is high, so the signal leans slightly toward productive struggle.)","The student is practicing the skill 'noskill'. Before these attempts, the student's cumulative accuracy on this skill was 20%. On attempt 1, the student answered correctly, used no hints, and took 0.34 times their own average response time. On attempt 2, the student answered incorrectly, used no hints, and took 13.97 times their own average response time. On attempt 3, the student answered incorrectly, used no hints, and took 1.51 times their own average response time. On attempt 4, the student answered correctly, used no hints, and took 0.62 times their own average response time.",confidence_triad,FALSE,FALSE,,,,,,,
Q135,S2,"This outcome could reflect either a successful resolution through effort or a chance occurrence, as the available data does not definitively clarify the underlying process.",supported,1,['confidence_triad'],"['The status of this indicator (confidence_triad) is AMBIGUOUS. The student answered correctly without using a hint, but the current data cannot structurally distinguish whether this reflects a correct answer despite low confidence (underconfidence), a correct answer after productive struggle (productive_struggle), or a lucky guess (lucky_guess). (Note: confidence is high, so the signal leans slightly toward productive struggle.)']","The status of this indicator (confidence_triad) is AMBIGUOUS. The student answered correctly without using a hint, but the current data cannot structurally distinguish whether this reflects a correct answer despite low confidence (underconfidence), a correct answer after productive struggle (productive_struggle), or a lucky guess (lucky_guess). (Note: confidence is high, so the signal leans slightly toward productive struggle.)","The student is practicing the skill 'noskill'. Before these attempts, the student's cumulative accuracy on this skill was 20%. On attempt 1, the student answered correctly, used no hints, and took 0.34 times their own average response time. On attempt 2, the student answered incorrectly, used no hints, and took 13.97 times their own average response time. On attempt 3, the student answered incorrectly, used no hints, and took 1.51 times their own average response time. On attempt 4, the student answered correctly, used no hints, and took 0.62 times their own average response time.",confidence_triad,FALSE,FALSE,,,,,,,
Q135,S3,There is a slight inclination suggesting the response may have resulted from meaningful problem-solving rather than mere luck.,supported,1,['confidence_triad'],"['The status of this indicator (confidence_triad) is AMBIGUOUS. The student answered correctly without using a hint, but the current data cannot structurally distinguish whether this reflects a correct answer despite low confidence (underconfidence), a correct answer after productive struggle (productive_struggle), or a lucky guess (lucky_guess). (Note: confidence is high, so the signal leans slightly toward productive struggle.)']","The status of this indicator (confidence_triad) is AMBIGUOUS. The student answered correctly without using a hint, but the current data cannot structurally distinguish whether this reflects a correct answer despite low confidence (underconfidence), a correct answer after productive struggle (productive_struggle), or a lucky guess (lucky_guess). (Note: confidence is high, so the signal leans slightly toward productive struggle.)","The student is practicing the skill 'noskill'. Before these attempts, the student's cumulative accuracy on this skill was 20%. On attempt 1, the student answered correctly, used no hints, and took 0.34 times their own average response time. On attempt 2, the student answered incorrectly, used no hints, and took 13.97 times their own average response time. On attempt 3, the student answered incorrectly, used no hints, and took 1.51 times their own average response time. On attempt 4, the student answered correctly, used no hints, and took 0.62 times their own average response time.",confidence_triad,FALSE,FALSE,,,,,,,
Q049,S1,"The student exhibits signs of avoiding challenging tasks, indicating a possible reluctance to engage deeply with complex problems.",unsupported,1,['cognitive_avoidance'],['The student showed a tendency to avoid difficult problems or avoid asking for help.'],The student showed a tendency to avoid difficult problems or avoid asking for help.,"The student is practicing the skill 'combinatorics'. Before these attempts, the student's cumulative accuracy on this skill was 38%. On attempt 1, the student answered incorrectly, used no hints, and took 1.80 times their own average response time. On attempt 2, the student answered correctly, used no hints, and took 0.48 times their own average response time. On attempt 3, the student answered correctly, used no hints, and took 0.42 times their own average response time. On attempt 4, the student answered incorrectly, used no hints, and took 0.53 times their own average response time.",cognitive_avoidance,FALSE,FALSE,,,,,,,
Q049,S2,The student also shows frustration that does not lead to productive problem-solving efforts.,unsupported,1,['unproductive_frustration'],['The student experienced unproductive frustration amid repeated failures or difficulty.'],The student experienced unproductive frustration amid repeated failures or difficulty.,"The student is practicing the skill 'combinatorics'. Before these attempts, the student's cumulative accuracy on this skill was 38%. On attempt 1, the student answered incorrectly, used no hints, and took 1.80 times their own average response time. On attempt 2, the student answered correctly, used no hints, and took 0.48 times their own average response time. On attempt 3, the student answered correctly, used no hints, and took 0.42 times their own average response time. On attempt 4, the student answered incorrectly, used no hints, and took 0.53 times their own average response time.",unproductive_frustration,FALSE,FALSE,,,,,,,
Q049,S3,There is a noticeable pattern of errors occurring frequently during practice sessions.,partial,1,['slipping'],['The student made an unexpected mistake on content they had previously understood well.'],The student made an unexpected mistake on content they had previously understood well.,"The student is practicing the skill 'combinatorics'. Before these attempts, the student's cumulative accuracy on this skill was 38%. On attempt 1, the student answered incorrectly, used no hints, and took 1.80 times their own average response time. On attempt 2, the student answered correctly, used no hints, and took 0.48 times their own average response time. On attempt 3, the student answered correctly, used no hints, and took 0.42 times their own average response time. On attempt 4, the student answered incorrectly, used no hints, and took 0.53 times their own average response time.",slipping,FALSE,FALSE,,,,,,,
Q097,S1,"The student exhibits signs of avoiding engaging deeply with the task, indicating a possible reluctance to confront challenging aspects of the skill.",unsupported,1,['cognitive_avoidance'],['The student showed a tendency to avoid difficult problems or avoid asking for help.'],The student showed a tendency to avoid difficult problems or avoid asking for help.,"The student is practicing the skill 'sum-of-interior-angles-more-than-3-sides'. Before these attempts, the student's cumulative accuracy on this skill was 25%. On attempt 1, the student answered incorrectly, used no hints, and took 0.46 times their own average response time. On attempt 2, the student answered incorrectly, used no hints, and took 0.62 times their own average response time. On attempt 3, the student answered correctly, used no hints, and took 4.85 times their own average response time. On attempt 4, the student answered incorrectly, used no hints, and took 3.25 times their own average response time.",cognitive_avoidance,FALSE,FALSE,,,,,,,
Q097,S2,"The student also shows frustration that does not lead to productive problem-solving efforts, suggesting difficulty in managing emotional responses during practice.",unknown,1,['unproductive_frustration'],['The student experienced unproductive frustration amid repeated failures or difficulty.'],The student experienced unproductive frustration amid repeated failures or difficulty.,"The student is practicing the skill 'sum-of-interior-angles-more-than-3-sides'. Before these attempts, the student's cumulative accuracy on this skill was 25%. On attempt 1, the student answered incorrectly, used no hints, and took 0.46 times their own average response time. On attempt 2, the student answered incorrectly, used no hints, and took 0.62 times their own average response time. On attempt 3, the student answered correctly, used no hints, and took 4.85 times their own average response time. On attempt 4, the student answered incorrectly, used no hints, and took 3.25 times their own average response time.",unproductive_frustration,FALSE,FALSE,,,,,,,
Q014,S1,"The student provided a correct response without seeking assistance, yet it remains unclear whether this accuracy stemmed from genuine understanding, persistent effort, or chance.",supported,5,['confidence_triad'],"['The status of this indicator (confidence_triad) is AMBIGUOUS. The student answered correctly without using a hint, but the current data cannot structurally distinguish whether this reflects a correct answer despite low confidence (underconfidence), a correct answer after productive struggle (productive_struggle), or a lucky guess (lucky_guess). (Confidence is also mid-range, so even the direction of the signal is weak.)']","The status of this indicator (confidence_triad) is AMBIGUOUS. The student answered correctly without using a hint, but the current data cannot structurally distinguish whether this reflects a correct answer despite low confidence (underconfidence), a correct answer after productive struggle (productive_struggle), or a lucky guess (lucky_guess). (Confidence is also mid-range, so even the direction of the signal is weak.)","The student is practicing the skill 'noskill'. Before these attempts, the student's cumulative accuracy on this skill was 0%. On attempt 1, the student answered incorrectly, used 1 hint, and took 0.79 times their own average response time. On attempt 2, the student answered incorrectly, used no hints, and took 3.29 times their own average response time. On attempt 3, the student answered incorrectly, used no hints, and took 0.42 times their own average response time. On attempt 4, the student answered correctly, used no hints, and took 2.58 times their own average response time.",confidence_triad,TRUE,FALSE,,,,,,,
Q014,S2,This outcome does not strongly indicate a particular level of confidence or engagement with the material.,partial,5,['confidence_triad'],"['The status of this indicator (confidence_triad) is AMBIGUOUS. The student answered correctly without using a hint, but the current data cannot structurally distinguish whether this reflects a correct answer despite low confidence (underconfidence), a correct answer after productive struggle (productive_struggle), or a lucky guess (lucky_guess). (Confidence is also mid-range, so even the direction of the signal is weak.)']","The status of this indicator (confidence_triad) is AMBIGUOUS. The student answered correctly without using a hint, but the current data cannot structurally distinguish whether this reflects a correct answer despite low confidence (underconfidence), a correct answer after productive struggle (productive_struggle), or a lucky guess (lucky_guess). (Confidence is also mid-range, so even the direction of the signal is weak.)","The student is practicing the skill 'noskill'. Before these attempts, the student's cumulative accuracy on this skill was 0%. On attempt 1, the student answered incorrectly, used 1 hint, and took 0.79 times their own average response time. On attempt 2, the student answered incorrectly, used no hints, and took 3.29 times their own average response time. On attempt 3, the student answered incorrectly, used no hints, and took 0.42 times their own average response time. On attempt 4, the student answered correctly, used no hints, and took 2.58 times their own average response time.",confidence_triad,TRUE,FALSE,,,,,,,
Q014,S3,The available information does not allow for a clear determination of the underlying factors contributing to the correct answer.,supported,5,['confidence_triad'],"['The status of this indicator (confidence_triad) is AMBIGUOUS. The student answered correctly without using a hint, but the current data cannot structurally distinguish whether this reflects a correct answer despite low confidence (underconfidence), a correct answer after productive struggle (productive_struggle), or a lucky guess (lucky_guess). (Confidence is also mid-range, so even the direction of the signal is weak.)']","The status of this indicator (confidence_triad) is AMBIGUOUS. The student answered correctly without using a hint, but the current data cannot structurally distinguish whether this reflects a correct answer despite low confidence (underconfidence), a correct answer after productive struggle (productive_struggle), or a lucky guess (lucky_guess). (Confidence is also mid-range, so even the direction of the signal is weak.)","The student is practicing the skill 'noskill'. Before these attempts, the student's cumulative accuracy on this skill was 0%. On attempt 1, the student answered incorrectly, used 1 hint, and took 0.79 times their own average response time. On attempt 2, the student answered incorrectly, used no hints, and took 3.29 times their own average response time. On attempt 3, the student answered incorrectly, used no hints, and took 0.42 times their own average response time. On attempt 4, the student answered correctly, used no hints, and took 2.58 times their own average response time.",confidence_triad,TRUE,FALSE,,,,,,,
Q127,S1,The student demonstrated a strong sense of certainty in their responses.,partial,1,['overconfidence'],"['The student showed excessive confidence, higher than their actual level of understanding warranted.']","The student showed excessive confidence, higher than their actual level of understanding warranted.","The student is practicing the skill 'proportion'. Before these attempts, the student's cumulative accuracy on this skill was 40%. On attempt 1, the student answered incorrectly, used 2 hints, and took 0.21 times their own average response time. On attempt 2, the student answered correctly, used 2 hints, and took 1.04 times their own average response time. On attempt 3, the student answered correctly, used no hints, and took 1.09 times their own average response time. On attempt 4, the student answered incorrectly, used 1 hint, and took 0.42 times their own average response time.",overconfidence,FALSE,FALSE,,,,,,,
Q127,S2,The level of confidence indicated was maximal.,unsupported,1,['overconfidence'],"['The student showed excessive confidence, higher than their actual level of understanding warranted.']","The student showed excessive confidence, higher than their actual level of understanding warranted.","The student is practicing the skill 'proportion'. Before these attempts, the student's cumulative accuracy on this skill was 40%. On attempt 1, the student answered incorrectly, used 2 hints, and took 0.21 times their own average response time. On attempt 2, the student answered correctly, used 2 hints, and took 1.04 times their own average response time. On attempt 3, the student answered correctly, used no hints, and took 1.09 times their own average response time. On attempt 4, the student answered incorrectly, used 1 hint, and took 0.42 times their own average response time.",overconfidence,FALSE,FALSE,,,,,,,
Q127,S3,There appears to be no indication of doubt or hesitation in their approach.,unsupported,1,['overconfidence'],"['The student showed excessive confidence, higher than their actual level of understanding warranted.']","The student showed excessive confidence, higher than their actual level of understanding warranted.","The student is practicing the skill 'proportion'. Before these attempts, the student's cumulative accuracy on this skill was 40%. On attempt 1, the student answered incorrectly, used 2 hints, and took 0.21 times their own average response time. On attempt 2, the student answered correctly, used 2 hints, and took 1.04 times their own average response time. On attempt 3, the student answered correctly, used no hints, and took 1.09 times their own average response time. On attempt 4, the student answered incorrectly, used 1 hint, and took 0.42 times their own average response time.",overconfidence,FALSE,FALSE,,,,,,,
Q100,S1,"The student provided a correct response without requiring assistance, indicating some level of understanding or insight.",supported,1,['confidence_triad'],"['The status of this indicator (confidence_triad) is AMBIGUOUS. The student answered correctly without using a hint, but the current data cannot structurally distinguish whether this reflects a correct answer despite low confidence (underconfidence), a correct answer after productive struggle (productive_struggle), or a lucky guess (lucky_guess). (Note: confidence is high, so the signal leans slightly toward productive struggle.)']","The status of this indicator (confidence_triad) is AMBIGUOUS. The student answered correctly without using a hint, but the current data cannot structurally distinguish whether this reflects a correct answer despite low confidence (underconfidence), a correct answer after productive struggle (productive_struggle), or a lucky guess (lucky_guess). (Note: confidence is high, so the signal leans slightly toward productive struggle.)","The student is practicing the skill 'percents'. Before these attempts, the student's cumulative accuracy on this skill was 50%. On attempt 1, the student answered correctly, used no hints, and took 3.99 times their own average response time. On attempt 2, the student answered incorrectly, used no hints, and took 0.45 times their own average response time. On attempt 3, the student answered correctly, used no hints, and took 0.42 times their own average response time.",confidence_triad,FALSE,FALSE,,,,,,,
Q100,S2,"This outcome could suggest the student arrived at the solution through thoughtful engagement rather than mere chance, though the exact nature of their process remains unclear.",partial,1,['confidence_triad'],"['The status of this indicator (confidence_triad) is AMBIGUOUS. The student answered correctly without using a hint, but the current data cannot structurally distinguish whether this reflects a correct answer despite low confidence (underconfidence), a correct answer after productive struggle (productive_struggle), or a lucky guess (lucky_guess). (Note: confidence is high, so the signal leans slightly toward productive struggle.)']","The status of this indicator (confidence_triad) is AMBIGUOUS. The student answered correctly without using a hint, but the current data cannot structurally distinguish whether this reflects a correct answer despite low confidence (underconfidence), a correct answer after productive struggle (productive_struggle), or a lucky guess (lucky_guess). (Note: confidence is high, so the signal leans slightly toward productive struggle.)","The student is practicing the skill 'percents'. Before these attempts, the student's cumulative accuracy on this skill was 50%. On attempt 1, the student answered correctly, used no hints, and took 3.99 times their own average response time. On attempt 2, the student answered incorrectly, used no hints, and took 0.45 times their own average response time. On attempt 3, the student answered correctly, used no hints, and took 0.42 times their own average response time.",confidence_triad,FALSE,FALSE,,,,,,,
Q100,S3,"The presence of high confidence further complicates interpretation, as it may reflect genuine mastery or overestimation of competence.",unknown,1,['confidence_triad'],"['The status of this indicator (confidence_triad) is AMBIGUOUS. The student answered correctly without using a hint, but the current data cannot structurally distinguish whether this reflects a correct answer despite low confidence (underconfidence), a correct answer after productive struggle (productive_struggle), or a lucky guess (lucky_guess). (Note: confidence is high, so the signal leans slightly toward productive struggle.)']","The status of this indicator (confidence_triad) is AMBIGUOUS. The student answered correctly without using a hint, but the current data cannot structurally distinguish whether this reflects a correct answer despite low confidence (underconfidence), a correct answer after productive struggle (productive_struggle), or a lucky guess (lucky_guess). (Note: confidence is high, so the signal leans slightly toward productive struggle.)","The student is practicing the skill 'percents'. Before these attempts, the student's cumulative accuracy on this skill was 50%. On attempt 1, the student answered correctly, used no hints, and took 3.99 times their own average response time. On attempt 2, the student answered incorrectly, used no hints, and took 0.45 times their own average response time. On attempt 3, the student answered correctly, used no hints, and took 0.42 times their own average response time.",confidence_triad,FALSE,FALSE,,,,,,,
Q132,S1,"The student exhibits signs of avoiding challenging tasks, indicating a possible reluctance to engage deeply with complex problems.",unsupported,1,['cognitive_avoidance'],['The student showed a tendency to avoid difficult problems or avoid asking for help.'],The student showed a tendency to avoid difficult problems or avoid asking for help.,"The student is practicing the skill 'equation-solving'. Before these attempts, the student's cumulative accuracy on this skill was 64%. On attempt 1, the student answered correctly, used no hints, and took 0.18 times their own average response time. On attempt 2, the student answered correctly, used no hints, and took 0.18 times their own average response time. On attempt 3, the student answered correctly, used no hints, and took 6.37 times their own average response time. On attempt 4, the student answered incorrectly, used no hints, and took 1.47 times their own average response time.",cognitive_avoidance,FALSE,FALSE,,,,,,,
Q132,S2,"The student also shows frustration that does not lead to effective problem-solving strategies, suggesting difficulty in managing task demands.",unsupported,1,['unproductive_frustration'],['The student experienced unproductive frustration amid repeated failures or difficulty.'],The student experienced unproductive frustration amid repeated failures or difficulty.,"The student is practicing the skill 'equation-solving'. Before these attempts, the student's cumulative accuracy on this skill was 64%. On attempt 1, the student answered correctly, used no hints, and took 0.18 times their own average response time. On attempt 2, the student answered correctly, used no hints, and took 0.18 times their own average response time. On attempt 3, the student answered correctly, used no hints, and took 6.37 times their own average response time. On attempt 4, the student answered incorrectly, used no hints, and took 1.47 times their own average response time.",unproductive_frustration,FALSE,FALSE,,,,,,,
Q058,S1,"The student provided a correct response without requiring assistance, indicating some level of understanding or mastery.",unsupported,1,[],,[],,FALSE,TRUE,,,,,,,,
Q058,S2,"This outcome may reflect a combination of factors, including potential perseverance through challenges or chance accuracy.",partial,1,[],,,"The student is practicing the skill 'probability'. Before these attempts, the student's cumulative accuracy on this skill was 30%. On attempt 1, the student answered incorrectly, used 2 hints, and took 0.08 times their own average response time. On attempt 2, the student answered correctly, used 2 hints, and took 0.76 times their own average response time. On attempt 3, the student answered incorrectly, used no hints, and took 0.46 times their own average response time. On attempt 4, the student answered incorrectly, used 1 hint, and took 2.66 times their own average response time.",,FALSE,TRUE,,,,,,,
Q058,S3,The available information does not allow for a clear determination of the exact contributing elements behind the successful response.,supported,1,[],,,"The student is practicing the skill 'probability'. Before these attempts, the student's cumulative accuracy on this skill was 30%. On attempt 1, the student answered incorrectly, used 2 hints, and took 0.08 times their own average response time. On attempt 2, the student answered correctly, used 2 hints, and took 0.76 times their own average response time. On attempt 3, the student answered incorrectly, used no hints, and took 0.46 times their own average response time. On attempt 4, the student answered incorrectly, used 1 hint, and took 2.66 times their own average response time.",,FALSE,TRUE,,,,,,,
Q019,S1,The student demonstrates a strong sense of confidence in their ability to interpret number lines.,supported,1,['overconfidence'],"['The student showed excessive confidence, higher than their actual level of understanding warranted. ']","The student showed excessive confidence, higher than their actual level of understanding warranted. ","The student is practicing the skill 'interpreting-numberline'. Before these attempts, the student's cumulative accuracy on this skill was 31%. On attempt 1, the student answered incorrectly, used 2 hints, and took 0.07 times their own average response time. On attempt 2, the student answered incorrectly, used 3 hints, and took 0.07 times their own average response time. On attempt 3, the student answered correctly, used 3 hints, and took 0.33 times their own average response time. On attempt 4, the student answered incorrectly, used 1 hint, and took 0.52 times their own average response time.",overconfidence,FALSE,FALSE,,,,,,,
Q019,S2,The student also shows signs of inconsistency in maintaining accurate responses throughout the task.,supported,1,['slipping'],['The student made an unexpected mistake on content they had previously understood well. '],The student made an unexpected mistake on content they had previously understood well. ,"The student is practicing the skill 'interpreting-numberline'. Before these attempts, the student's cumulative accuracy on this skill was 31%. On attempt 1, the student answered incorrectly, used 2 hints, and took 0.07 times their own average response time. On attempt 2, the student answered incorrectly, used 3 hints, and took 0.07 times their own average response time. On attempt 3, the student answered correctly, used 3 hints, and took 0.33 times their own average response time. On attempt 4, the student answered incorrectly, used 1 hint, and took 0.52 times their own average response time.",slipping,FALSE,FALSE,,,,,,,
Q093,S1,The student may have been avoiding tasks that require critical thinking.,supported,5,['cognitive_avoidance'],['The student showed a tendency to avoid difficult problems or avoid asking for help.'],The student showed a tendency to avoid difficult problems or avoid asking for help.,"The student is practicing the skill 'discount'. Before these attempts, the student's cumulative accuracy on this skill was 0%. On attempt 1, the student answered incorrectly, used 17 hints, and took 0.04 times their own average response time. On attempt 2, the student answered incorrectly, used 18 hints, and took 0.04 times their own average response time. On attempt 3, the student answered incorrectly, used 19 hints, and took 0.04 times their own average response time. On attempt 4, the student answered correctly, used 19 hints, and took 0.39 times their own average response time.",cognitive_avoidance,TRUE,FALSE,,,,,,,
Q093,S2,The behavior suggests a possible reluctance to engage deeply with complex material.,supported,5,[],,,"The student is practicing the skill 'discount'. Before these attempts, the student's cumulative accuracy on this skill was 0%. On attempt 1, the student answered incorrectly, used 17 hints, and took 0.04 times their own average response time. On attempt 2, the student answered incorrectly, used 18 hints, and took 0.04 times their own average response time. On attempt 3, the student answered incorrectly, used 19 hints, and took 0.04 times their own average response time. On attempt 4, the student answered correctly, used 19 hints, and took 0.39 times their own average response time.",,TRUE,FALSE,,,,,,,
Q093,S3,The pattern indicates a potential inclination to bypass challenging aspects of work.,supported,5,['cognitive_avoidance'],['The student showed a tendency to avoid difficult problems or avoid asking for help.'],The student showed a tendency to avoid difficult problems or avoid asking for help.,"The student is practicing the skill 'discount'. Before these attempts, the student's cumulative accuracy on this skill was 0%. On attempt 1, the student answered incorrectly, used 17 hints, and took 0.04 times their own average response time. On attempt 2, the student answered incorrectly, used 18 hints, and took 0.04 times their own average response time. On attempt 3, the student answered incorrectly, used 19 hints, and took 0.04 times their own average response time. On attempt 4, the student answered correctly, used 19 hints, and took 0.39 times their own average response time.",cognitive_avoidance,TRUE,FALSE,,,,,,,
Q037,S1,The student may have overestimated their ability to perform the task successfully.,unsupported,5,['overconfidence'],"['The student showed excessive confidence, higher than their actual level of understanding warranted.']","The student showed excessive confidence, higher than their actual level of understanding warranted.","The student is practicing the skill 'symbolization-articulation'. Before these attempts, the student's cumulative accuracy on this skill was 0%. On attempt 1, the student answered incorrectly, used 1 hint, and took 0.22 times their own average response time. On attempt 2, the student answered incorrectly, used 1 hint, and took 2.21 times their own average response time. On attempt 3, the student answered incorrectly, used 2 hints, and took 0.34 times their own average response time. On attempt 4, the student answered incorrectly, used 3 hints, and took 0.18 times their own average response time.",overconfidence,TRUE,FALSE,,,,,,,
Q037,S2,This indicates a possible lack of awareness regarding the difficulty of the skill being practiced.,unsupported,5,['overconfidence'],"['The student showed excessive confidence, higher than their actual level of understanding warranted.']","The student showed excessive confidence, higher than their actual level of understanding warranted.","The student is practicing the skill 'symbolization-articulation'. Before these attempts, the student's cumulative accuracy on this skill was 0%. On attempt 1, the student answered incorrectly, used 1 hint, and took 0.22 times their own average response time. On attempt 2, the student answered incorrectly, used 1 hint, and took 2.21 times their own average response time. On attempt 3, the student answered incorrectly, used 2 hints, and took 0.34 times their own average response time. On attempt 4, the student answered incorrectly, used 3 hints, and took 0.18 times their own average response time.",overconfidence,TRUE,FALSE,,,,,,,
Q037,S3,There appears to be a tendency to rely on prior knowledge rather than current feedback.,unsupported,5,['overconfidence'],"['The student showed excessive confidence, higher than their actual level of understanding warranted.']","The student showed excessive confidence, higher than their actual level of understanding warranted.","The student is practicing the skill 'symbolization-articulation'. Before these attempts, the student's cumulative accuracy on this skill was 0%. On attempt 1, the student answered incorrectly, used 1 hint, and took 0.22 times their own average response time. On attempt 2, the student answered incorrectly, used 1 hint, and took 2.21 times their own average response time. On attempt 3, the student answered incorrectly, used 2 hints, and took 0.34 times their own average response time. On attempt 4, the student answered incorrectly, used 3 hints, and took 0.18 times their own average response time.",overconfidence,TRUE,FALSE,,,,,,,
Q037,S4,The high level of confidence might lead to less attention given to corrective guidance.,unsupported,5,['overconfidence'],"['The student showed excessive confidence, higher than their actual level of understanding warranted.']","The student showed excessive confidence, higher than their actual level of understanding warranted.","The student is practicing the skill 'symbolization-articulation'. Before these attempts, the student's cumulative accuracy on this skill was 0%. On attempt 1, the student answered incorrectly, used 1 hint, and took 0.22 times their own average response time. On attempt 2, the student answered incorrectly, used 1 hint, and took 2.21 times their own average response time. On attempt 3, the student answered incorrectly, used 2 hints, and took 0.34 times their own average response time. On attempt 4, the student answered incorrectly, used 3 hints, and took 0.18 times their own average response time.",overconfidence,TRUE,FALSE,,,,,,,
Q020,S1,"The student may have avoided engaging deeply with complex tasks, indicating a possible reluctance to confront challenging material.",unsupported,1,['cognitive_avoidance'],['The student showed a tendency to avoid difficult problems or avoid asking for help.'],The student showed a tendency to avoid difficult problems or avoid asking for help.,"The student is practicing the skill 'pattern-finding'. Before these attempts, the student's cumulative accuracy on this skill was 56%. On attempt 1, the student answered correctly, used no hints, and took 3.04 times their own average response time. On attempt 2, the student answered correctly, used no hints, and took 1.42 times their own average response time. On attempt 3, the student answered correctly, used no hints, and took 2.34 times their own average response time. On attempt 4, the student answered incorrectly, used no hints, and took 0.46 times their own average response time.",cognitive_avoidance,FALSE,FALSE,,,,,,,
Q020,S2,"There appears to be a notable inconsistency in task completion, suggesting difficulty maintaining focus or accuracy over time.",partial,1,['slipping'],['The student made an unexpected mistake on content they had previously understood well.'],The student made an unexpected mistake on content they had previously understood well.,"The student is practicing the skill 'pattern-finding'. Before these attempts, the student's cumulative accuracy on this skill was 56%. On attempt 1, the student answered correctly, used no hints, and took 3.04 times their own average response time. On attempt 2, the student answered correctly, used no hints, and took 1.42 times their own average response time. On attempt 3, the student answered correctly, used no hints, and took 2.34 times their own average response time. On attempt 4, the student answered incorrectly, used no hints, and took 0.46 times their own average response time.",slipping,FALSE,FALSE,,,,,,,
Q116,S1,The student may have avoided engaging deeply with the problem-solving process.,unsupported,5,[],The student showed a tendency to avoid difficult problems or avoid asking for help.,[],cognitive_avoidance,TRUE,FALSE,,,,,,,,
Q116,S2,This could indicate a reluctance to confront challenging aspects of the task.,unsupported,5,['cognitive_avoidance'],['The student showed a tendency to avoid difficult problems or avoid asking for help.'],The student showed a tendency to avoid difficult problems or avoid asking for help.,"The student is practicing the skill 'pythagorean-theorem'. Before these attempts, the student's cumulative accuracy on this skill was 38%. On attempt 1, the student answered incorrectly, used 1 hint, and took 1.62 times their own average response time. On attempt 2, the student answered incorrectly, used 1 hint, and took 1.79 times their own average response time. On attempt 3, the student answered correctly, used 1 hint, and took 0.25 times their own average response time. On attempt 4, the student answered incorrectly, used no hints, and took 0.67 times their own average response time.",cognitive_avoidance,TRUE,FALSE,,,,,,,
Q039,S1,"The student engaged in independent problem-solving despite the availability of hints, indicating a strong capacity for self-directed effort.",unsupported,5,['productive_struggle'],"['The student struggled with difficulty while using hints, but ultimately solved the problem through productive effort. productive_struggle is dominant (independent judgment is possible since a hint was used).']","The student struggled with difficulty while using hints, but ultimately solved the problem through productive effort. productive_struggle is dominant (independent judgment is possible since a hint was used).","The student is practicing the skill 'multiplying-decimals'. Before these attempts, the student's cumulative accuracy on this skill was 5%. On attempt 1, the student answered incorrectly, used 1 hint, and took 0.21 times their own average response time. On attempt 2, the student answered incorrectly, used 1 hint, and took 0.13 times their own average response time. On attempt 3, the student answered incorrectly, used 1 hint, and took 1.13 times their own average response time. On attempt 4, the student answered correctly, used 1 hint, and took 0.84 times their own average response time.",productive_struggle,TRUE,FALSE,,,,,,,
Q063,S1,The student may have been avoiding tasks that require deeper thinking or analysis.,partial,1,[],,,"The student is practicing the skill 'pattern-finding'. Before these attempts, the student's cumulative accuracy on this skill was 20%. On attempt 1, the student answered incorrectly, used no hints, and took 0.53 times their own average response time. On attempt 2, the student answered incorrectly, used no hints, and took 0.34 times their own average response time. On attempt 3, the student answered incorrectly, used no hints, and took 0.24 times their own average response time. On attempt 4, the student answered correctly, used no hints, and took 0.29 times their own average response time.",,FALSE,TRUE,,,,,,,
Q063,S2,This could indicate a preference for simpler problems or a reluctance to engage with complex material.,unsupported,1,[],,,"The student is practicing the skill 'pattern-finding'. Before these attempts, the student's cumulative accuracy on this skill was 20%. On attempt 1, the student answered incorrectly, used no hints, and took 0.53 times their own average response time. On attempt 2, the student answered incorrectly, used no hints, and took 0.34 times their own average response time. On attempt 3, the student answered incorrectly, used no hints, and took 0.24 times their own average response time. On attempt 4, the student answered correctly, used no hints, and took 0.29 times their own average response time.",,FALSE,TRUE,,,,,,,
Q107,S1,The student demonstrated a strong inclination toward independent problem-solving despite receiving hints.,unsupported,1,['productive_struggle'],"['The student struggled with difficulty while using hints, but ultimately solved the problem through productive effort. productive_struggle is dominant (independent judgment is possible since a hint was used).']","The student struggled with difficulty while using hints, but ultimately solved the problem through productive effort. productive_struggle is dominant (independent judgment is possible since a hint was used).","The student is practicing the skill 'substitution'. Before these attempts, the student's cumulative accuracy on this skill was 33%. On attempt 1, the student answered incorrectly, used 1 hint, and took 0.22 times their own average response time. On attempt 2, the student answered incorrectly, used 1 hint, and took 0.66 times their own average response time. On attempt 3, the student answered incorrectly, used 1 hint, and took 2.85 times their own average response time. On attempt 4, the student answered correctly, used 1 hint, and took 1.11 times their own average response time.",productive_struggle,FALSE,FALSE,,,,,,,
Q107,S2,The student appeared capable of making judgments without direct guidance.,unsupported,1,['productive_struggle'],"['The student struggled with difficulty while using hints, but ultimately solved the problem through productive effort. productive_struggle is dominant (independent judgment is possible since a hint was used).']","The student struggled with difficulty while using hints, but ultimately solved the problem through productive effort. productive_struggle is dominant (independent judgment is possible since a hint was used).","The student is practicing the skill 'substitution'. Before these attempts, the student's cumulative accuracy on this skill was 33%. On attempt 1, the student answered incorrectly, used 1 hint, and took 0.22 times their own average response time. On attempt 2, the student answered incorrectly, used 1 hint, and took 0.66 times their own average response time. On attempt 3, the student answered incorrectly, used 1 hint, and took 2.85 times their own average response time. On attempt 4, the student answered correctly, used 1 hint, and took 1.11 times their own average response time.",productive_struggle,FALSE,FALSE,,,,,,,
Q107,S3,This indicates a level of confidence in applying knowledge autonomously.,partial,1,['productive_struggle'],"['The student struggled with difficulty while using hints, but ultimately solved the problem through productive effort. productive_struggle is dominant (independent judgment is possible since a hint was used).']","The student struggled with difficulty while using hints, but ultimately solved the problem through productive effort. productive_struggle is dominant (independent judgment is possible since a hint was used).","The student is practicing the skill 'substitution'. Before these attempts, the student's cumulative accuracy on this skill was 33%. On attempt 1, the student answered incorrectly, used 1 hint, and took 0.22 times their own average response time. On attempt 2, the student answered incorrectly, used 1 hint, and took 0.66 times their own average response time. On attempt 3, the student answered incorrectly, used 1 hint, and took 2.85 times their own average response time. On attempt 4, the student answered correctly, used 1 hint, and took 1.11 times their own average response time.",productive_struggle,FALSE,FALSE,,,,,,,
Q023,S1,The student may have avoided engaging deeply with the problem-solving process.,partial,1,[],,,"The student is practicing the skill 'multiplying-decimals'. Before these attempts, the student's cumulative accuracy on this skill was 6%. On attempt 1, the student answered incorrectly, used 9 hints, and took 0.04 times their own average response time. On attempt 2, the student answered incorrectly, used 9 hints, and took 1.70 times their own average response time. On attempt 3, the student answered incorrectly, used 9 hints, and took 0.38 times their own average response time. On attempt 4, the student answered correctly, used 9 hints, and took 0.34 times their own average response time.",,FALSE,TRUE,,,,,,,
Q023,S2,There appears to be a tendency to make errors during critical steps.,unsuppported,1,[],,,"The student is practicing the skill 'multiplying-decimals'. Before these attempts, the student's cumulative accuracy on this skill was 6%. On attempt 1, the student answered incorrectly, used 9 hints, and took 0.04 times their own average response time. On attempt 2, the student answered incorrectly, used 9 hints, and took 1.70 times their own average response time. On attempt 3, the student answered incorrectly, used 9 hints, and took 0.38 times their own average response time. On attempt 4, the student answered correctly, used 9 hints, and took 0.34 times their own average response time.",,FALSE,TRUE,,,,,,,
Q023,S3,This could indicate inconsistent attention to detail.,supported,1,[],,,"The student is practicing the skill 'multiplying-decimals'. Before these attempts, the student's cumulative accuracy on this skill was 6%. On attempt 1, the student answered incorrectly, used 9 hints, and took 0.04 times their own average response time. On attempt 2, the student answered incorrectly, used 9 hints, and took 1.70 times their own average response time. On attempt 3, the student answered incorrectly, used 9 hints, and took 0.38 times their own average response time. On attempt 4, the student answered correctly, used 9 hints, and took 0.34 times their own average response time.",,FALSE,TRUE,,,,,,,
Q023,S4,The behavior might suggest difficulty maintaining focus throughout the task.,supported,1,[],,,"The student is practicing the skill 'multiplying-decimals'. Before these attempts, the student's cumulative accuracy on this skill was 6%. On attempt 1, the student answered incorrectly, used 9 hints, and took 0.04 times their own average response time. On attempt 2, the student answered incorrectly, used 9 hints, and took 1.70 times their own average response time. On attempt 3, the student answered incorrectly, used 9 hints, and took 0.38 times their own average response time. On attempt 4, the student answered correctly, used 9 hints, and took 0.34 times their own average response time.",,FALSE,TRUE,,,,,,,
Q090,S1,"The student may have avoided engaging deeply with the material, indicating a possible reluctance to confront challenging aspects of the skill.",unsupported,1, the student's cumulative accuracy on this skill was 17%. On attempt 1, used no hints, and took 0.72 times their own average response time. On attempt 2, used 1 hint, and took 3.20 times their own average response time. On attempt 3, the student answered correctly, used no hints, and took 0.44 times their own average response time. On attempt 4, the student answered incorrectly, used no hints," and took 0.69 times their own average response time.""",cognitive_avoidance,FALSE,FALSE
Q090,S2,"There appears to be a noticeable inconsistency in performance, suggesting difficulty maintaining focus or accuracy over time.",unsupported,1,['slipping'],['The student made an unexpected mistake on content they had previously understood well.'],The student made an unexpected mistake on content they had previously understood well.,"The student is practicing the skill 'area'. Before these attempts, the student's cumulative accuracy on this skill was 17%. On attempt 1, the student answered incorrectly, used no hints, and took 0.72 times their own average response time. On attempt 2, the student answered incorrectly, used 1 hint, and took 3.20 times their own average response time. On attempt 3, the student answered correctly, used no hints, and took 0.44 times their own average response time. On attempt 4, the student answered incorrectly, used no hints, and took 0.69 times their own average response time.",slipping,FALSE,FALSE,,,,,,,
Q067,S1,"The student demonstrated a strong engagement with the task, making independent judgments despite using a hint.",unsupported,1,['productive_struggle'],"['The student struggled with difficulty while using hints, but ultimately solved the problem through productive effort. productive_struggle is dominant (independent judgment is possible since a hint was used).']","The student struggled with difficulty while using hints, but ultimately solved the problem through productive effort. productive_struggle is dominant (independent judgment is possible since a hint was used).","The student is practicing the skill 'square-root'. Before these attempts, the student's cumulative accuracy on this skill was 43%. On attempt 1, the student answered incorrectly, used 1 hint, and took 0.13 times their own average response time. On attempt 2, the student answered correctly, used no hints, and took 0.20 times their own average response time. On attempt 3, the student answered correctly, used no hints, and took 0.10 times their own average response time. On attempt 4, the student answered correctly, used 2 hints, and took 0.16 times their own average response time.",productive_struggle,FALSE,FALSE,,,,,,,
Q067,S2,"The student also showed a clear inclination to avoid deeper cognitive effort, indicating a preference for less challenging paths.",unsupported,1, the student's cumulative accuracy on this skill was 43%. On attempt 1, used 1 hint, and took 0.13 times their own average response time. On attempt 2, used no hints, and took 0.20 times their own average response time. On attempt 3, the student answered correctly, used no hints, and took 0.10 times their own average response time. On attempt 4, the student answered correctly, used 2 hints," and took 0.16 times their own average response time.""",cognitive_avoidance,FALSE,FALSE
Q067,S3,This combination suggests a complex interaction between persistence and avoidance tendencies.,unsupported,1,"['cognitive_avoidance', 'productive_struggle']","['The student showed a tendency to avoid difficult problems or avoid asking for help.', 'The student struggled with difficulty while using hints, but ultimately solved the problem through productive effort. productive_struggle is dominant (independent judgment is possible since a hint was used).']","The student showed a tendency to avoid difficult problems or avoid asking for help.
The student struggled with difficulty while using hints, but ultimately solved the problem through productive effort. productive_struggle is dominant (independent judgment is possible since a hint was used).","The student is practicing the skill 'square-root'. Before these attempts, the student's cumulative accuracy on this skill was 43%. On attempt 1, the student answered incorrectly, used 1 hint, and took 0.13 times their own average response time. On attempt 2, the student answered correctly, used no hints, and took 0.20 times their own average response time. On attempt 3, the student answered correctly, used no hints, and took 0.10 times their own average response time. On attempt 4, the student answered correctly, used 2 hints, and took 0.16 times their own average response time.",,FALSE,FALSE,,,,,,,
Q070,S1,"The student may have avoided engaging deeply with the material, indicating a possible reluctance to confront challenging aspects of the task.",partial,1,['cognitive_avoidance'],['The student showed a tendency to avoid difficult problems or avoid asking for help.'],The student showed a tendency to avoid difficult problems or avoid asking for help.,"The student is practicing the skill 'proportion'. Before these attempts, the student's cumulative accuracy on this skill was 50%. On attempt 1, the student answered incorrectly, used no hints, and took 0.37 times their own average response time. On attempt 2, the student answered incorrectly, used 1 hint, and took 0.06 times their own average response time. On attempt 3, the student answered correctly, used 1 hint, and took 0.21 times their own average response time. On attempt 4, the student answered incorrectly, used no hints, and took 0.64 times their own average response time.",cognitive_avoidance,FALSE,FALSE,,,,,,,
Q070,S2,"There is also a likelihood of errors occurring during practice, suggesting inconsistency in applying the skill.",partial,1,['slipping'],['The student made an unexpected mistake on content they had previously understood well.'],The student made an unexpected mistake on content they had previously understood well.,"The student is practicing the skill 'proportion'. Before these attempts, the student's cumulative accuracy on this skill was 50%. On attempt 1, the student answered incorrectly, used no hints, and took 0.37 times their own average response time. On attempt 2, the student answered incorrectly, used 1 hint, and took 0.06 times their own average response time. On attempt 3, the student answered correctly, used 1 hint, and took 0.21 times their own average response time. On attempt 4, the student answered incorrectly, used no hints, and took 0.64 times their own average response time.",slipping,FALSE,FALSE,,,,,,,
Q070,S3,"This combination appears to be, though this is not Certain.",unknown,1,[],The student made an unexpected mistake on content they had previously understood well.,[],slipping,FALSE,FALSE,,,,,,,,
Q140,S1,The student demonstrates a strong sense of certainty in their responses.,unsupported,1,['overconfidence'],"['The student showed excessive confidence, higher than their actual level of understanding warranted.']","The student showed excessive confidence, higher than their actual level of understanding warranted.","The student is practicing the skill 'transversals'. Before these attempts, the student's cumulative accuracy on this skill was 0%. On attempt 1, the student answered incorrectly, used no hints, and took 1.98 times their own average response time. On attempt 2, the student answered incorrectly, used 1 hint, and took 0.55 times their own average response time.",overconfidence,FALSE,FALSE,,,,,,,
Q140,S2,Their confidence level appears elevated compared to typical performance expectations.,unsupported,1,['overconfidence'],"['The student showed excessive confidence, higher than their actual level of understanding warranted.']","The student showed excessive confidence, higher than their actual level of understanding warranted.","The student is practicing the skill 'transversals'. Before these attempts, the student's cumulative accuracy on this skill was 0%. On attempt 1, the student answered incorrectly, used no hints, and took 1.98 times their own average response time. On attempt 2, the student answered incorrectly, used 1 hint, and took 0.55 times their own average response time.",overconfidence,FALSE,FALSE,,,,,,,
Q025,S1,The student exhibits signs of unproductive frustration during the task.,supported,1,['unproductive_frustration'],['The student experienced unproductive frustration amid repeated failures or difficulty.'],The student experienced unproductive frustration amid repeated failures or difficulty.,"The student is practicing the skill 'linear-area-volume-conversion'. Before these attempts, the student's cumulative accuracy on this skill was 20%. On attempt 1, the student answered incorrectly, used 1 hint, and took 0.29 times their own average response time. On attempt 2, the student answered incorrectly, used 2 hints, and took 0.15 times their own average response time. On attempt 3, the student answered incorrectly, used 3 hints, and took 0.95 times their own average response time. On attempt 4, the student answered incorrectly, used 3 hints, and took 0.00 times their own average response time.",unproductive_frustration,FALSE,FALSE,,,,,,,
Q025,S2,This indicates a struggle with understanding the material.,supported,1,['unproductive_frustration'],['The student experienced unproductive frustration amid repeated failures or difficulty.'],The student experienced unproductive frustration amid repeated failures or difficulty.,"The student is practicing the skill 'linear-area-volume-conversion'. Before these attempts, the student's cumulative accuracy on this skill was 20%. On attempt 1, the student answered incorrectly, used 1 hint, and took 0.29 times their own average response time. On attempt 2, the student answered incorrectly, used 2 hints, and took 0.15 times their own average response time. On attempt 3, the student answered incorrectly, used 3 hints, and took 0.95 times their own average response time. On attempt 4, the student answered incorrectly, used 3 hints, and took 0.00 times their own average response time.",unproductive_frustration,FALSE,FALSE,,,,,,,
Q040,S1,"The response was correct without the need for hints, yet the available data does not provide enough clarity to determine whether this accuracy stemmed from genuine understanding, luck, or a lack of confidence.",supported,1,['confidence_triad'],"['The status of this indicator (confidence_triad) is AMBIGUOUS. The student answered correctly without using a hint, but the current data cannot structurally distinguish whether this reflects a correct answer despite low confidence (underconfidence), a correct answer after productive struggle (productive_struggle), or a lucky guess (lucky_guess). (Confidence is also mid-range, so even the direction of the signal is weak.)']","The status of this indicator (confidence_triad) is AMBIGUOUS. The student answered correctly without using a hint, but the current data cannot structurally distinguish whether this reflects a correct answer despite low confidence (underconfidence), a correct answer after productive struggle (productive_struggle), or a lucky guess (lucky_guess). (Confidence is also mid-range, so even the direction of the signal is weak.)","The student is practicing the skill 'noskill'. Before these attempts, the student's cumulative accuracy on this skill was 0%. On attempt 1, the student answered incorrectly, used 1 hint, and took 1.00 times their own average response time. On attempt 2, the student answered incorrectly, used no hints, and took 0.18 times their own average response time. On attempt 3, the student answered correctly, used no hints, and took 0.13 times their own average response time.",confidence_triad,FALSE,FALSE,,,,,,,
Q040,S2,There appears to be a complex interplay between the student?™s approach to problem-solving and their perceived ability to handle difficult material.,unsupported,1,['confidence_triad'],"['The status of this indicator (confidence_triad) is AMBIGUOUS. The student answered correctly without using a hint, but the current data cannot structurally distinguish whether this reflects a correct answer despite low confidence (underconfidence), a correct answer after productive struggle (productive_struggle), or a lucky guess (lucky_guess). (Confidence is also mid-range, so even the direction of the signal is weak.)']","The status of this indicator (confidence_triad) is AMBIGUOUS. The student answered correctly without using a hint, but the current data cannot structurally distinguish whether this reflects a correct answer despite low confidence (underconfidence), a correct answer after productive struggle (productive_struggle), or a lucky guess (lucky_guess). (Confidence is also mid-range, so even the direction of the signal is weak.)","The student is practicing the skill 'noskill'. Before these attempts, the student's cumulative accuracy on this skill was 0%. On attempt 1, the student answered incorrectly, used 1 hint, and took 1.00 times their own average response time. On attempt 2, the student answered incorrectly, used no hints, and took 0.18 times their own average response time. On attempt 3, the student answered correctly, used no hints, and took 0.13 times their own average response time.",confidence_triad,FALSE,FALSE,,,,,,,
Q053,S1,"The student provided a correct response without seeking assistance, though it remains unclear whether this indicates a deep understanding developed through effort or a chance occurrence.",supported,1,['confidence_triad'],"['The status of this indicator (confidence_triad) is AMBIGUOUS. The student answered correctly without using a hint, but the current data cannot structurally distinguish whether this reflects a correct answer despite low confidence (underconfidence), a correct answer after productive struggle (productive_struggle), or a lucky guess (lucky_guess). (Note: confidence is high, so the signal leans slightly toward productive struggle.)']","The status of this indicator (confidence_triad) is AMBIGUOUS. The student answered correctly without using a hint, but the current data cannot structurally distinguish whether this reflects a correct answer despite low confidence (underconfidence), a correct answer after productive struggle (productive_struggle), or a lucky guess (lucky_guess). (Note: confidence is high, so the signal leans slightly toward productive struggle.)","The student is practicing the skill 'noskill'. Before these attempts, the student's cumulative accuracy on this skill was 40%. On attempt 1, the student answered incorrectly, used no hints, and took 0.88 times their own average response time. On attempt 2, the student answered correctly, used no hints, and took 0.11 times their own average response time. On attempt 3, the student answered incorrectly, used no hints, and took 4.48 times their own average response time. On attempt 4, the student answered correctly, used no hints, and took 0.20 times their own average response time.",confidence_triad,FALSE,FALSE,,,,,,,
Q053,S2,"The student demonstrated a strong inclination to avoid engaging deeply with challenging tasks, as evidenced by their frequent reluctance to attempt problems requiring sustained mental effort.",unsupported,1,[],The student showed a tendency to avoid difficult problems or avoid asking for help.,[],cognitive_avoidance,FALSE,FALSE,,,,,,,,
Q053,S3,There appears to be a notable disconnect between the student?™s ability to produce accurate answers and their willingness to engage in the process of working through difficulties.,unsupported,1,['cognitive_avoidance'],['The student showed a tendency to avoid difficult problems or avoid asking for help.'],The student showed a tendency to avoid difficult problems or avoid asking for help.,"The student is practicing the skill 'noskill'. Before these attempts, the student's cumulative accuracy on this skill was 40%. On attempt 1, the student answered incorrectly, used no hints, and took 0.88 times their own average response time. On attempt 2, the student answered correctly, used no hints, and took 0.11 times their own average response time. On attempt 3, the student answered incorrectly, used no hints, and took 4.48 times their own average response time. On attempt 4, the student answered correctly, used no hints, and took 0.20 times their own average response time.",cognitive_avoidance,FALSE,FALSE,,,,,,,
Q038,S1,The student exhibits signs of avoiding challenging tasks during the number line interpretation activity.,unsupported,1, the student's cumulative accuracy on this skill was 86%. On attempt 1, used no hints, and took 0.74 times their own average response time. On attempt 2, used no hints, and took 0.46 times their own average response time. On attempt 3, the student answered correctly, used no hints, and took 0.93 times their own average response time. On attempt 4, the student answered incorrectly, used no hints," and took 0.51 times their own average response time.""",cognitive_avoidance,FALSE,FALSE
Q038,S2,The student also shows frustration that does not lead to productive problem-solving efforts.,unsupported,1,['unproductive_frustration'],['The student experienced unproductive frustration amid repeated failures or difficulty.'],The student experienced unproductive frustration amid repeated failures or difficulty.,"The student is practicing the skill 'interpreting-numberline'. Before these attempts, the student's cumulative accuracy on this skill was 86%. On attempt 1, the student answered correctly, used no hints, and took 0.74 times their own average response time. On attempt 2, the student answered correctly, used no hints, and took 0.46 times their own average response time. On attempt 3, the student answered correctly, used no hints, and took 0.93 times their own average response time. On attempt 4, the student answered incorrectly, used no hints, and took 0.51 times their own average response time.",unproductive_frustration,FALSE,FALSE,,,,,,,
Q061,S1,The student may have been avoiding tasks related to calculating perimeters.,unsupported,1,['cognitive_avoidance'],['The student showed a tendency to avoid difficult problems or avoid asking for help.'],The student showed a tendency to avoid difficult problems or avoid asking for help.,"The student is practicing the skill 'perimeter'. Before these attempts, the student's cumulative accuracy on this skill was 33%. On attempt 1, the student answered incorrectly, used no hints, and took 1.13 times their own average response time. On attempt 2, the student answered correctly, used no hints, and took 0.88 times their own average response time. On attempt 3, the student answered incorrectly, used no hints, and took 1.15 times their own average response time. On attempt 4, the student answered incorrectly, used no hints, and took 2.70 times their own average response time.",cognitive_avoidance,FALSE,FALSE,,,,,,,
Q061,S2,This avoidance could indicate a reluctance to engage with the skill being practiced.,unsupported,1,[],,,"The student is practicing the skill 'perimeter'. Before these attempts, the student's cumulative accuracy on this skill was 33%. On attempt 1, the student answered incorrectly, used no hints, and took 1.13 times their own average response time. On attempt 2, the student answered correctly, used no hints, and took 0.88 times their own average response time. On attempt 3, the student answered incorrectly, used no hints, and took 1.15 times their own average response time. On attempt 4, the student answered incorrectly, used no hints, and took 2.70 times their own average response time.",,FALSE,FALSE,,,,,,,
Q061,S3,The behavior suggests a possible difficulty in applying the concept of perimeter.,supported,1,['cognitive_avoidance'],['The student showed a tendency to avoid difficult problems or avoid asking for help.'],The student showed a tendency to avoid difficult problems or avoid asking for help.,"The student is practicing the skill 'perimeter'. Before these attempts, the student's cumulative accuracy on this skill was 33%. On attempt 1, the student answered incorrectly, used no hints, and took 1.13 times their own average response time. On attempt 2, the student answered correctly, used no hints, and took 0.88 times their own average response time. On attempt 3, the student answered incorrectly, used no hints, and took 1.15 times their own average response time. On attempt 4, the student answered incorrectly, used no hints, and took 2.70 times their own average response time.",cognitive_avoidance,FALSE,FALSE,,,,,,,
Q079,S1,The student may have avoided engaging deeply with the concept being taught.,unsupported,1,['cognitive_avoidance'],['The student showed a tendency to avoid difficult problems or avoid asking for help.'],The student showed a tendency to avoid difficult problems or avoid asking for help.,"The student is practicing the skill 'equation-concept'. Before these attempts, the student's cumulative accuracy on this skill was 67%. On attempt 1, the student answered incorrectly, used no hints, and took 4.36 times their own average response time. On attempt 2, the student answered correctly, used no hints, and took 1.71 times their own average response time. On attempt 3, the student answered correctly, used no hints, and took 1.14 times their own average response time. On attempt 4, the student answered incorrectly, used no hints, and took 1.25 times their own average response time.",cognitive_avoidance,FALSE,FALSE,,,,,,,
Q079,S2,This avoidance could manifest through minimal effort or disengagement during the task.,unsupported,1,['cognitive_avoidance'],['The student showed a tendency to avoid difficult problems or avoid asking for help.'],The student showed a tendency to avoid difficult problems or avoid asking for help.,"The student is practicing the skill 'equation-concept'. Before these attempts, the student's cumulative accuracy on this skill was 67%. On attempt 1, the student answered incorrectly, used no hints, and took 4.36 times their own average response time. On attempt 2, the student answered correctly, used no hints, and took 1.71 times their own average response time. On attempt 3, the student answered correctly, used no hints, and took 1.14 times their own average response time. On attempt 4, the student answered incorrectly, used no hints, and took 1.25 times their own average response time.",cognitive_avoidance,FALSE,FALSE,,,,,,,
Q027,S1,"The student may have avoided engaging deeply with the material, indicating a possible reluctance to confront challenging aspects of the task.",unsupported,1,[],,,"The student is practicing the skill 'pattern-finding'. Before these attempts, the student's cumulative accuracy on this skill was 35%. On attempt 1, the student answered incorrectly, used no hints, and took 0.53 times their own average response time. On attempt 2, the student answered correctly, used no hints, and took 0.10 times their own average response time. On attempt 3, the student answered incorrectly, used no hints, and took 0.89 times their own average response time. On attempt 4, the student answered correctly, used no hints, and took 0.23 times their own average response time.",,FALSE,TRUE,,,,,,,
Q027,S2,"There is also a likelihood of errors occurring during practice, suggesting inconsistency in maintaining focus or accuracy.",unsupported,1,[],,,"The student is practicing the skill 'pattern-finding'. Before these attempts, the student's cumulative accuracy on this skill was 35%. On attempt 1, the student answered incorrectly, used no hints, and took 0.53 times their own average response time. On attempt 2, the student answered correctly, used no hints, and took 0.10 times their own average response time. On attempt 3, the student answered incorrectly, used no hints, and took 0.89 times their own average response time. On attempt 4, the student answered correctly, used no hints, and took 0.23 times their own average response time.",,FALSE,TRUE,,,,,,,
Q027,S3,"This combination appears to be, though this is not Certain, related to difficulties in sustaining attention or applying knowledge effectively.",supported,1,[],,,"The student is practicing the skill 'pattern-finding'. Before these attempts, the student's cumulative accuracy on this skill was 35%. On attempt 1, the student answered incorrectly, used no hints, and took 0.53 times their own average response time. On attempt 2, the student answered correctly, used no hints, and took 0.10 times their own average response time. On attempt 3, the student answered incorrectly, used no hints, and took 0.89 times their own average response time. On attempt 4, the student answered correctly, used no hints, and took 0.23 times their own average response time.",,FALSE,TRUE,,,,,,,
Q030,S1,The student exhibits signs of unproductive frustration during the task.,partial,1, the student's cumulative accuracy on this skill was 0%. On attempt 1, used 3 hints, and took 0.16 times their own average response time. On attempt 2, used 3 hints, and took 0.22 times their own average response time. On attempt 3, the student answered incorrectly, used 3 hints, and took 0.10 times their own average response time. On attempt 4, the student answered incorrectly, used 4 hints," and took 0.08 times their own average response time.""",unproductive_frustration,FALSE,FALSE
Q030,S2,This indicates a struggle with understanding the material.,supported,1,['unproductive_frustration'],['The student experienced unproductive frustration amid repeated failures or difficulty.'],The student experienced unproductive frustration amid repeated failures or difficulty.,"The student is practicing the skill 'linear-area-volume-conversion'. Before these attempts, the student's cumulative accuracy on this skill was 0%. On attempt 1, the student answered incorrectly, used 3 hints, and took 0.16 times their own average response time. On attempt 2, the student answered incorrectly, used 3 hints, and took 0.22 times their own average response time. On attempt 3, the student answered incorrectly, used 3 hints, and took 0.10 times their own average response time. On attempt 4, the student answered incorrectly, used 4 hints, and took 0.08 times their own average response time.",unproductive_frustration,FALSE,FALSE,,,,,,,
Q030,S3,The behavior may suggest difficulty in applying the concepts being taught.,supported,1,[],,,"The student is practicing the skill 'linear-area-volume-conversion'. Before these attempts, the student's cumulative accuracy on this skill was 0%. On attempt 1, the student answered incorrectly, used 3 hints, and took 0.16 times their own average response time. On attempt 2, the student answered incorrectly, used 3 hints, and took 0.22 times their own average response time. On attempt 3, the student answered incorrectly, used 3 hints, and took 0.10 times their own average response time. On attempt 4, the student answered incorrectly, used 4 hints, and took 0.08 times their own average response time.",,FALSE,FALSE,,,,,,,
Q110,S1,The student exhibits signs of avoiding challenging tasks.,unsupported,5,['cognitive_avoidance'],['The student showed a tendency to avoid difficult problems or avoid asking for help.'],The student showed a tendency to avoid difficult problems or avoid asking for help.,"The student is practicing the skill 'noskill'. Before these attempts, the student's cumulative accuracy on this skill was 46%. On attempt 1, the student answered correctly, used no hints, and took 0.62 times their own average response time. On attempt 2, the student answered incorrectly, used no hints, and took 1.08 times their own average response time. On attempt 3, the student answered correctly, used no hints, and took 0.54 times their own average response time. On attempt 4, the student answered incorrectly, used no hints, and took 0.40 times their own average response time.",cognitive_avoidance,TRUE,FALSE,,,,,,,
Q110,S2,There is also a noticeable pattern of errors occurring during task execution.,partial,5,['slipping'],['The student made an unexpected mistake on content they had previously understood well.'],The student made an unexpected mistake on content they had previously understood well.,"The student is practicing the skill 'noskill'. Before these attempts, the student's cumulative accuracy on this skill was 46%. On attempt 1, the student answered correctly, used no hints, and took 0.62 times their own average response time. On attempt 2, the student answered incorrectly, used no hints, and took 1.08 times their own average response time. On attempt 3, the student answered correctly, used no hints, and took 0.54 times their own average response time. On attempt 4, the student answered incorrectly, used no hints, and took 0.40 times their own average response time.",slipping,TRUE,FALSE,,,,,,,
Q133,S1,"The student demonstrated a strong engagement with challenging tasks, indicating a willingness to persist despite difficulty.",unsupported,5,['productive_struggle'],"['The student struggled with difficulty while using hints, but ultimately solved the problem through productive effort. productive_struggle is dominant (independent judgment is possible since a hint was used).']","The student struggled with difficulty while using hints, but ultimately solved the problem through productive effort. productive_struggle is dominant (independent judgment is possible since a hint was used).","The student is practicing the skill 'multiplication'. Before these attempts, the student's cumulative accuracy on this skill was 18%. On attempt 1, the student answered incorrectly, used 1 hint, and took 0.04 times their own average response time. On attempt 2, the student answered incorrectly, used 2 hints, and took 0.04 times their own average response time. On attempt 3, the student answered incorrectly, used 3 hints, and took 0.04 times their own average response time. On attempt 4, the student answered correctly, used 3 hints, and took 0.25 times their own average response time.",productive_struggle,TRUE,FALSE,,,,,,,
Q133,S2,"The student also showed signs of avoiding more complex aspects of the task, suggesting a preference for simpler solutions.",unsupported,5,['cognitive_avoidance'],['The student showed a tendency to avoid difficult problems or avoid asking for help.'],The student showed a tendency to avoid difficult problems or avoid asking for help.,"The student is practicing the skill 'multiplication'. Before these attempts, the student's cumulative accuracy on this skill was 18%. On attempt 1, the student answered incorrectly, used 1 hint, and took 0.04 times their own average response time. On attempt 2, the student answered incorrectly, used 2 hints, and took 0.04 times their own average response time. On attempt 3, the student answered incorrectly, used 3 hints, and took 0.04 times their own average response time. On attempt 4, the student answered correctly, used 3 hints, and took 0.25 times their own average response time.",cognitive_avoidance,TRUE,FALSE,,,,,,,
Q044,S1,"The student may have avoided engaging deeply with complex tasks, indicating a possible reluctance to confront challenging material.",supported,1,['cognitive_avoidance'],['The student showed a tendency to avoid difficult problems or avoid asking for help.'],The student showed a tendency to avoid difficult problems or avoid asking for help.,"The student is practicing the skill 'pattern-finding'. Before these attempts, the student's cumulative accuracy on this skill was 44%. On attempt 1, the student answered incorrectly, used 1 hint, and took 0.65 times their own average response time. On attempt 2, the student answered correctly, used 1 hint, and took 1.31 times their own average response time. On attempt 3, the student answered incorrectly, used no hints, and took 0.71 times their own average response time. On attempt 4, the student answered incorrectly, used no hints, and took 1.09 times their own average response time.",cognitive_avoidance,FALSE,FALSE,,,,,,,
Q044,S2,"There appears to be a noticeable inconsistency in performance across repeated attempts, suggesting difficulty maintaining focus or accuracy.",supported,1,['slipping'],['The student made an unexpected mistake on content they had previously understood well.'],The student made an unexpected mistake on content they had previously understood well.,"The student is practicing the skill 'pattern-finding'. Before these attempts, the student's cumulative accuracy on this skill was 44%. On attempt 1, the student answered incorrectly, used 1 hint, and took 0.65 times their own average response time. On attempt 2, the student answered correctly, used 1 hint, and took 1.31 times their own average response time. On attempt 3, the student answered incorrectly, used no hints, and took 0.71 times their own average response time. On attempt 4, the student answered incorrectly, used no hints, and took 1.09 times their own average response time.",slipping,FALSE,FALSE,,,,,,,
Q044,S3,This pattern may reflect an underlying struggle with sustaining attention during extended problem-solving activities.,supported,1,['slipping'],['The student made an unexpected mistake on content they had previously understood well.'],The student made an unexpected mistake on content they had previously understood well.,"The student is practicing the skill 'pattern-finding'. Before these attempts, the student's cumulative accuracy on this skill was 44%. On attempt 1, the student answered incorrectly, used 1 hint, and took 0.65 times their own average response time. On attempt 2, the student answered correctly, used 1 hint, and took 1.31 times their own average response time. On attempt 3, the student answered incorrectly, used no hints, and took 0.71 times their own average response time. On attempt 4, the student answered incorrectly, used no hints, and took 1.09 times their own average response time.",slipping,FALSE,FALSE,,,,,,,
Q091,S1,The student exhibits signs of avoiding challenging aspects of the task.,unsupported,1,['cognitive_avoidance'],['The student showed a tendency to avoid difficult problems or avoid asking for help.'],The student showed a tendency to avoid difficult problems or avoid asking for help.,"The student is practicing the skill 'triangle-inequality'. Before these attempts, the student's cumulative accuracy on this skill was 40%. On attempt 1, the student answered correctly, used no hints, and took 0.16 times their own average response time. On attempt 2, the student answered incorrectly, used no hints, and took 0.99 times their own average response time. On attempt 3, the student answered correctly, used no hints, and took 0.66 times their own average response time. On attempt 4, the student answered incorrectly, used no hints, and took 1.21 times their own average response time.",cognitive_avoidance,FALSE,FALSE,,,,,,,
Q091,S2,The student also shows frustration that does not lead to productive problem-solving.,unsupported,1,[],The student experienced unproductive frustration amid repeated failures or difficulty.,[],unproductive_frustration,FALSE,FALSE,,,,,,,,
Q122,S1,The student exhibits clear signs of avoiding challenging tasks.,unsupported,1,['cognitive_avoidance'],['The student showed a tendency to avoid difficult problems or avoid asking for help.'],The student showed a tendency to avoid difficult problems or avoid asking for help.,"The student is practicing the skill 'inducing-functions'. Before these attempts, the student's cumulative accuracy on this skill was 45%. On attempt 1, the student answered incorrectly, used no hints, and took 2.25 times their own average response time. On attempt 2, the student answered incorrectly, used 1 hint, and took 0.29 times their own average response time. On attempt 3, the student answered incorrectly, used 2 hints, and took 1.25 times their own average response time. On attempt 4, the student answered incorrectly, used 3 hints, and took 0.18 times their own average response time.",cognitive_avoidance,FALSE,FALSE,,,,,,,
Q122,S2,The behavior suggests a preference for simpler activities over more complex ones.,supported,1,[],,,"The student is practicing the skill 'inducing-functions'. Before these attempts, the student's cumulative accuracy on this skill was 45%. On attempt 1, the student answered incorrectly, used no hints, and took 2.25 times their own average response time. On attempt 2, the student answered incorrectly, used 1 hint, and took 0.29 times their own average response time. On attempt 3, the student answered incorrectly, used 2 hints, and took 1.25 times their own average response time. On attempt 4, the student answered incorrectly, used 3 hints, and took 0.18 times their own average response time.",,FALSE,FALSE,,,,,,,
Q122,S3,The pattern indicates a consistent trend rather than random occurrences.,supported,1,['cognitive_avoidance'],['The student showed a tendency to avoid difficult problems or avoid asking for help.'],The student showed a tendency to avoid difficult problems or avoid asking for help.,"The student is practicing the skill 'inducing-functions'. Before these attempts, the student's cumulative accuracy on this skill was 45%. On attempt 1, the student answered incorrectly, used no hints, and took 2.25 times their own average response time. On attempt 2, the student answered incorrectly, used 1 hint, and took 0.29 times their own average response time. On attempt 3, the student answered incorrectly, used 2 hints, and took 1.25 times their own average response time. On attempt 4, the student answered incorrectly, used 3 hints, and took 0.18 times their own average response time.",cognitive_avoidance,FALSE,FALSE,,,,,,,
Q105,S1,"The student may have avoided engaging deeply with complex tasks, indicating a possible reluctance to confront challenging material.",unsupported,1,['cognitive_avoidance'],['The student showed a tendency to avoid difficult problems or avoid asking for help.'],The student showed a tendency to avoid difficult problems or avoid asking for help.,"The student is practicing the skill 'pattern-finding'. Before these attempts, the student's cumulative accuracy on this skill was 71%. On attempt 1, the student answered correctly, used no hints, and took 0.28 times their own average response time. On attempt 2, the student answered incorrectly, used no hints, and took 1.90 times their own average response time. On attempt 3, the student answered correctly, used no hints, and took 3.81 times their own average response time. On attempt 4, the student answered incorrectly, used no hints, and took 0.40 times their own average response time.",cognitive_avoidance,FALSE,FALSE,,,,,,,
Q105,S2,"There appears to be a noticeable inconsistency in performance across similar problems, suggesting difficulty maintaining focus or applying learned strategies consistently.",partial,1,['slipping'],['The student made an unexpected mistake on content they had previously understood well.'],The student made an unexpected mistake on content they had previously understood well.,"The student is practicing the skill 'pattern-finding'. Before these attempts, the student's cumulative accuracy on this skill was 71%. On attempt 1, the student answered correctly, used no hints, and took 0.28 times their own average response time. On attempt 2, the student answered incorrectly, used no hints, and took 1.90 times their own average response time. On attempt 3, the student answered correctly, used no hints, and took 3.81 times their own average response time. On attempt 4, the student answered incorrectly, used no hints, and took 0.40 times their own average response time.",slipping,FALSE,FALSE,,,,,,,
Q121,S1,The student exhibits signs of unproductive frustration during the task.,partial,1,['unproductive_frustration'],['The student experienced unproductive frustration amid repeated failures or difficulty.'],The student experienced unproductive frustration amid repeated failures or difficulty.,"The student is practicing the skill 'sum-of-interior-angles-more-than-3-sides'. Before these attempts, the student's cumulative accuracy on this skill was 50%. On attempt 1, the student answered correctly, used no hints, and took 1.53 times their own average response time. On attempt 2, the student answered incorrectly, used 1 hint, and took 1.08 times their own average response time. On attempt 3, the student answered correctly, used 1 hint, and took 1.18 times their own average response time. On attempt 4, the student answered incorrectly, used 1 hint, and took 3.18 times their own average response time.",unproductive_frustration,FALSE,FALSE,,,,,,,
Q121,S2,This indicates a struggle with understanding the concept being taught.,partial,1,['unproductive_frustration'],['The student experienced unproductive frustration amid repeated failures or difficulty.'],The student experienced unproductive frustration amid repeated failures or difficulty.,"The student is practicing the skill 'sum-of-interior-angles-more-than-3-sides'. Before these attempts, the student's cumulative accuracy on this skill was 50%. On attempt 1, the student answered correctly, used no hints, and took 1.53 times their own average response time. On attempt 2, the student answered incorrectly, used 1 hint, and took 1.08 times their own average response time. On attempt 3, the student answered correctly, used 1 hint, and took 1.18 times their own average response time. On attempt 4, the student answered incorrectly, used 1 hint, and took 3.18 times their own average response time.",unproductive_frustration,FALSE,FALSE,,,,,,,
Q010,S1,The student exhibits signs of overconfidence.,supported,5,['overconfidence'],"['The student showed excessive confidence, higher than their actual level of understanding warranted. ']","The student showed excessive confidence, higher than their actual level of understanding warranted. ","The student is practicing the skill 'discount'. Before these attempts, the student's cumulative accuracy on this skill was 20%. On attempt 1, the student answered correctly, used no hints, and took 0.11 times their own average response time. On attempt 2, the student answered incorrectly, used 1 hint, and took 0.43 times their own average response time. On attempt 3, the student answered incorrectly, used 2 hints, and took 0.27 times their own average response time. On attempt 4, the student answered incorrectly, used 3 hints, and took 0.27 times their own average response time.",overconfidence,TRUE,FALSE,,,,,,,
Q010,S2,The student also shows indications of slipping.,partial,5,['slipping'],['The student made an unexpected mistake on content they had previously understood well. '],The student made an unexpected mistake on content they had previously understood well. ,"The student is practicing the skill 'discount'. Before these attempts, the student's cumulative accuracy on this skill was 20%. On attempt 1, the student answered correctly, used no hints, and took 0.11 times their own average response time. On attempt 2, the student answered incorrectly, used 1 hint, and took 0.43 times their own average response time. On attempt 3, the student answered incorrectly, used 2 hints, and took 0.27 times their own average response time. On attempt 4, the student answered incorrectly, used 3 hints, and took 0.27 times their own average response time.",slipping,TRUE,FALSE,,,,,,,
Q066,S1,The student may have been overly confident in their ability to solve problems related to multiplying decimals.,unsupported,1,[],"The student showed excessive confidence, higher than their actual level of understanding warranted.",[],overconfidence,FALSE,FALSE,,,,,,,,
Q066,S2,"This confidence appears to be consistently high, though this is not certain.",partial,1,['overconfidence'],"['The student showed excessive confidence, higher than their actual level of understanding warranted.']","The student showed excessive confidence, higher than their actual level of understanding warranted.","The student is practicing the skill 'multiplying-decimals'. Before these attempts, the student's cumulative accuracy on this skill was 39%. On attempt 1, the student answered correctly, used 4 hints, and took 0.05 times their own average response time. On attempt 2, the student answered incorrectly, used 6 hints, and took 0.38 times their own average response time. On attempt 3, the student answered incorrectly, used 6 hints, and took 0.11 times their own average response time. On attempt 4, the student answered incorrectly, used 6 hints, and took 0.05 times their own average response time.",overconfidence,FALSE,FALSE,,,,,,,
Q066,S3,There is no clear indication of specific strategies being used to address challenges in this skill area.,supported,1,['overconfidence'],"['The student showed excessive confidence, higher than their actual level of understanding warranted.']","The student showed excessive confidence, higher than their actual level of understanding warranted.","The student is practicing the skill 'multiplying-decimals'. Before these attempts, the student's cumulative accuracy on this skill was 39%. On attempt 1, the student answered correctly, used 4 hints, and took 0.05 times their own average response time. On attempt 2, the student answered incorrectly, used 6 hints, and took 0.38 times their own average response time. On attempt 3, the student answered incorrectly, used 6 hints, and took 0.11 times their own average response time. On attempt 4, the student answered incorrectly, used 6 hints, and took 0.05 times their own average response time.",overconfidence,FALSE,FALSE,,,,,,,
Q060,S1,"The student provided a correct response without seeking assistance, indicating some level of independent problem-solving.",partial,1,[],,,"The student is practicing the skill 'discount'. Before these attempts, the student's cumulative accuracy on this skill was 12%. On attempt 1, the student answered correctly, used 5 hints, and took 0.27 times their own average response time. On attempt 2, the student answered correctly, used no hints, and took 0.80 times their own average response time. On attempt 3, the student answered incorrectly, used no hints, and took 6.79 times their own average response time. On attempt 4, the student answered incorrectly, used no hints, and took 3.71 times their own average response time.",,FALSE,TRUE,,,,,,,
Q060,S2,"This outcome could reflect either a well-reasoned solution following effort or a chance occurrence, as the available data does not definitively clarify the underlying process.",supported,1,[],,,"The student is practicing the skill 'discount'. Before these attempts, the student's cumulative accuracy on this skill was 12%. On attempt 1, the student answered correctly, used 5 hints, and took 0.27 times their own average response time. On attempt 2, the student answered correctly, used no hints, and took 0.80 times their own average response time. On attempt 3, the student answered incorrectly, used no hints, and took 6.79 times their own average response time. On attempt 4, the student answered incorrectly, used no hints, and took 3.71 times their own average response time.",,FALSE,TRUE,,,,,,,
Q060,S3,There is a slight inclination suggesting the resolution might have involved thoughtful engagement rather than mere luck.,supported,1,[],,,"The student is practicing the skill 'discount'. Before these attempts, the student's cumulative accuracy on this skill was 12%. On attempt 1, the student answered correctly, used 5 hints, and took 0.27 times their own average response time. On attempt 2, the student answered correctly, used no hints, and took 0.80 times their own average response time. On attempt 3, the student answered incorrectly, used no hints, and took 6.79 times their own average response time. On attempt 4, the student answered incorrectly, used no hints, and took 3.71 times their own average response time.",,FALSE,TRUE,,,,,,,
Q034,S1,"The student exhibits signs of avoiding challenging tasks related to converting fractions, decimals, and percentages.",unsupported,1,[],The student showed a tendency to avoid difficult problems or avoid asking for help.,[],cognitive_avoidance,FALSE,FALSE,,,,,,,,
Q034,S2,The student also shows frustration during attempts to solve problems involving these concepts.,partial,1,['unproductive_frustration'],['The student experienced unproductive frustration amid repeated failures or difficulty.'],The student experienced unproductive frustration amid repeated failures or difficulty.,"The student is practicing the skill 'equivalent-fractions-decimals-percents'. Before these attempts, the student's cumulative accuracy on this skill was 67%. On attempt 1, the student answered incorrectly, used no hints, and took 1.60 times their own average response time. On attempt 2, the student answered correctly, used no hints, and took 0.34 times their own average response time. On attempt 3, the student answered correctly, used no hints, and took 0.04 times their own average response time. On attempt 4, the student answered incorrectly, used no hints, and took 2.49 times their own average response time.",unproductive_frustration,FALSE,FALSE,,,,,,,
Q128,S1,"The student engaged in independent problem-solving despite receiving a hint, indicating a strong capacity for productive struggle.",unsupported,1,['productive_struggle'],"['The student struggled with difficulty while using hints, but ultimately solved the problem through productive effort. productive_struggle is dominant (independent judgment is possible since a hint was used).']","The student struggled with difficulty while using hints, but ultimately solved the problem through productive effort. productive_struggle is dominant (independent judgment is possible since a hint was used).","The student is practicing the skill 'pattern-finding'. Before these attempts, the student's cumulative accuracy on this skill was 37%. On attempt 1, the student answered incorrectly, used 2 hints, and took 0.37 times their own average response time. On attempt 2, the student answered incorrectly, used 2 hints, and took 0.15 times their own average response time. On attempt 3, the student answered incorrectly, used 2 hints, and took 2.31 times their own average response time. On attempt 4, the student answered correctly, used 2 hints, and took 0.60 times their own average response time.",productive_struggle,FALSE,FALSE,,,,,,,
Q128,S2,This suggests the student was actively working through challenges rather than relying solely on external guidance.,unsupported,1,['productive_struggle'],"['The student struggled with difficulty while using hints, but ultimately solved the problem through productive effort. productive_struggle is dominant (independent judgment is possible since a hint was used).']","The student struggled with difficulty while using hints, but ultimately solved the problem through productive effort. productive_struggle is dominant (independent judgment is possible since a hint was used).","The student is practicing the skill 'pattern-finding'. Before these attempts, the student's cumulative accuracy on this skill was 37%. On attempt 1, the student answered incorrectly, used 2 hints, and took 0.37 times their own average response time. On attempt 2, the student answered incorrectly, used 2 hints, and took 0.15 times their own average response time. On attempt 3, the student answered incorrectly, used 2 hints, and took 2.31 times their own average response time. On attempt 4, the student answered correctly, used 2 hints, and took 0.60 times their own average response time.",productive_struggle,FALSE,FALSE,,,,,,,
Q128,S3,The high level of engagement in this process may reflect a deeper commitment to understanding the material.,unsupported,1,['productive_struggle'],"['The student struggled with difficulty while using hints, but ultimately solved the problem through productive effort. productive_struggle is dominant (independent judgment is possible since a hint was used).']","The student struggled with difficulty while using hints, but ultimately solved the problem through productive effort. productive_struggle is dominant (independent judgment is possible since a hint was used).","The student is practicing the skill 'pattern-finding'. Before these attempts, the student's cumulative accuracy on this skill was 37%. On attempt 1, the student answered incorrectly, used 2 hints, and took 0.37 times their own average response time. On attempt 2, the student answered incorrectly, used 2 hints, and took 0.15 times their own average response time. On attempt 3, the student answered incorrectly, used 2 hints, and took 2.31 times their own average response time. On attempt 4, the student answered correctly, used 2 hints, and took 0.60 times their own average response time.",productive_struggle,FALSE,FALSE,,,,,,,
Q077,S1,The student exhibits signs of overconfidence.,partial,1,['overconfidence'],"['The student showed excessive confidence, higher than their actual level of understanding warranted. ']","The student showed excessive confidence, higher than their actual level of understanding warranted. ","The student is practicing the skill 'discount'. Before these attempts, the student's cumulative accuracy on this skill was 25%. On attempt 1, the student answered correctly, used no hints, and took 0.20 times their own average response time. On attempt 2, the student answered incorrectly, used 1 hint, and took 0.93 times their own average response time. On attempt 3, the student answered incorrectly, used 2 hints, and took 0.61 times their own average response time. On attempt 4, the student answered incorrectly, used 3 hints, and took 0.43 times their own average response time.",overconfidence,FALSE,FALSE,,,,,,,
Q077,S2,The student also shows indications of slipping.,supported,1,['slipping'],['The student made an unexpected mistake on content they had previously understood well. '],The student made an unexpected mistake on content they had previously understood well. ,"The student is practicing the skill 'discount'. Before these attempts, the student's cumulative accuracy on this skill was 25%. On attempt 1, the student answered correctly, used no hints, and took 0.20 times their own average response time. On attempt 2, the student answered incorrectly, used 1 hint, and took 0.93 times their own average response time. On attempt 3, the student answered incorrectly, used 2 hints, and took 0.61 times their own average response time. On attempt 4, the student answered incorrectly, used 3 hints, and took 0.43 times their own average response time.",slipping,FALSE,FALSE,,,,,,,
Q002,S1,The student may have been overly confident in their understanding of the skill.,supported,1,['overconfidence'],"['The student showed excessive confidence, higher than their actual level of understanding warranted. ']","The student showed excessive confidence, higher than their actual level of understanding warranted. ","The student is practicing the skill 'sum-of-interior-angles-more-than-3-sides'. Before these attempts, the student's cumulative accuracy on this skill was 25%. On attempt 1, the student answered incorrectly, used no hints, and took 0.26 times their own average response time. On attempt 2, the student answered incorrectly, used no hints, and took 0.26 times their own average response time. On attempt 3, the student answered correctly, used no hints, and took 0.17 times their own average response time. On attempt 4, the student answered incorrectly, used 1 hint, and took 0.17 times their own average response time.",overconfidence,FALSE,FALSE,,,,,,,
Q002,S2,The student may have shown signs of inconsistency in applying the knowledge correctly.,supported,1,['slipping'],['The student made an unexpected mistake on content they had previously understood well. '],The student made an unexpected mistake on content they had previously understood well. ,"The student is practicing the skill 'sum-of-interior-angles-more-than-3-sides'. Before these attempts, the student's cumulative accuracy on this skill was 25%. On attempt 1, the student answered incorrectly, used no hints, and took 0.26 times their own average response time. On attempt 2, the student answered incorrectly, used no hints, and took 0.26 times their own average response time. On attempt 3, the student answered correctly, used no hints, and took 0.17 times their own average response time. On attempt 4, the student answered incorrectly, used 1 hint, and took 0.17 times their own average response time.",slipping,FALSE,FALSE,,,,,,,
Q113,S1,"The student exhibits signs of avoiding challenging tasks, indicating a possible reluctance to engage deeply with complex material.",supported,5,['cognitive_avoidance'],['The student showed a tendency to avoid difficult problems or avoid asking for help.'],The student showed a tendency to avoid difficult problems or avoid asking for help.,"The student is practicing the skill 'percent-of'. Before these attempts, the student's cumulative accuracy on this skill was 26%. On attempt 1, the student answered incorrectly, used 7 hints, and took 0.10 times their own average response time. On attempt 2, the student answered incorrectly, used 8 hints, and took 0.16 times their own average response time. On attempt 3, the student answered correctly, used 8 hints, and took 2.10 times their own average response time. On attempt 4, the student answered incorrectly, used no hints, and took 0.94 times their own average response time.",cognitive_avoidance,TRUE,FALSE,,,,,,,
Q113,S2,"There is also evidence of inconsistent performance, suggesting difficulty maintaining focus or applying knowledge consistently.",supported,5,['slipping'],['The student made an unexpected mistake on content they had previously understood well.'],The student made an unexpected mistake on content they had previously understood well.,"The student is practicing the skill 'percent-of'. Before these attempts, the student's cumulative accuracy on this skill was 26%. On attempt 1, the student answered incorrectly, used 7 hints, and took 0.10 times their own average response time. On attempt 2, the student answered incorrectly, used 8 hints, and took 0.16 times their own average response time. On attempt 3, the student answered correctly, used 8 hints, and took 2.10 times their own average response time. On attempt 4, the student answered incorrectly, used no hints, and took 0.94 times their own average response time.",slipping,TRUE,FALSE,,,,,,,
Q113,S3,This combination may point to underlying struggles with task engagement and retention.,unsupported,5,['slipping'],['The student made an unexpected mistake on content they had previously understood well.'],The student made an unexpected mistake on content they had previously understood well.,"The student is practicing the skill 'percent-of'. Before these attempts, the student's cumulative accuracy on this skill was 26%. On attempt 1, the student answered incorrectly, used 7 hints, and took 0.10 times their own average response time. On attempt 2, the student answered incorrectly, used 8 hints, and took 0.16 times their own average response time. On attempt 3, the student answered correctly, used 8 hints, and took 2.10 times their own average response time. On attempt 4, the student answered incorrectly, used no hints, and took 0.94 times their own average response time.",slipping,TRUE,FALSE,,,,,,,
Q076,S1,"The student may have avoided engaging deeply with the material, indicating a possible reluctance to confront challenging aspects of the skill.",unsupported,5,['cognitive_avoidance'],['The student showed a tendency to avoid difficult problems or avoid asking for help.'],The student showed a tendency to avoid difficult problems or avoid asking for help.,"The student is practicing the skill 'area'. Before these attempts, the student's cumulative accuracy on this skill was 36%. On attempt 1, the student answered correctly, used no hints, and took 1.23 times their own average response time. On attempt 2, the student answered incorrectly, used no hints, and took 0.77 times their own average response time. On attempt 3, the student answered correctly, used no hints, and took 0.32 times their own average response time. On attempt 4, the student answered incorrectly, used no hints, and took 0.55 times their own average response time.",cognitive_avoidance,TRUE,FALSE,,,,,,,
Q076,S2,"There is also a likelihood of errors occurring during practice sessions, suggesting inconsistency in applying the knowledge.",partial,5,['slipping'],['The student made an unexpected mistake on content they had previously understood well.'],The student made an unexpected mistake on content they had previously understood well.,"The student is practicing the skill 'area'. Before these attempts, the student's cumulative accuracy on this skill was 36%. On attempt 1, the student answered correctly, used no hints, and took 1.23 times their own average response time. On attempt 2, the student answered incorrectly, used no hints, and took 0.77 times their own average response time. On attempt 3, the student answered correctly, used no hints, and took 0.32 times their own average response time. On attempt 4, the student answered incorrectly, used no hints, and took 0.55 times their own average response time.",slipping,TRUE,FALSE,,,,,,,
Q076,S3,"This combination appears to be present, though this is not certain.",unsupported,5,"['cognitive_avoidance', 'slipping']","['The student showed a tendency to avoid difficult problems or avoid asking for help.', 'The student made an unexpected mistake on content they had previously understood well.']","The student showed a tendency to avoid difficult problems or avoid asking for help.
The student made an unexpected mistake on content they had previously understood well.","The student is practicing the skill 'area'. Before these attempts, the student's cumulative accuracy on this skill was 36%. On attempt 1, the student answered correctly, used no hints, and took 1.23 times their own average response time. On attempt 2, the student answered incorrectly, used no hints, and took 0.77 times their own average response time. On attempt 3, the student answered correctly, used no hints, and took 0.32 times their own average response time. On attempt 4, the student answered incorrectly, used no hints, and took 0.55 times their own average response time.",,TRUE,FALSE,,,,,,,
Q131,S1,The student exhibits a strong sense of overconfidence in their understanding of probability concepts.,supported,1,['overconfidence'],"['The student showed excessive confidence, higher than their actual level of understanding warranted.']","The student showed excessive confidence, higher than their actual level of understanding warranted.","The student is practicing the skill 'probability'. Before these attempts, the student's cumulative accuracy on this skill was 0%. On attempt 1, the student answered incorrectly, used 1 hint, and took 0.45 times their own average response time. On attempt 2, the student answered incorrectly, used 1 hint, and took 0.58 times their own average response time.",overconfidence,FALSE,FALSE,,,,,,,
Q131,S2,This high level of confidence may lead to less careful consideration of alternative solutions.,supported,1,['overconfidence'],"['The student showed excessive confidence, higher than their actual level of understanding warranted.']","The student showed excessive confidence, higher than their actual level of understanding warranted.","The student is practicing the skill 'probability'. Before these attempts, the student's cumulative accuracy on this skill was 0%. On attempt 1, the student answered incorrectly, used 1 hint, and took 0.45 times their own average response time. On attempt 2, the student answered incorrectly, used 1 hint, and took 0.58 times their own average response time.",overconfidence,FALSE,FALSE,,,,,,,
Q131,S3,"At the same time, there appears to be a notable presence of unproductive frustration during problem-solving tasks.",unsupported,1,['unproductive_frustration'],['The student experienced unproductive frustration amid repeated failures or difficulty.'],The student experienced unproductive frustration amid repeated failures or difficulty.,"The student is practicing the skill 'probability'. Before these attempts, the student's cumulative accuracy on this skill was 0%. On attempt 1, the student answered incorrectly, used 1 hint, and took 0.45 times their own average response time. On attempt 2, the student answered incorrectly, used 1 hint, and took 0.58 times their own average response time.",unproductive_frustration,FALSE,FALSE,,,,,,,
Q088,S1,"The student engaged in independent problem-solving despite receiving a hint, indicating a strong capacity for productive struggle.",unsupported,1,['productive_struggle'],"['The student struggled with difficulty while using hints, but ultimately solved the problem through productive effort. productive_struggle is dominant (independent judgment is possible since a hint was used).']","The student struggled with difficulty while using hints, but ultimately solved the problem through productive effort. productive_struggle is dominant (independent judgment is possible since a hint was used).","The student is practicing the skill 'substitution'. Before these attempts, the student's cumulative accuracy on this skill was 11%. On attempt 1, the student answered incorrectly, used 1 hint, and took 0.48 times their own average response time. On attempt 2, the student answered incorrectly, used 1 hint, and took 0.56 times their own average response time. On attempt 3, the student answered incorrectly, used 1 hint, and took 1.27 times their own average response time. On attempt 4, the student answered correctly, used 1 hint, and took 1.10 times their own average response time.",productive_struggle,FALSE,FALSE,,,,,,,
Q088,S2,This suggests the student was actively working through challenges rather than relying solely on external guidance.,unsupported,1,['productive_struggle'],"['The student struggled with difficulty while using hints, but ultimately solved the problem through productive effort. productive_struggle is dominant (independent judgment is possible since a hint was used).']","The student struggled with difficulty while using hints, but ultimately solved the problem through productive effort. productive_struggle is dominant (independent judgment is possible since a hint was used).","The student is practicing the skill 'substitution'. Before these attempts, the student's cumulative accuracy on this skill was 11%. On attempt 1, the student answered incorrectly, used 1 hint, and took 0.48 times their own average response time. On attempt 2, the student answered incorrectly, used 1 hint, and took 0.56 times their own average response time. On attempt 3, the student answered incorrectly, used 1 hint, and took 1.27 times their own average response time. On attempt 4, the student answered correctly, used 1 hint, and took 1.10 times their own average response time.",productive_struggle,FALSE,FALSE,,,,,,,
Q088,S3,"The level of engagement appears to be significant, though the exact nature of the struggle remains partially unclear.",partial,1,['productive_struggle'],"['The student struggled with difficulty while using hints, but ultimately solved the problem through productive effort. productive_struggle is dominant (independent judgment is possible since a hint was used).']","The student struggled with difficulty while using hints, but ultimately solved the problem through productive effort. productive_struggle is dominant (independent judgment is possible since a hint was used).","The student is practicing the skill 'substitution'. Before these attempts, the student's cumulative accuracy on this skill was 11%. On attempt 1, the student answered incorrectly, used 1 hint, and took 0.48 times their own average response time. On attempt 2, the student answered incorrectly, used 1 hint, and took 0.56 times their own average response time. On attempt 3, the student answered incorrectly, used 1 hint, and took 1.27 times their own average response time. On attempt 4, the student answered correctly, used 1 hint, and took 1.10 times their own average response time.",productive_struggle,FALSE,FALSE,,,,,,,
Q028,S1,The student exhibits signs of avoiding challenging tasks.,partial,1,['cognitive_avoidance'],['The student showed a tendency to avoid difficult problems or avoid asking for help.'],The student showed a tendency to avoid difficult problems or avoid asking for help.,"The student is practicing the skill 'noskill'. Before these attempts, the student's cumulative accuracy on this skill was 30%. On attempt 1, the student answered incorrectly, used no hints, and took 0.40 times their own average response time. On attempt 2, the student answered incorrectly, used no hints, and took 0.30 times their own average response time. On attempt 3, the student answered correctly, used no hints, and took 0.30 times their own average response time. On attempt 4, the student answered incorrectly, used no hints, and took 0.84 times their own average response time.",cognitive_avoidance,FALSE,FALSE,,,,,,,
Q028,S2,There is also a noticeable pattern of errors occurring during task execution.,supported,1,['slipping'],['The student made an unexpected mistake on content they had previously understood well.'],The student made an unexpected mistake on content they had previously understood well.,"The student is practicing the skill 'noskill'. Before these attempts, the student's cumulative accuracy on this skill was 30%. On attempt 1, the student answered incorrectly, used no hints, and took 0.40 times their own average response time. On attempt 2, the student answered incorrectly, used no hints, and took 0.30 times their own average response time. On attempt 3, the student answered correctly, used no hints, and took 0.30 times their own average response time. On attempt 4, the student answered incorrectly, used no hints, and took 0.84 times their own average response time.",slipping,FALSE,FALSE,,,,,,,
Q072,S1,The student may have been overly confident in their ability to solve problems related to the Pythagorean theorem.,unsupported,1,[],,,"The student is practicing the skill 'unit-conversion'. Before these attempts, the student's cumulative accuracy on this skill was 0%. On attempt 1, the student answered incorrectly, used 1 hint, and took 3.89 times their own average response time. On attempt 2, the student answered incorrectly, used no hints, and took 1.65 times their own average response time. On attempt 3, the student answered incorrectly, used no hints, and took 0.40 times their own average response time. On attempt 4, the student answered correctly, used 1 hint, and took 0.28 times their own average response time.",,FALSE,TRUE,,,,,,,
Q072,S2,"This confidence appears to be quite strong, though this is not certain.",unsupported,1,[],,,"The student is practicing the skill 'unit-conversion'. Before these attempts, the student's cumulative accuracy on this skill was 0%. On attempt 1, the student answered incorrectly, used 1 hint, and took 3.89 times their own average response time. On attempt 2, the student answered incorrectly, used no hints, and took 1.65 times their own average response time. On attempt 3, the student answered incorrectly, used no hints, and took 0.40 times their own average response time. On attempt 4, the student answered correctly, used 1 hint, and took 0.28 times their own average response time.",,FALSE,TRUE,,,,,,,
Q072,S3,There is no clear indication of specific actions taken due to this confidence.,supported,1,[],,,"The student is practicing the skill 'unit-conversion'. Before these attempts, the student's cumulative accuracy on this skill was 0%. On attempt 1, the student answered incorrectly, used 1 hint, and took 3.89 times their own average response time. On attempt 2, the student answered incorrectly, used no hints, and took 1.65 times their own average response time. On attempt 3, the student answered incorrectly, used no hints, and took 0.40 times their own average response time. On attempt 4, the student answered correctly, used 1 hint, and took 0.28 times their own average response time.",,FALSE,TRUE,,,,,,,
Q003,S1,"The student demonstrated a strong indication of avoiding challenging tasks, as evidenced by the high cognitive avoidance score.",unsupported,1,['cognitive_avoidance'],['The student showed a tendency to avoid difficult problems or avoid asking for help.'],The student showed a tendency to avoid difficult problems or avoid asking for help.,"The student is practicing the skill 'probability'. Before these attempts, the student's cumulative accuracy on this skill was 100%. On attempt 1, the student answered correctly, used no hints, and took 0.48 times their own average response time. On attempt 2, the student answered correctly, used no hints, and took 1.37 times their own average response time. On attempt 3, the student answered correctly, used no hints, and took 0.41 times their own average response time.",cognitive_avoidance,FALSE,FALSE,,,,,,,
Q003,S2,"The response to the question could not be definitively categorized due to insufficient data to determine if the correct answer resulted from understanding, luck, or lack of confidence.",partial,1,['confidence_triad'],"['The status of this indicator (confidence_triad) is AMBIGUOUS. The student answered correctly without using a hint, but the current data cannot structurally distinguish whether this reflects a correct answer despite low confidence (underconfidence), a correct answer after productive struggle (productive_struggle), or a lucky guess (lucky_guess). (Note: confidence is high, so the signal leans slightly toward productive struggle.)']","The status of this indicator (confidence_triad) is AMBIGUOUS. The student answered correctly without using a hint, but the current data cannot structurally distinguish whether this reflects a correct answer despite low confidence (underconfidence), a correct answer after productive struggle (productive_struggle), or a lucky guess (lucky_guess). (Note: confidence is high, so the signal leans slightly toward productive struggle.)","The student is practicing the skill 'probability'. Before these attempts, the student's cumulative accuracy on this skill was 100%. On attempt 1, the student answered correctly, used no hints, and took 0.48 times their own average response time. On attempt 2, the student answered correctly, used no hints, and took 1.37 times their own average response time. On attempt 3, the student answered correctly, used no hints, and took 0.41 times their own average response time.",confidence_triad,FALSE,FALSE,,,,,,,
Q003,S3,"There appears to be a potential conflict between the high confidence level and the tendency to avoid difficult work, though this remains uncertain.",unsupported,1,['confidence_triad'],"['The status of this indicator (confidence_triad) is AMBIGUOUS. The student answered correctly without using a hint, but the current data cannot structurally distinguish whether this reflects a correct answer despite low confidence (underconfidence), a correct answer after productive struggle (productive_struggle), or a lucky guess (lucky_guess). (Note: confidence is high, so the signal leans slightly toward productive struggle.)']","The status of this indicator (confidence_triad) is AMBIGUOUS. The student answered correctly without using a hint, but the current data cannot structurally distinguish whether this reflects a correct answer despite low confidence (underconfidence), a correct answer after productive struggle (productive_struggle), or a lucky guess (lucky_guess). (Note: confidence is high, so the signal leans slightly toward productive struggle.)","The student is practicing the skill 'probability'. Before these attempts, the student's cumulative accuracy on this skill was 100%. On attempt 1, the student answered correctly, used no hints, and took 0.48 times their own average response time. On attempt 2, the student answered correctly, used no hints, and took 1.37 times their own average response time. On attempt 3, the student answered correctly, used no hints, and took 0.41 times their own average response time.",confidence_triad,FALSE,FALSE,,,,,,,
Q069,S1,The student exhibits signs of overconfidence during the task.,unsupported,1,['overconfidence'],"['The student showed excessive confidence, higher than their actual level of understanding warranted.']","The student showed excessive confidence, higher than their actual level of understanding warranted.","The student is practicing the skill 'substitution'. Before these attempts, the student's cumulative accuracy on this skill was 19%. On attempt 1, the student answered incorrectly, used 11 hints, and took 0.05 times their own average response time. On attempt 2, the student answered correctly, used 11 hints, and took 0.21 times their own average response time. On attempt 3, the student answered incorrectly, used no hints, and took 0.89 times their own average response time. On attempt 4, the student answered incorrectly, used 1 hint, and took 0.10 times their own average response time.",overconfidence,FALSE,FALSE,,,,,,,
Q069,S2,"They also display unproductive frustration, indicating difficulty in managing their approach.",supported,1,['unproductive_frustration'],['The student experienced unproductive frustration amid repeated failures or difficulty.'],The student experienced unproductive frustration amid repeated failures or difficulty.,"The student is practicing the skill 'substitution'. Before these attempts, the student's cumulative accuracy on this skill was 19%. On attempt 1, the student answered incorrectly, used 11 hints, and took 0.05 times their own average response time. On attempt 2, the student answered correctly, used 11 hints, and took 0.21 times their own average response time. On attempt 3, the student answered incorrectly, used no hints, and took 0.89 times their own average response time. On attempt 4, the student answered incorrectly, used 1 hint, and took 0.10 times their own average response time.",unproductive_frustration,FALSE,FALSE,,,,,,,
Q069,S3,This combination may suggest a struggle to balance confidence with effective problem-solving strategies.,unsupported,1,['overconfidence'],"['The student showed excessive confidence, higher than their actual level of understanding warranted.']","The student showed excessive confidence, higher than their actual level of understanding warranted.","The student is practicing the skill 'substitution'. Before these attempts, the student's cumulative accuracy on this skill was 19%. On attempt 1, the student answered incorrectly, used 11 hints, and took 0.05 times their own average response time. On attempt 2, the student answered correctly, used 11 hints, and took 0.21 times their own average response time. On attempt 3, the student answered incorrectly, used no hints, and took 0.89 times their own average response time. On attempt 4, the student answered incorrectly, used 1 hint, and took 0.10 times their own average response time.",overconfidence,FALSE,FALSE,,,,,,,
Q004,S1,"The student provided a correct response without seeking assistance, indicating some level of engagement with the problem.",unsupported,1,[],,,"The student is practicing the skill 'equivalent-fractions-decimals-percents'. Before these attempts, the student's cumulative accuracy on this skill was 0%. On attempt 1, the student answered incorrectly, used no hints, and took 1.09 times their own average response time. On attempt 2, the student answered incorrectly, used no hints, and took 0.28 times their own average response time. On attempt 3, the student answered incorrectly, used 1 hint, and took 0.12 times their own average response time. On attempt 4, the student answered incorrectly, used 1 hint, and took 0.37 times their own average response time.",,FALSE,TRUE,,,,,,,
Q004,S2,"This outcome could reflect either a successful resolution through effort or a chance occurrence, given the ambiguity in determining the exact nature of their approach.",unsupported,1,[],,,"The student is practicing the skill 'equivalent-fractions-decimals-percents'. Before these attempts, the student's cumulative accuracy on this skill was 0%. On attempt 1, the student answered incorrectly, used no hints, and took 1.09 times their own average response time. On attempt 2, the student answered incorrectly, used no hints, and took 0.28 times their own average response time. On attempt 3, the student answered incorrectly, used 1 hint, and took 0.12 times their own average response time. On attempt 4, the student answered incorrectly, used 1 hint, and took 0.37 times their own average response time.",,FALSE,TRUE,,,,,,,
Q004,S3,"The presence of high confidence suggests a possible alignment with productive struggle, although this remains uncertain.",supported,1,[],,,"The student is practicing the skill 'equivalent-fractions-decimals-percents'. Before these attempts, the student's cumulative accuracy on this skill was 0%. On attempt 1, the student answered incorrectly, used no hints, and took 1.09 times their own average response time. On attempt 2, the student answered incorrectly, used no hints, and took 0.28 times their own average response time. On attempt 3, the student answered incorrectly, used 1 hint, and took 0.12 times their own average response time. On attempt 4, the student answered incorrectly, used 1 hint, and took 0.37 times their own average response time.",,FALSE,TRUE,,,,,,,
Q141,S1,"The student may have avoided engaging deeply with the material, indicating a possible reluctance to confront challenging aspects.",supported,1,['cognitive_avoidance'],['The student showed a tendency to avoid difficult problems or avoid asking for help.'],The student showed a tendency to avoid difficult problems or avoid asking for help.,"The student is practicing the skill 'inducing-functions'. Before these attempts, the student's cumulative accuracy on this skill was 26%. On attempt 1, the student answered incorrectly, used 6 hints, and took 0.10 times their own average response time. On attempt 2, the student answered correctly, used 6 hints, and took 9.04 times their own average response time. On attempt 3, the student answered correctly, used no hints, and took 0.62 times their own average response time. On attempt 4, the student answered incorrectly, used no hints, and took 1.04 times their own average response time.",cognitive_avoidance,FALSE,FALSE,,,,,,,
Q141,S2,"There is also a likelihood of errors occurring during task execution, suggesting instability in performance.",supported,1,['slipping'],['The student made an unexpected mistake on content they had previously understood well.'],The student made an unexpected mistake on content they had previously understood well.,"The student is practicing the skill 'inducing-functions'. Before these attempts, the student's cumulative accuracy on this skill was 26%. On attempt 1, the student answered incorrectly, used 6 hints, and took 0.10 times their own average response time. On attempt 2, the student answered correctly, used 6 hints, and took 9.04 times their own average response time. On attempt 3, the student answered correctly, used no hints, and took 0.62 times their own average response time. On attempt 4, the student answered incorrectly, used no hints, and took 1.04 times their own average response time.",slipping,FALSE,FALSE,,,,,,,
Q141,S3,"This combination appears to be present, though this is not certain.",supported,1,"['cognitive_avoidance', 'slipping']","['The student showed a tendency to avoid difficult problems or avoid asking for help.', 'The student made an unexpected mistake on content they had previously understood well.']","The student showed a tendency to avoid difficult problems or avoid asking for help.
The student made an unexpected mistake on content they had previously understood well.","The student is practicing the skill 'inducing-functions'. Before these attempts, the student's cumulative accuracy on this skill was 26%. On attempt 1, the student answered incorrectly, used 6 hints, and took 0.10 times their own average response time. On attempt 2, the student answered correctly, used 6 hints, and took 9.04 times their own average response time. On attempt 3, the student answered correctly, used no hints, and took 0.62 times their own average response time. On attempt 4, the student answered incorrectly, used no hints, and took 1.04 times their own average response time.",,FALSE,FALSE,,,,,,,
Q032,S1,The student may have overestimated their ability to interpret the number line correctly.,supported,1,['overconfidence'],"['The student showed excessive confidence, higher than their actual level of understanding warranted.']","The student showed excessive confidence, higher than their actual level of understanding warranted.","The student is practicing the skill 'interpreting-numberline'. Before these attempts, the student's cumulative accuracy on this skill was 0%. On attempt 1, the student answered incorrectly, used 6 hints, and took 2.30 times their own average response time. On attempt 2, the student answered incorrectly, used 7 hints, and took 0.72 times their own average response time. On attempt 3, the student answered incorrectly, used 8 hints, and took 0.79 times their own average response time. On attempt 4, the student answered incorrectly, used 9 hints, and took 2.23 times their own average response time.",overconfidence,FALSE,FALSE,,,,,,,
Q032,S2,This indicates a potential lack of awareness regarding their actual skill level in this task.,supported,1,['overconfidence'],"['The student showed excessive confidence, higher than their actual level of understanding warranted.']","The student showed excessive confidence, higher than their actual level of understanding warranted.","The student is practicing the skill 'interpreting-numberline'. Before these attempts, the student's cumulative accuracy on this skill was 0%. On attempt 1, the student answered incorrectly, used 6 hints, and took 2.30 times their own average response time. On attempt 2, the student answered incorrectly, used 7 hints, and took 0.72 times their own average response time. On attempt 3, the student answered incorrectly, used 8 hints, and took 0.79 times their own average response time. On attempt 4, the student answered incorrectly, used 9 hints, and took 2.23 times their own average response time.",overconfidence,FALSE,FALSE,,,,,,,
Q032,S3,There appears to be a disconnect between perceived and actual performance.,unknown,1,['overconfidence'],"['The student showed excessive confidence, higher than their actual level of understanding warranted.']","The student showed excessive confidence, higher than their actual level of understanding warranted.","The student is practicing the skill 'interpreting-numberline'. Before these attempts, the student's cumulative accuracy on this skill was 0%. On attempt 1, the student answered incorrectly, used 6 hints, and took 2.30 times their own average response time. On attempt 2, the student answered incorrectly, used 7 hints, and took 0.72 times their own average response time. On attempt 3, the student answered incorrectly, used 8 hints, and took 0.79 times their own average response time. On attempt 4, the student answered incorrectly, used 9 hints, and took 2.23 times their own average response time.",overconfidence,FALSE,FALSE,,,,,,,
Q104,S1,"The student may have avoided engaging deeply with the material, indicating a possible reluctance to confront challenging aspects.",unsupported,5, the student's cumulative accuracy on this skill was 60%. On attempt 1, used no hints, and took 3.70 times their own average response time. On attempt 2, used no hints, and took 2.87 times their own average response time. On attempt 3, the student answered correctly, used no hints, and took 0.58 times their own average response time. On attempt 4, the student answered incorrectly, used no hints," and took 0.71 times their own average response time.""",cognitive_avoidance,TRUE,FALSE
Q104,S2,"There is also a likelihood of errors occurring during task execution, suggesting instability in performance.",supported,5,['slipping'],['The student made an unexpected mistake on content they had previously understood well.'],The student made an unexpected mistake on content they had previously understood well.,"The student is practicing the skill 'rate'. Before these attempts, the student's cumulative accuracy on this skill was 60%. On attempt 1, the student answered correctly, used no hints, and took 3.70 times their own average response time. On attempt 2, the student answered incorrectly, used no hints, and took 2.87 times their own average response time. On attempt 3, the student answered correctly, used no hints, and took 0.58 times their own average response time. On attempt 4, the student answered incorrectly, used no hints, and took 0.71 times their own average response time.",slipping,TRUE,FALSE,,,,,,,
Q104,S3,"This combination appears to be present, though this is not certain.",supported,5,"['cognitive_avoidance', 'slipping']","['The student showed a tendency to avoid difficult problems or avoid asking for help.', 'The student made an unexpected mistake on content they had previously understood well.']","The student showed a tendency to avoid difficult problems or avoid asking for help.
The student made an unexpected mistake on content they had previously understood well.","The student is practicing the skill 'rate'. Before these attempts, the student's cumulative accuracy on this skill was 60%. On attempt 1, the student answered correctly, used no hints, and took 3.70 times their own average response time. On attempt 2, the student answered incorrectly, used no hints, and took 2.87 times their own average response time. On attempt 3, the student answered correctly, used no hints, and took 0.58 times their own average response time. On attempt 4, the student answered incorrectly, used no hints, and took 0.71 times their own average response time.",,TRUE,FALSE,,,,,,,
Q126,S1,"The student exhibits signs of avoiding challenging tasks, indicating a possible reluctance to engage deeply with material.",unsupported,1,['cognitive_avoidance'],['The student showed a tendency to avoid difficult problems or avoid asking for help.'],The student showed a tendency to avoid difficult problems or avoid asking for help.,"The student is practicing the skill 'noskill'. Before these attempts, the student's cumulative accuracy on this skill was 48%. On attempt 1, the student answered correctly, used no hints, and took 0.59 times their own average response time. On attempt 2, the student answered correctly, used no hints, and took 0.54 times their own average response time. On attempt 3, the student answered correctly, used no hints, and took 0.92 times their own average response time. On attempt 4, the student answered incorrectly, used no hints, and took 1.05 times their own average response time.",cognitive_avoidance,FALSE,FALSE,,,,,,,
Q126,S2,"The student also shows frustration that does not lead to productive actions, suggesting difficulty in managing task demands effectively.",unsupported,1,['unproductive_frustration'],['The student experienced unproductive frustration amid repeated failures or difficulty.'],The student experienced unproductive frustration amid repeated failures or difficulty.,"The student is practicing the skill 'noskill'. Before these attempts, the student's cumulative accuracy on this skill was 48%. On attempt 1, the student answered correctly, used no hints, and took 0.59 times their own average response time. On attempt 2, the student answered correctly, used no hints, and took 0.54 times their own average response time. On attempt 3, the student answered correctly, used no hints, and took 0.92 times their own average response time. On attempt 4, the student answered incorrectly, used no hints, and took 1.05 times their own average response time.",unproductive_frustration,FALSE,FALSE,,,,,,,
Q031,S1,The student exhibits clear signs of avoiding challenging tasks.,unsupported,1,['cognitive_avoidance'],['The student showed a tendency to avoid difficult problems or avoid asking for help.'],The student showed a tendency to avoid difficult problems or avoid asking for help.,"The student is practicing the skill 'pattern-finding'. Before these attempts, the student's cumulative accuracy on this skill was 62%. On attempt 1, the student answered correctly, used no hints, and took 0.59 times their own average response time. On attempt 2, the student answered correctly, used no hints, and took 0.11 times their own average response time. On attempt 3, the student answered incorrectly, used no hints, and took 0.68 times their own average response time. On attempt 4, the student answered incorrectly, used no hints, and took 0.09 times their own average response time.",cognitive_avoidance,FALSE,FALSE,,,,,,,
Q031,S2,The behavior suggests a preference for simpler activities over more complex ones.,partial,1,['cognitive_avoidance'],['The student showed a tendency to avoid difficult problems or avoid asking for help.'],The student showed a tendency to avoid difficult problems or avoid asking for help.,"The student is practicing the skill 'pattern-finding'. Before these attempts, the student's cumulative accuracy on this skill was 62%. On attempt 1, the student answered correctly, used no hints, and took 0.59 times their own average response time. On attempt 2, the student answered correctly, used no hints, and took 0.11 times their own average response time. On attempt 3, the student answered incorrectly, used no hints, and took 0.68 times their own average response time. On attempt 4, the student answered incorrectly, used no hints, and took 0.09 times their own average response time.",cognitive_avoidance,FALSE,FALSE,,,,,,,
Q123,S1,The student may have been avoiding engaging deeply with the problem-solving process.,partial,1,[],The student showed a tendency to avoid difficult problems or avoid asking for help.,[],cognitive_avoidance,FALSE,FALSE,,,,,,,,
Q123,S2,The tendency appears to be evident in their approach to tackling the task.,unsupported,1,['cognitive_avoidance'],['The student showed a tendency to avoid difficult problems or avoid asking for help.'],The student showed a tendency to avoid difficult problems or avoid asking for help.,"The student is practicing the skill 'interpreting-linear-equations'. Before these attempts, the student's cumulative accuracy on this skill was 12%. On attempt 1, the student answered incorrectly, used no hints, and took 0.14 times their own average response time. On attempt 2, the student answered incorrectly, used no hints, and took 1.57 times their own average response time. On attempt 3, the student answered incorrectly, used 1 hint, and took 0.25 times their own average response time. On attempt 4, the student answered incorrectly, used 1 hint, and took 0.80 times their own average response time.",cognitive_avoidance,FALSE,FALSE,,,,,,,
Q123,S3,There is a noticeable lack of effort in applying the required mathematical strategies.,partial,1,['cognitive_avoidance'],['The student showed a tendency to avoid difficult problems or avoid asking for help.'],The student showed a tendency to avoid difficult problems or avoid asking for help.,"The student is practicing the skill 'interpreting-linear-equations'. Before these attempts, the student's cumulative accuracy on this skill was 12%. On attempt 1, the student answered incorrectly, used no hints, and took 0.14 times their own average response time. On attempt 2, the student answered incorrectly, used no hints, and took 1.57 times their own average response time. On attempt 3, the student answered incorrectly, used 1 hint, and took 0.25 times their own average response time. On attempt 4, the student answered incorrectly, used 1 hint, and took 0.80 times their own average response time.",cognitive_avoidance,FALSE,FALSE,,,,,,,
Q009,S1,The student exhibits signs of avoiding challenging tasks related to multiplication.,unsupported,1,[],,,"The student is practicing the skill 'multiplication'. Before these attempts, the student's cumulative accuracy on this skill was nan%. On attempt 1, the student answered correctly, used no hints, and took 2.15 times their own average response time.",,FALSE,TRUE,,,,,,,
Q009,S2,There is also a notable pattern of errors occurring during practice sessions.,unsupported,1,[],,,"The student is practicing the skill 'multiplication'. Before these attempts, the student's cumulative accuracy on this skill was nan%. On attempt 1, the student answered correctly, used no hints, and took 2.15 times their own average response time.",,FALSE,TRUE,,,,,,,
Q009,S3,This may indicate difficulties in maintaining focus or understanding the concepts being taught.,unsupported,1,[],,,"The student is practicing the skill 'multiplication'. Before these attempts, the student's cumulative accuracy on this skill was nan%. On attempt 1, the student answered correctly, used no hints, and took 2.15 times their own average response time.",,FALSE,TRUE,,,,,,,
Q081,S1,The student exhibits signs of unproductive frustration.,unsupported,5,['unproductive_frustration'],['The student experienced unproductive frustration amid repeated failures or difficulty.'],The student experienced unproductive frustration amid repeated failures or difficulty.,"The student is practicing the skill 'noskill'. Before these attempts, the student's cumulative accuracy on this skill was 66%. On attempt 1, the student answered correctly, used no hints, and took 0.12 times their own average response time. On attempt 2, the student answered correctly, used no hints, and took 0.36 times their own average response time. On attempt 3, the student answered incorrectly, used no hints, and took 0.42 times their own average response time. On attempt 4, the student answered incorrectly, used no hints, and took 0.08 times their own average response time.",unproductive_frustration,TRUE,FALSE,,,,,,,
Q081,S2,"This emotion appears to be intense, given the high status level recorded.",unsupported,5,['unproductive_frustration'],['The student experienced unproductive frustration amid repeated failures or difficulty.'],The student experienced unproductive frustration amid repeated failures or difficulty.,"The student is practicing the skill 'noskill'. Before these attempts, the student's cumulative accuracy on this skill was 66%. On attempt 1, the student answered correctly, used no hints, and took 0.12 times their own average response time. On attempt 2, the student answered correctly, used no hints, and took 0.36 times their own average response time. On attempt 3, the student answered incorrectly, used no hints, and took 0.42 times their own average response time. On attempt 4, the student answered incorrectly, used no hints, and took 0.08 times their own average response time.",unproductive_frustration,TRUE,FALSE,,,,,,,
Q081,S3,There is no clear indication of alternative coping strategies being employed.,supported,5,[],The student experienced unproductive frustration amid repeated failures or difficulty.,[],unproductive_frustration,TRUE,FALSE,,,,,,,,
Q119,S1,The student may have avoided engaging deeply with the material.,unsupported,1,[],The student showed a tendency to avoid difficult problems or avoid asking for help.,[],cognitive_avoidance,FALSE,FALSE,,,,,,,,
Q119,S2,The behavior suggests a possible reluctance to confront challenging aspects of the task.,unsupported,1,[],,[],,FALSE,FALSE,,,,,,,,
Q119,S3,The pattern indicates a lack of commitment to mastering the skill.,unsupported,1,[],The student showed a tendency to avoid difficult problems or avoid asking for help.,[],cognitive_avoidance,FALSE,FALSE,,,,,,,,
Q016,S1,The student exhibits signs of unproductive frustration during the task.,unsupported,1,['unproductive_frustration'],['The student experienced unproductive frustration amid repeated failures or difficulty.'],The student experienced unproductive frustration amid repeated failures or difficulty.,"The student is practicing the skill 'pattern-finding'. Before these attempts, the student's cumulative accuracy on this skill was 50%. On attempt 1, the student answered correctly, used no hints, and took 2.23 times their own average response time. On attempt 2, the student answered incorrectly, used 1 hint, and took 0.32 times their own average response time. On attempt 3, the student answered incorrectly, used 2 hints, and took 0.04 times their own average response time. On attempt 4, the student answered incorrectly, used 1 hint, and took 0.00 times their own average response time.",unproductive_frustration,FALSE,FALSE,,,,,,,
Q016,S2,This emotion appears to persist without clear resolution.,unsupported,1,['unproductive_frustration'],['The student experienced unproductive frustration amid repeated failures or difficulty.'],The student experienced unproductive frustration amid repeated failures or difficulty.,"The student is practicing the skill 'pattern-finding'. Before these attempts, the student's cumulative accuracy on this skill was 50%. On attempt 1, the student answered correctly, used no hints, and took 2.23 times their own average response time. On attempt 2, the student answered incorrectly, used 1 hint, and took 0.32 times their own average response time. On attempt 3, the student answered incorrectly, used 2 hints, and took 0.04 times their own average response time. On attempt 4, the student answered incorrectly, used 1 hint, and took 0.00 times their own average response time.",unproductive_frustration,FALSE,FALSE,,,,,,,
Q016,S3,There is no indication of alternative coping strategies being employed.,unsupported,1,['unproductive_frustration'],['The student experienced unproductive frustration amid repeated failures or difficulty.'],The student experienced unproductive frustration amid repeated failures or difficulty.,"The student is practicing the skill 'pattern-finding'. Before these attempts, the student's cumulative accuracy on this skill was 50%. On attempt 1, the student answered correctly, used no hints, and took 2.23 times their own average response time. On attempt 2, the student answered incorrectly, used 1 hint, and took 0.32 times their own average response time. On attempt 3, the student answered incorrectly, used 2 hints, and took 0.04 times their own average response time. On attempt 4, the student answered incorrectly, used 1 hint, and took 0.00 times their own average response time.",unproductive_frustration,FALSE,FALSE,,,,,,,
Q086,S1,The student exhibits signs of avoiding challenging aspects of the task.,partial,5, the student's cumulative accuracy on this skill was 33%. On attempt 1, used no hints, and took 0.35 times their own average response time. On attempt 2, used no hints, and took 3.14 times their own average response time. On attempt 3, the student answered incorrectly, used no hints, and took 3.14 times their own average response time. On attempt 4, the student answered incorrectly, used no hints," and took 0.11 times their own average response time.""",cognitive_avoidance,TRUE,FALSE
Q086,S2,The student also shows frustration without effective problem-solving strategies.,unsupported,5,['unproductive_frustration'],['The student experienced unproductive frustration amid repeated failures or difficulty.'],The student experienced unproductive frustration amid repeated failures or difficulty.,"The student is practicing the skill 'sum-of-interior-angles-triangle'. Before these attempts, the student's cumulative accuracy on this skill was 33%. On attempt 1, the student answered incorrectly, used no hints, and took 0.35 times their own average response time. On attempt 2, the student answered correctly, used no hints, and took 3.14 times their own average response time. On attempt 3, the student answered incorrectly, used no hints, and took 3.14 times their own average response time. On attempt 4, the student answered incorrectly, used no hints, and took 0.11 times their own average response time.",unproductive_frustration,TRUE,FALSE,,,,,,,
Q099,S1,The student may have avoided engaging deeply with the function evaluation task.,partial,1,['cognitive_avoidance'],['The student showed a tendency to avoid difficult problems or avoid asking for help.'],The student showed a tendency to avoid difficult problems or avoid asking for help.,"The student is practicing the skill 'evaluating-functions'. Before these attempts, the student's cumulative accuracy on this skill was 14%. On attempt 1, the student answered incorrectly, used no hints, and took 1.09 times their own average response time. On attempt 2, the student answered incorrectly, used no hints, and took 0.74 times their own average response time. On attempt 3, the student answered incorrectly, used no hints, and took 0.06 times their own average response time. On attempt 4, the student answered incorrectly, used no hints, and took 0.19 times their own average response time.",cognitive_avoidance,FALSE,FALSE,,,,,,,
Q099,S2,This avoidance could manifest through superficial responses or reluctance to explore complex aspects of the skill.,partial,1,['cognitive_avoidance'],['The student showed a tendency to avoid difficult problems or avoid asking for help.'],The student showed a tendency to avoid difficult problems or avoid asking for help.,"The student is practicing the skill 'evaluating-functions'. Before these attempts, the student's cumulative accuracy on this skill was 14%. On attempt 1, the student answered incorrectly, used no hints, and took 1.09 times their own average response time. On attempt 2, the student answered incorrectly, used no hints, and took 0.74 times their own average response time. On attempt 3, the student answered incorrectly, used no hints, and took 0.06 times their own average response time. On attempt 4, the student answered incorrectly, used no hints, and took 0.19 times their own average response time.",cognitive_avoidance,FALSE,FALSE,,,,,,,
Q099,S3,There appears to be a pattern of disengagement rather than active problem-solving.,supported,1,['cognitive_avoidance'],['The student showed a tendency to avoid difficult problems or avoid asking for help.'],The student showed a tendency to avoid difficult problems or avoid asking for help.,"The student is practicing the skill 'evaluating-functions'. Before these attempts, the student's cumulative accuracy on this skill was 14%. On attempt 1, the student answered incorrectly, used no hints, and took 1.09 times their own average response time. On attempt 2, the student answered incorrectly, used no hints, and took 0.74 times their own average response time. On attempt 3, the student answered incorrectly, used no hints, and took 0.06 times their own average response time. On attempt 4, the student answered incorrectly, used no hints, and took 0.19 times their own average response time.",cognitive_avoidance,FALSE,FALSE,,,,,,,
Q041,S1,"The student provided a correct response without seeking assistance, indicating some level of engagement with the problem.",supported,1,['confidence_triad'],"['The status of this indicator (confidence_triad) is AMBIGUOUS. The student answered correctly without using a hint, but the current data cannot structurally distinguish whether this reflects a correct answer despite low confidence (underconfidence), a correct answer after productive struggle (productive_struggle), or a lucky guess (lucky_guess). (Note: confidence is high, so the signal leans slightly toward productive struggle.)']","The status of this indicator (confidence_triad) is AMBIGUOUS. The student answered correctly without using a hint, but the current data cannot structurally distinguish whether this reflects a correct answer despite low confidence (underconfidence), a correct answer after productive struggle (productive_struggle), or a lucky guess (lucky_guess). (Note: confidence is high, so the signal leans slightly toward productive struggle.)","The student is practicing the skill 'order-of-operations'. Before these attempts, the student's cumulative accuracy on this skill was 25%. On attempt 1, the student answered correctly, used no hints, and took 0.70 times their own average response time. On attempt 2, the student answered incorrectly, used no hints, and took 0.62 times their own average response time. On attempt 3, the student answered incorrectly, used no hints, and took 0.92 times their own average response time. On attempt 4, the student answered correctly, used no hints, and took 0.84 times their own average response time.",confidence_triad,FALSE,FALSE,,,,,,,
Q041,S2,"This outcome could reflect either a successful resolution through effort or a chance occurrence, given the ambiguity in determining the exact nature of their approach.",supported,1,['confidence_triad'],"['The status of this indicator (confidence_triad) is AMBIGUOUS. The student answered correctly without using a hint, but the current data cannot structurally distinguish whether this reflects a correct answer despite low confidence (underconfidence), a correct answer after productive struggle (productive_struggle), or a lucky guess (lucky_guess). (Note: confidence is high, so the signal leans slightly toward productive struggle.)']","The status of this indicator (confidence_triad) is AMBIGUOUS. The student answered correctly without using a hint, but the current data cannot structurally distinguish whether this reflects a correct answer despite low confidence (underconfidence), a correct answer after productive struggle (productive_struggle), or a lucky guess (lucky_guess). (Note: confidence is high, so the signal leans slightly toward productive struggle.)","The student is practicing the skill 'order-of-operations'. Before these attempts, the student's cumulative accuracy on this skill was 25%. On attempt 1, the student answered correctly, used no hints, and took 0.70 times their own average response time. On attempt 2, the student answered incorrectly, used no hints, and took 0.62 times their own average response time. On attempt 3, the student answered incorrectly, used no hints, and took 0.92 times their own average response time. On attempt 4, the student answered correctly, used no hints, and took 0.84 times their own average response time.",confidence_triad,FALSE,FALSE,,,,,,,
Q041,S3,"The presence of high confidence suggests a possible alignment with productive struggle, although this remains uncertain.",unsupported,1,['confidence_triad'],"['The status of this indicator (confidence_triad) is AMBIGUOUS. The student answered correctly without using a hint, but the current data cannot structurally distinguish whether this reflects a correct answer despite low confidence (underconfidence), a correct answer after productive struggle (productive_struggle), or a lucky guess (lucky_guess). (Note: confidence is high, so the signal leans slightly toward productive struggle.)']","The status of this indicator (confidence_triad) is AMBIGUOUS. The student answered correctly without using a hint, but the current data cannot structurally distinguish whether this reflects a correct answer despite low confidence (underconfidence), a correct answer after productive struggle (productive_struggle), or a lucky guess (lucky_guess). (Note: confidence is high, so the signal leans slightly toward productive struggle.)","The student is practicing the skill 'order-of-operations'. Before these attempts, the student's cumulative accuracy on this skill was 25%. On attempt 1, the student answered correctly, used no hints, and took 0.70 times their own average response time. On attempt 2, the student answered incorrectly, used no hints, and took 0.62 times their own average response time. On attempt 3, the student answered incorrectly, used no hints, and took 0.92 times their own average response time. On attempt 4, the student answered correctly, used no hints, and took 0.84 times their own average response time.",confidence_triad,FALSE,FALSE,,,,,,,
Q056,S1,The student may have avoided engaging deeply with the function evaluation task.,supported,1,[],,,"The student is practicing the skill 'supplementary-angles'. Before these attempts, the student's cumulative accuracy on this skill was 0%. On attempt 1, the student answered incorrectly, used no hints, and took 0.45 times their own average response time. On attempt 2, the student answered correctly, used no hints, and took 0.48 times their own average response time.",,FALSE,TRUE,,,,,,,
Q056,S2,This avoidance could manifest through minimal effort or incomplete responses.,supported,1,[],,,"The student is practicing the skill 'supplementary-angles'. Before these attempts, the student's cumulative accuracy on this skill was 0%. On attempt 1, the student answered incorrectly, used no hints, and took 0.45 times their own average response time. On attempt 2, the student answered correctly, used no hints, and took 0.48 times their own average response time.",,FALSE,TRUE,,,,,,,
Q096,S1,"The student engaged in independent problem-solving despite receiving a hint, indicating a strong capacity for tackling challenges on their own.",unsupported,5,['productive_struggle'],"['The student struggled with difficulty while using hints, but ultimately solved the problem through productive effort. productive_struggle is dominant (independent judgment is possible since a hint was used).']","The student struggled with difficulty while using hints, but ultimately solved the problem through productive effort. productive_struggle is dominant (independent judgment is possible since a hint was used).","The student is practicing the skill 'inequality-solving'. Before these attempts, the student's cumulative accuracy on this skill was 22%. On attempt 1, the student answered incorrectly, used 1 hint, and took 0.21 times their own average response time. On attempt 2, the student answered incorrectly, used 2 hints, and took 0.16 times their own average response time. On attempt 3, the student answered incorrectly, used 3 hints, and took 0.64 times their own average response time. On attempt 4, the student answered correctly, used 3 hints, and took 0.59 times their own average response time.",productive_struggle,TRUE,FALSE,,,,,,,
Q096,S2,"The student also showed signs of avoiding deeper engagement with the material, suggesting a potential reluctance to fully confront the task.",unsupported,5,['cognitive_avoidance'],['The student showed a tendency to avoid difficult problems or avoid asking for help.'],The student showed a tendency to avoid difficult problems or avoid asking for help.,"The student is practicing the skill 'inequality-solving'. Before these attempts, the student's cumulative accuracy on this skill was 22%. On attempt 1, the student answered incorrectly, used 1 hint, and took 0.21 times their own average response time. On attempt 2, the student answered incorrectly, used 2 hints, and took 0.16 times their own average response time. On attempt 3, the student answered incorrectly, used 3 hints, and took 0.64 times their own average response time. On attempt 4, the student answered correctly, used 3 hints, and took 0.59 times their own average response time.",cognitive_avoidance,TRUE,FALSE,,,,,,,
Q073,S1,The student provided a correct response without requiring assistance.,partial,1,['confidence_triad'],"['The status of this indicator (confidence_triad) is AMBIGUOUS. The student answered correctly without using a hint, but the current data cannot structurally distinguish whether this reflects a correct answer despite low confidence (underconfidence), a correct answer after productive struggle (productive_struggle), or a lucky guess (lucky_guess). (Note: confidence is high, so the signal leans slightly toward productive struggle.)']","The status of this indicator (confidence_triad) is AMBIGUOUS. The student answered correctly without using a hint, but the current data cannot structurally distinguish whether this reflects a correct answer despite low confidence (underconfidence), a correct answer after productive struggle (productive_struggle), or a lucky guess (lucky_guess). (Note: confidence is high, so the signal leans slightly toward productive struggle.)","The student is practicing the skill 'of-means-multiply'. Before these attempts, the student's cumulative accuracy on this skill was 0%. On attempt 1, the student answered incorrectly, used no hints, and took 0.31 times their own average response time. On attempt 2, the student answered correctly, used no hints, and took 0.17 times their own average response time.",confidence_triad,FALSE,FALSE,,,,,,,
Q073,S2,This outcome could indicate either a well-reasoned solution following some form of effort or a chance occurrence.,supported,1,['confidence_triad'],"['The status of this indicator (confidence_triad) is AMBIGUOUS. The student answered correctly without using a hint, but the current data cannot structurally distinguish whether this reflects a correct answer despite low confidence (underconfidence), a correct answer after productive struggle (productive_struggle), or a lucky guess (lucky_guess). (Note: confidence is high, so the signal leans slightly toward productive struggle.)']","The status of this indicator (confidence_triad) is AMBIGUOUS. The student answered correctly without using a hint, but the current data cannot structurally distinguish whether this reflects a correct answer despite low confidence (underconfidence), a correct answer after productive struggle (productive_struggle), or a lucky guess (lucky_guess). (Note: confidence is high, so the signal leans slightly toward productive struggle.)","The student is practicing the skill 'of-means-multiply'. Before these attempts, the student's cumulative accuracy on this skill was 0%. On attempt 1, the student answered incorrectly, used no hints, and took 0.31 times their own average response time. On attempt 2, the student answered correctly, used no hints, and took 0.17 times their own average response time.",confidence_triad,FALSE,FALSE,,,,,,,
Q073,S3,The available information does not definitively clarify the nature of the student?™s approach.,unsupported,1,['confidence_triad'],"['The status of this indicator (confidence_triad) is AMBIGUOUS. The student answered correctly without using a hint, but the current data cannot structurally distinguish whether this reflects a correct answer despite low confidence (underconfidence), a correct answer after productive struggle (productive_struggle), or a lucky guess (lucky_guess). (Note: confidence is high, so the signal leans slightly toward productive struggle.)']","The status of this indicator (confidence_triad) is AMBIGUOUS. The student answered correctly without using a hint, but the current data cannot structurally distinguish whether this reflects a correct answer despite low confidence (underconfidence), a correct answer after productive struggle (productive_struggle), or a lucky guess (lucky_guess). (Note: confidence is high, so the signal leans slightly toward productive struggle.)","The student is practicing the skill 'of-means-multiply'. Before these attempts, the student's cumulative accuracy on this skill was 0%. On attempt 1, the student answered incorrectly, used no hints, and took 0.31 times their own average response time. On attempt 2, the student answered correctly, used no hints, and took 0.17 times their own average response time.",confidence_triad,FALSE,FALSE,,,,,,,
Q139,S1,"The student exhibits signs of overconfidence, indicating a strong belief in their abilities without sufficient justification.",partial,5,['overconfidence'],"['The student showed excessive confidence, higher than their actual level of understanding warranted. ']","The student showed excessive confidence, higher than their actual level of understanding warranted. ","The student is practicing the skill 'measurement'. Before these attempts, the student's cumulative accuracy on this skill was 0%. On attempt 1, the student answered incorrectly, used 1 hint, and took 0.22 times their own average response time. On attempt 2, the student answered incorrectly, used 2 hints, and took 13.69 times their own average response time. On attempt 3, the student answered incorrectly, used 3 hints, and took 0.09 times their own average response time. On attempt 4, the student answered incorrectly, used 3 hints, and took 0.54 times their own average response time.",overconfidence,TRUE,FALSE,,,,,,,
Q139,S2,"The student also shows unproductive frustration, suggesting they become overly concerned with difficulties rather than addressing them effectively.",partial,5,['unproductive_frustration'],['The student experienced unproductive frustration amid repeated failures or difficulty.'],The student experienced unproductive frustration amid repeated failures or difficulty.,"The student is practicing the skill 'measurement'. Before these attempts, the student's cumulative accuracy on this skill was 0%. On attempt 1, the student answered incorrectly, used 1 hint, and took 0.22 times their own average response time. On attempt 2, the student answered incorrectly, used 2 hints, and took 13.69 times their own average response time. On attempt 3, the student answered incorrectly, used 3 hints, and took 0.09 times their own average response time. On attempt 4, the student answered incorrectly, used 3 hints, and took 0.54 times their own average response time.",unproductive_frustration,TRUE,FALSE,,,,,,,
Q139,S3,"Additionally, there is evidence of slipping, meaning the student may struggle to maintain focus or consistency in tasks.",unsupported,5,['slipping'],['The student made an unexpected mistake on content they had previously understood well. '],The student made an unexpected mistake on content they had previously understood well. ,"The student is practicing the skill 'measurement'. Before these attempts, the student's cumulative accuracy on this skill was 0%. On attempt 1, the student answered incorrectly, used 1 hint, and took 0.22 times their own average response time. On attempt 2, the student answered incorrectly, used 2 hints, and took 13.69 times their own average response time. On attempt 3, the student answered incorrectly, used 3 hints, and took 0.09 times their own average response time. On attempt 4, the student answered incorrectly, used 3 hints, and took 0.54 times their own average response time.",slipping,TRUE,FALSE,,,,,,,
Q112,S1,The student may have avoided engaging deeply with the problem-solving process.,partial,5,['cognitive_avoidance'],['The student showed a tendency to avoid difficult problems or avoid asking for help.'],The student showed a tendency to avoid difficult problems or avoid asking for help.,"The student is practicing the skill 'combinatorics'. Before these attempts, the student's cumulative accuracy on this skill was 38%. On attempt 1, the student answered incorrectly, used no hints, and took 1.17 times their own average response time. On attempt 2, the student answered incorrectly, used no hints, and took 0.28 times their own average response time. On attempt 3, the student answered correctly, used no hints, and took 1.90 times their own average response time. On attempt 4, the student answered incorrectly, used no hints, and took 0.39 times their own average response time.",cognitive_avoidance,TRUE,FALSE,,,,,,,
Q112,S2,There appears to be a significant likelihood of errors occurring during task execution.,supported,5,['slipping'],['The student made an unexpected mistake on content they had previously understood well.'],The student made an unexpected mistake on content they had previously understood well.,"The student is practicing the skill 'combinatorics'. Before these attempts, the student's cumulative accuracy on this skill was 38%. On attempt 1, the student answered incorrectly, used no hints, and took 1.17 times their own average response time. On attempt 2, the student answered incorrectly, used no hints, and took 0.28 times their own average response time. On attempt 3, the student answered correctly, used no hints, and took 1.90 times their own average response time. On attempt 4, the student answered incorrectly, used no hints, and took 0.39 times their own average response time.",slipping,TRUE,FALSE,,,,,,,
Q015,S1,The student may have avoided engaging deeply with the number line task.,supported,5,['cognitive_avoidance'],['The student showed a tendency to avoid difficult problems or avoid asking for help.'],The student showed a tendency to avoid difficult problems or avoid asking for help.,"The student is practicing the skill 'interpreting-numberline'. Before these attempts, the student's cumulative accuracy on this skill was 19%. On attempt 1, the student answered incorrectly, used 12 hints, and took 23.74 times their own average response time. On attempt 2, the student answered incorrectly, used 11 hints, and took 22.10 times their own average response time. On attempt 3, the student answered incorrectly, used 13 hints, and took 7.58 times their own average response time. On attempt 4, the student answered incorrectly, used 15 hints, and took 0.26 times their own average response time.",cognitive_avoidance,TRUE,FALSE,,,,,,,
Q015,S2,This avoidance could manifest through minimal effort or incomplete responses.,unsupported,5,[],,,"The student is practicing the skill 'interpreting-numberline'. Before these attempts, the student's cumulative accuracy on this skill was 19%. On attempt 1, the student answered incorrectly, used 12 hints, and took 23.74 times their own average response time. On attempt 2, the student answered incorrectly, used 11 hints, and took 22.10 times their own average response time. On attempt 3, the student answered incorrectly, used 13 hints, and took 7.58 times their own average response time. On attempt 4, the student answered incorrectly, used 15 hints, and took 0.26 times their own average response time.",,TRUE,FALSE,,,,,,,
Q092,S1,The student may have avoided engaging deeply with the material.,unsupported,5,[],,,"The student is practicing the skill 'inducing-functions'. Before these attempts, the student's cumulative accuracy on this skill was 50%. On attempt 1, the student answered correctly, used no hints, and took 4.69 times their own average response time. On attempt 2, the student answered incorrectly, used no hints, and took 4.25 times their own average response time. On attempt 3, the student answered incorrectly, used no hints, and took 7.31 times their own average response time. On attempt 4, the student answered incorrectly, used no hints, and took 7.50 times their own average response time.",,TRUE,TRUE,,,,,,,
Q092,S2,They might have shown inconsistency in their responses.,partial,5, the student's cumulative accuracy on this skill was 50%. On attempt 1, used no hints, and took 4.69 times their own average response time. On attempt 2, used no hints, and took 4.25 times their own average response time. On attempt 3, the student answered incorrectly, used no hints, and took 7.31 times their own average response time. On attempt 4, the student answered incorrectly, used no hints," and took 7.50 times their own average response time.""",,TRUE,TRUE
Q092,S3,This could indicate a lack of focus during the task.,unsupported,5,[],,,"The student is practicing the skill 'inducing-functions'. Before these attempts, the student's cumulative accuracy on this skill was 50%. On attempt 1, the student answered correctly, used no hints, and took 4.69 times their own average response time. On attempt 2, the student answered incorrectly, used no hints, and took 4.25 times their own average response time. On attempt 3, the student answered incorrectly, used no hints, and took 7.31 times their own average response time. On attempt 4, the student answered incorrectly, used no hints, and took 7.50 times their own average response time.",,TRUE,TRUE,,,,,,,
Q018,S1,"The student provided a correct response without seeking assistance, indicating some level of mastery or understanding.",unsupported,1,['confidence_triad'],"['The status of this indicator (confidence_triad) is AMBIGUOUS. The student answered correctly without using a hint, but the current data cannot structurally distinguish whether this reflects a correct answer despite low confidence (underconfidence), a correct answer after productive struggle (productive_struggle), or a lucky guess (lucky_guess). (Note: confidence is high, so the signal leans slightly toward productive struggle.)']","The status of this indicator (confidence_triad) is AMBIGUOUS. The student answered correctly without using a hint, but the current data cannot structurally distinguish whether this reflects a correct answer despite low confidence (underconfidence), a correct answer after productive struggle (productive_struggle), or a lucky guess (lucky_guess). (Note: confidence is high, so the signal leans slightly toward productive struggle.)","The student is practicing the skill 'stem-and-leaf-plot'. Before these attempts, the student's cumulative accuracy on this skill was 0%. On attempt 1, the student answered incorrectly, used no hints, and took 1.62 times their own average response time. On attempt 2, the student answered incorrectly, used no hints, and took 1.00 times their own average response time. On attempt 3, the student answered incorrectly, used no hints, and took 0.49 times their own average response time. On attempt 4, the student answered correctly, used no hints, and took 0.16 times their own average response time.",confidence_triad,FALSE,FALSE,,,,,,,
Q018,S2,This outcome may suggest the student arrived at the solution through thoughtful engagement rather than mere chance.,unsupported,1,['confidence_triad'],"['The status of this indicator (confidence_triad) is AMBIGUOUS. The student answered correctly without using a hint, but the current data cannot structurally distinguish whether this reflects a correct answer despite low confidence (underconfidence), a correct answer after productive struggle (productive_struggle), or a lucky guess (lucky_guess). (Note: confidence is high, so the signal leans slightly toward productive struggle.)']","The status of this indicator (confidence_triad) is AMBIGUOUS. The student answered correctly without using a hint, but the current data cannot structurally distinguish whether this reflects a correct answer despite low confidence (underconfidence), a correct answer after productive struggle (productive_struggle), or a lucky guess (lucky_guess). (Note: confidence is high, so the signal leans slightly toward productive struggle.)","The student is practicing the skill 'stem-and-leaf-plot'. Before these attempts, the student's cumulative accuracy on this skill was 0%. On attempt 1, the student answered incorrectly, used no hints, and took 1.62 times their own average response time. On attempt 2, the student answered incorrectly, used no hints, and took 1.00 times their own average response time. On attempt 3, the student answered incorrectly, used no hints, and took 0.49 times their own average response time. On attempt 4, the student answered correctly, used no hints, and took 0.16 times their own average response time.",confidence_triad,FALSE,FALSE,,,,,,,
Q018,S3,The available information does not definitively clarify whether the accuracy resulted from sustained effort or inherent knowledge.,unsupported,1,['confidence_triad'],"['The status of this indicator (confidence_triad) is AMBIGUOUS. The student answered correctly without using a hint, but the current data cannot structurally distinguish whether this reflects a correct answer despite low confidence (underconfidence), a correct answer after productive struggle (productive_struggle), or a lucky guess (lucky_guess). (Note: confidence is high, so the signal leans slightly toward productive struggle.)']","The status of this indicator (confidence_triad) is AMBIGUOUS. The student answered correctly without using a hint, but the current data cannot structurally distinguish whether this reflects a correct answer despite low confidence (underconfidence), a correct answer after productive struggle (productive_struggle), or a lucky guess (lucky_guess). (Note: confidence is high, so the signal leans slightly toward productive struggle.)","The student is practicing the skill 'stem-and-leaf-plot'. Before these attempts, the student's cumulative accuracy on this skill was 0%. On attempt 1, the student answered incorrectly, used no hints, and took 1.62 times their own average response time. On attempt 2, the student answered incorrectly, used no hints, and took 1.00 times their own average response time. On attempt 3, the student answered incorrectly, used no hints, and took 0.49 times their own average response time. On attempt 4, the student answered correctly, used no hints, and took 0.16 times their own average response time.",confidence_triad,FALSE,FALSE,,,,,,,
Q065,S1,"The student exhibits signs of avoiding challenging tasks, indicating a possible reluctance to engage deeply with complex problems.",partial,1,[],,,"The student is practicing the skill 'equation-solving'. Before these attempts, the student's cumulative accuracy on this skill was 22%. On attempt 1, the student answered incorrectly, used no hints, and took 0.69 times their own average response time. On attempt 2, the student answered incorrectly, used 1 hint, and took 0.08 times their own average response time. On attempt 3, the student answered incorrectly, used 2 hints, and took 0.26 times their own average response time. On attempt 4, the student answered correctly, used 2 hints, and took 0.36 times their own average response time.",,FALSE,TRUE,,,,,,,
Q065,S2,"The student also shows persistent frustration without effective problem-solving strategies, suggesting difficulty in managing task demands.",unsupported,1,[],,,"The student is practicing the skill 'equation-solving'. Before these attempts, the student's cumulative accuracy on this skill was 22%. On attempt 1, the student answered incorrectly, used no hints, and took 0.69 times their own average response time. On attempt 2, the student answered incorrectly, used 1 hint, and took 0.08 times their own average response time. On attempt 3, the student answered incorrectly, used 2 hints, and took 0.26 times their own average response time. On attempt 4, the student answered correctly, used 2 hints, and took 0.36 times their own average response time.",,FALSE,TRUE,,,,,,,
Q124,S1,"The student provided a correct response without requiring assistance, though the nature of this success remains unclear.",supported,5,['confidence_triad'],"['The status of this indicator (confidence_triad) is AMBIGUOUS. The student answered correctly without using a hint, but the current data cannot structurally distinguish whether this reflects a correct answer despite low confidence (underconfidence), a correct answer after productive struggle (productive_struggle), or a lucky guess (lucky_guess). (Note: confidence is high, so the signal leans slightly toward productive struggle.)']","The status of this indicator (confidence_triad) is AMBIGUOUS. The student answered correctly without using a hint, but the current data cannot structurally distinguish whether this reflects a correct answer despite low confidence (underconfidence), a correct answer after productive struggle (productive_struggle), or a lucky guess (lucky_guess). (Note: confidence is high, so the signal leans slightly toward productive struggle.)","The student is practicing the skill 'reading-graph'. Before these attempts, the student's cumulative accuracy on this skill was 38%. On attempt 1, the student answered incorrectly, used no hints, and took 0.18 times their own average response time. On attempt 2, the student answered correctly, used no hints, and took 0.24 times their own average response time. On attempt 3, the student answered correctly, used no hints, and took 0.48 times their own average response time. On attempt 4, the student answered correctly, used no hints, and took 0.36 times their own average response time.",confidence_triad,TRUE,FALSE,,,,,,,
Q124,S2,The student demonstrated a strong indication of avoiding challenging tasks.,unsupported,5,[],The student showed a tendency to avoid difficult problems or avoid asking for help.,[],cognitive_avoidance,TRUE,FALSE,,,,,,,,
Q085,S1,"The student exhibits signs of overconfidence, indicated by a high status level.",unsupported,1,['overconfidence'],"['The student showed excessive confidence, higher than their actual level of understanding warranted. ']","The student showed excessive confidence, higher than their actual level of understanding warranted. ","The student is practicing the skill 'substitution'. Before these attempts, the student's cumulative accuracy on this skill was 11%. On attempt 1, the student answered incorrectly, used 2 hints, and took 0.49 times their own average response time. On attempt 2, the student answered incorrectly, used 2 hints, and took 1.26 times their own average response time. On attempt 3, the student answered correctly, used 2 hints, and took 0.35 times their own average response time. On attempt 4, the student answered incorrectly, used no hints, and took 0.61 times their own average response time.",overconfidence,FALSE,FALSE,,,,,,,
Q085,S2,"The student also shows slipping, marked by another high status level.",unsupported,1,['slipping'],['The student made an unexpected mistake on content they had previously understood well. '],The student made an unexpected mistake on content they had previously understood well. ,"The student is practicing the skill 'substitution'. Before these attempts, the student's cumulative accuracy on this skill was 11%. On attempt 1, the student answered incorrectly, used 2 hints, and took 0.49 times their own average response time. On attempt 2, the student answered incorrectly, used 2 hints, and took 1.26 times their own average response time. On attempt 3, the student answered correctly, used 2 hints, and took 0.35 times their own average response time. On attempt 4, the student answered incorrectly, used no hints, and took 0.61 times their own average response time.",slipping,FALSE,FALSE,,,,,,,
Q013,S1,The student exhibits signs of overconfidence during the task.,supported,5,['overconfidence'],"['The student showed excessive confidence, higher than their actual level of understanding warranted. ']","The student showed excessive confidence, higher than their actual level of understanding warranted. ","The student is practicing the skill 'proportion'. Before these attempts, the student's cumulative accuracy on this skill was 22%. On attempt 1, the student answered incorrectly, used no hints, and took 0.12 times their own average response time. On attempt 2, the student answered correctly, used no hints, and took 0.06 times their own average response time. On attempt 3, the student answered incorrectly, used no hints, and took 0.12 times their own average response time. On attempt 4, the student answered incorrectly, used no hints, and took 0.18 times their own average response time.",overconfidence,TRUE,FALSE,,,,,,,
Q013,S2,A high level of unproductive frustration is also observed.,unsupported,5,['unproductive_frustration'],['The student experienced unproductive frustration amid repeated failures or difficulty.'],The student experienced unproductive frustration amid repeated failures or difficulty.,"The student is practicing the skill 'proportion'. Before these attempts, the student's cumulative accuracy on this skill was 22%. On attempt 1, the student answered incorrectly, used no hints, and took 0.12 times their own average response time. On attempt 2, the student answered correctly, used no hints, and took 0.06 times their own average response time. On attempt 3, the student answered incorrectly, used no hints, and took 0.12 times their own average response time. On attempt 4, the student answered incorrectly, used no hints, and took 0.18 times their own average response time.",unproductive_frustration,TRUE,FALSE,,,,,,,
Q013,S3,"Additionally, there is evidence of slipping in performance.",unsupported,5,['slipping'],['The student made an unexpected mistake on content they had previously understood well. '],The student made an unexpected mistake on content they had previously understood well. ,"The student is practicing the skill 'proportion'. Before these attempts, the student's cumulative accuracy on this skill was 22%. On attempt 1, the student answered incorrectly, used no hints, and took 0.12 times their own average response time. On attempt 2, the student answered correctly, used no hints, and took 0.06 times their own average response time. On attempt 3, the student answered incorrectly, used no hints, and took 0.12 times their own average response time. On attempt 4, the student answered incorrectly, used no hints, and took 0.18 times their own average response time.",slipping,TRUE,FALSE,,,,,,,
Q078,S1,The student exhibits signs of overconfidence during the task.,unsupported,5,[],,,"The student is practicing the skill 'noskill'. Before these attempts, the student's cumulative accuracy on this skill was 27%. On attempt 1, the student answered incorrectly, used 4 hints, and took 0.13 times their own average response time. On attempt 2, the student answered correctly, used 4 hints, and took 0.57 times their own average response time. On attempt 3, the student answered incorrectly, used 1 hint, and took 0.51 times their own average response time. On attempt 4, the student answered incorrectly, used 2 hints, and took 2.80 times their own average response time.",,TRUE,TRUE,,,,,,,
Q078,S2,There is also a high level of unproductive frustration observed.,partial,5, the student's cumulative accuracy on this skill was 27%. On attempt 1, used 4 hints, and took 0.13 times their own average response time. On attempt 2, used 4 hints, and took 0.57 times their own average response time. On attempt 3, the student answered incorrectly, used 1 hint, and took 0.51 times their own average response time. On attempt 4, the student answered incorrectly, used 2 hints," and took 2.80 times their own average response time.""",,TRUE,TRUE
Q074,S1,The student exhibits signs of avoiding challenging aspects of the task.,unsupported,5,['cognitive_avoidance'],['The student showed a tendency to avoid difficult problems or avoid asking for help.'],The student showed a tendency to avoid difficult problems or avoid asking for help.,"The student is practicing the skill 'interpreting-linear-equations'. Before these attempts, the student's cumulative accuracy on this skill was 25%. On attempt 1, the student answered incorrectly, used no hints, and took 1.08 times their own average response time. On attempt 2, the student answered incorrectly, used no hints, and took 0.99 times their own average response time. On attempt 3, the student answered correctly, used no hints, and took 1.01 times their own average response time. On attempt 4, the student answered incorrectly, used no hints, and took 1.01 times their own average response time.",cognitive_avoidance,TRUE,FALSE,,,,,,,
Q074,S2,The student also shows frustration that does not lead to productive problem-solving.,unsupported,5,['unproductive_frustration'],['The student experienced unproductive frustration amid repeated failures or difficulty.'],The student experienced unproductive frustration amid repeated failures or difficulty.,"The student is practicing the skill 'interpreting-linear-equations'. Before these attempts, the student's cumulative accuracy on this skill was 25%. On attempt 1, the student answered incorrectly, used no hints, and took 1.08 times their own average response time. On attempt 2, the student answered incorrectly, used no hints, and took 0.99 times their own average response time. On attempt 3, the student answered correctly, used no hints, and took 1.01 times their own average response time. On attempt 4, the student answered incorrectly, used no hints, and took 1.01 times their own average response time.",unproductive_frustration,TRUE,FALSE,,,,,,,
Q117,S1,The student may have been overly confident in their ability to handle the task.,supported,1,['overconfidence'],"['The student showed excessive confidence, higher than their actual level of understanding warranted. ']","The student showed excessive confidence, higher than their actual level of understanding warranted. ","The student is practicing the skill 'multiplying-decimals'. Before these attempts, the student's cumulative accuracy on this skill was 22%. On attempt 1, the student answered incorrectly, used no hints, and took 0.05 times their own average response time. On attempt 2, the student answered incorrectly, used no hints, and took 0.05 times their own average response time. On attempt 3, the student answered incorrectly, used no hints, and took 0.10 times their own average response time. On attempt 4, the student answered incorrectly, used no hints, and took 0.10 times their own average response time.",overconfidence,FALSE,FALSE,,,,,,,
Q117,S2,The student may have made errors due to a lack of attention or focus.,partial,1,['slipping'],['The student made an unexpected mistake on content they had previously understood well. '],The student made an unexpected mistake on content they had previously understood well. ,"The student is practicing the skill 'multiplying-decimals'. Before these attempts, the student's cumulative accuracy on this skill was 22%. On attempt 1, the student answered incorrectly, used no hints, and took 0.05 times their own average response time. On attempt 2, the student answered incorrectly, used no hints, and took 0.05 times their own average response time. On attempt 3, the student answered incorrectly, used no hints, and took 0.10 times their own average response time. On attempt 4, the student answered incorrectly, used no hints, and took 0.10 times their own average response time.",slipping,FALSE,FALSE,,,,,,,
Q134,S1,The student exhibits a strong sense of certainty in their responses despite potential inaccuracies.,supported,1,['overconfidence'],"['The student showed excessive confidence, higher than their actual level of understanding warranted.']","The student showed excessive confidence, higher than their actual level of understanding warranted.","The student is practicing the skill 'probability'. Before these attempts, the student's cumulative accuracy on this skill was 32%. On attempt 1, the student answered incorrectly, used 3 hints, and took 0.04 times their own average response time. On attempt 2, the student answered correctly, used 3 hints, and took 0.22 times their own average response time. On attempt 3, the student answered incorrectly, used 1 hint, and took 0.09 times their own average response time. On attempt 4, the student answered incorrectly, used 2 hints, and took 0.04 times their own average response time.",overconfidence,FALSE,FALSE,,,,,,,
Q134,S2,The level of confidence appears elevated compared to typical expectations.,partial,1,['overconfidence'],"['The student showed excessive confidence, higher than their actual level of understanding warranted.']","The student showed excessive confidence, higher than their actual level of understanding warranted.","The student is practicing the skill 'probability'. Before these attempts, the student's cumulative accuracy on this skill was 32%. On attempt 1, the student answered incorrectly, used 3 hints, and took 0.04 times their own average response time. On attempt 2, the student answered correctly, used 3 hints, and took 0.22 times their own average response time. On attempt 3, the student answered incorrectly, used 1 hint, and took 0.09 times their own average response time. On attempt 4, the student answered incorrectly, used 2 hints, and took 0.04 times their own average response time.",overconfidence,FALSE,FALSE,,,,,,,
Q134,S3,This may indicate a tendency to overestimate their understanding of the material.,partial,1,['overconfidence'],"['The student showed excessive confidence, higher than their actual level of understanding warranted.']","The student showed excessive confidence, higher than their actual level of understanding warranted.","The student is practicing the skill 'probability'. Before these attempts, the student's cumulative accuracy on this skill was 32%. On attempt 1, the student answered incorrectly, used 3 hints, and took 0.04 times their own average response time. On attempt 2, the student answered correctly, used 3 hints, and took 0.22 times their own average response time. On attempt 3, the student answered incorrectly, used 1 hint, and took 0.09 times their own average response time. On attempt 4, the student answered incorrectly, used 2 hints, and took 0.04 times their own average response time.",overconfidence,FALSE,FALSE,,,,,,,
Q022,S1,The student may have overestimated their ability to handle complex problems.,unsupported,5,[],"The student showed excessive confidence, higher than their actual level of understanding warranted.",[],overconfidence,TRUE,FALSE,,,,,,,,
Q022,S2,There is no clear indication of any specific strategy being consistently applied or avoided.,partial,5,[],"The student showed excessive confidence, higher than their actual level of understanding warranted.",[],overconfidence,TRUE,FALSE,,,,,,,,
Q022,S3,The level of confidence expressed does not seem to align with observable problem-solving actions.,supported,5,[],"The student showed excessive confidence, higher than their actual level of understanding warranted.",[],overconfidence,TRUE,FALSE,,,,,,,,
Q001,S1,"The student may have avoided engaging deeply with complex tasks, indicating a possible reluctance to confront challenging material.",unsupported,1,['cognitive_avoidance'],['The student showed a tendency to avoid difficult problems or avoid asking for help.'],The student showed a tendency to avoid difficult problems or avoid asking for help.,"The student is practicing the skill 'pattern-finding'. Before these attempts, the student's cumulative accuracy on this skill was 29%. On attempt 1, the student answered incorrectly, used 1 hint, and took 4.62 times their own average response time. On attempt 2, the student answered incorrectly, used 2 hints, and took 0.41 times their own average response time. On attempt 3, the student answered correctly, used 2 hints, and took 1.38 times their own average response time. On attempt 4, the student answered incorrectly, used no hints, and took 0.90 times their own average response time.",cognitive_avoidance,FALSE,FALSE,,,,,,,
Q001,S2,"There is also a likelihood of inconsistent performance, suggesting difficulty maintaining focus or applying knowledge consistently.",partial,1,['slipping'],['The student made an unexpected mistake on content they had previously understood well.'],The student made an unexpected mistake on content they had previously understood well.,"The student is practicing the skill 'pattern-finding'. Before these attempts, the student's cumulative accuracy on this skill was 29%. On attempt 1, the student answered incorrectly, used 1 hint, and took 4.62 times their own average response time. On attempt 2, the student answered incorrectly, used 2 hints, and took 0.41 times their own average response time. On attempt 3, the student answered correctly, used 2 hints, and took 1.38 times their own average response time. On attempt 4, the student answered incorrectly, used no hints, and took 0.90 times their own average response time.",slipping,FALSE,FALSE,,,,,,,
Q001,S3,"This combination appears to be present, though the exact nature of the interactions remains unclear.",unknown,1,"['cognitive_avoidance', 'slipping']","['The student showed a tendency to avoid difficult problems or avoid asking for help.', 'The student made an unexpected mistake on content they had previously understood well.']","The student showed a tendency to avoid difficult problems or avoid asking for help.
The student made an unexpected mistake on content they had previously understood well.","The student is practicing the skill 'pattern-finding'. Before these attempts, the student's cumulative accuracy on this skill was 29%. On attempt 1, the student answered incorrectly, used 1 hint, and took 4.62 times their own average response time. On attempt 2, the student answered incorrectly, used 2 hints, and took 0.41 times their own average response time. On attempt 3, the student answered correctly, used 2 hints, and took 1.38 times their own average response time. On attempt 4, the student answered incorrectly, used no hints, and took 0.90 times their own average response time.",,FALSE,FALSE,,,,,,,
Q109,S1,"The student provided a correct response without seeking assistance, indicating some level of independent problem-solving.",partial,1,[],,,"The student is practicing the skill 'discount'. Before these attempts, the student's cumulative accuracy on this skill was 33%. On attempt 1, the student answered incorrectly, used no hints, and took 5.25 times their own average response time. On attempt 2, the student answered incorrectly, used no hints, and took 0.21 times their own average response time. On attempt 3, the student answered correctly, used no hints, and took 0.26 times their own average response time. On attempt 4, the student answered incorrectly, used no hints, and took 0.38 times their own average response time.",,FALSE,TRUE,,,,,,,
Q109,S2,"This outcome could reflect either a successful resolution through effort or a chance occurrence, as the available data does not definitively clarify the underlying process.",supported,1,[],,[],,FALSE,TRUE,,,,,,,,
Q109,S3,There is a slight inclination suggesting the answer may have resulted from meaningful engagement rather than mere luck.,unsupported,1,[],,[],,FALSE,TRUE,,,,,,,,
Q137,S1,The student may have avoided engaging deeply with the graph material.,unsupported,1,['cognitive_avoidance'],['The student showed a tendency to avoid difficult problems or avoid asking for help.'],The student showed a tendency to avoid difficult problems or avoid asking for help.,"The student is practicing the skill 'reading-graph'. Before these attempts, the student's cumulative accuracy on this skill was 0%. On attempt 1, the student answered incorrectly, used no hints, and took 2.16 times their own average response time. On attempt 2, the student answered incorrectly, used no hints, and took 0.78 times their own average response time.",cognitive_avoidance,FALSE,FALSE,,,,,,,
Q137,S2,There appears to be a likelihood of errors or omissions in completing tasks related to interpreting the graph.,supported,1,['slipping'],['The student made an unexpected mistake on content they had previously understood well.'],The student made an unexpected mistake on content they had previously understood well.,"The student is practicing the skill 'reading-graph'. Before these attempts, the student's cumulative accuracy on this skill was 0%. On attempt 1, the student answered incorrectly, used no hints, and took 2.16 times their own average response time. On attempt 2, the student answered incorrectly, used no hints, and took 0.78 times their own average response time.",slipping,FALSE,FALSE,,,,,,,
Q026,S1,"The student may have avoided engaging deeply with the expressions and equations, indicating a possible reluctance to confront challenging material.",unsupported,5, the student's cumulative accuracy on this skill was 100%. On attempt 1, used no hints, and took 0.45 times their own average response time. On attempt 2, used no hints, and took 0.21 times their own average response time. On attempt 3, the student answered correctly, used no hints," and took 0.35 times their own average response time.""",,TRUE,TRUE,,,
Q026,S2,"There is also a likelihood of errors occurring during problem-solving tasks, suggesting inconsistency in maintaining focus or accuracy.",unsupported,5, the student's cumulative accuracy on this skill was 100%. On attempt 1, used no hints, and took 0.45 times their own average response time. On attempt 2, used no hints, and took 0.21 times their own average response time. On attempt 3, the student answered correctly, used no hints," and took 0.35 times their own average response time.""",,TRUE,TRUE,,,
Q026,S3,This combination may reflect a struggle to sustain attention while working through mathematical problems.,unsupported,5, the student's cumulative accuracy on this skill was 100%. On attempt 1, used no hints, and took 0.45 times their own average response time. On attempt 2, used no hints, and took 0.21 times their own average response time. On attempt 3, the student answered correctly, used no hints," and took 0.35 times their own average response time.""",,TRUE,TRUE,,,
Q062,S1,The student exhibits clear signs of avoiding challenging tasks related to multiplication.,unsupported,1,['cognitive_avoidance'],['The student showed a tendency to avoid difficult problems or avoid asking for help.'],The student showed a tendency to avoid difficult problems or avoid asking for help.,"The student is practicing the skill 'multiplication'. Before these attempts, the student's cumulative accuracy on this skill was 68%. On attempt 1, the student answered incorrectly, used no hints, and took 0.38 times their own average response time. On attempt 2, the student answered correctly, used no hints, and took 0.32 times their own average response time. On attempt 3, the student answered incorrectly, used no hints, and took 0.64 times their own average response time. On attempt 4, the student answered incorrectly, used 1 hint, and took 0.11 times their own average response time.",cognitive_avoidance,FALSE,FALSE,,,,,,,
Q062,S2,The behavior suggests a reluctance to engage deeply with complex problems.,unsupported,1,[],,,"The student is practicing the skill 'multiplication'. Before these attempts, the student's cumulative accuracy on this skill was 68%. On attempt 1, the student answered incorrectly, used no hints, and took 0.38 times their own average response time. On attempt 2, the student answered correctly, used no hints, and took 0.32 times their own average response time. On attempt 3, the student answered incorrectly, used no hints, and took 0.64 times their own average response time. On attempt 4, the student answered incorrectly, used 1 hint, and took 0.11 times their own average response time.",,FALSE,FALSE,,,,,,,
Q017,S1,"The student exhibits signs of overconfidence, indicated by a high status level.",supported,1,['overconfidence'],"['The student showed excessive confidence, higher than their actual level of understanding warranted. ']","The student showed excessive confidence, higher than their actual level of understanding warranted. ","The student is practicing the skill 'mean'. Before these attempts, the student's cumulative accuracy on this skill was 23%. On attempt 1, the student answered incorrectly, used 1 hint, and took 7.72 times their own average response time. On attempt 2, the student answered incorrectly, used no hints, and took 2.30 times their own average response time. On attempt 3, the student answered incorrectly, used 2 hints, and took 0.16 times their own average response time. On attempt 4, the student answered incorrectly, used 3 hints, and took 0.35 times their own average response time.",overconfidence,FALSE,FALSE,,,,,,,
Q017,S2,The student also shows a high degree of slipping.,supported,1,['slipping'],['The student made an unexpected mistake on content they had previously understood well. '],The student made an unexpected mistake on content they had previously understood well. ,"The student is practicing the skill 'mean'. Before these attempts, the student's cumulative accuracy on this skill was 23%. On attempt 1, the student answered incorrectly, used 1 hint, and took 7.72 times their own average response time. On attempt 2, the student answered incorrectly, used no hints, and took 2.30 times their own average response time. On attempt 3, the student answered incorrectly, used 2 hints, and took 0.16 times their own average response time. On attempt 4, the student answered incorrectly, used 3 hints, and took 0.35 times their own average response time.",slipping,FALSE,FALSE,,,,,,,
Q129,S1,The student demonstrates a strong sense of certainty in their responses.,supported,1,['overconfidence'],"['The student showed excessive confidence, higher than their actual level of understanding warranted.']","The student showed excessive confidence, higher than their actual level of understanding warranted.","The student is practicing the skill 'interpreting-numberline'. Before these attempts, the student's cumulative accuracy on this skill was 25%. On attempt 1, the student answered incorrectly, used 1 hint, and took 0.87 times their own average response time. On attempt 2, the student answered incorrectly, used 3 hints, and took 0.32 times their own average response time. On attempt 3, the student answered incorrectly, used 4 hints, and took 0.16 times their own average response time. On attempt 4, the student answered incorrectly, used 2 hints, and took 0.55 times their own average response time.",overconfidence,FALSE,FALSE,,,,,,,
Q129,S2,This confidence appears to be consistently high throughout the task.,partial,1,['overconfidence'],"['The student showed excessive confidence, higher than their actual level of understanding warranted.']","The student showed excessive confidence, higher than their actual level of understanding warranted.","The student is practicing the skill 'interpreting-numberline'. Before these attempts, the student's cumulative accuracy on this skill was 25%. On attempt 1, the student answered incorrectly, used 1 hint, and took 0.87 times their own average response time. On attempt 2, the student answered incorrectly, used 3 hints, and took 0.32 times their own average response time. On attempt 3, the student answered incorrectly, used 4 hints, and took 0.16 times their own average response time. On attempt 4, the student answered incorrectly, used 2 hints, and took 0.55 times their own average response time.",overconfidence,FALSE,FALSE,,,,,,,
Q129,S3,There is no indication of hesitation or doubt in their approach.,unsupported,1,['overconfidence'],"['The student showed excessive confidence, higher than their actual level of understanding warranted.']","The student showed excessive confidence, higher than their actual level of understanding warranted.","The student is practicing the skill 'interpreting-numberline'. Before these attempts, the student's cumulative accuracy on this skill was 25%. On attempt 1, the student answered incorrectly, used 1 hint, and took 0.87 times their own average response time. On attempt 2, the student answered incorrectly, used 3 hints, and took 0.32 times their own average response time. On attempt 3, the student answered incorrectly, used 4 hints, and took 0.16 times their own average response time. On attempt 4, the student answered incorrectly, used 2 hints, and took 0.55 times their own average response time.",overconfidence,FALSE,FALSE,,,,,,,
Q035,S1,"The student provided a correct response without seeking assistance, indicating some level of engagement with the problem.",supported,5,['confidence_triad'],"['The status of this indicator (confidence_triad) is AMBIGUOUS. The student answered correctly without using a hint, but the current data cannot structurally distinguish whether this reflects a correct answer despite low confidence (underconfidence), a correct answer after productive struggle (productive_struggle), or a lucky guess (lucky_guess). (Note: confidence is high, so the signal leans slightly toward productive struggle.)']","The status of this indicator (confidence_triad) is AMBIGUOUS. The student answered correctly without using a hint, but the current data cannot structurally distinguish whether this reflects a correct answer despite low confidence (underconfidence), a correct answer after productive struggle (productive_struggle), or a lucky guess (lucky_guess). (Note: confidence is high, so the signal leans slightly toward productive struggle.)","The student is practicing the skill 'divisibility'. Before these attempts, the student's cumulative accuracy on this skill was 25%. On attempt 1, the student answered correctly, used no hints, and took 0.38 times their own average response time. On attempt 2, the student answered incorrectly, used no hints, and took 0.77 times their own average response time. On attempt 3, the student answered incorrectly, used no hints, and took 0.57 times their own average response time. On attempt 4, the student answered correctly, used no hints, and took 0.22 times their own average response time.",confidence_triad,TRUE,FALSE,,,,,,,
Q035,S2,"This outcome could reflect either a successful resolution through effort or a chance occurrence, given the ambiguity in determining the exact nature of their approach.",supported,5,['confidence_triad'],"['The status of this indicator (confidence_triad) is AMBIGUOUS. The student answered correctly without using a hint, but the current data cannot structurally distinguish whether this reflects a correct answer despite low confidence (underconfidence), a correct answer after productive struggle (productive_struggle), or a lucky guess (lucky_guess). (Note: confidence is high, so the signal leans slightly toward productive struggle.)']","The status of this indicator (confidence_triad) is AMBIGUOUS. The student answered correctly without using a hint, but the current data cannot structurally distinguish whether this reflects a correct answer despite low confidence (underconfidence), a correct answer after productive struggle (productive_struggle), or a lucky guess (lucky_guess). (Note: confidence is high, so the signal leans slightly toward productive struggle.)","The student is practicing the skill 'divisibility'. Before these attempts, the student's cumulative accuracy on this skill was 25%. On attempt 1, the student answered correctly, used no hints, and took 0.38 times their own average response time. On attempt 2, the student answered incorrectly, used no hints, and took 0.77 times their own average response time. On attempt 3, the student answered incorrectly, used no hints, and took 0.57 times their own average response time. On attempt 4, the student answered correctly, used no hints, and took 0.22 times their own average response time.",confidence_triad,TRUE,FALSE,,,,,,,
Q035,S3,"The presence of high confidence suggests a possible alignment with productive struggle, although this remains uncertain.",unsupported,5,['confidence_triad'],"['The status of this indicator (confidence_triad) is AMBIGUOUS. The student answered correctly without using a hint, but the current data cannot structurally distinguish whether this reflects a correct answer despite low confidence (underconfidence), a correct answer after productive struggle (productive_struggle), or a lucky guess (lucky_guess). (Note: confidence is high, so the signal leans slightly toward productive struggle.)']","The status of this indicator (confidence_triad) is AMBIGUOUS. The student answered correctly without using a hint, but the current data cannot structurally distinguish whether this reflects a correct answer despite low confidence (underconfidence), a correct answer after productive struggle (productive_struggle), or a lucky guess (lucky_guess). (Note: confidence is high, so the signal leans slightly toward productive struggle.)","The student is practicing the skill 'divisibility'. Before these attempts, the student's cumulative accuracy on this skill was 25%. On attempt 1, the student answered correctly, used no hints, and took 0.38 times their own average response time. On attempt 2, the student answered incorrectly, used no hints, and took 0.77 times their own average response time. On attempt 3, the student answered incorrectly, used no hints, and took 0.57 times their own average response time. On attempt 4, the student answered correctly, used no hints, and took 0.22 times their own average response time.",confidence_triad,TRUE,FALSE,,,,,,,
Q045,S1,"The student exhibits overconfident tendencies during exponent problems, often dismissing alternative approaches without thorough consideration.",unsupported,5,['overconfidence'],"['The student showed excessive confidence, higher than their actual level of understanding warranted.']","The student showed excessive confidence, higher than their actual level of understanding warranted.","The student is practicing the skill 'exponents'. Before these attempts, the student's cumulative accuracy on this skill was 30%. On attempt 1, the student answered incorrectly, used no hints, and took 0.55 times their own average response time. On attempt 2, the student answered incorrectly, used no hints, and took 0.24 times their own average response time. On attempt 3, the student answered correctly, used no hints, and took 0.71 times their own average response time. On attempt 4, the student answered incorrectly, used no hints, and took 1.02 times their own average response time.",overconfidence,TRUE,FALSE,,,,,,,
Q045,S2,"This behavior coincides with frequent expressions of frustration, indicating difficulty in resolving complex steps within the skill domain.",unsupported,5,['unproductive_frustration'],['The student experienced unproductive frustration amid repeated failures or difficulty.'],The student experienced unproductive frustration amid repeated failures or difficulty.,"The student is practicing the skill 'exponents'. Before these attempts, the student's cumulative accuracy on this skill was 30%. On attempt 1, the student answered incorrectly, used no hints, and took 0.55 times their own average response time. On attempt 2, the student answered incorrectly, used no hints, and took 0.24 times their own average response time. On attempt 3, the student answered correctly, used no hints, and took 0.71 times their own average response time. On attempt 4, the student answered incorrectly, used no hints, and took 1.02 times their own average response time.",unproductive_frustration,TRUE,FALSE,,,,,,,
Q095,S1,"The student demonstrated a strong engagement with the task, making independent judgments despite receiving hints.",partial,1,['productive_struggle'],"['The student struggled with difficulty while using hints, but ultimately solved the problem through productive effort. productive_struggle is dominant (independent judgment is possible since a hint was used).']","The student struggled with difficulty while using hints, but ultimately solved the problem through productive effort. productive_struggle is dominant (independent judgment is possible since a hint was used).","The student is practicing the skill 'perimeter'. Before these attempts, the student's cumulative accuracy on this skill was 25%. On attempt 1, the student answered incorrectly, used 1 hint, and took 0.55 times their own average response time. On attempt 2, the student answered incorrectly, used 2 hints, and took 0.25 times their own average response time. On attempt 3, the student answered incorrectly, used 2 hints, and took 0.46 times their own average response time. On attempt 4, the student answered correctly, used 2 hints, and took 0.21 times their own average response time.",productive_struggle,FALSE,FALSE,,,,,,,
Q095,S2,"The student also showed a clear inclination to avoid deeper cognitive effort, indicating a preference for less challenging paths.",partial,1,['cognitive_avoidance'],['The student showed a tendency to avoid difficult problems or avoid asking for help.'],The student showed a tendency to avoid difficult problems or avoid asking for help.,"The student is practicing the skill 'perimeter'. Before these attempts, the student's cumulative accuracy on this skill was 25%. On attempt 1, the student answered incorrectly, used 1 hint, and took 0.55 times their own average response time. On attempt 2, the student answered incorrectly, used 2 hints, and took 0.25 times their own average response time. On attempt 3, the student answered incorrectly, used 2 hints, and took 0.46 times their own average response time. On attempt 4, the student answered correctly, used 2 hints, and took 0.21 times their own average response time.",cognitive_avoidance,FALSE,FALSE,,,,,,,
Q095,S3,This combination suggests a complex interaction between persistence and avoidance tendencies.,supported,1,"['productive_struggle', 'cognitive_avoidance']","['The student struggled with difficulty while using hints, but ultimately solved the problem through productive effort. productive_struggle is dominant (independent judgment is possible since a hint was used).', 'The student showed a tendency to avoid difficult problems or avoid asking for help.']","The student struggled with difficulty while using hints, but ultimately solved the problem through productive effort. productive_struggle is dominant (independent judgment is possible since a hint was used).
The student showed a tendency to avoid difficult problems or avoid asking for help.","The student is practicing the skill 'perimeter'. Before these attempts, the student's cumulative accuracy on this skill was 25%. On attempt 1, the student answered incorrectly, used 1 hint, and took 0.55 times their own average response time. On attempt 2, the student answered incorrectly, used 2 hints, and took 0.25 times their own average response time. On attempt 3, the student answered incorrectly, used 2 hints, and took 0.46 times their own average response time. On attempt 4, the student answered correctly, used 2 hints, and took 0.21 times their own average response time.",,FALSE,FALSE,,,,,,,
Q047,S1,The student exhibits signs of unproductive frustration during the task.,partial,5,['unproductive_frustration'],['The student experienced unproductive frustration amid repeated failures or difficulty.'],The student experienced unproductive frustration amid repeated failures or difficulty.,"The student is practicing the skill 'sum-of-interior-angles-more-than-3-sides'. Before these attempts, the student's cumulative accuracy on this skill was 18%. On attempt 1, the student answered incorrectly, used 1 hint, and took 0.13 times their own average response time. On attempt 2, the student answered incorrectly, used 2 hints, and took 0.26 times their own average response time. On attempt 3, the student answered correctly, used 2 hints, and took 1.05 times their own average response time. On attempt 4, the student answered incorrectly, used 1 hint, and took 3.02 times their own average response time.",unproductive_frustration,TRUE,FALSE,,,,,,,
Q047,S2,This indicates a struggle with understanding the concept being taught.,supported,5,['unproductive_frustration'],['The student experienced unproductive frustration amid repeated failures or difficulty.'],The student experienced unproductive frustration amid repeated failures or difficulty.,"The student is practicing the skill 'sum-of-interior-angles-more-than-3-sides'. Before these attempts, the student's cumulative accuracy on this skill was 18%. On attempt 1, the student answered incorrectly, used 1 hint, and took 0.13 times their own average response time. On attempt 2, the student answered incorrectly, used 2 hints, and took 0.26 times their own average response time. On attempt 3, the student answered correctly, used 2 hints, and took 1.05 times their own average response time. On attempt 4, the student answered incorrectly, used 1 hint, and took 3.02 times their own average response time.",unproductive_frustration,TRUE,FALSE,,,,,,,
Q047,S3,The level of frustration remains consistently high throughout the activity.,unsupported,5,['unproductive_frustration'],['The student experienced unproductive frustration amid repeated failures or difficulty.'],The student experienced unproductive frustration amid repeated failures or difficulty.,"The student is practicing the skill 'sum-of-interior-angles-more-than-3-sides'. Before these attempts, the student's cumulative accuracy on this skill was 18%. On attempt 1, the student answered incorrectly, used 1 hint, and took 0.13 times their own average response time. On attempt 2, the student answered incorrectly, used 2 hints, and took 0.26 times their own average response time. On attempt 3, the student answered correctly, used 2 hints, and took 1.05 times their own average response time. On attempt 4, the student answered incorrectly, used 1 hint, and took 3.02 times their own average response time.",unproductive_frustration,TRUE,FALSE,,,,,,,
Q050,S1,The student demonstrates a strong sense of certainty in their responses.,unsupported,5,['overconfidence'],"['The student showed excessive confidence, higher than their actual level of understanding warranted.']","The student showed excessive confidence, higher than their actual level of understanding warranted.","The student is practicing the skill 'percent-of'. Before these attempts, the student's cumulative accuracy on this skill was 0%. On attempt 1, the student answered incorrectly, used 1 hint, and took 1.60 times their own average response time. On attempt 2, the student answered incorrectly, used no hints, and took 1.69 times their own average response time.",overconfidence,TRUE,FALSE,,,,,,,
Q050,S2,This confidence appears to be consistently maintained across multiple instances.,unsupported,5,['overconfidence'],"['The student showed excessive confidence, higher than their actual level of understanding warranted.']","The student showed excessive confidence, higher than their actual level of understanding warranted.","The student is practicing the skill 'percent-of'. Before these attempts, the student's cumulative accuracy on this skill was 0%. On attempt 1, the student answered incorrectly, used 1 hint, and took 1.60 times their own average response time. On attempt 2, the student answered incorrectly, used no hints, and took 1.69 times their own average response time.",overconfidence,TRUE,FALSE,,,,,,,
Q050,S3,There is no indication of hesitation or doubt in their approach.,unsupported,5,['overconfidence'],"['The student showed excessive confidence, higher than their actual level of understanding warranted.']","The student showed excessive confidence, higher than their actual level of understanding warranted.","The student is practicing the skill 'percent-of'. Before these attempts, the student's cumulative accuracy on this skill was 0%. On attempt 1, the student answered incorrectly, used 1 hint, and took 1.60 times their own average response time. On attempt 2, the student answered incorrectly, used no hints, and took 1.69 times their own average response time.",overconfidence,TRUE,FALSE,,,,,,,
Q059,S1,The student exhibits signs of overconfidence during the task.,supported,1,['overconfidence'],"['The student showed excessive confidence, higher than their actual level of understanding warranted. ']","The student showed excessive confidence, higher than their actual level of understanding warranted. ","The student is practicing the skill 'square-root'. Before these attempts, the student's cumulative accuracy on this skill was 18%. On attempt 1, the student answered incorrectly, used 2 hints, and took 0.26 times their own average response time. On attempt 2, the student answered incorrectly, used 3 hints, and took 0.19 times their own average response time. On attempt 3, the student answered correctly, used 3 hints, and took 0.19 times their own average response time. On attempt 4, the student answered incorrectly, used 2 hints, and took 0.13 times their own average response time.",overconfidence,FALSE,FALSE,,,,,,,
Q059,S2,A high level of unproductive frustration is also observed.,unsupported,1,['unproductive_frustration'],['The student experienced unproductive frustration amid repeated failures or difficulty.'],The student experienced unproductive frustration amid repeated failures or difficulty.,"The student is practicing the skill 'square-root'. Before these attempts, the student's cumulative accuracy on this skill was 18%. On attempt 1, the student answered incorrectly, used 2 hints, and took 0.26 times their own average response time. On attempt 2, the student answered incorrectly, used 3 hints, and took 0.19 times their own average response time. On attempt 3, the student answered correctly, used 3 hints, and took 0.19 times their own average response time. On attempt 4, the student answered incorrectly, used 2 hints, and took 0.13 times their own average response time.",unproductive_frustration,FALSE,FALSE,,,,,,,
Q059,S3,"Additionally, there is evidence of slipping in performance.",unsupported,1,['slipping'],['The student made an unexpected mistake on content they had previously understood well. '],The student made an unexpected mistake on content they had previously understood well. ,"The student is practicing the skill 'square-root'. Before these attempts, the student's cumulative accuracy on this skill was 18%. On attempt 1, the student answered incorrectly, used 2 hints, and took 0.26 times their own average response time. On attempt 2, the student answered incorrectly, used 3 hints, and took 0.19 times their own average response time. On attempt 3, the student answered correctly, used 3 hints, and took 0.19 times their own average response time. On attempt 4, the student answered incorrectly, used 2 hints, and took 0.13 times their own average response time.",slipping,FALSE,FALSE,,,,,,,
Q012,S1,"The student may have avoided engaging deeply with complex tasks, indicating a possible reluctance to confront challenging material.",partial,1,['cognitive_avoidance'],['The student showed a tendency to avoid difficult problems or avoid asking for help.'],The student showed a tendency to avoid difficult problems or avoid asking for help.,"The student is practicing the skill 'pattern-finding'. Before these attempts, the student's cumulative accuracy on this skill was 45%. On attempt 1, the student answered correctly, used 3 hints, and took 0.13 times their own average response time. On attempt 2, the student answered incorrectly, used no hints, and took 0.35 times their own average response time. On attempt 3, the student answered incorrectly, used 1 hint, and took 0.15 times their own average response time. On attempt 4, the student answered incorrectly, used 1 hint, and took 0.46 times their own average response time.",cognitive_avoidance,FALSE,FALSE,,,,,,,
Q012,S2,"There appears to be a noticeable inconsistency in performance across similar problems, suggesting difficulty maintaining focus or applying learned strategies consistently.",unsupported,1,['slipping'],['The student made an unexpected mistake on content they had previously understood well.'],The student made an unexpected mistake on content they had previously understood well.,"The student is practicing the skill 'pattern-finding'. Before these attempts, the student's cumulative accuracy on this skill was 45%. On attempt 1, the student answered correctly, used 3 hints, and took 0.13 times their own average response time. On attempt 2, the student answered incorrectly, used no hints, and took 0.35 times their own average response time. On attempt 3, the student answered incorrectly, used 1 hint, and took 0.15 times their own average response time. On attempt 4, the student answered incorrectly, used 1 hint, and took 0.46 times their own average response time.",slipping,FALSE,FALSE,,,,,,,
Q051,S1,The student exhibits clear signs of avoiding challenging tasks.,unsupported,5,['cognitive_avoidance'],['The student showed a tendency to avoid difficult problems or avoid asking for help.'],The student showed a tendency to avoid difficult problems or avoid asking for help.,"The student is practicing the skill 'rate'. Before these attempts, the student's cumulative accuracy on this skill was 0%. On attempt 1, the student answered incorrectly, used no hints, and took 3.42 times their own average response time. On attempt 2, the student answered incorrectly, used no hints, and took 1.32 times their own average response time. On attempt 3, the student answered incorrectly, used no hints, and took 0.88 times their own average response time. On attempt 4, the student answered incorrectly, used no hints, and took 1.13 times their own average response time.",cognitive_avoidance,TRUE,FALSE,,,,,,,
Q051,S2,"The behavior appears to be persistent, indicating a strong inclination to steer clear of complex situations.",unsupported,5,['cognitive_avoidance'],['The student showed a tendency to avoid difficult problems or avoid asking for help.'],The student showed a tendency to avoid difficult problems or avoid asking for help.,"The student is practicing the skill 'rate'. Before these attempts, the student's cumulative accuracy on this skill was 0%. On attempt 1, the student answered incorrectly, used no hints, and took 3.42 times their own average response time. On attempt 2, the student answered incorrectly, used no hints, and took 1.32 times their own average response time. On attempt 3, the student answered incorrectly, used no hints, and took 0.88 times their own average response time. On attempt 4, the student answered incorrectly, used no hints, and took 1.13 times their own average response time.",cognitive_avoidance,TRUE,FALSE,,,,,,,
Q051,S3,This trend may suggest a reluctance to engage deeply with difficult material.,unsupported,5,['cognitive_avoidance'],['The student showed a tendency to avoid difficult problems or avoid asking for help.'],The student showed a tendency to avoid difficult problems or avoid asking for help.,"The student is practicing the skill 'rate'. Before these attempts, the student's cumulative accuracy on this skill was 0%. On attempt 1, the student answered incorrectly, used no hints, and took 3.42 times their own average response time. On attempt 2, the student answered incorrectly, used no hints, and took 1.32 times their own average response time. On attempt 3, the student answered incorrectly, used no hints, and took 0.88 times their own average response time. On attempt 4, the student answered incorrectly, used no hints, and took 1.13 times their own average response time.",cognitive_avoidance,TRUE,FALSE,,,,,,,
Q048,S1,"The student demonstrated a strong engagement with the task, making independent judgments despite receiving hints.",partial,1,['productive_struggle'],"['The student struggled with difficulty while using hints, but ultimately solved the problem through productive effort. productive_struggle is dominant (independent judgment is possible since a hint was used).']","The student struggled with difficulty while using hints, but ultimately solved the problem through productive effort. productive_struggle is dominant (independent judgment is possible since a hint was used).","The student is practicing the skill 'properties-of-geometric-figures'. Before these attempts, the student's cumulative accuracy on this skill was 0%. On attempt 1, the student answered incorrectly, used 2 hints, and took 0.57 times their own average response time. On attempt 2, the student answered incorrectly, used 3 hints, and took 0.38 times their own average response time. On attempt 3, the student answered incorrectly, used 1 hint, and took 0.32 times their own average response time. On attempt 4, the student answered correctly, used 3 hints, and took 0.44 times their own average response time.",productive_struggle,FALSE,FALSE,,,,,,,
Q048,S2,"The student also showed a clear inclination to avoid deeper cognitive effort, indicating a preference for less challenging paths.",unsupported,1,['cognitive_avoidance'],['The student showed a tendency to avoid difficult problems or avoid asking for help.'],The student showed a tendency to avoid difficult problems or avoid asking for help.,"The student is practicing the skill 'properties-of-geometric-figures'. Before these attempts, the student's cumulative accuracy on this skill was 0%. On attempt 1, the student answered incorrectly, used 2 hints, and took 0.57 times their own average response time. On attempt 2, the student answered incorrectly, used 3 hints, and took 0.38 times their own average response time. On attempt 3, the student answered incorrectly, used 1 hint, and took 0.32 times their own average response time. On attempt 4, the student answered correctly, used 3 hints, and took 0.44 times their own average response time.",cognitive_avoidance,FALSE,FALSE,,,,,,,
Q048,S3,This combination suggests a complex interaction between persistence and avoidance tendencies.,unsupported,1,"['cognitive_avoidance', 'productive_struggle']","['The student showed a tendency to avoid difficult problems or avoid asking for help.', 'The student struggled with difficulty while using hints, but ultimately solved the problem through productive effort. productive_struggle is dominant (independent judgment is possible since a hint was used).']","The student showed a tendency to avoid difficult problems or avoid asking for help.
The student struggled with difficulty while using hints, but ultimately solved the problem through productive effort. productive_struggle is dominant (independent judgment is possible since a hint was used).","The student is practicing the skill 'properties-of-geometric-figures'. Before these attempts, the student's cumulative accuracy on this skill was 0%. On attempt 1, the student answered incorrectly, used 2 hints, and took 0.57 times their own average response time. On attempt 2, the student answered incorrectly, used 3 hints, and took 0.38 times their own average response time. On attempt 3, the student answered incorrectly, used 1 hint, and took 0.32 times their own average response time. On attempt 4, the student answered correctly, used 3 hints, and took 0.44 times their own average response time.",,FALSE,FALSE,,,,,,,
Q114,S1,The student exhibits signs of avoiding challenging tasks.,partial,5, the student's cumulative accuracy on this skill was 23%. On attempt 1, used no hints, and took 0.77 times their own average response time. On attempt 2, used 1 hint, and took 0.03 times their own average response time. On attempt 3, the student answered correctly, used 1 hint, and took 1.04 times their own average response time. On attempt 4, the student answered incorrectly, used no hints," and took 0.20 times their own average response time.""",cognitive_avoidance,TRUE,FALSE
Q114,S2,There is also a noticeable pattern of errors occurring during task execution.,partial,5,['slipping'],['The student made an unexpected mistake on content they had previously understood well.'],The student made an unexpected mistake on content they had previously understood well.,"The student is practicing the skill 'discount'. Before these attempts, the student's cumulative accuracy on this skill was 23%. On attempt 1, the student answered incorrectly, used no hints, and took 0.77 times their own average response time. On attempt 2, the student answered incorrectly, used 1 hint, and took 0.03 times their own average response time. On attempt 3, the student answered correctly, used 1 hint, and took 1.04 times their own average response time. On attempt 4, the student answered incorrectly, used no hints, and took 0.20 times their own average response time.",slipping,TRUE,FALSE,,,,,,,
Q057,S1,The student may have avoided engaging deeply with the problem-solving process.,supported,5,['cognitive_avoidance'],['The student showed a tendency to avoid difficult problems or avoid asking for help.'],The student showed a tendency to avoid difficult problems or avoid asking for help.,"The student is practicing the skill 'pythagorean-theorem'. Before these attempts, the student's cumulative accuracy on this skill was 10%. On attempt 1, the student answered incorrectly, used 1 hint, and took 0.19 times their own average response time. On attempt 2, the student answered incorrectly, used 2 hints, and took 0.06 times their own average response time. On attempt 3, the student answered correctly, used 2 hints, and took 0.39 times their own average response time. On attempt 4, the student answered incorrectly, used no hints, and took 0.81 times their own average response time.",cognitive_avoidance,TRUE,FALSE,,,,,,,
Q057,S2,This could indicate a reluctance to confront challenging aspects of the task.,partial,5,[],,,"The student is practicing the skill 'pythagorean-theorem'. Before these attempts, the student's cumulative accuracy on this skill was 10%. On attempt 1, the student answered incorrectly, used 1 hint, and took 0.19 times their own average response time. On attempt 2, the student answered incorrectly, used 2 hints, and took 0.06 times their own average response time. On attempt 3, the student answered correctly, used 2 hints, and took 0.39 times their own average response time. On attempt 4, the student answered incorrectly, used no hints, and took 0.81 times their own average response time.",,TRUE,FALSE,,,,,,,
Q075,S1,The student may have avoided engaging deeply with the problem-solving process.,unsupported,5,['cognitive_avoidance'],['The student showed a tendency to avoid difficult problems or avoid asking for help.'],The student showed a tendency to avoid difficult problems or avoid asking for help.,"The student is practicing the skill 'combinatorics'. Before these attempts, the student's cumulative accuracy on this skill was 0%. On attempt 1, the student answered incorrectly, used no hints, and took 2.72 times their own average response time. On attempt 2, the student answered incorrectly, used 1 hint, and took 0.24 times their own average response time. On attempt 3, the student answered incorrectly, used 2 hints, and took 1.43 times their own average response time. On attempt 4, the student answered incorrectly, used 2 hints, and took 2.38 times their own average response time.",cognitive_avoidance,TRUE,FALSE,,,,,,,
Q075,S2,This could indicate a reluctance to confront challenging aspects of the task.,unsupported,5,[],,,"The student is practicing the skill 'combinatorics'. Before these attempts, the student's cumulative accuracy on this skill was 0%. On attempt 1, the student answered incorrectly, used no hints, and took 2.72 times their own average response time. On attempt 2, the student answered incorrectly, used 1 hint, and took 0.24 times their own average response time. On attempt 3, the student answered incorrectly, used 2 hints, and took 1.43 times their own average response time. On attempt 4, the student answered incorrectly, used 2 hints, and took 2.38 times their own average response time.",,TRUE,FALSE,,,,,,,
Q120,S1,The student may have avoided engaging deeply with the problem-solving process.,partial,1,['cognitive_avoidance'],['The student showed a tendency to avoid difficult problems or avoid asking for help.'],The student showed a tendency to avoid difficult problems or avoid asking for help.,"The student is practicing the skill 'equation-solving'. Before these attempts, the student's cumulative accuracy on this skill was 31%. On attempt 1, the student answered correctly, used 3 hints, and took 0.35 times their own average response time. On attempt 2, the student answered correctly, used no hints, and took 0.51 times their own average response time. On attempt 3, the student answered incorrectly, used no hints, and took 3.10 times their own average response time. On attempt 4, the student answered incorrectly, used no hints, and took 0.20 times their own average response time.",cognitive_avoidance,FALSE,FALSE,,,,,,,
Q120,S2,There appears to be a likelihood of errors occurring during task execution.,partial,1,['slipping'],['The student made an unexpected mistake on content they had previously understood well.'],The student made an unexpected mistake on content they had previously understood well.,"The student is practicing the skill 'equation-solving'. Before these attempts, the student's cumulative accuracy on this skill was 31%. On attempt 1, the student answered correctly, used 3 hints, and took 0.35 times their own average response time. On attempt 2, the student answered correctly, used no hints, and took 0.51 times their own average response time. On attempt 3, the student answered incorrectly, used no hints, and took 3.10 times their own average response time. On attempt 4, the student answered incorrectly, used no hints, and took 0.20 times their own average response time.",slipping,FALSE,FALSE,,,,,,,
Q064,S1,The student demonstrates a high level of overconfidence.,supported,5,['overconfidence'],"['The student showed excessive confidence, higher than their actual level of understanding warranted.']","The student showed excessive confidence, higher than their actual level of understanding warranted.","The student is practicing the skill 'inequality-solving'. Before these attempts, the student's cumulative accuracy on this skill was 0%. On attempt 1, the student answered incorrectly, used 3 hints, and took 0.15 times their own average response time. On attempt 2, the student answered incorrectly, used 3 hints, and took 0.31 times their own average response time. On attempt 3, the student answered incorrectly, used 4 hints, and took 0.15 times their own average response time. On attempt 4, the student answered incorrectly, used 5 hints, and took 0.11 times their own average response time.",overconfidence,TRUE,FALSE,,,,,,,
Q082,S1,"The student provided a correct response without requiring assistance, indicating some level of mastery or understanding.",partial,1,['confidence_triad'],"['The status of this indicator (confidence_triad) is AMBIGUOUS. The student answered correctly without using a hint, but the current data cannot structurally distinguish whether this reflects a correct answer despite low confidence (underconfidence), a correct answer after productive struggle (productive_struggle), or a lucky guess (lucky_guess). (Note: confidence is high, so the signal leans slightly toward productive struggle.)']","The status of this indicator (confidence_triad) is AMBIGUOUS. The student answered correctly without using a hint, but the current data cannot structurally distinguish whether this reflects a correct answer despite low confidence (underconfidence), a correct answer after productive struggle (productive_struggle), or a lucky guess (lucky_guess). (Note: confidence is high, so the signal leans slightly toward productive struggle.)","The student is practicing the skill 'multiplication'. Before these attempts, the student's cumulative accuracy on this skill was nan%. On attempt 1, the student answered correctly, used no hints, and took 0.85 times their own average response time.",confidence_triad,FALSE,FALSE,,,,,,,
Q082,S2,"This outcome may reflect a combination of factors including prior knowledge, strategic guessing, or effective problem-solving strategies.",unsupported,1,['confidence_triad'],"['The status of this indicator (confidence_triad) is AMBIGUOUS. The student answered correctly without using a hint, but the current data cannot structurally distinguish whether this reflects a correct answer despite low confidence (underconfidence), a correct answer after productive struggle (productive_struggle), or a lucky guess (lucky_guess). (Note: confidence is high, so the signal leans slightly toward productive struggle.)']","The status of this indicator (confidence_triad) is AMBIGUOUS. The student answered correctly without using a hint, but the current data cannot structurally distinguish whether this reflects a correct answer despite low confidence (underconfidence), a correct answer after productive struggle (productive_struggle), or a lucky guess (lucky_guess). (Note: confidence is high, so the signal leans slightly toward productive struggle.)","The student is practicing the skill 'multiplication'. Before these attempts, the student's cumulative accuracy on this skill was nan%. On attempt 1, the student answered correctly, used no hints, and took 0.85 times their own average response time.",confidence_triad,FALSE,FALSE,,,,,,,
Q082,S3,The available data does not allow for a clear determination of the exact contributing factors behind the correct answer.,supported,1,['confidence_triad'],"['The status of this indicator (confidence_triad) is AMBIGUOUS. The student answered correctly without using a hint, but the current data cannot structurally distinguish whether this reflects a correct answer despite low confidence (underconfidence), a correct answer after productive struggle (productive_struggle), or a lucky guess (lucky_guess). (Note: confidence is high, so the signal leans slightly toward productive struggle.)']","The status of this indicator (confidence_triad) is AMBIGUOUS. The student answered correctly without using a hint, but the current data cannot structurally distinguish whether this reflects a correct answer despite low confidence (underconfidence), a correct answer after productive struggle (productive_struggle), or a lucky guess (lucky_guess). (Note: confidence is high, so the signal leans slightly toward productive struggle.)","The student is practicing the skill 'multiplication'. Before these attempts, the student's cumulative accuracy on this skill was nan%. On attempt 1, the student answered correctly, used no hints, and took 0.85 times their own average response time.",confidence_triad,FALSE,FALSE,,,,,,,
Q054,S1,"The student may have avoided engaging deeply with the material, indicating a possible reluctance to confront challenging aspects of the task.",supported,1,['cognitive_avoidance'],['The student showed a tendency to avoid difficult problems or avoid asking for help.'],The student showed a tendency to avoid difficult problems or avoid asking for help.,"The student is practicing the skill 'scientific-notation'. Before these attempts, the student's cumulative accuracy on this skill was 0%. On attempt 1, the student answered incorrectly, used no hints, and took 0.72 times their own average response time. On attempt 2, the student answered incorrectly, used no hints, and took 0.26 times their own average response time.",cognitive_avoidance,FALSE,FALSE,,,,,,,
Q054,S2,"There is also a likelihood of errors occurring during practice, suggesting inconsistency in applying the skill correctly.",partial,1,['slipping'],['The student made an unexpected mistake on content they had previously understood well.'],The student made an unexpected mistake on content they had previously understood well.,"The student is practicing the skill 'scientific-notation'. Before these attempts, the student's cumulative accuracy on this skill was 0%. On attempt 1, the student answered incorrectly, used no hints, and took 0.72 times their own average response time. On attempt 2, the student answered incorrectly, used no hints, and took 0.26 times their own average response time.",slipping,FALSE,FALSE,,,,,,,
Q054,S3,This combination may reflect difficulty maintaining focus or understanding key components of the step.,supported,1,['slipping'],['The student made an unexpected mistake on content they had previously understood well.'],The student made an unexpected mistake on content they had previously understood well.,"The student is practicing the skill 'scientific-notation'. Before these attempts, the student's cumulative accuracy on this skill was 0%. On attempt 1, the student answered incorrectly, used no hints, and took 0.72 times their own average response time. On attempt 2, the student answered incorrectly, used no hints, and took 0.26 times their own average response time.",slipping,FALSE,FALSE,,,,,,,
Q036,S1,"The student exhibits signs of avoiding challenging tasks, indicating a possible reluctance to engage deeply with the material.",unsupported,1,[],,,"The student is practicing the skill 'n-number-sense-operations'. Before these attempts, the student's cumulative accuracy on this skill was 0%. On attempt 1, the student answered incorrectly, used no hints, and took 0.49 times their own average response time. On attempt 2, the student answered correctly, used no hints, and took 1.07 times their own average response time.",,FALSE,TRUE,,,,,,,
Q036,S2,"The student also shows frustration without productive outcomes, suggesting difficulty in managing task demands effectively.",unsupported,1,[],,,"The student is practicing the skill 'n-number-sense-operations'. Before these attempts, the student's cumulative accuracy on this skill was 0%. On attempt 1, the student answered incorrectly, used no hints, and took 0.49 times their own average response time. On attempt 2, the student answered correctly, used no hints, and took 1.07 times their own average response time.",,FALSE,TRUE,,,,,,,
Q046,S1,"The student exhibits signs of avoiding challenging tasks, indicating a possible reluctance to engage deeply with material.",unsupported,1,['cognitive_avoidance'],['The student showed a tendency to avoid difficult problems or avoid asking for help.'],The student showed a tendency to avoid difficult problems or avoid asking for help.,"The student is practicing the skill 'discount'. Before these attempts, the student's cumulative accuracy on this skill was 60%. On attempt 1, the student answered incorrectly, used no hints, and took 0.70 times their own average response time. On attempt 2, the student answered correctly, used no hints, and took 3.15 times their own average response time. On attempt 3, the student answered correctly, used no hints, and took 1.01 times their own average response time. On attempt 4, the student answered incorrectly, used no hints, and took 3.58 times their own average response time.",cognitive_avoidance,FALSE,FALSE,,,,,,,
Q046,S2,"The student also shows frustration that does not lead to productive actions, suggesting difficulty in managing task demands effectively.",partial,1,['unproductive_frustration'],['The student experienced unproductive frustration amid repeated failures or difficulty.'],The student experienced unproductive frustration amid repeated failures or difficulty.,"The student is practicing the skill 'discount'. Before these attempts, the student's cumulative accuracy on this skill was 60%. On attempt 1, the student answered incorrectly, used no hints, and took 0.70 times their own average response time. On attempt 2, the student answered correctly, used no hints, and took 3.15 times their own average response time. On attempt 3, the student answered correctly, used no hints, and took 1.01 times their own average response time. On attempt 4, the student answered incorrectly, used no hints, and took 3.58 times their own average response time.",unproductive_frustration,FALSE,FALSE,,,,,,,
Q102,S1,The student demonstrates a strong sense of certainty in their responses.,supported,5,['overconfidence'],"['The student showed excessive confidence, higher than their actual level of understanding warranted.']","The student showed excessive confidence, higher than their actual level of understanding warranted.","The student is practicing the skill 'interpreting-numberline'. Before these attempts, the student's cumulative accuracy on this skill was 100%. On attempt 1, the student answered correctly, used no hints, and took 0.54 times their own average response time. On attempt 2, the student answered correctly, used no hints, and took 0.18 times their own average response time. On attempt 3, the student answered incorrectly, used no hints, and took 0.88 times their own average response time.",overconfidence,TRUE,FALSE,,,,,,,
Q102,S2,This indicates they may have less inclination to seek clarification or consider alternative perspectives.,unsupported,5,['overconfidence'],"['The student showed excessive confidence, higher than their actual level of understanding warranted.']","The student showed excessive confidence, higher than their actual level of understanding warranted.","The student is practicing the skill 'interpreting-numberline'. Before these attempts, the student's cumulative accuracy on this skill was 100%. On attempt 1, the student answered correctly, used no hints, and took 0.54 times their own average response time. On attempt 2, the student answered correctly, used no hints, and took 0.18 times their own average response time. On attempt 3, the student answered incorrectly, used no hints, and took 0.88 times their own average response time.",overconfidence,TRUE,FALSE,,,,,,,
Q102,S3,Their confidence level appears elevated compared to typical performance benchmarks.,unsupported,5,['overconfidence'],"['The student showed excessive confidence, higher than their actual level of understanding warranted.']","The student showed excessive confidence, higher than their actual level of understanding warranted.","The student is practicing the skill 'interpreting-numberline'. Before these attempts, the student's cumulative accuracy on this skill was 100%. On attempt 1, the student answered correctly, used no hints, and took 0.54 times their own average response time. On attempt 2, the student answered correctly, used no hints, and took 0.18 times their own average response time. On attempt 3, the student answered incorrectly, used no hints, and took 0.88 times their own average response time.",overconfidence,TRUE,FALSE,,,,,,,
Q136,S1,"The student may have avoided engaging deeply with the material, indicating a possible reluctance to confront challenging aspects of the task.",partial,1,['cognitive_avoidance'],['The student showed a tendency to avoid difficult problems or avoid asking for help.'],The student showed a tendency to avoid difficult problems or avoid asking for help.,"The student is practicing the skill 'mean'. Before these attempts, the student's cumulative accuracy on this skill was 50%. On attempt 1, the student answered incorrectly, used no hints, and took 2.10 times their own average response time. On attempt 2, the student answered incorrectly, used 1 hint, and took 0.06 times their own average response time. On attempt 3, the student answered incorrectly, used 2 hints, and took 0.09 times their own average response time. On attempt 4, the student answered incorrectly, used 2 hints, and took 1.03 times their own average response time.",cognitive_avoidance,FALSE,FALSE,,,,,,,
Q136,S2,"There is also a likelihood of errors occurring during practice, suggesting inconsistency in maintaining focus or accuracy.",partial,1,['slipping'],['The student made an unexpected mistake on content they had previously understood well.'],The student made an unexpected mistake on content they had previously understood well.,"The student is practicing the skill 'mean'. Before these attempts, the student's cumulative accuracy on this skill was 50%. On attempt 1, the student answered incorrectly, used no hints, and took 2.10 times their own average response time. On attempt 2, the student answered incorrectly, used 1 hint, and took 0.06 times their own average response time. On attempt 3, the student answered incorrectly, used 2 hints, and took 0.09 times their own average response time. On attempt 4, the student answered incorrectly, used 2 hints, and took 1.03 times their own average response time.",slipping,FALSE,FALSE,,,,,,,
Q136,S3,"This combination appears to be, though this is not Certain, related to difficulties in sustaining attention or applying knowledge consistently.",partial,1,['slipping'],['The student made an unexpected mistake on content they had previously understood well.'],The student made an unexpected mistake on content they had previously understood well.,"The student is practicing the skill 'mean'. Before these attempts, the student's cumulative accuracy on this skill was 50%. On attempt 1, the student answered incorrectly, used no hints, and took 2.10 times their own average response time. On attempt 2, the student answered incorrectly, used 1 hint, and took 0.06 times their own average response time. On attempt 3, the student answered incorrectly, used 2 hints, and took 0.09 times their own average response time. On attempt 4, the student answered incorrectly, used 2 hints, and took 1.03 times their own average response time.",slipping,FALSE,FALSE,,,,,,,
Q033,S1,The student exhibits clear signs of avoiding challenging tasks.,partial,1,['cognitive_avoidance'],['The student showed a tendency to avoid difficult problems or avoid asking for help.'],The student showed a tendency to avoid difficult problems or avoid asking for help.,"The student is practicing the skill 'noskill'. Before these attempts, the student's cumulative accuracy on this skill was 49%. On attempt 1, the student answered incorrectly, used 1 hint, and took 0.53 times their own average response time. On attempt 2, the student answered incorrectly, used 2 hints, and took 0.05 times their own average response time. On attempt 3, the student answered incorrectly, used 2 hints, and took 0.32 times their own average response time. On attempt 4, the student answered incorrectly, used 3 hints, and took 0.63 times their own average response time.",cognitive_avoidance,FALSE,FALSE,,,,,,,
Q033,S2,This behavior may indicate a preference for simpler activities.,unsupported,1,[],,,"The student is practicing the skill 'noskill'. Before these attempts, the student's cumulative accuracy on this skill was 49%. On attempt 1, the student answered incorrectly, used 1 hint, and took 0.53 times their own average response time. On attempt 2, the student answered incorrectly, used 2 hints, and took 0.05 times their own average response time. On attempt 3, the student answered incorrectly, used 2 hints, and took 0.32 times their own average response time. On attempt 4, the student answered incorrectly, used 3 hints, and took 0.63 times their own average response time.",,FALSE,FALSE,,,,,,,
Q024,S1,The student exhibits signs of avoiding challenging tasks related to that skill.,unsupported,1,[],,,"The student is practicing the skill 'order-of-operations'. Before these attempts, the student's cumulative accuracy on this skill was 36%. On attempt 1, the student answered incorrectly, used no hints, and took 1.66 times their own average response time. On attempt 2, the student answered incorrectly, used no hints, and took 0.76 times their own average response time. On attempt 3, the student answered incorrectly, used no hints, and took 0.62 times their own average response time. On attempt 4, the student answered correctly, used no hints, and took 1.81 times their own average response time.",,FALSE,TRUE,,,,,,,
Q024,S2,The student also shows frustration that does not lead to productive problem-solving.,unsupported,1,[],,,"The student is practicing the skill 'order-of-operations'. Before these attempts, the student's cumulative accuracy on this skill was 36%. On attempt 1, the student answered incorrectly, used no hints, and took 1.66 times their own average response time. On attempt 2, the student answered incorrectly, used no hints, and took 0.76 times their own average response time. On attempt 3, the student answered incorrectly, used no hints, and took 0.62 times their own average response time. On attempt 4, the student answered correctly, used no hints, and took 1.81 times their own average response time.",,FALSE,TRUE,,,,,,,
Q055,S1,The student may have avoided engaging deeply with the problem-solving process.,supported,1,['cognitive_avoidance'],['The student showed a tendency to avoid difficult problems or avoid asking for help.'],The student showed a tendency to avoid difficult problems or avoid asking for help.,"The student is practicing the skill 'combinatorics'. Before these attempts, the student's cumulative accuracy on this skill was 36%. On attempt 1, the student answered incorrectly, used no hints, and took 0.13 times their own average response time. On attempt 2, the student answered incorrectly, used no hints, and took 0.10 times their own average response time. On attempt 3, the student answered correctly, used no hints, and took 0.13 times their own average response time. On attempt 4, the student answered incorrectly, used no hints, and took 0.74 times their own average response time.",cognitive_avoidance,FALSE,FALSE,,,,,,,
Q055,S2,There appears to be a tendency to make errors during task execution.,supported,1,['slipping'],['The student made an unexpected mistake on content they had previously understood well.'],The student made an unexpected mistake on content they had previously understood well.,"The student is practicing the skill 'combinatorics'. Before these attempts, the student's cumulative accuracy on this skill was 36%. On attempt 1, the student answered incorrectly, used no hints, and took 0.13 times their own average response time. On attempt 2, the student answered incorrectly, used no hints, and took 0.10 times their own average response time. On attempt 3, the student answered correctly, used no hints, and took 0.13 times their own average response time. On attempt 4, the student answered incorrectly, used no hints, and took 0.74 times their own average response time.",slipping,FALSE,FALSE,,,,,,,
Q080,S1,The student demonstrates a strong sense of confidence in their understanding despite potential gaps in knowledge.,unsupported,1,['overconfidence'],"['The student showed excessive confidence, higher than their actual level of understanding warranted. ']","The student showed excessive confidence, higher than their actual level of understanding warranted. ","The student is practicing the skill 'properties-of-geometric-figures'. Before these attempts, the student's cumulative accuracy on this skill was 26%. On attempt 1, the student answered incorrectly, used 3 hints, and took 0.14 times their own average response time. On attempt 2, the student answered incorrectly, used 4 hints, and took 0.14 times their own average response time. On attempt 3, the student answered correctly, used 4 hints, and took 0.28 times their own average response time. On attempt 4, the student answered incorrectly, used 1 hint, and took 0.21 times their own average response time.",overconfidence,FALSE,FALSE,,,,,,,
Q080,S2,The student shows signs of frustration that does not lead to effective problem-solving strategies.,supported,1,['unproductive_frustration'],['The student experienced unproductive frustration amid repeated failures or difficulty.'],The student experienced unproductive frustration amid repeated failures or difficulty.,"The student is practicing the skill 'properties-of-geometric-figures'. Before these attempts, the student's cumulative accuracy on this skill was 26%. On attempt 1, the student answered incorrectly, used 3 hints, and took 0.14 times their own average response time. On attempt 2, the student answered incorrectly, used 4 hints, and took 0.14 times their own average response time. On attempt 3, the student answered correctly, used 4 hints, and took 0.28 times their own average response time. On attempt 4, the student answered incorrectly, used 1 hint, and took 0.21 times their own average response time.",unproductive_frustration,FALSE,FALSE,,,,,,,
Q080,S3,The student makes errors in applying geometric concepts consistently throughout the task.,supported,1,['slipping'],['The student made an unexpected mistake on content they had previously understood well. '],The student made an unexpected mistake on content they had previously understood well. ,"The student is practicing the skill 'properties-of-geometric-figures'. Before these attempts, the student's cumulative accuracy on this skill was 26%. On attempt 1, the student answered incorrectly, used 3 hints, and took 0.14 times their own average response time. On attempt 2, the student answered incorrectly, used 4 hints, and took 0.14 times their own average response time. On attempt 3, the student answered correctly, used 4 hints, and took 0.28 times their own average response time. On attempt 4, the student answered incorrectly, used 1 hint, and took 0.21 times their own average response time.",slipping,FALSE,FALSE,,,,,,,
Q084,S1,"The student may have avoided engaging deeply with the material, indicating a possible reluctance to confront challenging aspects of the task.",unsupported,5,[],,,"The student is practicing the skill 'reading-graph'. Before these attempts, the student's cumulative accuracy on this skill was 100%. On attempt 1, the student answered correctly, used no hints, and took 1.00 times their own average response time. On attempt 2, the student answered incorrectly, used 1 hint, and took 0.68 times their own average response time.",,TRUE,TRUE,,,,,,,
Q084,S2,"There appears to be inconsistency in performance, suggesting difficulty maintaining focus or accuracy over time.",partial,5,[],,,"The student is practicing the skill 'reading-graph'. Before these attempts, the student's cumulative accuracy on this skill was 100%. On attempt 1, the student answered correctly, used no hints, and took 1.00 times their own average response time. On attempt 2, the student answered incorrectly, used 1 hint, and took 0.68 times their own average response time.",,TRUE,TRUE,,,,,,,
Q098,S1,"The student may have avoided engaging deeply with complex tasks, indicating a possible reluctance to confront challenging material.",unsupported,1,['cognitive_avoidance'],['The student showed a tendency to avoid difficult problems or avoid asking for help.'],The student showed a tendency to avoid difficult problems or avoid asking for help.,"The student is practicing the skill 'pattern-finding'. Before these attempts, the student's cumulative accuracy on this skill was 26%. On attempt 1, the student answered correctly, used no hints, and took 0.96 times their own average response time. On attempt 2, the student answered correctly, used no hints, and took 0.80 times their own average response time. On attempt 3, the student answered incorrectly, used no hints, and took 0.46 times their own average response time. On attempt 4, the student answered incorrectly, used no hints, and took 0.55 times their own average response time.",cognitive_avoidance,FALSE,FALSE,,,,,,,
Q098,S2,"There appears to be a noticeable inconsistency in performance across repeated attempts, suggesting difficulty maintaining focus or applying knowledge consistently.",partial,1,['slipping'],['The student made an unexpected mistake on content they had previously understood well.'],The student made an unexpected mistake on content they had previously understood well.,"The student is practicing the skill 'pattern-finding'. Before these attempts, the student's cumulative accuracy on this skill was 26%. On attempt 1, the student answered correctly, used no hints, and took 0.96 times their own average response time. On attempt 2, the student answered correctly, used no hints, and took 0.80 times their own average response time. On attempt 3, the student answered incorrectly, used no hints, and took 0.46 times their own average response time. On attempt 4, the student answered incorrectly, used no hints, and took 0.55 times their own average response time.",slipping,FALSE,FALSE,,,,,,,
Q098,S3,This pattern may reflect an underlying struggle with sustaining attention during extended problem-solving activities.,partial,1,['slipping'],['The student made an unexpected mistake on content they had previously understood well.'],The student made an unexpected mistake on content they had previously understood well.,"The student is practicing the skill 'pattern-finding'. Before these attempts, the student's cumulative accuracy on this skill was 26%. On attempt 1, the student answered correctly, used no hints, and took 0.96 times their own average response time. On attempt 2, the student answered correctly, used no hints, and took 0.80 times their own average response time. On attempt 3, the student answered incorrectly, used no hints, and took 0.46 times their own average response time. On attempt 4, the student answered incorrectly, used no hints, and took 0.55 times their own average response time.",slipping,FALSE,FALSE,,,,,,,
Q087,S1,"The student engaged in independent problem-solving despite receiving a hint, indicating a strong sense of initiative.",unsupported,1,[],"The student struggled with difficulty while using hints, but ultimately solved the problem through productive effort. productive_struggle is dominant (independent judgment is possible since a hint was used).",[],productive_struggle,FALSE,FALSE,,,,,,,,
Q087,S2,This demonstrates an ability to persist through challenges without immediate external guidance.,unsupported,1,['productive_struggle'],"['The student struggled with difficulty while using hints, but ultimately solved the problem through productive effort. productive_struggle is dominant (independent judgment is possible since a hint was used).']","The student struggled with difficulty while using hints, but ultimately solved the problem through productive effort. productive_struggle is dominant (independent judgment is possible since a hint was used).","The student is practicing the skill 'pythagorean-theorem'. Before these attempts, the student's cumulative accuracy on this skill was 19%. On attempt 1, the student answered incorrectly, used 3 hints, and took 0.41 times their own average response time. On attempt 2, the student answered incorrectly, used 3 hints, and took 0.53 times their own average response time. On attempt 3, the student answered incorrectly, used 3 hints, and took 0.75 times their own average response time. On attempt 4, the student answered correctly, used 3 hints, and took 0.30 times their own average response time.",productive_struggle,FALSE,FALSE,,,,,,,
Q087,S3,The level of engagement suggests a willingness to tackle complex tasks on their own.,unsupported,1,[],"The student struggled with difficulty while using hints, but ultimately solved the problem through productive effort. productive_struggle is dominant (independent judgment is possible since a hint was used).",[],productive_struggle,FALSE,FALSE,,,,,,,,
Q138,S1,The student may have avoided engaging deeply with the problem-solving process.,supported,1,['cognitive_avoidance'],['The student showed a tendency to avoid difficult problems or avoid asking for help.'],The student showed a tendency to avoid difficult problems or avoid asking for help.,"The student is practicing the skill 'inequality-solving'. Before these attempts, the student's cumulative accuracy on this skill was 15%. On attempt 1, the student answered correctly, used 3 hints, and took 0.37 times their own average response time. On attempt 2, the student answered incorrectly, used no hints, and took 1.87 times their own average response time. On attempt 3, the student answered incorrectly, used 1 hint, and took 0.12 times their own average response time. On attempt 4, the student answered incorrectly, used 1 hint, and took 0.75 times their own average response time.",cognitive_avoidance,FALSE,FALSE,,,,,,,
Q138,S2,There appears to be a tendency to make errors during task execution.,supported,1,['slipping'],['The student made an unexpected mistake on content they had previously understood well.'],The student made an unexpected mistake on content they had previously understood well.,"The student is practicing the skill 'inequality-solving'. Before these attempts, the student's cumulative accuracy on this skill was 15%. On attempt 1, the student answered correctly, used 3 hints, and took 0.37 times their own average response time. On attempt 2, the student answered incorrectly, used no hints, and took 1.87 times their own average response time. On attempt 3, the student answered incorrectly, used 1 hint, and took 0.12 times their own average response time. On attempt 4, the student answered incorrectly, used 1 hint, and took 0.75 times their own average response time.",slipping,FALSE,FALSE,,,,,,,
Q043,S1,"The student demonstrated a strong inclination toward independent problem-solving despite receiving hints, indicating a significant level of engagement with the task.",supported,1,['productive_struggle'],"['The student struggled with difficulty while using hints, but ultimately solved the problem through productive effort. productive_struggle is dominant (independent judgment is possible since a hint was used).']","The student struggled with difficulty while using hints, but ultimately solved the problem through productive effort. productive_struggle is dominant (independent judgment is possible since a hint was used).","The student is practicing the skill 'transversals'. Before these attempts, the student's cumulative accuracy on this skill was 0%. On attempt 1, the student answered incorrectly, used 5 hints, and took 0.83 times their own average response time. On attempt 2, the student answered incorrectly, used 5 hints, and took 0.30 times their own average response time. On attempt 3, the student answered incorrectly, used 5 hints, and took 0.18 times their own average response time. On attempt 4, the student answered correctly, used 5 hints, and took 0.24 times their own average response time.",productive_struggle,FALSE,FALSE,,,,,,,
Q043,S2,"The student also showed a notable resistance to engaging deeply with challenging aspects of the material, suggesting a preference for avoiding complex thinking.",supported,1,['cognitive_avoidance'],['The student showed a tendency to avoid difficult problems or avoid asking for help.'],The student showed a tendency to avoid difficult problems or avoid asking for help.,"The student is practicing the skill 'transversals'. Before these attempts, the student's cumulative accuracy on this skill was 0%. On attempt 1, the student answered incorrectly, used 5 hints, and took 0.83 times their own average response time. On attempt 2, the student answered incorrectly, used 5 hints, and took 0.30 times their own average response time. On attempt 3, the student answered incorrectly, used 5 hints, and took 0.18 times their own average response time. On attempt 4, the student answered correctly, used 5 hints, and took 0.24 times their own average response time.",cognitive_avoidance,FALSE,FALSE,,,,,,,
Q043,S3,This combination indicates a complex interaction between effortful engagement and avoidance tendencies.,supported,1,"['cognitive_avoidance', 'productive_struggle']","['The student showed a tendency to avoid difficult problems or avoid asking for help.', 'The student struggled with difficulty while using hints, but ultimately solved the problem through productive effort. productive_struggle is dominant (independent judgment is possible since a hint was used).']","The student showed a tendency to avoid difficult problems or avoid asking for help.
The student struggled with difficulty while using hints, but ultimately solved the problem through productive effort. productive_struggle is dominant (independent judgment is possible since a hint was used).","The student is practicing the skill 'transversals'. Before these attempts, the student's cumulative accuracy on this skill was 0%. On attempt 1, the student answered incorrectly, used 5 hints, and took 0.83 times their own average response time. On attempt 2, the student answered incorrectly, used 5 hints, and took 0.30 times their own average response time. On attempt 3, the student answered incorrectly, used 5 hints, and took 0.18 times their own average response time. On attempt 4, the student answered correctly, used 5 hints, and took 0.24 times their own average response time.",,FALSE,FALSE,,,,,,,
Q094,S1,"The student engaged in independent problem-solving despite receiving a hint, indicating a strong capacity for tackling challenges on their own.",unsupported,5,['productive_struggle'],"['The student struggled with difficulty while using hints, but ultimately solved the problem through productive effort. productive_struggle is dominant (independent judgment is possible since a hint was used).']","The student struggled with difficulty while using hints, but ultimately solved the problem through productive effort. productive_struggle is dominant (independent judgment is possible since a hint was used).","The student is practicing the skill 'equation-solving'. Before these attempts, the student's cumulative accuracy on this skill was 0%. On attempt 1, the student answered incorrectly, used 4 hints, and took 0.50 times their own average response time. On attempt 2, the student answered incorrectly, used 4 hints, and took 2.03 times their own average response time. On attempt 3, the student answered incorrectly, used 4 hints, and took 0.46 times their own average response time. On attempt 4, the student answered correctly, used 4 hints, and took 0.63 times their own average response time.",productive_struggle,TRUE,FALSE,,,,,,,
Q111,S1,The student demonstrates a strong sense of certainty in their responses despite potential inaccuracies.,supported,1,['overconfidence'],"['The student showed excessive confidence, higher than their actual level of understanding warranted.']","The student showed excessive confidence, higher than their actual level of understanding warranted.","The student is practicing the skill 'probability'. Before these attempts, the student's cumulative accuracy on this skill was 35%. On attempt 1, the student answered incorrectly, used no hints, and took 0.99 times their own average response time. On attempt 2, the student answered incorrectly, used 1 hint, and took 0.26 times their own average response time. On attempt 3, the student answered incorrectly, used 2 hints, and took 0.07 times their own average response time. On attempt 4, the student answered incorrectly, used 3 hints, and took 0.07 times their own average response time.",overconfidence,FALSE,FALSE,,,,,,,
Q111,S2,The level of confidence appears elevated compared to typical expectations.,supported,1,['overconfidence'],"['The student showed excessive confidence, higher than their actual level of understanding warranted.']","The student showed excessive confidence, higher than their actual level of understanding warranted.","The student is practicing the skill 'probability'. Before these attempts, the student's cumulative accuracy on this skill was 35%. On attempt 1, the student answered incorrectly, used no hints, and took 0.99 times their own average response time. On attempt 2, the student answered incorrectly, used 1 hint, and took 0.26 times their own average response time. On attempt 3, the student answered incorrectly, used 2 hints, and took 0.07 times their own average response time. On attempt 4, the student answered incorrectly, used 3 hints, and took 0.07 times their own average response time.",overconfidence,FALSE,FALSE,,,,,,,
Q111,S3,This may indicate a tendency to overestimate their understanding of the material.,supported,1,['overconfidence'],"['The student showed excessive confidence, higher than their actual level of understanding warranted.']","The student showed excessive confidence, higher than their actual level of understanding warranted.","The student is practicing the skill 'probability'. Before these attempts, the student's cumulative accuracy on this skill was 35%. On attempt 1, the student answered incorrectly, used no hints, and took 0.99 times their own average response time. On attempt 2, the student answered incorrectly, used 1 hint, and took 0.26 times their own average response time. On attempt 3, the student answered incorrectly, used 2 hints, and took 0.07 times their own average response time. On attempt 4, the student answered incorrectly, used 3 hints, and took 0.07 times their own average response time.",overconfidence,FALSE,FALSE,,,,,,,
Q008,S1,The student may have avoided engaging deeply with the material.,partial,1,[],,,"The student is practicing the skill 'p-patterns-relations-algebra'. Before these attempts, the student's cumulative accuracy on this skill was 46%. On attempt 1, the student answered incorrectly, used 3 hints, and took 0.30 times their own average response time. On attempt 2, the student answered incorrectly, used 4 hints, and took 0.54 times their own average response time. On attempt 3, the student answered incorrectly, used 5 hints, and took 0.24 times their own average response time. On attempt 4, the student answered correctly, used 5 hints, and took 0.48 times their own average response time.",,FALSE,TRUE,,,,,,,
Q008,S2,They might have struggled with maintaining focus during the task.,unsupported,1,[],,,"The student is practicing the skill 'p-patterns-relations-algebra'. Before these attempts, the student's cumulative accuracy on this skill was 46%. On attempt 1, the student answered incorrectly, used 3 hints, and took 0.30 times their own average response time. On attempt 2, the student answered incorrectly, used 4 hints, and took 0.54 times their own average response time. On attempt 3, the student answered incorrectly, used 5 hints, and took 0.24 times their own average response time. On attempt 4, the student answered correctly, used 5 hints, and took 0.48 times their own average response time.",,FALSE,TRUE,,,,,,,
Q008,S3,This could indicate difficulty in sustaining attention over time.,unsupported,1,[],,,"The student is practicing the skill 'p-patterns-relations-algebra'. Before these attempts, the student's cumulative accuracy on this skill was 46%. On attempt 1, the student answered incorrectly, used 3 hints, and took 0.30 times their own average response time. On attempt 2, the student answered incorrectly, used 4 hints, and took 0.54 times their own average response time. On attempt 3, the student answered incorrectly, used 5 hints, and took 0.24 times their own average response time. On attempt 4, the student answered correctly, used 5 hints, and took 0.48 times their own average response time.",,FALSE,TRUE,,,,,,,
Q042,S1,"The student provided a correct response without requiring assistance, indicating some level of understanding or insight.",supported,1,['confidence_triad'],"['The status of this indicator (confidence_triad) is AMBIGUOUS. The student answered correctly without using a hint, but the current data cannot structurally distinguish whether this reflects a correct answer despite low confidence (underconfidence), a correct answer after productive struggle (productive_struggle), or a lucky guess (lucky_guess). (Note: confidence is high, so the signal leans slightly toward productive struggle.)']","The status of this indicator (confidence_triad) is AMBIGUOUS. The student answered correctly without using a hint, but the current data cannot structurally distinguish whether this reflects a correct answer despite low confidence (underconfidence), a correct answer after productive struggle (productive_struggle), or a lucky guess (lucky_guess). (Note: confidence is high, so the signal leans slightly toward productive struggle.)","The student is practicing the skill 'pattern-finding'. Before these attempts, the student's cumulative accuracy on this skill was 50%. On attempt 1, the student answered correctly, used no hints, and took 0.27 times their own average response time. On attempt 2, the student answered incorrectly, used no hints, and took 0.27 times their own average response time. On attempt 3, the student answered incorrectly, used no hints, and took 0.25 times their own average response time. On attempt 4, the student answered correctly, used no hints, and took 0.81 times their own average response time.",confidence_triad,FALSE,FALSE,,,,,,,
Q042,S2,"This outcome could suggest the student arrived at the solution through thoughtful engagement rather than mere chance, although the exact nature of their process remains unclear.",supported,1,['confidence_triad'],"['The status of this indicator (confidence_triad) is AMBIGUOUS. The student answered correctly without using a hint, but the current data cannot structurally distinguish whether this reflects a correct answer despite low confidence (underconfidence), a correct answer after productive struggle (productive_struggle), or a lucky guess (lucky_guess). (Note: confidence is high, so the signal leans slightly toward productive struggle.)']","The status of this indicator (confidence_triad) is AMBIGUOUS. The student answered correctly without using a hint, but the current data cannot structurally distinguish whether this reflects a correct answer despite low confidence (underconfidence), a correct answer after productive struggle (productive_struggle), or a lucky guess (lucky_guess). (Note: confidence is high, so the signal leans slightly toward productive struggle.)","The student is practicing the skill 'pattern-finding'. Before these attempts, the student's cumulative accuracy on this skill was 50%. On attempt 1, the student answered correctly, used no hints, and took 0.27 times their own average response time. On attempt 2, the student answered incorrectly, used no hints, and took 0.27 times their own average response time. On attempt 3, the student answered incorrectly, used no hints, and took 0.25 times their own average response time. On attempt 4, the student answered correctly, used no hints, and took 0.81 times their own average response time.",confidence_triad,FALSE,FALSE,,,,,,,
Q042,S3,There is a slight indication that the student may have engaged in meaningful problem-solving efforts leading to the correct answer.,supported,1,['confidence_triad'],"['The status of this indicator (confidence_triad) is AMBIGUOUS. The student answered correctly without using a hint, but the current data cannot structurally distinguish whether this reflects a correct answer despite low confidence (underconfidence), a correct answer after productive struggle (productive_struggle), or a lucky guess (lucky_guess). (Note: confidence is high, so the signal leans slightly toward productive struggle.)']","The status of this indicator (confidence_triad) is AMBIGUOUS. The student answered correctly without using a hint, but the current data cannot structurally distinguish whether this reflects a correct answer despite low confidence (underconfidence), a correct answer after productive struggle (productive_struggle), or a lucky guess (lucky_guess). (Note: confidence is high, so the signal leans slightly toward productive struggle.)","The student is practicing the skill 'pattern-finding'. Before these attempts, the student's cumulative accuracy on this skill was 50%. On attempt 1, the student answered correctly, used no hints, and took 0.27 times their own average response time. On attempt 2, the student answered incorrectly, used no hints, and took 0.27 times their own average response time. On attempt 3, the student answered incorrectly, used no hints, and took 0.25 times their own average response time. On attempt 4, the student answered correctly, used no hints, and took 0.81 times their own average response time.",confidence_triad,FALSE,FALSE,,,,,,,
Q118,S1,"The student provided a correct response without requiring assistance, indicating some level of mastery or understanding.",supported,5,['confidence_triad'],"['The status of this indicator (confidence_triad) is AMBIGUOUS. The student answered correctly without using a hint, but the current data cannot structurally distinguish whether this reflects a correct answer despite low confidence (underconfidence), a correct answer after productive struggle (productive_struggle), or a lucky guess (lucky_guess). (Note: confidence is high, so the signal leans slightly toward productive struggle.)']","The status of this indicator (confidence_triad) is AMBIGUOUS. The student answered correctly without using a hint, but the current data cannot structurally distinguish whether this reflects a correct answer despite low confidence (underconfidence), a correct answer after productive struggle (productive_struggle), or a lucky guess (lucky_guess). (Note: confidence is high, so the signal leans slightly toward productive struggle.)","The student is practicing the skill 'multiplication'. Before these attempts, the student's cumulative accuracy on this skill was 77%. On attempt 1, the student answered correctly, used no hints, and took 0.78 times their own average response time. On attempt 2, the student answered correctly, used no hints, and took 0.12 times their own average response time. On attempt 3, the student answered correctly, used no hints, and took 0.09 times their own average response time. On attempt 4, the student answered correctly, used no hints, and took 0.98 times their own average response time.",confidence_triad,TRUE,FALSE,,,,,,,
Q118,S2,"This outcome could reflect either a confident and accurate solution or a chance occurrence, given the ambiguity in determining the exact nature of the response.",partial,5,['confidence_triad'],"['The status of this indicator (confidence_triad) is AMBIGUOUS. The student answered correctly without using a hint, but the current data cannot structurally distinguish whether this reflects a correct answer despite low confidence (underconfidence), a correct answer after productive struggle (productive_struggle), or a lucky guess (lucky_guess). (Note: confidence is high, so the signal leans slightly toward productive struggle.)']","The status of this indicator (confidence_triad) is AMBIGUOUS. The student answered correctly without using a hint, but the current data cannot structurally distinguish whether this reflects a correct answer despite low confidence (underconfidence), a correct answer after productive struggle (productive_struggle), or a lucky guess (lucky_guess). (Note: confidence is high, so the signal leans slightly toward productive struggle.)","The student is practicing the skill 'multiplication'. Before these attempts, the student's cumulative accuracy on this skill was 77%. On attempt 1, the student answered correctly, used no hints, and took 0.78 times their own average response time. On attempt 2, the student answered correctly, used no hints, and took 0.12 times their own average response time. On attempt 3, the student answered correctly, used no hints, and took 0.09 times their own average response time. On attempt 4, the student answered correctly, used no hints, and took 0.98 times their own average response time.",confidence_triad,TRUE,FALSE,,,,,,,
Q118,S3,The presence of high confidence suggests the likelihood of a meaningful engagement with the problem rather than mere luck.,supported,5,['confidence_triad'],"['The status of this indicator (confidence_triad) is AMBIGUOUS. The student answered correctly without using a hint, but the current data cannot structurally distinguish whether this reflects a correct answer despite low confidence (underconfidence), a correct answer after productive struggle (productive_struggle), or a lucky guess (lucky_guess). (Note: confidence is high, so the signal leans slightly toward productive struggle.)']","The status of this indicator (confidence_triad) is AMBIGUOUS. The student answered correctly without using a hint, but the current data cannot structurally distinguish whether this reflects a correct answer despite low confidence (underconfidence), a correct answer after productive struggle (productive_struggle), or a lucky guess (lucky_guess). (Note: confidence is high, so the signal leans slightly toward productive struggle.)","The student is practicing the skill 'multiplication'. Before these attempts, the student's cumulative accuracy on this skill was 77%. On attempt 1, the student answered correctly, used no hints, and took 0.78 times their own average response time. On attempt 2, the student answered correctly, used no hints, and took 0.12 times their own average response time. On attempt 3, the student answered correctly, used no hints, and took 0.09 times their own average response time. On attempt 4, the student answered correctly, used no hints, and took 0.98 times their own average response time.",confidence_triad,TRUE,FALSE,,,,,,,
Q108,S1,"The student demonstrated a strong engagement with the task, making independent judgments despite receiving hints.",partial,5,['productive_struggle'],"['The student struggled with difficulty while using hints, but ultimately solved the problem through productive effort. productive_struggle is dominant (independent judgment is possible since a hint was used).']","The student struggled with difficulty while using hints, but ultimately solved the problem through productive effort. productive_struggle is dominant (independent judgment is possible since a hint was used).","The student is practicing the skill 'inducing-functions'. Before these attempts, the student's cumulative accuracy on this skill was 36%. On attempt 1, the student answered correctly, used no hints, and took 0.25 times their own average response time. On attempt 2, the student answered incorrectly, used 1 hint, and took 0.15 times their own average response time. On attempt 3, the student answered incorrectly, used 2 hints, and took 2.61 times their own average response time. On attempt 4, the student answered correctly, used 2 hints, and took 0.34 times their own average response time.",productive_struggle,TRUE,FALSE,,,,,,,
Q108,S2,The student also showed a clear inclination to avoid challenging aspects of the work.,unsupported,5,['cognitive_avoidance'],['The student showed a tendency to avoid difficult problems or avoid asking for help.'],The student showed a tendency to avoid difficult problems or avoid asking for help.,"The student is practicing the skill 'inducing-functions'. Before these attempts, the student's cumulative accuracy on this skill was 36%. On attempt 1, the student answered correctly, used no hints, and took 0.25 times their own average response time. On attempt 2, the student answered incorrectly, used 1 hint, and took 0.15 times their own average response time. On attempt 3, the student answered incorrectly, used 2 hints, and took 2.61 times their own average response time. On attempt 4, the student answered correctly, used 2 hints, and took 0.34 times their own average response time.",cognitive_avoidance,TRUE,FALSE,,,,,,,
Q108,S3,This combination indicates a complex interaction between effort and avoidance tendencies.,supported,5,"['cognitive_avoidance', 'productive_struggle']","['The student showed a tendency to avoid difficult problems or avoid asking for help.', 'The student struggled with difficulty while using hints, but ultimately solved the problem through productive effort. productive_struggle is dominant (independent judgment is possible since a hint was used).']","The student showed a tendency to avoid difficult problems or avoid asking for help.
The student struggled with difficulty while using hints, but ultimately solved the problem through productive effort. productive_struggle is dominant (independent judgment is possible since a hint was used).","The student is practicing the skill 'inducing-functions'. Before these attempts, the student's cumulative accuracy on this skill was 36%. On attempt 1, the student answered correctly, used no hints, and took 0.25 times their own average response time. On attempt 2, the student answered incorrectly, used 1 hint, and took 0.15 times their own average response time. On attempt 3, the student answered incorrectly, used 2 hints, and took 2.61 times their own average response time. On attempt 4, the student answered correctly, used 2 hints, and took 0.34 times their own average response time.",,TRUE,FALSE,,,,,,,
Q089,S1,The student demonstrates a strong sense of confidence in their abilities.,supported,1,['overconfidence'],"['The student showed excessive confidence, higher than their actual level of understanding warranted. ']","The student showed excessive confidence, higher than their actual level of understanding warranted. ","The student is practicing the skill 'measurement'. Before these attempts, the student's cumulative accuracy on this skill was 21%. On attempt 1, the student answered correctly, used 3 hints, and took 0.22 times their own average response time. On attempt 2, the student answered incorrectly, used 1 hint, and took 0.18 times their own average response time. On attempt 3, the student answered correctly, used 1 hint, and took 0.20 times their own average response time. On attempt 4, the student answered incorrectly, used no hints, and took 0.20 times their own average response time.",overconfidence,FALSE,FALSE,,,,,,,
Q089,S2,The student also shows signs of inconsistency in maintaining focus during tasks.,partial,1,['slipping'],['The student made an unexpected mistake on content they had previously understood well. '],The student made an unexpected mistake on content they had previously understood well. ,"The student is practicing the skill 'measurement'. Before these attempts, the student's cumulative accuracy on this skill was 21%. On attempt 1, the student answered correctly, used 3 hints, and took 0.22 times their own average response time. On attempt 2, the student answered incorrectly, used 1 hint, and took 0.18 times their own average response time. On attempt 3, the student answered correctly, used 1 hint, and took 0.20 times their own average response time. On attempt 4, the student answered incorrectly, used no hints, and took 0.20 times their own average response time.",slipping,FALSE,FALSE,,,,,,,
Q083,S1,"The student demonstrated a strong engagement with the problem, making independent judgments despite receiving hints.",unsupported,1,['productive_struggle'],"['The student struggled with difficulty while using hints, but ultimately solved the problem through productive effort. productive_struggle is dominant (independent judgment is possible since a hint was used).']","The student struggled with difficulty while using hints, but ultimately solved the problem through productive effort. productive_struggle is dominant (independent judgment is possible since a hint was used).","The student is practicing the skill 'combinatorics'. Before these attempts, the student's cumulative accuracy on this skill was 19%. On attempt 1, the student answered incorrectly, used 1 hint, and took 0.43 times their own average response time. On attempt 2, the student answered incorrectly, used 2 hints, and took 0.05 times their own average response time. On attempt 3, the student answered incorrectly, used 3 hints, and took 0.11 times their own average response time. On attempt 4, the student answered correctly, used 3 hints, and took 0.38 times their own average response time.",productive_struggle,FALSE,FALSE,,,,,,,
Q083,S2,"The student also showed a clear inclination to avoid deeper cognitive effort, indicating a preference for less challenging tasks.",unsupported,1,['cognitive_avoidance'],['The student showed a tendency to avoid difficult problems or avoid asking for help.'],The student showed a tendency to avoid difficult problems or avoid asking for help.,"The student is practicing the skill 'combinatorics'. Before these attempts, the student's cumulative accuracy on this skill was 19%. On attempt 1, the student answered incorrectly, used 1 hint, and took 0.43 times their own average response time. On attempt 2, the student answered incorrectly, used 2 hints, and took 0.05 times their own average response time. On attempt 3, the student answered incorrectly, used 3 hints, and took 0.11 times their own average response time. On attempt 4, the student answered correctly, used 3 hints, and took 0.38 times their own average response time.",cognitive_avoidance,FALSE,FALSE,,,,,,,
Q083,S3,This combination suggests a complex interaction between persistence and avoidance tendencies.,unsupported,1,"['productive_struggle', 'cognitive_avoidance']","['The student struggled with difficulty while using hints, but ultimately solved the problem through productive effort. productive_struggle is dominant (independent judgment is possible since a hint was used).', 'The student showed a tendency to avoid difficult problems or avoid asking for help.']","The student struggled with difficulty while using hints, but ultimately solved the problem through productive effort. productive_struggle is dominant (independent judgment is possible since a hint was used).
The student showed a tendency to avoid difficult problems or avoid asking for help.","The student is practicing the skill 'combinatorics'. Before these attempts, the student's cumulative accuracy on this skill was 19%. On attempt 1, the student answered incorrectly, used 1 hint, and took 0.43 times their own average response time. On attempt 2, the student answered incorrectly, used 2 hints, and took 0.05 times their own average response time. On attempt 3, the student answered incorrectly, used 3 hints, and took 0.11 times their own average response time. On attempt 4, the student answered correctly, used 3 hints, and took 0.38 times their own average response time.",,FALSE,FALSE,,,,,,,
Q011,S1,The student exhibits signs of unproductive frustration during the task.,unsupported,1,['unproductive_frustration'],['The student experienced unproductive frustration amid repeated failures or difficulty.'],The student experienced unproductive frustration amid repeated failures or difficulty.,"The student is practicing the skill 'interpreting-linear-equations'. Before these attempts, the student's cumulative accuracy on this skill was 19%. On attempt 1, the student answered correctly, used 5 hints, and took 0.34 times their own average response time. On attempt 2, the student answered incorrectly, used no hints, and took 0.34 times their own average response time. On attempt 3, the student answered incorrectly, used 1 hint, and took 0.08 times their own average response time. On attempt 4, the student answered incorrectly, used 2 hints, and took 0.04 times their own average response time.",unproductive_frustration,FALSE,FALSE,,,,,,,
Q011,S2,This emotion appears to be persistent rather than fleeting.,unsupported,1,['unproductive_frustration'],['The student experienced unproductive frustration amid repeated failures or difficulty.'],The student experienced unproductive frustration amid repeated failures or difficulty.,"The student is practicing the skill 'interpreting-linear-equations'. Before these attempts, the student's cumulative accuracy on this skill was 19%. On attempt 1, the student answered correctly, used 5 hints, and took 0.34 times their own average response time. On attempt 2, the student answered incorrectly, used no hints, and took 0.34 times their own average response time. On attempt 3, the student answered incorrectly, used 1 hint, and took 0.08 times their own average response time. On attempt 4, the student answered incorrectly, used 2 hints, and took 0.04 times their own average response time.",unproductive_frustration,FALSE,FALSE,,,,,,,
Q011,S3,There is no clear indication of strategies being employed to resolve the issue.,partial,1,['unproductive_frustration'],['The student experienced unproductive frustration amid repeated failures or difficulty.'],The student experienced unproductive frustration amid repeated failures or difficulty.,"The student is practicing the skill 'interpreting-linear-equations'. Before these attempts, the student's cumulative accuracy on this skill was 19%. On attempt 1, the student answered correctly, used 5 hints, and took 0.34 times their own average response time. On attempt 2, the student answered incorrectly, used no hints, and took 0.34 times their own average response time. On attempt 3, the student answered incorrectly, used 1 hint, and took 0.08 times their own average response time. On attempt 4, the student answered incorrectly, used 2 hints, and took 0.04 times their own average response time.",unproductive_frustration,FALSE,FALSE,,,,,,,
Q052,S1,The student may have been avoiding engaging deeply with the problem-solving process.,unsupported,1,['cognitive_avoidance'],['The student showed a tendency to avoid difficult problems or avoid asking for help.'],The student showed a tendency to avoid difficult problems or avoid asking for help.,"The student is practicing the skill 'equation-solving'. Before these attempts, the student's cumulative accuracy on this skill was 10%. On attempt 1, the student answered correctly, used 3 hints, and took 0.41 times their own average response time. On attempt 2, the student answered incorrectly, used no hints, and took 0.90 times their own average response time. On attempt 3, the student answered incorrectly, used 1 hint, and took 0.21 times their own average response time. On attempt 4, the student answered incorrectly, used 1 hint, and took 0.75 times their own average response time.",cognitive_avoidance,FALSE,FALSE,,,,,,,
Q052,S2,The behavior suggests a reluctance to confront challenging aspects of the task.,unsupported,1,[],,,"The student is practicing the skill 'equation-solving'. Before these attempts, the student's cumulative accuracy on this skill was 10%. On attempt 1, the student answered correctly, used 3 hints, and took 0.41 times their own average response time. On attempt 2, the student answered incorrectly, used no hints, and took 0.90 times their own average response time. On attempt 3, the student answered incorrectly, used 1 hint, and took 0.21 times their own average response time. On attempt 4, the student answered incorrectly, used 1 hint, and took 0.75 times their own average response time.",,FALSE,FALSE,,,,,,,
Q052,S3,The level of avoidance indicates a possible lack of confidence or interest in tackling complex equations.,unsupported,1,['cognitive_avoidance'],['The student showed a tendency to avoid difficult problems or avoid asking for help.'],The student showed a tendency to avoid difficult problems or avoid asking for help.,"The student is practicing the skill 'equation-solving'. Before these attempts, the student's cumulative accuracy on this skill was 10%. On attempt 1, the student answered correctly, used 3 hints, and took 0.41 times their own average response time. On attempt 2, the student answered incorrectly, used no hints, and took 0.90 times their own average response time. On attempt 3, the student answered incorrectly, used 1 hint, and took 0.21 times their own average response time. On attempt 4, the student answered incorrectly, used 1 hint, and took 0.75 times their own average response time.",cognitive_avoidance,FALSE,FALSE,,,,,,,
Q103,S1,The student may have overestimated their ability to handle the skill correctly.,supported,1,['overconfidence'],"['The student showed excessive confidence, higher than their actual level of understanding warranted.']","The student showed excessive confidence, higher than their actual level of understanding warranted.","The student is practicing the skill 'least-common-multiple'. Before these attempts, the student's cumulative accuracy on this skill was 0%. On attempt 1, the student answered incorrectly, used 1 hint, and took 0.41 times their own average response time. On attempt 2, the student answered incorrectly, used 2 hints, and took 0.05 times their own average response time. On attempt 3, the student answered incorrectly, used 3 hints, and took 0.03 times their own average response time. On attempt 4, the student answered incorrectly, used 4 hints, and took 0.03 times their own average response time.",overconfidence,FALSE,FALSE,,,,,,,
Q103,S2,"This appears to be, though this is not Certain, a sign of confidence beyond what is warranted.",supported,1,['overconfidence'],"['The student showed excessive confidence, higher than their actual level of understanding warranted.']","The student showed excessive confidence, higher than their actual level of understanding warranted.","The student is practicing the skill 'least-common-multiple'. Before these attempts, the student's cumulative accuracy on this skill was 0%. On attempt 1, the student answered incorrectly, used 1 hint, and took 0.41 times their own average response time. On attempt 2, the student answered incorrectly, used 2 hints, and took 0.05 times their own average response time. On attempt 3, the student answered incorrectly, used 3 hints, and took 0.03 times their own average response time. On attempt 4, the student answered incorrectly, used 4 hints, and took 0.03 times their own average response time.",overconfidence,FALSE,FALSE,,,,,,,
Q103,S3,The level of overconfidence recorded suggests a potential disconnect between actual performance and perceived mastery.,partial,1,['overconfidence'],"['The student showed excessive confidence, higher than their actual level of understanding warranted.']","The student showed excessive confidence, higher than their actual level of understanding warranted.","The student is practicing the skill 'least-common-multiple'. Before these attempts, the student's cumulative accuracy on this skill was 0%. On attempt 1, the student answered incorrectly, used 1 hint, and took 0.41 times their own average response time. On attempt 2, the student answered incorrectly, used 2 hints, and took 0.05 times their own average response time. On attempt 3, the student answered incorrectly, used 3 hints, and took 0.03 times their own average response time. On attempt 4, the student answered incorrectly, used 4 hints, and took 0.03 times their own average response time.",overconfidence,FALSE,FALSE,,,,,,,
Q101,S1,"The student exhibits signs of overconfidence, indicated by a high level of certainty in their responses.",unsupported,1,['overconfidence'],"['The student showed excessive confidence, higher than their actual level of understanding warranted. ']","The student showed excessive confidence, higher than their actual level of understanding warranted. ","The student is practicing the skill 'pattern-finding'. Before these attempts, the student's cumulative accuracy on this skill was 57%. On attempt 1, the student answered correctly, used no hints, and took 0.32 times their own average response time. On attempt 2, the student answered correctly, used no hints, and took 1.90 times their own average response time. On attempt 3, the student answered correctly, used no hints, and took 1.14 times their own average response time. On attempt 4, the student answered incorrectly, used no hints, and took 0.95 times their own average response time.",overconfidence,FALSE,FALSE,,,,,,,
Q101,S2,"The student also shows tendencies of slipping, suggesting occasional lapses in attention or focus.",partial,1, the student's cumulative accuracy on this skill was 57%. On attempt 1, used no hints, and took 0.32 times their own average response time. On attempt 2, used no hints, and took 1.90 times their own average response time. On attempt 3, the student answered correctly, used no hints, and took 1.14 times their own average response time. On attempt 4, the student answered incorrectly, used no hints," and took 0.95 times their own average response time.""",slipping,FALSE,FALSE
Q005,S1,"The student demonstrated a strong engagement with the task, indicating they were actively working through challenges rather than relying solely on external guidance.",partial,1,['productive_struggle'],"['The student struggled with difficulty while using hints, but ultimately solved the problem through productive effort. productive_struggle is dominant (independent judgment is possible since a hint was used).']","The student struggled with difficulty while using hints, but ultimately solved the problem through productive effort. productive_struggle is dominant (independent judgment is possible since a hint was used).","The student is practicing the skill 'substitution'. Before these attempts, the student's cumulative accuracy on this skill was 14%. On attempt 1, the student answered incorrectly, used no hints, and took 0.39 times their own average response time. On attempt 2, the student answered incorrectly, used no hints, and took 0.39 times their own average response time. On attempt 3, the student answered incorrectly, used no hints, and took 0.57 times their own average response time. On attempt 4, the student answered correctly, used 1 hint, and took 0.44 times their own average response time.",productive_struggle,FALSE,FALSE,,,,,,,
Q005,S2,The use of hints suggests the student was attempting to solve problems independently but still required some level of support.,supported,1,['productive_struggle'],"['The student struggled with difficulty while using hints, but ultimately solved the problem through productive effort. productive_struggle is dominant (independent judgment is possible since a hint was used).']","The student struggled with difficulty while using hints, but ultimately solved the problem through productive effort. productive_struggle is dominant (independent judgment is possible since a hint was used).","The student is practicing the skill 'substitution'. Before these attempts, the student's cumulative accuracy on this skill was 14%. On attempt 1, the student answered incorrectly, used no hints, and took 0.39 times their own average response time. On attempt 2, the student answered incorrectly, used no hints, and took 0.39 times their own average response time. On attempt 3, the student answered incorrectly, used no hints, and took 0.57 times their own average response time. On attempt 4, the student answered correctly, used 1 hint, and took 0.44 times their own average response time.",productive_struggle,FALSE,FALSE,,,,,,,
Q005,S3,"This indicates a willingness to persist despite difficulties, showing a proactive approach to learning.",partial,1,['productive_struggle'],"['The student struggled with difficulty while using hints, but ultimately solved the problem through productive effort. productive_struggle is dominant (independent judgment is possible since a hint was used).']","The student struggled with difficulty while using hints, but ultimately solved the problem through productive effort. productive_struggle is dominant (independent judgment is possible since a hint was used).","The student is practicing the skill 'substitution'. Before these attempts, the student's cumulative accuracy on this skill was 14%. On attempt 1, the student answered incorrectly, used no hints, and took 0.39 times their own average response time. On attempt 2, the student answered incorrectly, used no hints, and took 0.39 times their own average response time. On attempt 3, the student answered incorrectly, used no hints, and took 0.57 times their own average response time. On attempt 4, the student answered correctly, used 1 hint, and took 0.44 times their own average response time.",productive_struggle,FALSE,FALSE,,,,,,,
Q021,S1,The student may have avoided engaging deeply with the problem-solving process.,supported,5,[],The student showed a tendency to avoid difficult problems or avoid asking for help.,[],cognitive_avoidance,TRUE,FALSE,,,,,,,,
Q021,S2,There appears to be a pattern of inconsistent performance during practice sessions.,unsupported,5,['slipping'],['The student made an unexpected mistake on content they had previously understood well.'],The student made an unexpected mistake on content they had previously understood well.,"The student is practicing the skill 'inequality-solving'. Before these attempts, the student's cumulative accuracy on this skill was 0%. On attempt 1, the student answered incorrectly, used no hints, and took 2.19 times their own average response time. On attempt 2, the student answered incorrectly, used no hints, and took 1.27 times their own average response time. On attempt 3, the student answered incorrectly, used no hints, and took 0.44 times their own average response time. On attempt 4, the student answered incorrectly, used 1 hint, and took 0.44 times their own average response time.",slipping,TRUE,FALSE,,,,,,,
Q125,S1,The student may have avoided engaging deeply with the task due to discomfort or uncertainty.,supported,1,['cognitive_avoidance'],['The student showed a tendency to avoid difficult problems or avoid asking for help.'],The student showed a tendency to avoid difficult problems or avoid asking for help.,"The student is practicing the skill 'point-plotting'. Before these attempts, the student's cumulative accuracy on this skill was 38%. On attempt 1, the student answered incorrectly, used 1 hint, and took 0.08 times their own average response time. On attempt 2, the student answered incorrectly, used 2 hints, and took 1.09 times their own average response time. On attempt 3, the student answered incorrectly, used 2 hints, and took 1.12 times their own average response time. On attempt 4, the student answered incorrectly, used 2 hints, and took 0.48 times their own average response time.",cognitive_avoidance,FALSE,FALSE,,,,,,,
Q125,S2,"There appears to be a noticeable inconsistency in performance, suggesting difficulty maintaining focus or accuracy.",unsupported,1,['slipping'],['The student made an unexpected mistake on content they had previously understood well.'],The student made an unexpected mistake on content they had previously understood well.,"The student is practicing the skill 'point-plotting'. Before these attempts, the student's cumulative accuracy on this skill was 38%. On attempt 1, the student answered incorrectly, used 1 hint, and took 0.08 times their own average response time. On attempt 2, the student answered incorrectly, used 2 hints, and took 1.09 times their own average response time. On attempt 3, the student answered incorrectly, used 2 hints, and took 1.12 times their own average response time. On attempt 4, the student answered incorrectly, used 2 hints, and took 0.48 times their own average response time.",slipping,FALSE,FALSE,,,,,,,
Q068,S1,"The student provided a correct response without seeking assistance, indicating some level of engagement with the problem.",partial,1,['confidence_triad'],"['The status of this indicator (confidence_triad) is AMBIGUOUS. The student answered correctly without using a hint, but the current data cannot structurally distinguish whether this reflects a correct answer despite low confidence (underconfidence), a correct answer after productive struggle (productive_struggle), or a lucky guess (lucky_guess). (Note: confidence is high, so the signal leans slightly toward productive struggle.)']","The status of this indicator (confidence_triad) is AMBIGUOUS. The student answered correctly without using a hint, but the current data cannot structurally distinguish whether this reflects a correct answer despite low confidence (underconfidence), a correct answer after productive struggle (productive_struggle), or a lucky guess (lucky_guess). (Note: confidence is high, so the signal leans slightly toward productive struggle.)","The student is practicing the skill 'unit-conversion'. Before these attempts, the student's cumulative accuracy on this skill was 50%. On attempt 1, the student answered correctly, used no hints, and took 9.41 times their own average response time. On attempt 2, the student answered incorrectly, used no hints, and took 1.03 times their own average response time. On attempt 3, the student answered correctly, used no hints, and took 0.34 times their own average response time.",confidence_triad,FALSE,FALSE,,,,,,,
Q068,S2,"This outcome could reflect either a successful resolution through effort or a chance occurrence, given the ambiguity in determining the exact nature of their approach.",unknown,1,['confidence_triad'],"['The status of this indicator (confidence_triad) is AMBIGUOUS. The student answered correctly without using a hint, but the current data cannot structurally distinguish whether this reflects a correct answer despite low confidence (underconfidence), a correct answer after productive struggle (productive_struggle), or a lucky guess (lucky_guess). (Note: confidence is high, so the signal leans slightly toward productive struggle.)']","The status of this indicator (confidence_triad) is AMBIGUOUS. The student answered correctly without using a hint, but the current data cannot structurally distinguish whether this reflects a correct answer despite low confidence (underconfidence), a correct answer after productive struggle (productive_struggle), or a lucky guess (lucky_guess). (Note: confidence is high, so the signal leans slightly toward productive struggle.)","The student is practicing the skill 'unit-conversion'. Before these attempts, the student's cumulative accuracy on this skill was 50%. On attempt 1, the student answered correctly, used no hints, and took 9.41 times their own average response time. On attempt 2, the student answered incorrectly, used no hints, and took 1.03 times their own average response time. On attempt 3, the student answered correctly, used no hints, and took 0.34 times their own average response time.",confidence_triad,FALSE,FALSE,,,,,,,
Q068,S3,"The presence of high confidence suggests a possible alignment with productive struggle, although this remains uncertain.",unsupported,1,['confidence_triad'],"['The status of this indicator (confidence_triad) is AMBIGUOUS. The student answered correctly without using a hint, but the current data cannot structurally distinguish whether this reflects a correct answer despite low confidence (underconfidence), a correct answer after productive struggle (productive_struggle), or a lucky guess (lucky_guess). (Note: confidence is high, so the signal leans slightly toward productive struggle.)']","The status of this indicator (confidence_triad) is AMBIGUOUS. The student answered correctly without using a hint, but the current data cannot structurally distinguish whether this reflects a correct answer despite low confidence (underconfidence), a correct answer after productive struggle (productive_struggle), or a lucky guess (lucky_guess). (Note: confidence is high, so the signal leans slightly toward productive struggle.)","The student is practicing the skill 'unit-conversion'. Before these attempts, the student's cumulative accuracy on this skill was 50%. On attempt 1, the student answered correctly, used no hints, and took 9.41 times their own average response time. On attempt 2, the student answered incorrectly, used no hints, and took 1.03 times their own average response time. On attempt 3, the student answered correctly, used no hints, and took 0.34 times their own average response time.",confidence_triad,FALSE,FALSE,,,,,,,
Q130,S1,The student exhibits signs of overconfidence.,partial,5,[],"The student showed excessive confidence, higher than their actual level of understanding warranted. ",[],overconfidence,TRUE,FALSE,,,,,,,,
Q130,S2,The student also shows indications of slipping.,unsupported,5,['slipping'],['The student made an unexpected mistake on content they had previously understood well. '],The student made an unexpected mistake on content they had previously understood well. ,"The student is practicing the skill 'noskill'. Before these attempts, the student's cumulative accuracy on this skill was 34%. On attempt 1, the student answered incorrectly, used no hints, and took 1.71 times their own average response time. On attempt 2, the student answered incorrectly, used no hints, and took 0.51 times their own average response time. On attempt 3, the student answered incorrectly, used 1 hint, and took 0.04 times their own average response time. On attempt 4, the student answered incorrectly, used 1 hint, and took 0.98 times their own average response time.",slipping,TRUE,FALSE,,,,,,,
Q106,S1,The student may have avoided engaging deeply with the task due to discomfort or uncertainty.,partial,1,['cognitive_avoidance'],['The student showed a tendency to avoid difficult problems or avoid asking for help.'],The student showed a tendency to avoid difficult problems or avoid asking for help.,"The student is practicing the skill 'point-plotting'. Before these attempts, the student's cumulative accuracy on this skill was 0%. On attempt 1, the student answered incorrectly, used no hints, and took 3.58 times their own average response time. On attempt 2, the student answered incorrectly, used 2 hints, and took 10.36 times their own average response time. On attempt 3, the student answered incorrectly, used no hints, and took 1.09 times their own average response time.",cognitive_avoidance,FALSE,FALSE,,,,,,,
Q106,S2,The behavior suggests a reluctance to confront challenging aspects of the skill being practiced.,unsupported,1,[],,[],,FALSE,FALSE,,,,,,,,
Q106,S3,The tendency indicates a possible lack of confidence in executing the step effectively.,supported,1,['cognitive_avoidance'],['The student showed a tendency to avoid difficult problems or avoid asking for help.'],The student showed a tendency to avoid difficult problems or avoid asking for help.,"The student is practicing the skill 'point-plotting'. Before these attempts, the student's cumulative accuracy on this skill was 0%. On attempt 1, the student answered incorrectly, used no hints, and took 3.58 times their own average response time. On attempt 2, the student answered incorrectly, used 2 hints, and took 10.36 times their own average response time. On attempt 3, the student answered incorrectly, used no hints, and took 1.09 times their own average response time.",cognitive_avoidance,FALSE,FALSE,,,,,,,
Q006,S1,The student exhibits signs of avoiding challenging tasks related to multiplying decimals.,unsupported,1,['cognitive_avoidance'],['The student showed a tendency to avoid difficult problems or avoid asking for help.'],The student showed a tendency to avoid difficult problems or avoid asking for help.,"The student is practicing the skill 'multiplying-decimals'. Before these attempts, the student's cumulative accuracy on this skill was 33%. On attempt 1, the student answered incorrectly, used no hints, and took 3.74 times their own average response time. On attempt 2, the student answered incorrectly, used no hints, and took 0.42 times their own average response time. On attempt 3, the student answered correctly, used no hints, and took 0.97 times their own average response time. On attempt 4, the student answered incorrectly, used no hints, and took 3.29 times their own average response time.",cognitive_avoidance,FALSE,FALSE,,,,,,,
Q006,S2,The student also shows unproductive frustration during the skill practice.,unsupported,1,['unproductive_frustration'],['The student experienced unproductive frustration amid repeated failures or difficulty.'],The student experienced unproductive frustration amid repeated failures or difficulty.,"The student is practicing the skill 'multiplying-decimals'. Before these attempts, the student's cumulative accuracy on this skill was 33%. On attempt 1, the student answered incorrectly, used no hints, and took 3.74 times their own average response time. On attempt 2, the student answered incorrectly, used no hints, and took 0.42 times their own average response time. On attempt 3, the student answered correctly, used no hints, and took 0.97 times their own average response time. On attempt 4, the student answered incorrectly, used no hints, and took 3.29 times their own average response time.",unproductive_frustration,FALSE,FALSE,,,,,,,
Q006,S3,This may indicate difficulty in engaging with the material.,supported,1,"['unproductive_frustration', 'cognitive_avoidance']","['The student experienced unproductive frustration amid repeated failures or difficulty.', 'The student showed a tendency to avoid difficult problems or avoid asking for help.']","The student experienced unproductive frustration amid repeated failures or difficulty.
The student showed a tendency to avoid difficult problems or avoid asking for help.","The student is practicing the skill 'multiplying-decimals'. Before these attempts, the student's cumulative accuracy on this skill was 33%. On attempt 1, the student answered incorrectly, used no hints, and took 3.74 times their own average response time. On attempt 2, the student answered incorrectly, used no hints, and took 0.42 times their own average response time. On attempt 3, the student answered correctly, used no hints, and took 0.97 times their own average response time. On attempt 4, the student answered incorrectly, used no hints, and took 3.29 times their own average response time.",,FALSE,FALSE,,,,,,,
Q115,S1,"The student exhibits signs of avoiding challenging tasks, indicating a possible reluctance to engage deeply with complex problems.",unsupported,1,['cognitive_avoidance'],['The student showed a tendency to avoid difficult problems or avoid asking for help.'],The student showed a tendency to avoid difficult problems or avoid asking for help.,"The student is practicing the skill 'algebraic-manipulation'. Before these attempts, the student's cumulative accuracy on this skill was 42%. On attempt 1, the student answered correctly, used no hints, and took 0.25 times their own average response time. On attempt 2, the student answered correctly, used no hints, and took 1.21 times their own average response time. On attempt 3, the student answered correctly, used no hints, and took 1.58 times their own average response time. On attempt 4, the student answered incorrectly, used no hints, and took 1.25 times their own average response time.",cognitive_avoidance,FALSE,FALSE,,,,,,,
Q115,S2,"The student also shows frustration that does not lead to effective problem-solving strategies, suggesting difficulty in managing emotional responses during task completion.",unsupported,1,['unproductive_frustration'],['The student experienced unproductive frustration amid repeated failures or difficulty.'],The student experienced unproductive frustration amid repeated failures or difficulty.,"The student is practicing the skill 'algebraic-manipulation'. Before these attempts, the student's cumulative accuracy on this skill was 42%. On attempt 1, the student answered correctly, used no hints, and took 0.25 times their own average response time. On attempt 2, the student answered correctly, used no hints, and took 1.21 times their own average response time. On attempt 3, the student answered correctly, used no hints, and took 1.58 times their own average response time. On attempt 4, the student answered incorrectly, used no hints, and took 1.25 times their own average response time.",unproductive_frustration,FALSE,FALSE,,,,,,,
