item_id,sentence_id,majority_tag,cited_indicators,indicator,is_core,is_negative_control,score,verifier,premise,,,,,,,
Q087,S1,unsupported,[],FALSE,FALSE,0.277099609,mDeBERTa-v3-base-mnli-xnli,fact,,,,,,,,
Q087,S2,unsupported,['productive_struggle'],productive_struggle,FALSE,FALSE,0.088378906,mDeBERTa-v3-base-mnli-xnli,fact,,,,,,,
Q087,S3,unsupported,[],FALSE,FALSE,0.045043945,mDeBERTa-v3-base-mnli-xnli,fact,,,,,,,,
Q099,S1,partial,['cognitive_avoidance'],cognitive_avoidance,FALSE,FALSE,0.001051903,mDeBERTa-v3-base-mnli-xnli,fact,,,,,,,
Q099,S2,partial,['cognitive_avoidance'],cognitive_avoidance,FALSE,FALSE,0.011367798,mDeBERTa-v3-base-mnli-xnli,fact,,,,,,,
Q099,S3,supported,['cognitive_avoidance'],cognitive_avoidance,FALSE,FALSE,0.985839844,mDeBERTa-v3-base-mnli-xnli,fact,,,,,,,
Q134,S1,supported,['overconfidence'],overconfidence,FALSE,FALSE,0.144897461,mDeBERTa-v3-base-mnli-xnli,fact,,,,,,,
Q134,S2,partial,['overconfidence'],overconfidence,FALSE,FALSE,0.963867188,mDeBERTa-v3-base-mnli-xnli,fact,,,,,,,
Q134,S3,partial,['overconfidence'],overconfidence,FALSE,FALSE,0.007534027,mDeBERTa-v3-base-mnli-xnli,fact,,,,,,,
Q054,S1,supported,['cognitive_avoidance'],cognitive_avoidance,FALSE,FALSE,0.099487305,mDeBERTa-v3-base-mnli-xnli,fact,,,,,,,
Q054,S2,partial,['slipping'],slipping,FALSE,FALSE,0.027801514,mDeBERTa-v3-base-mnli-xnli,fact,,,,,,,
Q054,S3,supported,['slipping'],slipping,FALSE,FALSE,0.00510025,mDeBERTa-v3-base-mnli-xnli,fact,,,,,,,
Q053,S1,supported,['confidence_triad'],confidence_triad,FALSE,FALSE,0.758789063,mDeBERTa-v3-base-mnli-xnli,fact,,,,,,,
Q053,S2,unsupported,[],FALSE,FALSE,0.020401001,mDeBERTa-v3-base-mnli-xnli,fact,,,,,,,,
Q053,S3,unsupported,['cognitive_avoidance'],cognitive_avoidance,FALSE,FALSE,0.84375,mDeBERTa-v3-base-mnli-xnli,fact,,,,,,,
Q028,S1,partial,['cognitive_avoidance'],cognitive_avoidance,FALSE,FALSE,0.997070313,mDeBERTa-v3-base-mnli-xnli,fact,,,,,,,
Q028,S2,supported,['slipping'],slipping,FALSE,FALSE,0.005958557,mDeBERTa-v3-base-mnli-xnli,fact,,,,,,,
Q014,S1,supported,['confidence_triad'],confidence_triad,TRUE,FALSE,0.845214844,mDeBERTa-v3-base-mnli-xnli,fact,,,,,,,
Q014,S2,partial,['confidence_triad'],confidence_triad,TRUE,FALSE,0.852050781,mDeBERTa-v3-base-mnli-xnli,fact,,,,,,,
Q014,S3,supported,['confidence_triad'],confidence_triad,TRUE,FALSE,0.984375,mDeBERTa-v3-base-mnli-xnli,fact,,,,,,,
Q136,S1,partial,['cognitive_avoidance'],cognitive_avoidance,FALSE,FALSE,0.099487305,mDeBERTa-v3-base-mnli-xnli,fact,,,,,,,
Q136,S2,partial,['slipping'],slipping,FALSE,FALSE,0.00535965,mDeBERTa-v3-base-mnli-xnli,fact,,,,,,,
Q136,S3,partial,['slipping'],slipping,FALSE,FALSE,0.005706787,mDeBERTa-v3-base-mnli-xnli,fact,,,,,,,
Q117,S1,supported,['overconfidence'],overconfidence,FALSE,FALSE,0.004810333,mDeBERTa-v3-base-mnli-xnli,fact,,,,,,,
Q117,S2,partial,['slipping'],slipping,FALSE,FALSE,0.010452271,mDeBERTa-v3-base-mnli-xnli,fact,,,,,,,
Q128,S1,unsupported,['productive_struggle'],productive_struggle,FALSE,FALSE,0.946289063,mDeBERTa-v3-base-mnli-xnli,fact,,,,,,,
Q128,S2,unsupported,['productive_struggle'],productive_struggle,FALSE,FALSE,0.329589844,mDeBERTa-v3-base-mnli-xnli,fact,,,,,,,
Q128,S3,unsupported,['productive_struggle'],productive_struggle,FALSE,FALSE,0.012115479,mDeBERTa-v3-base-mnli-xnli,fact,,,,,,,
Q075,S1,unsupported,['cognitive_avoidance'],cognitive_avoidance,TRUE,FALSE,0.3671875,mDeBERTa-v3-base-mnli-xnli,fact,,,,,,,
Q019,S1,supported,['overconfidence'],overconfidence,FALSE,FALSE,0.000492573,mDeBERTa-v3-base-mnli-xnli,fact,,,,,,,
Q019,S2,supported,['slipping'],slipping,FALSE,FALSE,0.003234863,mDeBERTa-v3-base-mnli-xnli,fact,,,,,,,
Q055,S1,supported,['cognitive_avoidance'],cognitive_avoidance,FALSE,FALSE,0.3671875,mDeBERTa-v3-base-mnli-xnli,fact,,,,,,,
Q055,S2,supported,['slipping'],slipping,FALSE,FALSE,0.269287109,mDeBERTa-v3-base-mnli-xnli,fact,,,,,,,
Q123,S1,partial,[],FALSE,FALSE,0.458251953,mDeBERTa-v3-base-mnli-xnli,fact,,,,,,,,
Q123,S2,unsupported,['cognitive_avoidance'],cognitive_avoidance,FALSE,FALSE,0.342529297,mDeBERTa-v3-base-mnli-xnli,fact,,,,,,,
Q123,S3,partial,['cognitive_avoidance'],cognitive_avoidance,FALSE,FALSE,0.023590088,mDeBERTa-v3-base-mnli-xnli,fact,,,,,,,
Q037,S1,unsupported,['overconfidence'],overconfidence,TRUE,FALSE,0.007507324,mDeBERTa-v3-base-mnli-xnli,fact,,,,,,,
Q037,S2,unsupported,['overconfidence'],overconfidence,TRUE,FALSE,0.003105164,mDeBERTa-v3-base-mnli-xnli,fact,,,,,,,
Q037,S3,unsupported,['overconfidence'],overconfidence,TRUE,FALSE,0.419677734,mDeBERTa-v3-base-mnli-xnli,fact,,,,,,,
Q037,S4,unsupported,['overconfidence'],overconfidence,TRUE,FALSE,0.000630856,mDeBERTa-v3-base-mnli-xnli,fact,,,,,,,
Q091,S1,unsupported,['cognitive_avoidance'],cognitive_avoidance,FALSE,FALSE,0.993652344,mDeBERTa-v3-base-mnli-xnli,fact,,,,,,,
Q091,S2,unsupported,[],FALSE,FALSE,0.811035156,mDeBERTa-v3-base-mnli-xnli,fact,,,,,,,,
Q131,S1,supported,['overconfidence'],overconfidence,FALSE,FALSE,0.000914097,mDeBERTa-v3-base-mnli-xnli,fact,,,,,,,
Q131,S2,supported,['overconfidence'],overconfidence,FALSE,FALSE,0.001234055,mDeBERTa-v3-base-mnli-xnli,fact,,,,,,,
Q131,S3,unsupported,['unproductive_frustration'],unproductive_frustration,FALSE,FALSE,0.272216797,mDeBERTa-v3-base-mnli-xnli,fact,,,,,,,
Q031,S1,unsupported,['cognitive_avoidance'],cognitive_avoidance,FALSE,FALSE,0.958496094,mDeBERTa-v3-base-mnli-xnli,fact,,,,,,,
Q031,S2,partial,['cognitive_avoidance'],cognitive_avoidance,FALSE,FALSE,0.953613281,mDeBERTa-v3-base-mnli-xnli,fact,,,,,,,
Q098,S1,unsupported,['cognitive_avoidance'],cognitive_avoidance,FALSE,FALSE,0.922363281,mDeBERTa-v3-base-mnli-xnli,fact,,,,,,,
Q098,S2,partial,['slipping'],slipping,FALSE,FALSE,0.051574707,mDeBERTa-v3-base-mnli-xnli,fact,,,,,,,
Q098,S3,partial,['slipping'],slipping,FALSE,FALSE,0.002105713,mDeBERTa-v3-base-mnli-xnli,fact,,,,,,,
Q076,S1,unsupported,['cognitive_avoidance'],cognitive_avoidance,TRUE,FALSE,0.081970215,mDeBERTa-v3-base-mnli-xnli,fact,,,,,,,
Q076,S2,partial,['slipping'],slipping,TRUE,FALSE,0.004512787,mDeBERTa-v3-base-mnli-xnli,fact,,,,,,,
Q076,S3,unsupported,"['cognitive_avoidance', 'slipping']",,TRUE,FALSE,0.003662109,mDeBERTa-v3-base-mnli-xnli,fact,,,,,,,
Q081,S1,unsupported,['unproductive_frustration'],unproductive_frustration,TRUE,FALSE,0.98828125,mDeBERTa-v3-base-mnli-xnli,fact,,,,,,,
Q081,S2,unsupported,['unproductive_frustration'],unproductive_frustration,TRUE,FALSE,0.001229286,mDeBERTa-v3-base-mnli-xnli,fact,,,,,,,
Q081,S3,supported,[],TRUE,FALSE,0.003482819,mDeBERTa-v3-base-mnli-xnli,fact,,,,,,,,
Q079,S1,unsupported,['cognitive_avoidance'],cognitive_avoidance,FALSE,FALSE,0.026016235,mDeBERTa-v3-base-mnli-xnli,fact,,,,,,,
Q079,S2,unsupported,['cognitive_avoidance'],cognitive_avoidance,FALSE,FALSE,0.008468628,mDeBERTa-v3-base-mnli-xnli,fact,,,,,,,
Q094,S1,unsupported,['productive_struggle'],productive_struggle,TRUE,FALSE,0.383056641,mDeBERTa-v3-base-mnli-xnli,fact,,,,,,,
Q085,S1,unsupported,['overconfidence'],overconfidence,FALSE,FALSE,0.94921875,mDeBERTa-v3-base-mnli-xnli,fact,,,,,,,
Q085,S2,unsupported,['slipping'],slipping,FALSE,FALSE,0.004138947,mDeBERTa-v3-base-mnli-xnli,fact,,,,,,,
Q113,S1,supported,['cognitive_avoidance'],cognitive_avoidance,TRUE,FALSE,0.926757813,mDeBERTa-v3-base-mnli-xnli,fact,,,,,,,
Q113,S2,supported,['slipping'],slipping,TRUE,FALSE,0.020675659,mDeBERTa-v3-base-mnli-xnli,fact,,,,,,,
Q113,S3,unsupported,['slipping'],slipping,TRUE,FALSE,0.003093719,mDeBERTa-v3-base-mnli-xnli,fact,,,,,,,
Q105,S1,unsupported,['cognitive_avoidance'],cognitive_avoidance,FALSE,FALSE,0.922363281,mDeBERTa-v3-base-mnli-xnli,fact,,,,,,,
Q105,S2,partial,['slipping'],slipping,FALSE,FALSE,0.027420044,mDeBERTa-v3-base-mnli-xnli,fact,,,,,,,
Q016,S1,unsupported,['unproductive_frustration'],unproductive_frustration,FALSE,FALSE,0.9609375,mDeBERTa-v3-base-mnli-xnli,fact,,,,,,,
Q016,S2,unsupported,['unproductive_frustration'],unproductive_frustration,FALSE,FALSE,0.013977051,mDeBERTa-v3-base-mnli-xnli,fact,,,,,,,
Q016,S3,unsupported,['unproductive_frustration'],unproductive_frustration,FALSE,FALSE,0.001979828,mDeBERTa-v3-base-mnli-xnli,fact,,,,,,,
Q135,S1,supported,['confidence_triad'],confidence_triad,FALSE,FALSE,0.389404297,mDeBERTa-v3-base-mnli-xnli,fact,,,,,,,
Q135,S2,supported,['confidence_triad'],confidence_triad,FALSE,FALSE,0.670898438,mDeBERTa-v3-base-mnli-xnli,fact,,,,,,,
Q135,S3,supported,['confidence_triad'],confidence_triad,FALSE,FALSE,0.157226563,mDeBERTa-v3-base-mnli-xnli,fact,,,,,,,
Q013,S1,supported,['overconfidence'],overconfidence,TRUE,FALSE,0.075561523,mDeBERTa-v3-base-mnli-xnli,fact,,,,,,,
Q013,S2,unsupported,['unproductive_frustration'],unproductive_frustration,TRUE,FALSE,0.00261879,mDeBERTa-v3-base-mnli-xnli,fact,,,,,,,
Q013,S3,unsupported,['slipping'],slipping,TRUE,FALSE,0.004062653,mDeBERTa-v3-base-mnli-xnli,fact,,,,,,,
Q044,S1,supported,['cognitive_avoidance'],cognitive_avoidance,FALSE,FALSE,0.922363281,mDeBERTa-v3-base-mnli-xnli,fact,,,,,,,
Q044,S2,supported,['slipping'],slipping,FALSE,FALSE,0.024490356,mDeBERTa-v3-base-mnli-xnli,fact,,,,,,,
Q044,S3,supported,['slipping'],slipping,FALSE,FALSE,0.002105713,mDeBERTa-v3-base-mnli-xnli,fact,,,,,,,
Q059,S1,supported,['overconfidence'],overconfidence,FALSE,FALSE,0.075561523,mDeBERTa-v3-base-mnli-xnli,fact,,,,,,,
Q059,S2,unsupported,['unproductive_frustration'],unproductive_frustration,FALSE,FALSE,0.00261879,mDeBERTa-v3-base-mnli-xnli,fact,,,,,,,
Q059,S3,unsupported,['slipping'],slipping,FALSE,FALSE,0.004062653,mDeBERTa-v3-base-mnli-xnli,fact,,,,,,,
Q089,S1,supported,['overconfidence'],overconfidence,FALSE,FALSE,0.244262695,mDeBERTa-v3-base-mnli-xnli,fact,,,,,,,
Q089,S2,partial,['slipping'],slipping,FALSE,FALSE,0.005355835,mDeBERTa-v3-base-mnli-xnli,fact,,,,,,,
Q045,S1,unsupported,['overconfidence'],overconfidence,TRUE,FALSE,0.001767159,mDeBERTa-v3-base-mnli-xnli,fact,,,,,,,
Q045,S2,unsupported,['unproductive_frustration'],unproductive_frustration,TRUE,FALSE,0.023895264,mDeBERTa-v3-base-mnli-xnli,fact,,,,,,,
Q082,S1,partial,['confidence_triad'],confidence_triad,FALSE,FALSE,0.525878906,mDeBERTa-v3-base-mnli-xnli,fact,,,,,,,
Q082,S2,unsupported,['confidence_triad'],confidence_triad,FALSE,FALSE,0.516113281,mDeBERTa-v3-base-mnli-xnli,fact,,,,,,,
Q082,S3,supported,['confidence_triad'],confidence_triad,FALSE,FALSE,0.951660156,mDeBERTa-v3-base-mnli-xnli,fact,,,,,,,
Q069,S1,unsupported,['overconfidence'],overconfidence,FALSE,FALSE,0.075561523,mDeBERTa-v3-base-mnli-xnli,fact,,,,,,,
Q069,S2,supported,['unproductive_frustration'],unproductive_frustration,FALSE,FALSE,0.015510559,mDeBERTa-v3-base-mnli-xnli,fact,,,,,,,
Q069,S3,unsupported,['overconfidence'],overconfidence,FALSE,FALSE,0.001304626,mDeBERTa-v3-base-mnli-xnli,fact,,,,,,,
Q025,S1,supported,['unproductive_frustration'],unproductive_frustration,FALSE,FALSE,0.9609375,mDeBERTa-v3-base-mnli-xnli,fact,,,,,,,
Q025,S2,supported,['unproductive_frustration'],unproductive_frustration,FALSE,FALSE,0.004547119,mDeBERTa-v3-base-mnli-xnli,fact,,,,,,,
Q051,S1,unsupported,['cognitive_avoidance'],cognitive_avoidance,TRUE,FALSE,0.958496094,mDeBERTa-v3-base-mnli-xnli,fact,,,,,,,
Q051,S2,unsupported,['cognitive_avoidance'],cognitive_avoidance,TRUE,FALSE,0.954101563,mDeBERTa-v3-base-mnli-xnli,fact,,,,,,,
Q051,S3,unsupported,['cognitive_avoidance'],cognitive_avoidance,TRUE,FALSE,0.023986816,mDeBERTa-v3-base-mnli-xnli,fact,,,,,,,
Q137,S1,unsupported,['cognitive_avoidance'],cognitive_avoidance,FALSE,FALSE,0.00180912,mDeBERTa-v3-base-mnli-xnli,fact,,,,,,,
Q137,S2,supported,['slipping'],slipping,FALSE,FALSE,0.002075195,mDeBERTa-v3-base-mnli-xnli,fact,,,,,,,
Q095,S1,partial,['productive_struggle'],productive_struggle,FALSE,FALSE,0.274658203,mDeBERTa-v3-base-mnli-xnli,fact,,,,,,,
Q095,S2,partial,['cognitive_avoidance'],cognitive_avoidance,FALSE,FALSE,0.065246582,mDeBERTa-v3-base-mnli-xnli,fact,,,,,,,
Q095,S3,supported,"['productive_struggle', 'cognitive_avoidance']",,FALSE,FALSE,0.024703979,mDeBERTa-v3-base-mnli-xnli,fact,,,,,,,
Q033,S1,partial,['cognitive_avoidance'],cognitive_avoidance,FALSE,FALSE,0.958496094,mDeBERTa-v3-base-mnli-xnli,fact,,,,,,,
Q114,S1,partial, the student's cumulative accuracy on this skill was 23%. On attempt 1, and took 0.03 times their own average response time. On attempt 3, the student answered correctly, used 1 hint, and took 1.04 times their own average response time. On attempt 4, the student answered incorrectly, used no hints,TRUE,FALSE,0.997070313,mDeBERTa-v3-base-mnli-xnli,fact,,
Q114,S2,partial,['slipping'],slipping,TRUE,FALSE,0.005958557,mDeBERTa-v3-base-mnli-xnli,fact,,,,,,,
Q086,S1,partial, the student's cumulative accuracy on this skill was 33%. On attempt 1, and took 3.14 times their own average response time. On attempt 3, the student answered incorrectly, used no hints, and took 3.14 times their own average response time. On attempt 4, the student answered incorrectly, used no hints,TRUE,FALSE,0.993652344,mDeBERTa-v3-base-mnli-xnli,fact,,
Q086,S2,unsupported,['unproductive_frustration'],unproductive_frustration,TRUE,FALSE,0.018203735,mDeBERTa-v3-base-mnli-xnli,fact,,,,,,,
Q032,S1,supported,['overconfidence'],overconfidence,FALSE,FALSE,0.000863552,mDeBERTa-v3-base-mnli-xnli,fact,,,,,,,
Q032,S2,supported,['overconfidence'],overconfidence,FALSE,FALSE,0.029373169,mDeBERTa-v3-base-mnli-xnli,fact,,,,,,,
Q032,S3,unknown,['overconfidence'],overconfidence,FALSE,FALSE,0.559082031,mDeBERTa-v3-base-mnli-xnli,fact,,,,,,,
Q129,S1,supported,['overconfidence'],overconfidence,FALSE,FALSE,0.735839844,mDeBERTa-v3-base-mnli-xnli,fact,,,,,,,
Q129,S2,partial,['overconfidence'],overconfidence,FALSE,FALSE,0.001447678,mDeBERTa-v3-base-mnli-xnli,fact,,,,,,,
Q129,S3,unsupported,['overconfidence'],overconfidence,FALSE,FALSE,0.260009766,mDeBERTa-v3-base-mnli-xnli,fact,,,,,,,
Q034,S1,unsupported,[],FALSE,FALSE,0.000971317,mDeBERTa-v3-base-mnli-xnli,fact,,,,,,,,
Q034,S2,partial,['unproductive_frustration'],unproductive_frustration,FALSE,FALSE,0.001078606,mDeBERTa-v3-base-mnli-xnli,fact,,,,,,,
Q121,S1,partial,['unproductive_frustration'],unproductive_frustration,FALSE,FALSE,0.9609375,mDeBERTa-v3-base-mnli-xnli,fact,,,,,,,
Q121,S2,partial,['unproductive_frustration'],unproductive_frustration,FALSE,FALSE,0.004760742,mDeBERTa-v3-base-mnli-xnli,fact,,,,,,,
Q111,S1,supported,['overconfidence'],overconfidence,FALSE,FALSE,0.169799805,mDeBERTa-v3-base-mnli-xnli,fact,,,,,,,
Q111,S2,supported,['overconfidence'],overconfidence,FALSE,FALSE,0.963867188,mDeBERTa-v3-base-mnli-xnli,fact,,,,,,,
Q111,S3,supported,['overconfidence'],overconfidence,FALSE,FALSE,0.007534027,mDeBERTa-v3-base-mnli-xnli,fact,,,,,,,
Q112,S1,partial,['cognitive_avoidance'],cognitive_avoidance,TRUE,FALSE,0.3671875,mDeBERTa-v3-base-mnli-xnli,fact,,,,,,,
Q112,S2,supported,['slipping'],slipping,TRUE,FALSE,0.058258057,mDeBERTa-v3-base-mnli-xnli,fact,,,,,,,
Q130,S1,partial,[],TRUE,FALSE,0.993164063,mDeBERTa-v3-base-mnli-xnli,fact,,,,,,,,
Q130,S2,unsupported,['slipping'],slipping,TRUE,FALSE,0.002765656,mDeBERTa-v3-base-mnli-xnli,fact,,,,,,,
Q039,S1,unsupported,['productive_struggle'],productive_struggle,TRUE,FALSE,0.514160156,mDeBERTa-v3-base-mnli-xnli,fact,,,,,,,
Q057,S1,supported,['cognitive_avoidance'],cognitive_avoidance,TRUE,FALSE,0.3671875,mDeBERTa-v3-base-mnli-xnli,fact,,,,,,,
Q043,S1,supported,['productive_struggle'],productive_struggle,FALSE,FALSE,0.611328125,mDeBERTa-v3-base-mnli-xnli,fact,,,,,,,
Q043,S2,supported,['cognitive_avoidance'],cognitive_avoidance,FALSE,FALSE,0.024963379,mDeBERTa-v3-base-mnli-xnli,fact,,,,,,,
Q043,S3,supported,"['cognitive_avoidance', 'productive_struggle']",,FALSE,FALSE,0.038299561,mDeBERTa-v3-base-mnli-xnli,fact,,,,,,,
Q006,S1,unsupported,['cognitive_avoidance'],cognitive_avoidance,FALSE,FALSE,0.00052309,mDeBERTa-v3-base-mnli-xnli,fact,,,,,,,
Q006,S2,unsupported,['unproductive_frustration'],unproductive_frustration,FALSE,FALSE,0.000657082,mDeBERTa-v3-base-mnli-xnli,fact,,,,,,,
Q006,S3,supported,"['unproductive_frustration', 'cognitive_avoidance']",,FALSE,FALSE,0.005249023,mDeBERTa-v3-base-mnli-xnli,fact,,,,,,,
Q001,S1,unsupported,['cognitive_avoidance'],cognitive_avoidance,FALSE,FALSE,0.922363281,mDeBERTa-v3-base-mnli-xnli,fact,,,,,,,
Q001,S2,partial,['slipping'],slipping,FALSE,FALSE,0.014533997,mDeBERTa-v3-base-mnli-xnli,fact,,,,,,,
Q001,S3,unknown,"['cognitive_avoidance', 'slipping']",,FALSE,FALSE,0.002542496,mDeBERTa-v3-base-mnli-xnli,fact,,,,,,,
Q116,S1,unsupported,[],TRUE,FALSE,0.3671875,mDeBERTa-v3-base-mnli-xnli,fact,,,,,,,,
Q116,S2,unsupported,['cognitive_avoidance'],cognitive_avoidance,TRUE,FALSE,0.682128906,mDeBERTa-v3-base-mnli-xnli,fact,,,,,,,
Q048,S1,partial,['productive_struggle'],productive_struggle,FALSE,FALSE,0.274658203,mDeBERTa-v3-base-mnli-xnli,fact,,,,,,,
Q048,S2,unsupported,['cognitive_avoidance'],cognitive_avoidance,FALSE,FALSE,0.065246582,mDeBERTa-v3-base-mnli-xnli,fact,,,,,,,
Q048,S3,unsupported,"['cognitive_avoidance', 'productive_struggle']",,FALSE,FALSE,0.024703979,mDeBERTa-v3-base-mnli-xnli,fact,,,,,,,
Q073,S1,partial,['confidence_triad'],confidence_triad,FALSE,FALSE,0.965820313,mDeBERTa-v3-base-mnli-xnli,fact,,,,,,,
Q073,S2,supported,['confidence_triad'],confidence_triad,FALSE,FALSE,0.629882813,mDeBERTa-v3-base-mnli-xnli,fact,,,,,,,
Q073,S3,unsupported,['confidence_triad'],confidence_triad,FALSE,FALSE,0.979980469,mDeBERTa-v3-base-mnli-xnli,fact,,,,,,,
Q003,S1,unsupported,['cognitive_avoidance'],cognitive_avoidance,FALSE,FALSE,0.003406525,mDeBERTa-v3-base-mnli-xnli,fact,,,,,,,
Q003,S2,partial,['confidence_triad'],confidence_triad,FALSE,FALSE,0.973632813,mDeBERTa-v3-base-mnli-xnli,fact,,,,,,,
Q003,S3,unsupported,['confidence_triad'],confidence_triad,FALSE,FALSE,0.421386719,mDeBERTa-v3-base-mnli-xnli,fact,,,,,,,
Q011,S1,unsupported,['unproductive_frustration'],unproductive_frustration,FALSE,FALSE,0.9609375,mDeBERTa-v3-base-mnli-xnli,fact,,,,,,,
Q011,S2,unsupported,['unproductive_frustration'],unproductive_frustration,FALSE,FALSE,0.067871094,mDeBERTa-v3-base-mnli-xnli,fact,,,,,,,
Q011,S3,partial,['unproductive_frustration'],unproductive_frustration,FALSE,FALSE,0.003252029,mDeBERTa-v3-base-mnli-xnli,fact,,,,,,,
Q090,S1,unsupported, the student's cumulative accuracy on this skill was 17%. On attempt 1, and took 3.20 times their own average response time. On attempt 3, the student answered correctly, used no hints, and took 0.44 times their own average response time. On attempt 4, the student answered incorrectly, used no hints,FALSE,FALSE,0.081970215,mDeBERTa-v3-base-mnli-xnli,fact,,
Q090,S2,unsupported,['slipping'],slipping,FALSE,FALSE,0.022445679,mDeBERTa-v3-base-mnli-xnli,fact,,,,,,,
Q103,S1,supported,['overconfidence'],overconfidence,FALSE,FALSE,0.005554199,mDeBERTa-v3-base-mnli-xnli,fact,,,,,,,
Q103,S2,supported,['overconfidence'],overconfidence,FALSE,FALSE,0.807128906,mDeBERTa-v3-base-mnli-xnli,fact,,,,,,,
Q103,S3,partial,['overconfidence'],overconfidence,FALSE,FALSE,0.028396606,mDeBERTa-v3-base-mnli-xnli,fact,,,,,,,
Q040,S1,supported,['confidence_triad'],confidence_triad,FALSE,FALSE,0.991210938,mDeBERTa-v3-base-mnli-xnli,fact,,,,,,,
Q040,S2,unsupported,['confidence_triad'],confidence_triad,FALSE,FALSE,0.10168457,mDeBERTa-v3-base-mnli-xnli,fact,,,,,,,
Q077,S1,partial,['overconfidence'],overconfidence,FALSE,FALSE,0.993164063,mDeBERTa-v3-base-mnli-xnli,fact,,,,,,,
Q077,S2,supported,['slipping'],slipping,FALSE,FALSE,0.002765656,mDeBERTa-v3-base-mnli-xnli,fact,,,,,,,
Q133,S1,unsupported,['productive_struggle'],productive_struggle,TRUE,FALSE,0.125,mDeBERTa-v3-base-mnli-xnli,fact,,,,,,,
Q133,S2,unsupported,['cognitive_avoidance'],cognitive_avoidance,TRUE,FALSE,0.137939453,mDeBERTa-v3-base-mnli-xnli,fact,,,,,,,
Q125,S1,supported,['cognitive_avoidance'],cognitive_avoidance,FALSE,FALSE,0.024307251,mDeBERTa-v3-base-mnli-xnli,fact,,,,,,,
Q125,S2,unsupported,['slipping'],slipping,FALSE,FALSE,0.030059814,mDeBERTa-v3-base-mnli-xnli,fact,,,,,,,
Q126,S1,unsupported,['cognitive_avoidance'],cognitive_avoidance,FALSE,FALSE,0.122497559,mDeBERTa-v3-base-mnli-xnli,fact,,,,,,,
Q126,S2,unsupported,['unproductive_frustration'],unproductive_frustration,FALSE,FALSE,0.01385498,mDeBERTa-v3-base-mnli-xnli,fact,,,,,,,
Q104,S1,unsupported, the student's cumulative accuracy on this skill was 60%. On attempt 1, and took 2.87 times their own average response time. On attempt 3, the student answered correctly, used no hints, and took 0.58 times their own average response time. On attempt 4, the student answered incorrectly, used no hints,TRUE,FALSE,0.047576904,mDeBERTa-v3-base-mnli-xnli,fact,,
Q104,S2,supported,['slipping'],slipping,TRUE,FALSE,0.00604248,mDeBERTa-v3-base-mnli-xnli,fact,,,,,,,
Q104,S3,supported,"['cognitive_avoidance', 'slipping']",,TRUE,FALSE,0.003662109,mDeBERTa-v3-base-mnli-xnli,fact,,,,,,,
Q093,S1,supported,['cognitive_avoidance'],cognitive_avoidance,TRUE,FALSE,0.094177246,mDeBERTa-v3-base-mnli-xnli,fact,,,,,,,
Q093,S3,supported,['cognitive_avoidance'],cognitive_avoidance,TRUE,FALSE,0.957519531,mDeBERTa-v3-base-mnli-xnli,fact,,,,,,,
Q017,S1,supported,['overconfidence'],overconfidence,FALSE,FALSE,0.94921875,mDeBERTa-v3-base-mnli-xnli,fact,,,,,,,
Q017,S2,supported,['slipping'],slipping,FALSE,FALSE,0.003446579,mDeBERTa-v3-base-mnli-xnli,fact,,,,,,,
Q141,S1,supported,['cognitive_avoidance'],cognitive_avoidance,FALSE,FALSE,0.047576904,mDeBERTa-v3-base-mnli-xnli,fact,,,,,,,
Q141,S2,supported,['slipping'],slipping,FALSE,FALSE,0.00604248,mDeBERTa-v3-base-mnli-xnli,fact,,,,,,,
Q141,S3,supported,"['cognitive_avoidance', 'slipping']",,FALSE,FALSE,0.003662109,mDeBERTa-v3-base-mnli-xnli,fact,,,,,,,
Q097,S1,unsupported,['cognitive_avoidance'],cognitive_avoidance,FALSE,FALSE,0.853027344,mDeBERTa-v3-base-mnli-xnli,fact,,,,,,,
Q097,S2,unknown,['unproductive_frustration'],unproductive_frustration,FALSE,FALSE,0.004825592,mDeBERTa-v3-base-mnli-xnli,fact,,,,,,,
Q061,S1,unsupported,['cognitive_avoidance'],cognitive_avoidance,FALSE,FALSE,0.000651836,mDeBERTa-v3-base-mnli-xnli,fact,,,,,,,
Q061,S3,supported,['cognitive_avoidance'],cognitive_avoidance,FALSE,FALSE,0.003885269,mDeBERTa-v3-base-mnli-xnli,fact,,,,,,,
Q038,S1,unsupported, the student's cumulative accuracy on this skill was 86%. On attempt 1, and took 0.46 times their own average response time. On attempt 3, the student answered correctly, used no hints, and took 0.93 times their own average response time. On attempt 4, the student answered incorrectly, used no hints,FALSE,FALSE,0.000641823,mDeBERTa-v3-base-mnli-xnli,fact,,
Q038,S2,unsupported,['unproductive_frustration'],unproductive_frustration,FALSE,FALSE,0.618164063,mDeBERTa-v3-base-mnli-xnli,fact,,,,,,,
Q030,S1,partial, the student's cumulative accuracy on this skill was 0%. On attempt 1, and took 0.22 times their own average response time. On attempt 3, the student answered incorrectly, used 3 hints, and took 0.10 times their own average response time. On attempt 4, the student answered incorrectly, used 4 hints,FALSE,FALSE,0.9609375,mDeBERTa-v3-base-mnli-xnli,fact,,
Q030,S2,supported,['unproductive_frustration'],unproductive_frustration,FALSE,FALSE,0.004547119,mDeBERTa-v3-base-mnli-xnli,fact,,,,,,,
Q050,S1,unsupported,['overconfidence'],overconfidence,TRUE,FALSE,0.735839844,mDeBERTa-v3-base-mnli-xnli,fact,,,,,,,
Q050,S2,unsupported,['overconfidence'],overconfidence,TRUE,FALSE,0.001104355,mDeBERTa-v3-base-mnli-xnli,fact,,,,,,,
Q050,S3,unsupported,['overconfidence'],overconfidence,TRUE,FALSE,0.260009766,mDeBERTa-v3-base-mnli-xnli,fact,,,,,,,
Q139,S1,partial,['overconfidence'],overconfidence,TRUE,FALSE,0.857421875,mDeBERTa-v3-base-mnli-xnli,fact,,,,,,,
Q139,S2,partial,['unproductive_frustration'],unproductive_frustration,TRUE,FALSE,0.001941681,mDeBERTa-v3-base-mnli-xnli,fact,,,,,,,
Q139,S3,unsupported,['slipping'],slipping,TRUE,FALSE,0.006816864,mDeBERTa-v3-base-mnli-xnli,fact,,,,,,,
Q022,S1,unsupported,[],TRUE,FALSE,0.003696442,mDeBERTa-v3-base-mnli-xnli,fact,,,,,,,,
Q022,S2,partial,[],TRUE,FALSE,0.009399414,mDeBERTa-v3-base-mnli-xnli,fact,,,,,,,,
Q022,S3,supported,[],TRUE,FALSE,0.004573822,mDeBERTa-v3-base-mnli-xnli,fact,,,,,,,,
Q005,S1,partial,['productive_struggle'],productive_struggle,FALSE,FALSE,0.780761719,mDeBERTa-v3-base-mnli-xnli,fact,,,,,,,
Q005,S2,supported,['productive_struggle'],productive_struggle,FALSE,FALSE,0.098327637,mDeBERTa-v3-base-mnli-xnli,fact,,,,,,,
Q005,S3,partial,['productive_struggle'],productive_struggle,FALSE,FALSE,0.215942383,mDeBERTa-v3-base-mnli-xnli,fact,,,,,,,
Q067,S1,unsupported,['productive_struggle'],productive_struggle,FALSE,FALSE,0.293457031,mDeBERTa-v3-base-mnli-xnli,fact,,,,,,,
Q067,S2,unsupported, the student's cumulative accuracy on this skill was 43%. On attempt 1, and took 0.20 times their own average response time. On attempt 3, the student answered correctly, used no hints, and took 0.10 times their own average response time. On attempt 4, the student answered correctly, used 2 hints,FALSE,FALSE,0.065246582,mDeBERTa-v3-base-mnli-xnli,fact,,
Q067,S3,unsupported,"['cognitive_avoidance', 'productive_struggle']",,FALSE,FALSE,0.024703979,mDeBERTa-v3-base-mnli-xnli,fact,,,,,,,
Q041,S1,supported,['confidence_triad'],confidence_triad,FALSE,FALSE,0.506835938,mDeBERTa-v3-base-mnli-xnli,fact,,,,,,,
Q041,S2,supported,['confidence_triad'],confidence_triad,FALSE,FALSE,0.370605469,mDeBERTa-v3-base-mnli-xnli,fact,,,,,,,
Q041,S3,unsupported,['confidence_triad'],confidence_triad,FALSE,FALSE,0.902832031,mDeBERTa-v3-base-mnli-xnli,fact,,,,,,,
Q070,S1,partial,['cognitive_avoidance'],cognitive_avoidance,FALSE,FALSE,0.099487305,mDeBERTa-v3-base-mnli-xnli,fact,,,,,,,
Q070,S2,partial,['slipping'],slipping,FALSE,FALSE,0.019287109,mDeBERTa-v3-base-mnli-xnli,fact,,,,,,,
Q070,S3,unknown,[],FALSE,FALSE,0.015007019,mDeBERTa-v3-base-mnli-xnli,fact,,,,,,,,
Q088,S1,unsupported,['productive_struggle'],productive_struggle,FALSE,FALSE,0.946289063,mDeBERTa-v3-base-mnli-xnli,fact,,,,,,,
Q088,S2,unsupported,['productive_struggle'],productive_struggle,FALSE,FALSE,0.329589844,mDeBERTa-v3-base-mnli-xnli,fact,,,,,,,
Q088,S3,partial,['productive_struggle'],productive_struggle,FALSE,FALSE,0.174316406,mDeBERTa-v3-base-mnli-xnli,fact,,,,,,,
Q035,S1,supported,['confidence_triad'],confidence_triad,TRUE,FALSE,0.506835938,mDeBERTa-v3-base-mnli-xnli,fact,,,,,,,
Q035,S2,supported,['confidence_triad'],confidence_triad,TRUE,FALSE,0.370605469,mDeBERTa-v3-base-mnli-xnli,fact,,,,,,,
Q035,S3,unsupported,['confidence_triad'],confidence_triad,TRUE,FALSE,0.902832031,mDeBERTa-v3-base-mnli-xnli,fact,,,,,,,
Q108,S1,partial,['productive_struggle'],productive_struggle,TRUE,FALSE,0.274658203,mDeBERTa-v3-base-mnli-xnli,fact,,,,,,,
Q108,S2,unsupported,['cognitive_avoidance'],cognitive_avoidance,TRUE,FALSE,0.003730774,mDeBERTa-v3-base-mnli-xnli,fact,,,,,,,
Q108,S3,supported,"['cognitive_avoidance', 'productive_struggle']",,TRUE,FALSE,0.032684326,mDeBERTa-v3-base-mnli-xnli,fact,,,,,,,
Q122,S1,unsupported,['cognitive_avoidance'],cognitive_avoidance,FALSE,FALSE,0.958496094,mDeBERTa-v3-base-mnli-xnli,fact,,,,,,,
Q122,S3,supported,['cognitive_avoidance'],cognitive_avoidance,FALSE,FALSE,0.170166016,mDeBERTa-v3-base-mnli-xnli,fact,,,,,,,
Q018,S1,unsupported,['confidence_triad'],confidence_triad,FALSE,FALSE,0.370361328,mDeBERTa-v3-base-mnli-xnli,fact,,,,,,,
Q018,S2,unsupported,['confidence_triad'],confidence_triad,FALSE,FALSE,0.014030457,mDeBERTa-v3-base-mnli-xnli,fact,,,,,,,
Q018,S3,unsupported,['confidence_triad'],confidence_triad,FALSE,FALSE,0.899902344,mDeBERTa-v3-base-mnli-xnli,fact,,,,,,,
Q115,S1,unsupported,['cognitive_avoidance'],cognitive_avoidance,FALSE,FALSE,0.987792969,mDeBERTa-v3-base-mnli-xnli,fact,,,,,,,
Q115,S2,unsupported,['unproductive_frustration'],unproductive_frustration,FALSE,FALSE,0.002866745,mDeBERTa-v3-base-mnli-xnli,fact,,,,,,,
Q012,S1,partial,['cognitive_avoidance'],cognitive_avoidance,FALSE,FALSE,0.922363281,mDeBERTa-v3-base-mnli-xnli,fact,,,,,,,
Q012,S2,unsupported,['slipping'],slipping,FALSE,FALSE,0.027420044,mDeBERTa-v3-base-mnli-xnli,fact,,,,,,,
Q064,S1,supported,['overconfidence'],overconfidence,TRUE,FALSE,0.993652344,mDeBERTa-v3-base-mnli-xnli,fact,,,,,,,
Q101,S1,unsupported,['overconfidence'],overconfidence,FALSE,FALSE,0.714355469,mDeBERTa-v3-base-mnli-xnli,fact,,,,,,,
Q101,S2,partial, the student's cumulative accuracy on this skill was 57%. On attempt 1, and took 1.90 times their own average response time. On attempt 3, the student answered correctly, used no hints, and took 1.14 times their own average response time. On attempt 4, the student answered incorrectly, used no hints,FALSE,FALSE,0.008644104,mDeBERTa-v3-base-mnli-xnli,fact,,
Q021,S1,supported,[],TRUE,FALSE,0.3671875,mDeBERTa-v3-base-mnli-xnli,fact,,,,,,,,
Q021,S2,unsupported,['slipping'],slipping,TRUE,FALSE,0.05380249,mDeBERTa-v3-base-mnli-xnli,fact,,,,,,,
Q124,S1,supported,['confidence_triad'],confidence_triad,TRUE,FALSE,0.94921875,mDeBERTa-v3-base-mnli-xnli,fact,,,,,,,
Q124,S2,unsupported,[],TRUE,FALSE,0.995117188,mDeBERTa-v3-base-mnli-xnli,fact,,,,,,,,
Q074,S1,unsupported,['cognitive_avoidance'],cognitive_avoidance,TRUE,FALSE,0.993652344,mDeBERTa-v3-base-mnli-xnli,fact,,,,,,,
Q074,S2,unsupported,['unproductive_frustration'],unproductive_frustration,TRUE,FALSE,0.811035156,mDeBERTa-v3-base-mnli-xnli,fact,,,,,,,
Q120,S1,partial,['cognitive_avoidance'],cognitive_avoidance,FALSE,FALSE,0.3671875,mDeBERTa-v3-base-mnli-xnli,fact,,,,,,,
Q120,S2,partial,['slipping'],slipping,FALSE,FALSE,0.525878906,mDeBERTa-v3-base-mnli-xnli,fact,,,,,,,
Q015,S1,supported,['cognitive_avoidance'],cognitive_avoidance,TRUE,FALSE,0.001075745,mDeBERTa-v3-base-mnli-xnli,fact,,,,,,,
Q118,S1,supported,['confidence_triad'],confidence_triad,TRUE,FALSE,0.525878906,mDeBERTa-v3-base-mnli-xnli,fact,,,,,,,
Q118,S2,partial,['confidence_triad'],confidence_triad,TRUE,FALSE,0.850097656,mDeBERTa-v3-base-mnli-xnli,fact,,,,,,,
Q118,S3,supported,['confidence_triad'],confidence_triad,TRUE,FALSE,0.039886475,mDeBERTa-v3-base-mnli-xnli,fact,,,,,,,
Q042,S1,supported,['confidence_triad'],confidence_triad,FALSE,FALSE,0.907714844,mDeBERTa-v3-base-mnli-xnli,fact,,,,,,,
Q042,S2,supported,['confidence_triad'],confidence_triad,FALSE,FALSE,0.059448242,mDeBERTa-v3-base-mnli-xnli,fact,,,,,,,
Q042,S3,supported,['confidence_triad'],confidence_triad,FALSE,FALSE,0.112976074,mDeBERTa-v3-base-mnli-xnli,fact,,,,,,,
Q066,S1,unsupported,[],FALSE,FALSE,0.000501156,mDeBERTa-v3-base-mnli-xnli,fact,,,,,,,,
Q066,S2,partial,['overconfidence'],overconfidence,FALSE,FALSE,0.006542206,mDeBERTa-v3-base-mnli-xnli,fact,,,,,,,
Q066,S3,supported,['overconfidence'],overconfidence,FALSE,FALSE,0.006908417,mDeBERTa-v3-base-mnli-xnli,fact,,,,,,,
Q110,S1,unsupported,['cognitive_avoidance'],cognitive_avoidance,TRUE,FALSE,0.997070313,mDeBERTa-v3-base-mnli-xnli,fact,,,,,,,
Q110,S2,partial,['slipping'],slipping,TRUE,FALSE,0.005958557,mDeBERTa-v3-base-mnli-xnli,fact,,,,,,,
Q062,S1,unsupported,['cognitive_avoidance'],cognitive_avoidance,FALSE,FALSE,0.000355721,mDeBERTa-v3-base-mnli-xnli,fact,,,,,,,
Q046,S1,unsupported,['cognitive_avoidance'],cognitive_avoidance,FALSE,FALSE,0.122497559,mDeBERTa-v3-base-mnli-xnli,fact,,,,,,,
Q046,S2,partial,['unproductive_frustration'],unproductive_frustration,FALSE,FALSE,0.01385498,mDeBERTa-v3-base-mnli-xnli,fact,,,,,,,
Q107,S1,unsupported,['productive_struggle'],productive_struggle,FALSE,FALSE,0.260986328,mDeBERTa-v3-base-mnli-xnli,fact,,,,,,,
Q107,S2,unsupported,['productive_struggle'],productive_struggle,FALSE,FALSE,0.081726074,mDeBERTa-v3-base-mnli-xnli,fact,,,,,,,
Q107,S3,partial,['productive_struggle'],productive_struggle,FALSE,FALSE,0.031738281,mDeBERTa-v3-base-mnli-xnli,fact,,,,,,,
Q119,S1,unsupported,[],FALSE,FALSE,0.01348877,mDeBERTa-v3-base-mnli-xnli,fact,,,,,,,,
Q119,S3,unsupported,[],FALSE,FALSE,0.011825562,mDeBERTa-v3-base-mnli-xnli,fact,,,,,,,,
Q100,S1,supported,['confidence_triad'],confidence_triad,FALSE,FALSE,0.907714844,mDeBERTa-v3-base-mnli-xnli,fact,,,,,,,
Q100,S2,partial,['confidence_triad'],confidence_triad,FALSE,FALSE,0.062133789,mDeBERTa-v3-base-mnli-xnli,fact,,,,,,,
Q100,S3,unknown,['confidence_triad'],confidence_triad,FALSE,FALSE,0.045532227,mDeBERTa-v3-base-mnli-xnli,fact,,,,,,,
Q080,S1,unsupported,['overconfidence'],overconfidence,FALSE,FALSE,0.070922852,mDeBERTa-v3-base-mnli-xnli,fact,,,,,,,
Q080,S2,supported,['unproductive_frustration'],unproductive_frustration,FALSE,FALSE,0.953613281,mDeBERTa-v3-base-mnli-xnli,fact,,,,,,,
Q080,S3,supported,['slipping'],slipping,FALSE,FALSE,0.000524998,mDeBERTa-v3-base-mnli-xnli,fact,,,,,,,
Q096,S1,unsupported,['productive_struggle'],productive_struggle,TRUE,FALSE,0.383056641,mDeBERTa-v3-base-mnli-xnli,fact,,,,,,,
Q096,S2,unsupported,['cognitive_avoidance'],cognitive_avoidance,TRUE,FALSE,0.007427216,mDeBERTa-v3-base-mnli-xnli,fact,,,,,,,
Q083,S1,unsupported,['productive_struggle'],productive_struggle,FALSE,FALSE,0.416992188,mDeBERTa-v3-base-mnli-xnli,fact,,,,,,,
Q083,S2,unsupported,['cognitive_avoidance'],cognitive_avoidance,FALSE,FALSE,0.048828125,mDeBERTa-v3-base-mnli-xnli,fact,,,,,,,
Q083,S3,unsupported,"['productive_struggle', 'cognitive_avoidance']",,FALSE,FALSE,0.024703979,mDeBERTa-v3-base-mnli-xnli,fact,,,,,,,
Q127,S1,partial,['overconfidence'],overconfidence,FALSE,FALSE,0.662597656,mDeBERTa-v3-base-mnli-xnli,fact,,,,,,,
Q127,S2,unsupported,['overconfidence'],overconfidence,FALSE,FALSE,0.234008789,mDeBERTa-v3-base-mnli-xnli,fact,,,,,,,
Q127,S3,unsupported,['overconfidence'],overconfidence,FALSE,FALSE,0.329589844,mDeBERTa-v3-base-mnli-xnli,fact,,,,,,,
Q047,S1,partial,['unproductive_frustration'],unproductive_frustration,TRUE,FALSE,0.9609375,mDeBERTa-v3-base-mnli-xnli,fact,,,,,,,
Q047,S2,supported,['unproductive_frustration'],unproductive_frustration,TRUE,FALSE,0.004760742,mDeBERTa-v3-base-mnli-xnli,fact,,,,,,,
Q047,S3,unsupported,['unproductive_frustration'],unproductive_frustration,TRUE,FALSE,0.01146698,mDeBERTa-v3-base-mnli-xnli,fact,,,,,,,
Q068,S1,partial,['confidence_triad'],confidence_triad,FALSE,FALSE,0.506835938,mDeBERTa-v3-base-mnli-xnli,fact,,,,,,,
Q068,S2,unknown,['confidence_triad'],confidence_triad,FALSE,FALSE,0.370605469,mDeBERTa-v3-base-mnli-xnli,fact,,,,,,,
Q068,S3,unsupported,['confidence_triad'],confidence_triad,FALSE,FALSE,0.902832031,mDeBERTa-v3-base-mnli-xnli,fact,,,,,,,
Q106,S1,partial,['cognitive_avoidance'],cognitive_avoidance,FALSE,FALSE,0.024307251,mDeBERTa-v3-base-mnli-xnli,fact,,,,,,,
Q106,S3,supported,['cognitive_avoidance'],cognitive_avoidance,FALSE,FALSE,0.004940033,mDeBERTa-v3-base-mnli-xnli,fact,,,,,,,
Q140,S1,unsupported,['overconfidence'],overconfidence,FALSE,FALSE,0.735839844,mDeBERTa-v3-base-mnli-xnli,fact,,,,,,,
Q140,S2,unsupported,['overconfidence'],overconfidence,FALSE,FALSE,0.939941406,mDeBERTa-v3-base-mnli-xnli,fact,,,,,,,
Q049,S1,unsupported,['cognitive_avoidance'],cognitive_avoidance,FALSE,FALSE,0.987792969,mDeBERTa-v3-base-mnli-xnli,fact,,,,,,,
Q049,S2,unsupported,['unproductive_frustration'],unproductive_frustration,FALSE,FALSE,0.618164063,mDeBERTa-v3-base-mnli-xnli,fact,,,,,,,
Q049,S3,partial,['slipping'],slipping,FALSE,FALSE,0.005355835,mDeBERTa-v3-base-mnli-xnli,fact,,,,,,,
Q052,S1,unsupported,['cognitive_avoidance'],cognitive_avoidance,FALSE,FALSE,0.458251953,mDeBERTa-v3-base-mnli-xnli,fact,,,,,,,
Q052,S3,unsupported,['cognitive_avoidance'],cognitive_avoidance,FALSE,FALSE,0.004749298,mDeBERTa-v3-base-mnli-xnli,fact,,,,,,,
Q138,S1,supported,['cognitive_avoidance'],cognitive_avoidance,FALSE,FALSE,0.3671875,mDeBERTa-v3-base-mnli-xnli,fact,,,,,,,
Q138,S2,supported,['slipping'],slipping,FALSE,FALSE,0.269287109,mDeBERTa-v3-base-mnli-xnli,fact,,,,,,,
Q010,S1,supported,['overconfidence'],overconfidence,TRUE,FALSE,0.993164063,mDeBERTa-v3-base-mnli-xnli,fact,,,,,,,
Q010,S2,partial,['slipping'],slipping,TRUE,FALSE,0.002765656,mDeBERTa-v3-base-mnli-xnli,fact,,,,,,,
Q102,S1,supported,['overconfidence'],overconfidence,TRUE,FALSE,0.735839844,mDeBERTa-v3-base-mnli-xnli,fact,,,,,,,
Q102,S2,unsupported,['overconfidence'],overconfidence,TRUE,FALSE,0.004367828,mDeBERTa-v3-base-mnli-xnli,fact,,,,,,,
Q102,S3,unsupported,['overconfidence'],overconfidence,TRUE,FALSE,0.912109375,mDeBERTa-v3-base-mnli-xnli,fact,,,,,,,
Q132,S1,unsupported,['cognitive_avoidance'],cognitive_avoidance,FALSE,FALSE,0.987792969,mDeBERTa-v3-base-mnli-xnli,fact,,,,,,,
Q132,S2,unsupported,['unproductive_frustration'],unproductive_frustration,FALSE,FALSE,0.032684326,mDeBERTa-v3-base-mnli-xnli,fact,,,,,,,
Q020,S1,unsupported,['cognitive_avoidance'],cognitive_avoidance,FALSE,FALSE,0.922363281,mDeBERTa-v3-base-mnli-xnli,fact,,,,,,,
Q020,S2,partial,['slipping'],slipping,FALSE,FALSE,0.018753052,mDeBERTa-v3-base-mnli-xnli,fact,,,,,,,
Q002,S1,supported,['overconfidence'],overconfidence,FALSE,FALSE,0.001915932,mDeBERTa-v3-base-mnli-xnli,fact,,,,,,,
Q002,S2,supported,['slipping'],slipping,FALSE,FALSE,0.756347656,mDeBERTa-v3-base-mnli-xnli,fact,,,,,,,
Q087,S1,unsupported,[],FALSE,FALSE,0.048583984,mDeBERTa-v3-base-mnli-xnli,record,,,,,,,,
Q087,S2,unsupported,['productive_struggle'],productive_struggle,FALSE,FALSE,0.00390625,mDeBERTa-v3-base-mnli-xnli,record,,,,,,,
Q087,S3,unsupported,[],FALSE,FALSE,0.006568909,mDeBERTa-v3-base-mnli-xnli,record,,,,,,,,
Q099,S1,partial,['cognitive_avoidance'],cognitive_avoidance,FALSE,FALSE,0.005779266,mDeBERTa-v3-base-mnli-xnli,record,,,,,,,
Q099,S2,partial,['cognitive_avoidance'],cognitive_avoidance,FALSE,FALSE,0.001355171,mDeBERTa-v3-base-mnli-xnli,record,,,,,,,
Q099,S3,supported,['cognitive_avoidance'],cognitive_avoidance,FALSE,FALSE,0.095581055,mDeBERTa-v3-base-mnli-xnli,record,,,,,,,
Q134,S1,supported,['overconfidence'],overconfidence,FALSE,FALSE,0.046356201,mDeBERTa-v3-base-mnli-xnli,record,,,,,,,
Q134,S2,partial,['overconfidence'],overconfidence,FALSE,FALSE,0.01222229,mDeBERTa-v3-base-mnli-xnli,record,,,,,,,
Q134,S3,partial,['overconfidence'],overconfidence,FALSE,FALSE,0.001231194,mDeBERTa-v3-base-mnli-xnli,record,,,,,,,
Q054,S1,supported,['cognitive_avoidance'],cognitive_avoidance,FALSE,FALSE,0.005680084,mDeBERTa-v3-base-mnli-xnli,record,,,,,,,
Q054,S2,partial,['slipping'],slipping,FALSE,FALSE,0.003761292,mDeBERTa-v3-base-mnli-xnli,record,,,,,,,
Q054,S3,supported,['slipping'],slipping,FALSE,FALSE,0.000850201,mDeBERTa-v3-base-mnli-xnli,record,,,,,,,
Q092,S1,unsupported,[],,TRUE,TRUE,0.001964569,mDeBERTa-v3-base-mnli-xnli,record,,,,,,,
Q092,S2,partial, the student's cumulative accuracy on this skill was 50%. On attempt 1, and took 4.25 times their own average response time. On attempt 3, the student answered incorrectly, used no hints, and took 7.31 times their own average response time. On attempt 4, the student answered incorrectly, used no hints,TRUE,TRUE,0.003890991,mDeBERTa-v3-base-mnli-xnli,record,,
Q092,S3,unsupported,[],,TRUE,TRUE,0.001470566,mDeBERTa-v3-base-mnli-xnli,record,,,,,,,
Q053,S1,supported,['confidence_triad'],confidence_triad,FALSE,FALSE,0.005718231,mDeBERTa-v3-base-mnli-xnli,record,,,,,,,
Q053,S2,unsupported,[],FALSE,FALSE,0.278320313,mDeBERTa-v3-base-mnli-xnli,record,,,,,,,,
Q053,S3,unsupported,['cognitive_avoidance'],cognitive_avoidance,FALSE,FALSE,0.020233154,mDeBERTa-v3-base-mnli-xnli,record,,,,,,,
Q028,S1,partial,['cognitive_avoidance'],cognitive_avoidance,FALSE,FALSE,0.077148438,mDeBERTa-v3-base-mnli-xnli,record,,,,,,,
Q028,S2,supported,['slipping'],slipping,FALSE,FALSE,0.004356384,mDeBERTa-v3-base-mnli-xnli,record,,,,,,,
Q014,S1,supported,['confidence_triad'],confidence_triad,TRUE,FALSE,0.005268097,mDeBERTa-v3-base-mnli-xnli,record,,,,,,,
Q014,S2,partial,['confidence_triad'],confidence_triad,TRUE,FALSE,0.005714417,mDeBERTa-v3-base-mnli-xnli,record,,,,,,,
Q014,S3,supported,['confidence_triad'],confidence_triad,TRUE,FALSE,0.039001465,mDeBERTa-v3-base-mnli-xnli,record,,,,,,,
Q136,S1,partial,['cognitive_avoidance'],cognitive_avoidance,FALSE,FALSE,0.010635376,mDeBERTa-v3-base-mnli-xnli,record,,,,,,,
Q136,S2,partial,['slipping'],slipping,FALSE,FALSE,0.002782822,mDeBERTa-v3-base-mnli-xnli,record,,,,,,,
Q136,S3,partial,['slipping'],slipping,FALSE,FALSE,0.001122475,mDeBERTa-v3-base-mnli-xnli,record,,,,,,,
Q117,S1,supported,['overconfidence'],overconfidence,FALSE,FALSE,0.001693726,mDeBERTa-v3-base-mnli-xnli,record,,,,,,,
Q117,S2,partial,['slipping'],slipping,FALSE,FALSE,0.002325058,mDeBERTa-v3-base-mnli-xnli,record,,,,,,,
Q128,S1,unsupported,['productive_struggle'],productive_struggle,FALSE,FALSE,0.049743652,mDeBERTa-v3-base-mnli-xnli,record,,,,,,,
Q128,S2,unsupported,['productive_struggle'],productive_struggle,FALSE,FALSE,0.004901886,mDeBERTa-v3-base-mnli-xnli,record,,,,,,,
Q128,S3,unsupported,['productive_struggle'],productive_struggle,FALSE,FALSE,0.003623962,mDeBERTa-v3-base-mnli-xnli,record,,,,,,,
Q075,S1,unsupported,['cognitive_avoidance'],cognitive_avoidance,TRUE,FALSE,0.002788544,mDeBERTa-v3-base-mnli-xnli,record,,,,,,,
Q075,S2,unsupported,[],,TRUE,FALSE,0.0010252,mDeBERTa-v3-base-mnli-xnli,record,,,,,,,
Q019,S1,supported,['overconfidence'],overconfidence,FALSE,FALSE,0.061676025,mDeBERTa-v3-base-mnli-xnli,record,,,,,,,
Q019,S2,supported,['slipping'],slipping,FALSE,FALSE,0.003549576,mDeBERTa-v3-base-mnli-xnli,record,,,,,,,
Q055,S1,supported,['cognitive_avoidance'],cognitive_avoidance,FALSE,FALSE,0.002368927,mDeBERTa-v3-base-mnli-xnli,record,,,,,,,
Q055,S2,supported,['slipping'],slipping,FALSE,FALSE,0.031982422,mDeBERTa-v3-base-mnli-xnli,record,,,,,,,
Q123,S1,partial,[],FALSE,FALSE,0.003042221,mDeBERTa-v3-base-mnli-xnli,record,,,,,,,,
Q123,S2,unsupported,['cognitive_avoidance'],cognitive_avoidance,FALSE,FALSE,0.022918701,mDeBERTa-v3-base-mnli-xnli,record,,,,,,,
Q123,S3,partial,['cognitive_avoidance'],cognitive_avoidance,FALSE,FALSE,0.016662598,mDeBERTa-v3-base-mnli-xnli,record,,,,,,,
Q037,S1,unsupported,['overconfidence'],overconfidence,TRUE,FALSE,0.002561569,mDeBERTa-v3-base-mnli-xnli,record,,,,,,,
Q037,S2,unsupported,['overconfidence'],overconfidence,TRUE,FALSE,0.002279282,mDeBERTa-v3-base-mnli-xnli,record,,,,,,,
Q037,S3,unsupported,['overconfidence'],overconfidence,TRUE,FALSE,0.074584961,mDeBERTa-v3-base-mnli-xnli,record,,,,,,,
Q037,S4,unsupported,['overconfidence'],overconfidence,TRUE,FALSE,0.000810146,mDeBERTa-v3-base-mnli-xnli,record,,,,,,,
Q091,S1,unsupported,['cognitive_avoidance'],cognitive_avoidance,FALSE,FALSE,0.051727295,mDeBERTa-v3-base-mnli-xnli,record,,,,,,,
Q091,S2,unsupported,[],FALSE,FALSE,0.000785351,mDeBERTa-v3-base-mnli-xnli,record,,,,,,,,
Q004,S1,unsupported,[],,FALSE,TRUE,0.021621704,mDeBERTa-v3-base-mnli-xnli,record,,,,,,,
Q004,S2,unsupported,[],,FALSE,TRUE,0.001346588,mDeBERTa-v3-base-mnli-xnli,record,,,,,,,
Q004,S3,supported,[],,FALSE,TRUE,0.001543045,mDeBERTa-v3-base-mnli-xnli,record,,,,,,,
Q131,S1,supported,['overconfidence'],overconfidence,FALSE,FALSE,0.008644104,mDeBERTa-v3-base-mnli-xnli,record,,,,,,,
Q131,S2,supported,['overconfidence'],overconfidence,FALSE,FALSE,0.001210213,mDeBERTa-v3-base-mnli-xnli,record,,,,,,,
Q131,S3,unsupported,['unproductive_frustration'],unproductive_frustration,FALSE,FALSE,0.001685143,mDeBERTa-v3-base-mnli-xnli,record,,,,,,,
Q031,S1,unsupported,['cognitive_avoidance'],cognitive_avoidance,FALSE,FALSE,0.028839111,mDeBERTa-v3-base-mnli-xnli,record,,,,,,,
Q031,S2,partial,['cognitive_avoidance'],cognitive_avoidance,FALSE,FALSE,0.005157471,mDeBERTa-v3-base-mnli-xnli,record,,,,,,,
Q109,S1,partial,[],,FALSE,TRUE,0.05947876,mDeBERTa-v3-base-mnli-xnli,record,,,,,,,
Q109,S2,supported,[],FALSE,TRUE,0.000921249,mDeBERTa-v3-base-mnli-xnli,record,,,,,,,,
Q109,S3,unsupported,[],FALSE,TRUE,0.002197266,mDeBERTa-v3-base-mnli-xnli,record,,,,,,,,
Q098,S1,unsupported,['cognitive_avoidance'],cognitive_avoidance,FALSE,FALSE,0.024078369,mDeBERTa-v3-base-mnli-xnli,record,,,,,,,
Q098,S2,partial,['slipping'],slipping,FALSE,FALSE,0.016372681,mDeBERTa-v3-base-mnli-xnli,record,,,,,,,
Q098,S3,partial,['slipping'],slipping,FALSE,FALSE,0.001003265,mDeBERTa-v3-base-mnli-xnli,record,,,,,,,
Q076,S1,unsupported,['cognitive_avoidance'],cognitive_avoidance,TRUE,FALSE,0.011512756,mDeBERTa-v3-base-mnli-xnli,record,,,,,,,
Q076,S2,partial,['slipping'],slipping,TRUE,FALSE,0.0025177,mDeBERTa-v3-base-mnli-xnli,record,,,,,,,
Q076,S3,unsupported,"['cognitive_avoidance', 'slipping']",,TRUE,FALSE,0.018447876,mDeBERTa-v3-base-mnli-xnli,record,,,,,,,
Q081,S1,unsupported,['unproductive_frustration'],unproductive_frustration,TRUE,FALSE,0.039916992,mDeBERTa-v3-base-mnli-xnli,record,,,,,,,
Q081,S2,unsupported,['unproductive_frustration'],unproductive_frustration,TRUE,FALSE,0.003883362,mDeBERTa-v3-base-mnli-xnli,record,,,,,,,
Q081,S3,supported,[],TRUE,FALSE,0.011901855,mDeBERTa-v3-base-mnli-xnli,record,,,,,,,,
Q079,S1,unsupported,['cognitive_avoidance'],cognitive_avoidance,FALSE,FALSE,0.002391815,mDeBERTa-v3-base-mnli-xnli,record,,,,,,,
Q079,S2,unsupported,['cognitive_avoidance'],cognitive_avoidance,FALSE,FALSE,0.00176239,mDeBERTa-v3-base-mnli-xnli,record,,,,,,,
Q094,S1,unsupported,['productive_struggle'],productive_struggle,TRUE,FALSE,0.124511719,mDeBERTa-v3-base-mnli-xnli,record,,,,,,,
Q024,S1,unsupported,[],,FALSE,TRUE,0.035766602,mDeBERTa-v3-base-mnli-xnli,record,,,,,,,
Q024,S2,unsupported,[],,FALSE,TRUE,0.000697136,mDeBERTa-v3-base-mnli-xnli,record,,,,,,,
Q056,S1,supported,[],,FALSE,TRUE,0.001487732,mDeBERTa-v3-base-mnli-xnli,record,,,,,,,
Q056,S2,supported,[],,FALSE,TRUE,0.002832413,mDeBERTa-v3-base-mnli-xnli,record,,,,,,,
Q085,S1,unsupported,['overconfidence'],overconfidence,FALSE,FALSE,0.072265625,mDeBERTa-v3-base-mnli-xnli,record,,,,,,,
Q085,S2,unsupported,['slipping'],slipping,FALSE,FALSE,0.005271912,mDeBERTa-v3-base-mnli-xnli,record,,,,,,,
Q113,S1,supported,['cognitive_avoidance'],cognitive_avoidance,TRUE,FALSE,0.470214844,mDeBERTa-v3-base-mnli-xnli,record,,,,,,,
Q113,S2,supported,['slipping'],slipping,TRUE,FALSE,0.002700806,mDeBERTa-v3-base-mnli-xnli,record,,,,,,,
Q113,S3,unsupported,['slipping'],slipping,TRUE,FALSE,0.000866413,mDeBERTa-v3-base-mnli-xnli,record,,,,,,,
Q026,S1,unsupported, the student's cumulative accuracy on this skill was 100%. On attempt 1, and took 0.21 times their own average response time. On attempt 3, the student answered correctly, used no hints," and took 0.35 times their own average response time.""",,TRUE,mDeBERTa-v3-base-mnli-xnli,record,,,,,
Q026,S2,unsupported, the student's cumulative accuracy on this skill was 100%. On attempt 1, and took 0.21 times their own average response time. On attempt 3, the student answered correctly, used no hints," and took 0.35 times their own average response time.""",,TRUE,mDeBERTa-v3-base-mnli-xnli,record,,,,,
Q026,S3,unsupported, the student's cumulative accuracy on this skill was 100%. On attempt 1, and took 0.21 times their own average response time. On attempt 3, the student answered correctly, used no hints," and took 0.35 times their own average response time.""",,TRUE,mDeBERTa-v3-base-mnli-xnli,record,,,,,
Q027,S1,unsupported,[],,FALSE,TRUE,0.008865356,mDeBERTa-v3-base-mnli-xnli,record,,,,,,,
Q027,S2,unsupported,[],,FALSE,TRUE,0.002283096,mDeBERTa-v3-base-mnli-xnli,record,,,,,,,
Q027,S3,supported,[],,FALSE,TRUE,0.000994682,mDeBERTa-v3-base-mnli-xnli,record,,,,,,,
Q065,S1,partial,[],,FALSE,TRUE,0.580566406,mDeBERTa-v3-base-mnli-xnli,record,,,,,,,
Q065,S2,unsupported,[],,FALSE,TRUE,0.001419067,mDeBERTa-v3-base-mnli-xnli,record,,,,,,,
Q105,S1,unsupported,['cognitive_avoidance'],cognitive_avoidance,FALSE,FALSE,0.02557373,mDeBERTa-v3-base-mnli-xnli,record,,,,,,,
Q105,S2,partial,['slipping'],slipping,FALSE,FALSE,0.028335571,mDeBERTa-v3-base-mnli-xnli,record,,,,,,,
Q016,S1,unsupported,['unproductive_frustration'],unproductive_frustration,FALSE,FALSE,0.016693115,mDeBERTa-v3-base-mnli-xnli,record,,,,,,,
Q016,S2,unsupported,['unproductive_frustration'],unproductive_frustration,FALSE,FALSE,0.009178162,mDeBERTa-v3-base-mnli-xnli,record,,,,,,,
Q016,S3,unsupported,['unproductive_frustration'],unproductive_frustration,FALSE,FALSE,0.006210327,mDeBERTa-v3-base-mnli-xnli,record,,,,,,,
Q135,S1,supported,['confidence_triad'],confidence_triad,FALSE,FALSE,0.069396973,mDeBERTa-v3-base-mnli-xnli,record,,,,,,,
Q135,S2,supported,['confidence_triad'],confidence_triad,FALSE,FALSE,0.000957966,mDeBERTa-v3-base-mnli-xnli,record,,,,,,,
Q135,S3,supported,['confidence_triad'],confidence_triad,FALSE,FALSE,0.001871109,mDeBERTa-v3-base-mnli-xnli,record,,,,,,,
Q013,S1,supported,['overconfidence'],overconfidence,TRUE,FALSE,0.024032593,mDeBERTa-v3-base-mnli-xnli,record,,,,,,,
Q013,S2,unsupported,['unproductive_frustration'],unproductive_frustration,TRUE,FALSE,0.0008955,mDeBERTa-v3-base-mnli-xnli,record,,,,,,,
Q013,S3,unsupported,['slipping'],slipping,TRUE,FALSE,0.001692772,mDeBERTa-v3-base-mnli-xnli,record,,,,,,,
Q044,S1,supported,['cognitive_avoidance'],cognitive_avoidance,FALSE,FALSE,0.0234375,mDeBERTa-v3-base-mnli-xnli,record,,,,,,,
Q044,S2,supported,['slipping'],slipping,FALSE,FALSE,0.030731201,mDeBERTa-v3-base-mnli-xnli,record,,,,,,,
Q044,S3,supported,['slipping'],slipping,FALSE,FALSE,0.000993729,mDeBERTa-v3-base-mnli-xnli,record,,,,,,,
Q059,S1,supported,['overconfidence'],overconfidence,FALSE,FALSE,0.014312744,mDeBERTa-v3-base-mnli-xnli,record,,,,,,,
Q059,S2,unsupported,['unproductive_frustration'],unproductive_frustration,FALSE,FALSE,0.000948906,mDeBERTa-v3-base-mnli-xnli,record,,,,,,,
Q059,S3,unsupported,['slipping'],slipping,FALSE,FALSE,0.002155304,mDeBERTa-v3-base-mnli-xnli,record,,,,,,,
Q089,S1,supported,['overconfidence'],overconfidence,FALSE,FALSE,0.009078979,mDeBERTa-v3-base-mnli-xnli,record,,,,,,,
Q089,S2,partial,['slipping'],slipping,FALSE,FALSE,0.002111435,mDeBERTa-v3-base-mnli-xnli,record,,,,,,,
Q045,S1,unsupported,['overconfidence'],overconfidence,TRUE,FALSE,0.010032654,mDeBERTa-v3-base-mnli-xnli,record,,,,,,,
Q045,S2,unsupported,['unproductive_frustration'],unproductive_frustration,TRUE,FALSE,0.002307892,mDeBERTa-v3-base-mnli-xnli,record,,,,,,,
Q082,S1,partial,['confidence_triad'],confidence_triad,FALSE,FALSE,0.658691406,mDeBERTa-v3-base-mnli-xnli,record,,,,,,,
Q082,S2,unsupported,['confidence_triad'],confidence_triad,FALSE,FALSE,0.001178741,mDeBERTa-v3-base-mnli-xnli,record,,,,,,,
Q082,S3,supported,['confidence_triad'],confidence_triad,FALSE,FALSE,0.037322998,mDeBERTa-v3-base-mnli-xnli,record,,,,,,,
Q069,S1,unsupported,['overconfidence'],overconfidence,FALSE,FALSE,0.014389038,mDeBERTa-v3-base-mnli-xnli,record,,,,,,,
Q069,S2,supported,['unproductive_frustration'],unproductive_frustration,FALSE,FALSE,0.001361847,mDeBERTa-v3-base-mnli-xnli,record,,,,,,,
Q069,S3,unsupported,['overconfidence'],overconfidence,FALSE,FALSE,0.001120567,mDeBERTa-v3-base-mnli-xnli,record,,,,,,,
Q025,S1,supported,['unproductive_frustration'],unproductive_frustration,FALSE,FALSE,0.016586304,mDeBERTa-v3-base-mnli-xnli,record,,,,,,,
Q025,S2,supported,['unproductive_frustration'],unproductive_frustration,FALSE,FALSE,0.00106144,mDeBERTa-v3-base-mnli-xnli,record,,,,,,,
Q051,S1,unsupported,['cognitive_avoidance'],cognitive_avoidance,TRUE,FALSE,0.028518677,mDeBERTa-v3-base-mnli-xnli,record,,,,,,,
Q051,S2,unsupported,['cognitive_avoidance'],cognitive_avoidance,TRUE,FALSE,0.003145218,mDeBERTa-v3-base-mnli-xnli,record,,,,,,,
Q051,S3,unsupported,['cognitive_avoidance'],cognitive_avoidance,TRUE,FALSE,0.000671387,mDeBERTa-v3-base-mnli-xnli,record,,,,,,,
Q137,S1,unsupported,['cognitive_avoidance'],cognitive_avoidance,FALSE,FALSE,0.002532959,mDeBERTa-v3-base-mnli-xnli,record,,,,,,,
Q137,S2,supported,['slipping'],slipping,FALSE,FALSE,0.264404297,mDeBERTa-v3-base-mnli-xnli,record,,,,,,,
Q095,S1,partial,['productive_struggle'],productive_struggle,FALSE,FALSE,0.060241699,mDeBERTa-v3-base-mnli-xnli,record,,,,,,,
Q095,S2,partial,['cognitive_avoidance'],cognitive_avoidance,FALSE,FALSE,0.003858566,mDeBERTa-v3-base-mnli-xnli,record,,,,,,,
Q095,S3,supported,"['productive_struggle', 'cognitive_avoidance']",,FALSE,FALSE,0.004787445,mDeBERTa-v3-base-mnli-xnli,record,,,,,,,
Q033,S1,partial,['cognitive_avoidance'],cognitive_avoidance,FALSE,FALSE,0.065246582,mDeBERTa-v3-base-mnli-xnli,record,,,,,,,
Q033,S2,unsupported,[],,FALSE,FALSE,0.001843452,mDeBERTa-v3-base-mnli-xnli,record,,,,,,,
Q114,S1,partial, the student's cumulative accuracy on this skill was 23%. On attempt 1, and took 0.03 times their own average response time. On attempt 3, the student answered correctly, used 1 hint, and took 1.04 times their own average response time. On attempt 4, the student answered incorrectly, used no hints,TRUE,FALSE,0.055175781,mDeBERTa-v3-base-mnli-xnli,record,,
Q114,S2,partial,['slipping'],slipping,TRUE,FALSE,0.009185791,mDeBERTa-v3-base-mnli-xnli,record,,,,,,,
Q086,S1,partial, the student's cumulative accuracy on this skill was 33%. On attempt 1, and took 3.14 times their own average response time. On attempt 3, the student answered incorrectly, used no hints, and took 3.14 times their own average response time. On attempt 4, the student answered incorrectly, used no hints,TRUE,FALSE,0.043640137,mDeBERTa-v3-base-mnli-xnli,record,,
Q086,S2,unsupported,['unproductive_frustration'],unproductive_frustration,TRUE,FALSE,0.001037598,mDeBERTa-v3-base-mnli-xnli,record,,,,,,,
Q032,S1,supported,['overconfidence'],overconfidence,FALSE,FALSE,0.003635406,mDeBERTa-v3-base-mnli-xnli,record,,,,,,,
Q032,S2,supported,['overconfidence'],overconfidence,FALSE,FALSE,0.00522995,mDeBERTa-v3-base-mnli-xnli,record,,,,,,,
Q032,S3,unknown,['overconfidence'],overconfidence,FALSE,FALSE,0.087219238,mDeBERTa-v3-base-mnli-xnli,record,,,,,,,
Q129,S1,supported,['overconfidence'],overconfidence,FALSE,FALSE,0.047821045,mDeBERTa-v3-base-mnli-xnli,record,,,,,,,
Q129,S2,partial,['overconfidence'],overconfidence,FALSE,FALSE,0.00743866,mDeBERTa-v3-base-mnli-xnli,record,,,,,,,
Q129,S3,unsupported,['overconfidence'],overconfidence,FALSE,FALSE,0.040313721,mDeBERTa-v3-base-mnli-xnli,record,,,,,,,
Q034,S1,unsupported,[],FALSE,FALSE,0.124023438,mDeBERTa-v3-base-mnli-xnli,record,,,,,,,,
Q034,S2,partial,['unproductive_frustration'],unproductive_frustration,FALSE,FALSE,0.000677109,mDeBERTa-v3-base-mnli-xnli,record,,,,,,,
Q121,S1,partial,['unproductive_frustration'],unproductive_frustration,FALSE,FALSE,0.014930725,mDeBERTa-v3-base-mnli-xnli,record,,,,,,,
Q121,S2,partial,['unproductive_frustration'],unproductive_frustration,FALSE,FALSE,0.001581192,mDeBERTa-v3-base-mnli-xnli,record,,,,,,,
Q111,S1,supported,['overconfidence'],overconfidence,FALSE,FALSE,0.064697266,mDeBERTa-v3-base-mnli-xnli,record,,,,,,,
Q111,S2,supported,['overconfidence'],overconfidence,FALSE,FALSE,0.010002136,mDeBERTa-v3-base-mnli-xnli,record,,,,,,,
Q111,S3,supported,['overconfidence'],overconfidence,FALSE,FALSE,0.001158714,mDeBERTa-v3-base-mnli-xnli,record,,,,,,,
Q112,S1,partial,['cognitive_avoidance'],cognitive_avoidance,TRUE,FALSE,0.002782822,mDeBERTa-v3-base-mnli-xnli,record,,,,,,,
Q112,S2,supported,['slipping'],slipping,TRUE,FALSE,0.018157959,mDeBERTa-v3-base-mnli-xnli,record,,,,,,,
Q130,S1,partial,[],TRUE,FALSE,0.029708862,mDeBERTa-v3-base-mnli-xnli,record,,,,,,,,
Q130,S2,unsupported,['slipping'],slipping,TRUE,FALSE,0.000969887,mDeBERTa-v3-base-mnli-xnli,record,,,,,,,
Q039,S1,unsupported,['productive_struggle'],productive_struggle,TRUE,FALSE,0.17565918,mDeBERTa-v3-base-mnli-xnli,record,,,,,,,
Q057,S1,supported,['cognitive_avoidance'],cognitive_avoidance,TRUE,FALSE,0.002609253,mDeBERTa-v3-base-mnli-xnli,record,,,,,,,
Q057,S2,partial,[],,TRUE,FALSE,0.000809193,mDeBERTa-v3-base-mnli-xnli,record,,,,,,,
Q043,S1,supported,['productive_struggle'],productive_struggle,FALSE,FALSE,0.034362793,mDeBERTa-v3-base-mnli-xnli,record,,,,,,,
Q043,S2,supported,['cognitive_avoidance'],cognitive_avoidance,FALSE,FALSE,0.003824234,mDeBERTa-v3-base-mnli-xnli,record,,,,,,,
Q043,S3,supported,"['cognitive_avoidance', 'productive_struggle']",,FALSE,FALSE,0.006710052,mDeBERTa-v3-base-mnli-xnli,record,,,,,,,
Q006,S1,unsupported,['cognitive_avoidance'],cognitive_avoidance,FALSE,FALSE,0.062255859,mDeBERTa-v3-base-mnli-xnli,record,,,,,,,
Q006,S2,unsupported,['unproductive_frustration'],unproductive_frustration,FALSE,FALSE,0.000674725,mDeBERTa-v3-base-mnli-xnli,record,,,,,,,
Q006,S3,supported,"['unproductive_frustration', 'cognitive_avoidance']",,FALSE,FALSE,0.000966549,mDeBERTa-v3-base-mnli-xnli,record,,,,,,,
Q001,S1,unsupported,['cognitive_avoidance'],cognitive_avoidance,FALSE,FALSE,0.023147583,mDeBERTa-v3-base-mnli-xnli,record,,,,,,,
Q001,S2,partial,['slipping'],slipping,FALSE,FALSE,0.001402855,mDeBERTa-v3-base-mnli-xnli,record,,,,,,,
Q001,S3,unknown,"['cognitive_avoidance', 'slipping']",,FALSE,FALSE,0.015480042,mDeBERTa-v3-base-mnli-xnli,record,,,,,,,
Q116,S1,unsupported,[],TRUE,FALSE,0.002346039,mDeBERTa-v3-base-mnli-xnli,record,,,,,,,,
Q116,S2,unsupported,['cognitive_avoidance'],cognitive_avoidance,TRUE,FALSE,0.000945568,mDeBERTa-v3-base-mnli-xnli,record,,,,,,,
Q048,S1,partial,['productive_struggle'],productive_struggle,FALSE,FALSE,0.019744873,mDeBERTa-v3-base-mnli-xnli,record,,,,,,,
Q048,S2,unsupported,['cognitive_avoidance'],cognitive_avoidance,FALSE,FALSE,0.004695892,mDeBERTa-v3-base-mnli-xnli,record,,,,,,,
Q048,S3,unsupported,"['cognitive_avoidance', 'productive_struggle']",,FALSE,FALSE,0.002700806,mDeBERTa-v3-base-mnli-xnli,record,,,,,,,
Q073,S1,partial,['confidence_triad'],confidence_triad,FALSE,FALSE,0.017471313,mDeBERTa-v3-base-mnli-xnli,record,,,,,,,
Q073,S2,supported,['confidence_triad'],confidence_triad,FALSE,FALSE,0.000827789,mDeBERTa-v3-base-mnli-xnli,record,,,,,,,
Q073,S3,unsupported,['confidence_triad'],confidence_triad,FALSE,FALSE,0.050109863,mDeBERTa-v3-base-mnli-xnli,record,,,,,,,
Q023,S1,partial,[],,FALSE,TRUE,0.002731323,mDeBERTa-v3-base-mnli-xnli,record,,,,,,,
Q023,S2,unsuppported,[],,FALSE,TRUE,0.017730713,mDeBERTa-v3-base-mnli-xnli,record,,,,,,,
Q023,S3,supported,[],,FALSE,TRUE,0.003009796,mDeBERTa-v3-base-mnli-xnli,record,,,,,,,
Q023,S4,supported,[],,FALSE,TRUE,0.000989914,mDeBERTa-v3-base-mnli-xnli,record,,,,,,,
Q003,S1,unsupported,['cognitive_avoidance'],cognitive_avoidance,FALSE,FALSE,0.011924744,mDeBERTa-v3-base-mnli-xnli,record,,,,,,,
Q003,S2,partial,['confidence_triad'],confidence_triad,FALSE,FALSE,0.01651001,mDeBERTa-v3-base-mnli-xnli,record,,,,,,,
Q003,S3,unsupported,['confidence_triad'],confidence_triad,FALSE,FALSE,0.000998497,mDeBERTa-v3-base-mnli-xnli,record,,,,,,,
Q011,S1,unsupported,['unproductive_frustration'],unproductive_frustration,FALSE,FALSE,0.018493652,mDeBERTa-v3-base-mnli-xnli,record,,,,,,,
Q011,S2,unsupported,['unproductive_frustration'],unproductive_frustration,FALSE,FALSE,0.044433594,mDeBERTa-v3-base-mnli-xnli,record,,,,,,,
Q011,S3,partial,['unproductive_frustration'],unproductive_frustration,FALSE,FALSE,0.008209229,mDeBERTa-v3-base-mnli-xnli,record,,,,,,,
Q090,S1,unsupported, the student's cumulative accuracy on this skill was 17%. On attempt 1, and took 3.20 times their own average response time. On attempt 3, the student answered correctly, used no hints, and took 0.44 times their own average response time. On attempt 4, the student answered incorrectly, used no hints,FALSE,FALSE,0.010368347,mDeBERTa-v3-base-mnli-xnli,record,,
Q090,S2,unsupported,['slipping'],slipping,FALSE,FALSE,0.050537109,mDeBERTa-v3-base-mnli-xnli,record,,,,,,,
Q103,S1,supported,['overconfidence'],overconfidence,FALSE,FALSE,0.003070831,mDeBERTa-v3-base-mnli-xnli,record,,,,,,,
Q103,S2,supported,['overconfidence'],overconfidence,FALSE,FALSE,0.008354187,mDeBERTa-v3-base-mnli-xnli,record,,,,,,,
Q103,S3,partial,['overconfidence'],overconfidence,FALSE,FALSE,0.008857727,mDeBERTa-v3-base-mnli-xnli,record,,,,,,,
Q040,S1,supported,['confidence_triad'],confidence_triad,FALSE,FALSE,0.008613586,mDeBERTa-v3-base-mnli-xnli,record,,,,,,,
Q040,S2,unsupported,['confidence_triad'],confidence_triad,FALSE,FALSE,0.015403748,mDeBERTa-v3-base-mnli-xnli,record,,,,,,,
Q077,S1,partial,['overconfidence'],overconfidence,FALSE,FALSE,0.018081665,mDeBERTa-v3-base-mnli-xnli,record,,,,,,,
Q077,S2,supported,['slipping'],slipping,FALSE,FALSE,0.000910282,mDeBERTa-v3-base-mnli-xnli,record,,,,,,,
Q133,S1,unsupported,['productive_struggle'],productive_struggle,TRUE,FALSE,0.088439941,mDeBERTa-v3-base-mnli-xnli,record,,,,,,,
Q133,S2,unsupported,['cognitive_avoidance'],cognitive_avoidance,TRUE,FALSE,0.002428055,mDeBERTa-v3-base-mnli-xnli,record,,,,,,,
Q125,S1,supported,['cognitive_avoidance'],cognitive_avoidance,FALSE,FALSE,0.00110817,mDeBERTa-v3-base-mnli-xnli,record,,,,,,,
Q125,S2,unsupported,['slipping'],slipping,FALSE,FALSE,0.097839355,mDeBERTa-v3-base-mnli-xnli,record,,,,,,,
Q126,S1,unsupported,['cognitive_avoidance'],cognitive_avoidance,FALSE,FALSE,0.132446289,mDeBERTa-v3-base-mnli-xnli,record,,,,,,,
Q126,S2,unsupported,['unproductive_frustration'],unproductive_frustration,FALSE,FALSE,0.001677513,mDeBERTa-v3-base-mnli-xnli,record,,,,,,,
Q104,S1,unsupported, the student's cumulative accuracy on this skill was 60%. On attempt 1, and took 2.87 times their own average response time. On attempt 3, the student answered correctly, used no hints, and took 0.58 times their own average response time. On attempt 4, the student answered incorrectly, used no hints,TRUE,FALSE,0.007545471,mDeBERTa-v3-base-mnli-xnli,record,,
Q104,S2,supported,['slipping'],slipping,TRUE,FALSE,0.001103401,mDeBERTa-v3-base-mnli-xnli,record,,,,,,,
Q104,S3,supported,"['cognitive_avoidance', 'slipping']",,TRUE,FALSE,0.016067505,mDeBERTa-v3-base-mnli-xnli,record,,,,,,,
Q009,S1,unsupported,[],,FALSE,TRUE,0.107116699,mDeBERTa-v3-base-mnli-xnli,record,,,,,,,
Q009,S2,unsupported,[],,FALSE,TRUE,0.001645088,mDeBERTa-v3-base-mnli-xnli,record,,,,,,,
Q009,S3,unsupported,[],,FALSE,TRUE,0.000974178,mDeBERTa-v3-base-mnli-xnli,record,,,,,,,
Q093,S1,supported,['cognitive_avoidance'],cognitive_avoidance,TRUE,FALSE,0.003913879,mDeBERTa-v3-base-mnli-xnli,record,,,,,,,
Q093,S2,supported,[],,TRUE,FALSE,0.001814842,mDeBERTa-v3-base-mnli-xnli,record,,,,,,,
Q093,S3,supported,['cognitive_avoidance'],cognitive_avoidance,TRUE,FALSE,0.001952171,mDeBERTa-v3-base-mnli-xnli,record,,,,,,,
Q017,S1,supported,['overconfidence'],overconfidence,FALSE,FALSE,0.122070313,mDeBERTa-v3-base-mnli-xnli,record,,,,,,,
Q017,S2,supported,['slipping'],slipping,FALSE,FALSE,0.001343727,mDeBERTa-v3-base-mnli-xnli,record,,,,,,,
Q141,S1,supported,['cognitive_avoidance'],cognitive_avoidance,FALSE,FALSE,0.007228851,mDeBERTa-v3-base-mnli-xnli,record,,,,,,,
Q141,S2,supported,['slipping'],slipping,FALSE,FALSE,0.001253128,mDeBERTa-v3-base-mnli-xnli,record,,,,,,,
Q141,S3,supported,"['cognitive_avoidance', 'slipping']",,FALSE,FALSE,0.016296387,mDeBERTa-v3-base-mnli-xnli,record,,,,,,,
Q097,S1,unsupported,['cognitive_avoidance'],cognitive_avoidance,FALSE,FALSE,0.669433594,mDeBERTa-v3-base-mnli-xnli,record,,,,,,,
Q097,S2,unknown,['unproductive_frustration'],unproductive_frustration,FALSE,FALSE,0.002229691,mDeBERTa-v3-base-mnli-xnli,record,,,,,,,
Q061,S1,unsupported,['cognitive_avoidance'],cognitive_avoidance,FALSE,FALSE,0.007194519,mDeBERTa-v3-base-mnli-xnli,record,,,,,,,
Q061,S2,unsupported,[],,FALSE,FALSE,0.002290726,mDeBERTa-v3-base-mnli-xnli,record,,,,,,,
Q061,S3,supported,['cognitive_avoidance'],cognitive_avoidance,FALSE,FALSE,0.060424805,mDeBERTa-v3-base-mnli-xnli,record,,,,,,,
Q038,S1,unsupported, the student's cumulative accuracy on this skill was 86%. On attempt 1, and took 0.46 times their own average response time. On attempt 3, the student answered correctly, used no hints, and took 0.93 times their own average response time. On attempt 4, the student answered incorrectly, used no hints,FALSE,FALSE,0.042724609,mDeBERTa-v3-base-mnli-xnli,record,,
Q038,S2,unsupported,['unproductive_frustration'],unproductive_frustration,FALSE,FALSE,0.000655651,mDeBERTa-v3-base-mnli-xnli,record,,,,,,,
Q030,S1,partial, the student's cumulative accuracy on this skill was 0%. On attempt 1, and took 0.22 times their own average response time. On attempt 3, the student answered incorrectly, used 3 hints, and took 0.10 times their own average response time. On attempt 4, the student answered incorrectly, used 4 hints,FALSE,FALSE,0.025192261,mDeBERTa-v3-base-mnli-xnli,record,,
Q030,S2,supported,['unproductive_frustration'],unproductive_frustration,FALSE,FALSE,0.001349449,mDeBERTa-v3-base-mnli-xnli,record,,,,,,,
Q030,S3,supported,[],,FALSE,FALSE,0.003959656,mDeBERTa-v3-base-mnli-xnli,record,,,,,,,
Q050,S1,unsupported,['overconfidence'],overconfidence,TRUE,FALSE,0.016235352,mDeBERTa-v3-base-mnli-xnli,record,,,,,,,
Q050,S2,unsupported,['overconfidence'],overconfidence,TRUE,FALSE,0.002462387,mDeBERTa-v3-base-mnli-xnli,record,,,,,,,
Q050,S3,unsupported,['overconfidence'],overconfidence,TRUE,FALSE,0.024124146,mDeBERTa-v3-base-mnli-xnli,record,,,,,,,
Q139,S1,partial,['overconfidence'],overconfidence,TRUE,FALSE,0.065551758,mDeBERTa-v3-base-mnli-xnli,record,,,,,,,
Q139,S2,partial,['unproductive_frustration'],unproductive_frustration,TRUE,FALSE,0.001058578,mDeBERTa-v3-base-mnli-xnli,record,,,,,,,
Q139,S3,unsupported,['slipping'],slipping,TRUE,FALSE,0.001849174,mDeBERTa-v3-base-mnli-xnli,record,,,,,,,
Q022,S1,unsupported,[],TRUE,FALSE,0.003118515,mDeBERTa-v3-base-mnli-xnli,record,,,,,,,,
Q022,S2,partial,[],TRUE,FALSE,0.08203125,mDeBERTa-v3-base-mnli-xnli,record,,,,,,,,
Q022,S3,supported,[],TRUE,FALSE,0.032226563,mDeBERTa-v3-base-mnli-xnli,record,,,,,,,,
Q005,S1,partial,['productive_struggle'],productive_struggle,FALSE,FALSE,0.157592773,mDeBERTa-v3-base-mnli-xnli,record,,,,,,,
Q005,S2,supported,['productive_struggle'],productive_struggle,FALSE,FALSE,0.001088142,mDeBERTa-v3-base-mnli-xnli,record,,,,,,,
Q005,S3,partial,['productive_struggle'],productive_struggle,FALSE,FALSE,0.008201599,mDeBERTa-v3-base-mnli-xnli,record,,,,,,,
Q067,S1,unsupported,['productive_struggle'],productive_struggle,FALSE,FALSE,0.052429199,mDeBERTa-v3-base-mnli-xnli,record,,,,,,,
Q067,S2,unsupported, the student's cumulative accuracy on this skill was 43%. On attempt 1, and took 0.20 times their own average response time. On attempt 3, the student answered correctly, used no hints, and took 0.10 times their own average response time. On attempt 4, the student answered correctly, used 2 hints,FALSE,FALSE,0.004173279,mDeBERTa-v3-base-mnli-xnli,record,,
Q067,S3,unsupported,"['cognitive_avoidance', 'productive_struggle']",,FALSE,FALSE,0.003036499,mDeBERTa-v3-base-mnli-xnli,record,,,,,,,
Q041,S1,supported,['confidence_triad'],confidence_triad,FALSE,FALSE,0.053649902,mDeBERTa-v3-base-mnli-xnli,record,,,,,,,
Q041,S2,supported,['confidence_triad'],confidence_triad,FALSE,FALSE,0.001499176,mDeBERTa-v3-base-mnli-xnli,record,,,,,,,
Q041,S3,unsupported,['confidence_triad'],confidence_triad,FALSE,FALSE,0.002405167,mDeBERTa-v3-base-mnli-xnli,record,,,,,,,
Q070,S1,partial,['cognitive_avoidance'],cognitive_avoidance,FALSE,FALSE,0.007785797,mDeBERTa-v3-base-mnli-xnli,record,,,,,,,
Q070,S2,partial,['slipping'],slipping,FALSE,FALSE,0.003120422,mDeBERTa-v3-base-mnli-xnli,record,,,,,,,
Q070,S3,unknown,[],FALSE,FALSE,0.012992859,mDeBERTa-v3-base-mnli-xnli,record,,,,,,,,
Q088,S1,unsupported,['productive_struggle'],productive_struggle,FALSE,FALSE,0.041717529,mDeBERTa-v3-base-mnli-xnli,record,,,,,,,
Q088,S2,unsupported,['productive_struggle'],productive_struggle,FALSE,FALSE,0.005825043,mDeBERTa-v3-base-mnli-xnli,record,,,,,,,
Q088,S3,partial,['productive_struggle'],productive_struggle,FALSE,FALSE,0.009094238,mDeBERTa-v3-base-mnli-xnli,record,,,,,,,
Q035,S1,supported,['confidence_triad'],confidence_triad,TRUE,FALSE,0.052978516,mDeBERTa-v3-base-mnli-xnli,record,,,,,,,
Q035,S2,supported,['confidence_triad'],confidence_triad,TRUE,FALSE,0.002138138,mDeBERTa-v3-base-mnli-xnli,record,,,,,,,
Q035,S3,unsupported,['confidence_triad'],confidence_triad,TRUE,FALSE,0.002117157,mDeBERTa-v3-base-mnli-xnli,record,,,,,,,
Q108,S1,partial,['productive_struggle'],productive_struggle,TRUE,FALSE,0.047424316,mDeBERTa-v3-base-mnli-xnli,record,,,,,,,
Q108,S2,unsupported,['cognitive_avoidance'],cognitive_avoidance,TRUE,FALSE,0.000705719,mDeBERTa-v3-base-mnli-xnli,record,,,,,,,
Q108,S3,supported,"['cognitive_avoidance', 'productive_struggle']",,TRUE,FALSE,0.006908417,mDeBERTa-v3-base-mnli-xnli,record,,,,,,,
Q122,S1,unsupported,['cognitive_avoidance'],cognitive_avoidance,FALSE,FALSE,0.08392334,mDeBERTa-v3-base-mnli-xnli,record,,,,,,,
Q122,S2,supported,[],,FALSE,FALSE,0.005802155,mDeBERTa-v3-base-mnli-xnli,record,,,,,,,
Q122,S3,supported,['cognitive_avoidance'],cognitive_avoidance,FALSE,FALSE,0.046264648,mDeBERTa-v3-base-mnli-xnli,record,,,,,,,
Q036,S1,unsupported,[],,FALSE,TRUE,0.042480469,mDeBERTa-v3-base-mnli-xnli,record,,,,,,,
Q036,S2,unsupported,[],,FALSE,TRUE,0.001839638,mDeBERTa-v3-base-mnli-xnli,record,,,,,,,
Q018,S1,unsupported,['confidence_triad'],confidence_triad,FALSE,FALSE,0.024963379,mDeBERTa-v3-base-mnli-xnli,record,,,,,,,
Q018,S2,unsupported,['confidence_triad'],confidence_triad,FALSE,FALSE,0.00127697,mDeBERTa-v3-base-mnli-xnli,record,,,,,,,
Q018,S3,unsupported,['confidence_triad'],confidence_triad,FALSE,FALSE,0.015762329,mDeBERTa-v3-base-mnli-xnli,record,,,,,,,
Q115,S1,unsupported,['cognitive_avoidance'],cognitive_avoidance,FALSE,FALSE,0.489013672,mDeBERTa-v3-base-mnli-xnli,record,,,,,,,
Q115,S2,unsupported,['unproductive_frustration'],unproductive_frustration,FALSE,FALSE,0.001946449,mDeBERTa-v3-base-mnli-xnli,record,,,,,,,
Q008,S1,partial,[],,FALSE,TRUE,0.002286911,mDeBERTa-v3-base-mnli-xnli,record,,,,,,,
Q008,S2,unsupported,[],,FALSE,TRUE,0.001420021,mDeBERTa-v3-base-mnli-xnli,record,,,,,,,
Q008,S3,unsupported,[],,FALSE,TRUE,0.001297951,mDeBERTa-v3-base-mnli-xnli,record,,,,,,,
Q058,S1,unsupported,[],FALSE,TRUE,0.009597778,mDeBERTa-v3-base-mnli-xnli,record,,,,,,,,
Q058,S2,partial,[],,FALSE,TRUE,0.002096176,mDeBERTa-v3-base-mnli-xnli,record,,,,,,,
Q058,S3,supported,[],,FALSE,TRUE,0.058013916,mDeBERTa-v3-base-mnli-xnli,record,,,,,,,
Q078,S1,unsupported,[],,TRUE,TRUE,0.024765015,mDeBERTa-v3-base-mnli-xnli,record,,,,,,,
Q078,S2,partial, the student's cumulative accuracy on this skill was 27%. On attempt 1, and took 0.57 times their own average response time. On attempt 3, the student answered incorrectly, used 1 hint, and took 0.51 times their own average response time. On attempt 4, the student answered incorrectly, used 2 hints,TRUE,TRUE,0.00100708,mDeBERTa-v3-base-mnli-xnli,record,,
Q012,S1,partial,['cognitive_avoidance'],cognitive_avoidance,FALSE,FALSE,0.022827148,mDeBERTa-v3-base-mnli-xnli,record,,,,,,,
Q012,S2,unsupported,['slipping'],slipping,FALSE,FALSE,0.029678345,mDeBERTa-v3-base-mnli-xnli,record,,,,,,,
Q064,S1,supported,['overconfidence'],overconfidence,TRUE,FALSE,0.01411438,mDeBERTa-v3-base-mnli-xnli,record,,,,,,,
Q101,S1,unsupported,['overconfidence'],overconfidence,FALSE,FALSE,0.021102905,mDeBERTa-v3-base-mnli-xnli,record,,,,,,,
Q101,S2,partial, the student's cumulative accuracy on this skill was 57%. On attempt 1, and took 1.90 times their own average response time. On attempt 3, the student answered correctly, used no hints, and took 1.14 times their own average response time. On attempt 4, the student answered incorrectly, used no hints,FALSE,FALSE,0.000835419,mDeBERTa-v3-base-mnli-xnli,record,,
Q021,S1,supported,[],TRUE,FALSE,0.004432678,mDeBERTa-v3-base-mnli-xnli,record,,,,,,,,
Q021,S2,unsupported,['slipping'],slipping,TRUE,FALSE,0.714355469,mDeBERTa-v3-base-mnli-xnli,record,,,,,,,
Q124,S1,supported,['confidence_triad'],confidence_triad,TRUE,FALSE,0.006645203,mDeBERTa-v3-base-mnli-xnli,record,,,,,,,
Q124,S2,unsupported,[],TRUE,FALSE,0.029541016,mDeBERTa-v3-base-mnli-xnli,record,,,,,,,,
Q072,S1,unsupported,[],,FALSE,TRUE,0.001478195,mDeBERTa-v3-base-mnli-xnli,record,,,,,,,
Q072,S2,unsupported,[],,FALSE,TRUE,0.00484848,mDeBERTa-v3-base-mnli-xnli,record,,,,,,,
Q072,S3,supported,[],,FALSE,TRUE,0.049560547,mDeBERTa-v3-base-mnli-xnli,record,,,,,,,
Q074,S1,unsupported,['cognitive_avoidance'],cognitive_avoidance,TRUE,FALSE,0.027328491,mDeBERTa-v3-base-mnli-xnli,record,,,,,,,
Q074,S2,unsupported,['unproductive_frustration'],unproductive_frustration,TRUE,FALSE,0.000714779,mDeBERTa-v3-base-mnli-xnli,record,,,,,,,
Q120,S1,partial,['cognitive_avoidance'],cognitive_avoidance,FALSE,FALSE,0.003997803,mDeBERTa-v3-base-mnli-xnli,record,,,,,,,
Q120,S2,partial,['slipping'],slipping,FALSE,FALSE,0.042938232,mDeBERTa-v3-base-mnli-xnli,record,,,,,,,
Q015,S1,supported,['cognitive_avoidance'],cognitive_avoidance,TRUE,FALSE,0.003952026,mDeBERTa-v3-base-mnli-xnli,record,,,,,,,
Q015,S2,unsupported,[],,TRUE,FALSE,0.004074097,mDeBERTa-v3-base-mnli-xnli,record,,,,,,,
Q118,S1,supported,['confidence_triad'],confidence_triad,TRUE,FALSE,0.076843262,mDeBERTa-v3-base-mnli-xnli,record,,,,,,,
Q118,S2,partial,['confidence_triad'],confidence_triad,TRUE,FALSE,0.001260757,mDeBERTa-v3-base-mnli-xnli,record,,,,,,,
Q118,S3,supported,['confidence_triad'],confidence_triad,TRUE,FALSE,0.005844116,mDeBERTa-v3-base-mnli-xnli,record,,,,,,,
Q042,S1,supported,['confidence_triad'],confidence_triad,FALSE,FALSE,0.07244873,mDeBERTa-v3-base-mnli-xnli,record,,,,,,,
Q042,S2,supported,['confidence_triad'],confidence_triad,FALSE,FALSE,0.001001358,mDeBERTa-v3-base-mnli-xnli,record,,,,,,,
Q042,S3,supported,['confidence_triad'],confidence_triad,FALSE,FALSE,0.016418457,mDeBERTa-v3-base-mnli-xnli,record,,,,,,,
Q066,S1,unsupported,[],FALSE,FALSE,0.004119873,mDeBERTa-v3-base-mnli-xnli,record,,,,,,,,
Q066,S2,partial,['overconfidence'],overconfidence,FALSE,FALSE,0.006786346,mDeBERTa-v3-base-mnli-xnli,record,,,,,,,
Q066,S3,supported,['overconfidence'],overconfidence,FALSE,FALSE,0.007926941,mDeBERTa-v3-base-mnli-xnli,record,,,,,,,
Q110,S1,unsupported,['cognitive_avoidance'],cognitive_avoidance,TRUE,FALSE,0.097167969,mDeBERTa-v3-base-mnli-xnli,record,,,,,,,
Q110,S2,partial,['slipping'],slipping,TRUE,FALSE,0.003358841,mDeBERTa-v3-base-mnli-xnli,record,,,,,,,
Q084,S1,unsupported,[],,TRUE,TRUE,0.004112244,mDeBERTa-v3-base-mnli-xnli,record,,,,,,,
Q084,S2,partial,[],,TRUE,TRUE,0.024993896,mDeBERTa-v3-base-mnli-xnli,record,,,,,,,
Q062,S1,unsupported,['cognitive_avoidance'],cognitive_avoidance,FALSE,FALSE,0.060638428,mDeBERTa-v3-base-mnli-xnli,record,,,,,,,
Q062,S2,unsupported,[],,FALSE,FALSE,0.001086235,mDeBERTa-v3-base-mnli-xnli,record,,,,,,,
Q046,S1,unsupported,['cognitive_avoidance'],cognitive_avoidance,FALSE,FALSE,0.138183594,mDeBERTa-v3-base-mnli-xnli,record,,,,,,,
Q046,S2,partial,['unproductive_frustration'],unproductive_frustration,FALSE,FALSE,0.001271248,mDeBERTa-v3-base-mnli-xnli,record,,,,,,,
Q107,S1,unsupported,['productive_struggle'],productive_struggle,FALSE,FALSE,0.012069702,mDeBERTa-v3-base-mnli-xnli,record,,,,,,,
Q107,S2,unsupported,['productive_struggle'],productive_struggle,FALSE,FALSE,0.10333252,mDeBERTa-v3-base-mnli-xnli,record,,,,,,,
Q107,S3,partial,['productive_struggle'],productive_struggle,FALSE,FALSE,0.008750916,mDeBERTa-v3-base-mnli-xnli,record,,,,,,,
Q119,S1,unsupported,[],FALSE,FALSE,0.001571655,mDeBERTa-v3-base-mnli-xnli,record,,,,,,,,
Q119,S2,unsupported,[],FALSE,FALSE,0.001041412,mDeBERTa-v3-base-mnli-xnli,record,,,,,,,,
Q119,S3,unsupported,[],FALSE,FALSE,0.002117157,mDeBERTa-v3-base-mnli-xnli,record,,,,,,,,
Q100,S1,supported,['confidence_triad'],confidence_triad,FALSE,FALSE,0.054107666,mDeBERTa-v3-base-mnli-xnli,record,,,,,,,
Q100,S2,partial,['confidence_triad'],confidence_triad,FALSE,FALSE,0.000858307,mDeBERTa-v3-base-mnli-xnli,record,,,,,,,
Q100,S3,unknown,['confidence_triad'],confidence_triad,FALSE,FALSE,0.002677917,mDeBERTa-v3-base-mnli-xnli,record,,,,,,,
Q080,S1,unsupported,['overconfidence'],overconfidence,FALSE,FALSE,0.021224976,mDeBERTa-v3-base-mnli-xnli,record,,,,,,,
Q080,S2,supported,['unproductive_frustration'],unproductive_frustration,FALSE,FALSE,0.012161255,mDeBERTa-v3-base-mnli-xnli,record,,,,,,,
Q080,S3,supported,['slipping'],slipping,FALSE,FALSE,0.102539063,mDeBERTa-v3-base-mnli-xnli,record,,,,,,,
Q096,S1,unsupported,['productive_struggle'],productive_struggle,TRUE,FALSE,0.222900391,mDeBERTa-v3-base-mnli-xnli,record,,,,,,,
Q096,S2,unsupported,['cognitive_avoidance'],cognitive_avoidance,TRUE,FALSE,0.003219604,mDeBERTa-v3-base-mnli-xnli,record,,,,,,,
Q083,S1,unsupported,['productive_struggle'],productive_struggle,FALSE,FALSE,0.046173096,mDeBERTa-v3-base-mnli-xnli,record,,,,,,,
Q083,S2,unsupported,['cognitive_avoidance'],cognitive_avoidance,FALSE,FALSE,0.003305435,mDeBERTa-v3-base-mnli-xnli,record,,,,,,,
Q083,S3,unsupported,"['productive_struggle', 'cognitive_avoidance']",,FALSE,FALSE,0.002954483,mDeBERTa-v3-base-mnli-xnli,record,,,,,,,
Q127,S1,partial,['overconfidence'],overconfidence,FALSE,FALSE,0.009529114,mDeBERTa-v3-base-mnli-xnli,record,,,,,,,
Q127,S2,unsupported,['overconfidence'],overconfidence,FALSE,FALSE,0.008972168,mDeBERTa-v3-base-mnli-xnli,record,,,,,,,
Q127,S3,unsupported,['overconfidence'],overconfidence,FALSE,FALSE,0.030456543,mDeBERTa-v3-base-mnli-xnli,record,,,,,,,
Q047,S1,partial,['unproductive_frustration'],unproductive_frustration,TRUE,FALSE,0.017272949,mDeBERTa-v3-base-mnli-xnli,record,,,,,,,
Q047,S2,supported,['unproductive_frustration'],unproductive_frustration,TRUE,FALSE,0.001495361,mDeBERTa-v3-base-mnli-xnli,record,,,,,,,
Q047,S3,unsupported,['unproductive_frustration'],unproductive_frustration,TRUE,FALSE,0.001379013,mDeBERTa-v3-base-mnli-xnli,record,,,,,,,
Q068,S1,partial,['confidence_triad'],confidence_triad,FALSE,FALSE,0.022460938,mDeBERTa-v3-base-mnli-xnli,record,,,,,,,
Q068,S2,unknown,['confidence_triad'],confidence_triad,FALSE,FALSE,0.001178741,mDeBERTa-v3-base-mnli-xnli,record,,,,,,,
Q068,S3,unsupported,['confidence_triad'],confidence_triad,FALSE,FALSE,0.001803398,mDeBERTa-v3-base-mnli-xnli,record,,,,,,,
Q106,S1,partial,['cognitive_avoidance'],cognitive_avoidance,FALSE,FALSE,0.001039505,mDeBERTa-v3-base-mnli-xnli,record,,,,,,,
Q106,S2,unsupported,[],FALSE,FALSE,0.002071381,mDeBERTa-v3-base-mnli-xnli,record,,,,,,,,
Q106,S3,supported,['cognitive_avoidance'],cognitive_avoidance,FALSE,FALSE,0.00328064,mDeBERTa-v3-base-mnli-xnli,record,,,,,,,
Q140,S1,unsupported,['overconfidence'],overconfidence,FALSE,FALSE,0.005081177,mDeBERTa-v3-base-mnli-xnli,record,,,,,,,
Q140,S2,unsupported,['overconfidence'],overconfidence,FALSE,FALSE,0.003982544,mDeBERTa-v3-base-mnli-xnli,record,,,,,,,
Q049,S1,unsupported,['cognitive_avoidance'],cognitive_avoidance,FALSE,FALSE,0.494384766,mDeBERTa-v3-base-mnli-xnli,record,,,,,,,
Q049,S2,unsupported,['unproductive_frustration'],unproductive_frustration,FALSE,FALSE,0.00061512,mDeBERTa-v3-base-mnli-xnli,record,,,,,,,
Q049,S3,partial,['slipping'],slipping,FALSE,FALSE,0.089660645,mDeBERTa-v3-base-mnli-xnli,record,,,,,,,
Q060,S1,partial,[],,FALSE,TRUE,0.121276855,mDeBERTa-v3-base-mnli-xnli,record,,,,,,,
Q060,S2,supported,[],,FALSE,TRUE,0.000839233,mDeBERTa-v3-base-mnli-xnli,record,,,,,,,
Q060,S3,supported,[],,FALSE,TRUE,0.004989624,mDeBERTa-v3-base-mnli-xnli,record,,,,,,,
Q052,S1,unsupported,['cognitive_avoidance'],cognitive_avoidance,FALSE,FALSE,0.003921509,mDeBERTa-v3-base-mnli-xnli,record,,,,,,,
Q052,S2,unsupported,[],,FALSE,FALSE,0.001756668,mDeBERTa-v3-base-mnli-xnli,record,,,,,,,
Q052,S3,unsupported,['cognitive_avoidance'],cognitive_avoidance,FALSE,FALSE,0.004901886,mDeBERTa-v3-base-mnli-xnli,record,,,,,,,
Q063,S1,partial,[],,FALSE,TRUE,0.00510025,mDeBERTa-v3-base-mnli-xnli,record,,,,,,,
Q063,S2,unsupported,[],,FALSE,TRUE,0.001316071,mDeBERTa-v3-base-mnli-xnli,record,,,,,,,
Q138,S1,supported,['cognitive_avoidance'],cognitive_avoidance,FALSE,FALSE,0.003986359,mDeBERTa-v3-base-mnli-xnli,record,,,,,,,
Q138,S2,supported,['slipping'],slipping,FALSE,FALSE,0.059753418,mDeBERTa-v3-base-mnli-xnli,record,,,,,,,
Q010,S1,supported,['overconfidence'],overconfidence,TRUE,FALSE,0.011253357,mDeBERTa-v3-base-mnli-xnli,record,,,,,,,
Q010,S2,partial,['slipping'],slipping,TRUE,FALSE,0.000797272,mDeBERTa-v3-base-mnli-xnli,record,,,,,,,
Q102,S1,supported,['overconfidence'],overconfidence,TRUE,FALSE,0.04309082,mDeBERTa-v3-base-mnli-xnli,record,,,,,,,
Q102,S2,unsupported,['overconfidence'],overconfidence,TRUE,FALSE,0.001092911,mDeBERTa-v3-base-mnli-xnli,record,,,,,,,
Q102,S3,unsupported,['overconfidence'],overconfidence,TRUE,FALSE,0.002628326,mDeBERTa-v3-base-mnli-xnli,record,,,,,,,
Q132,S1,unsupported,['cognitive_avoidance'],cognitive_avoidance,FALSE,FALSE,0.519042969,mDeBERTa-v3-base-mnli-xnli,record,,,,,,,
Q132,S2,unsupported,['unproductive_frustration'],unproductive_frustration,FALSE,FALSE,0.00122261,mDeBERTa-v3-base-mnli-xnli,record,,,,,,,
Q020,S1,unsupported,['cognitive_avoidance'],cognitive_avoidance,FALSE,FALSE,0.022781372,mDeBERTa-v3-base-mnli-xnli,record,,,,,,,
Q020,S2,partial,['slipping'],slipping,FALSE,FALSE,0.023239136,mDeBERTa-v3-base-mnli-xnli,record,,,,,,,
Q002,S1,supported,['overconfidence'],overconfidence,FALSE,FALSE,0.002471924,mDeBERTa-v3-base-mnli-xnli,record,,,,,,,
Q002,S2,supported,['slipping'],slipping,FALSE,FALSE,0.039001465,mDeBERTa-v3-base-mnli-xnli,record,,,,,,,
Q087,S1,unsupported,[],FALSE,FALSE,0.094787598,DeBERTa-v3-large-mnli-fever-anli-ling-wanli,fact,,,,,,,,
Q087,S2,unsupported,['productive_struggle'],productive_struggle,FALSE,FALSE,0.057434082,DeBERTa-v3-large-mnli-fever-anli-ling-wanli,fact,,,,,,,
Q087,S3,unsupported,[],FALSE,FALSE,0.010597229,DeBERTa-v3-large-mnli-fever-anli-ling-wanli,fact,,,,,,,,
Q099,S1,partial,['cognitive_avoidance'],cognitive_avoidance,FALSE,FALSE,0.184936523,DeBERTa-v3-large-mnli-fever-anli-ling-wanli,fact,,,,,,,
Q099,S2,partial,['cognitive_avoidance'],cognitive_avoidance,FALSE,FALSE,0.030899048,DeBERTa-v3-large-mnli-fever-anli-ling-wanli,fact,,,,,,,
Q099,S3,supported,['cognitive_avoidance'],cognitive_avoidance,FALSE,FALSE,0.988769531,DeBERTa-v3-large-mnli-fever-anli-ling-wanli,fact,,,,,,,
Q134,S1,supported,['overconfidence'],overconfidence,FALSE,FALSE,0.981445313,DeBERTa-v3-large-mnli-fever-anli-ling-wanli,fact,,,,,,,
Q134,S2,partial,['overconfidence'],overconfidence,FALSE,FALSE,0.98828125,DeBERTa-v3-large-mnli-fever-anli-ling-wanli,fact,,,,,,,
Q134,S3,partial,['overconfidence'],overconfidence,FALSE,FALSE,0.005882263,DeBERTa-v3-large-mnli-fever-anli-ling-wanli,fact,,,,,,,
Q054,S1,supported,['cognitive_avoidance'],cognitive_avoidance,FALSE,FALSE,0.78515625,DeBERTa-v3-large-mnli-fever-anli-ling-wanli,fact,,,,,,,
Q054,S2,partial,['slipping'],slipping,FALSE,FALSE,0.000385761,DeBERTa-v3-large-mnli-fever-anli-ling-wanli,fact,,,,,,,
Q054,S3,supported,['slipping'],slipping,FALSE,FALSE,0.002449036,DeBERTa-v3-large-mnli-fever-anli-ling-wanli,fact,,,,,,,
Q053,S1,supported,['confidence_triad'],confidence_triad,FALSE,FALSE,0.998535156,DeBERTa-v3-large-mnli-fever-anli-ling-wanli,fact,,,,,,,
Q053,S2,unsupported,[],FALSE,FALSE,0.170898438,DeBERTa-v3-large-mnli-fever-anli-ling-wanli,fact,,,,,,,,
Q053,S3,unsupported,['cognitive_avoidance'],cognitive_avoidance,FALSE,FALSE,0.1484375,DeBERTa-v3-large-mnli-fever-anli-ling-wanli,fact,,,,,,,
Q028,S1,partial,['cognitive_avoidance'],cognitive_avoidance,FALSE,FALSE,0.996582031,DeBERTa-v3-large-mnli-fever-anli-ling-wanli,fact,,,,,,,
Q028,S2,supported,['slipping'],slipping,FALSE,FALSE,0.000170469,DeBERTa-v3-large-mnli-fever-anli-ling-wanli,fact,,,,,,,
Q014,S1,supported,['confidence_triad'],confidence_triad,TRUE,FALSE,0.999023438,DeBERTa-v3-large-mnli-fever-anli-ling-wanli,fact,,,,,,,
Q014,S2,partial,['confidence_triad'],confidence_triad,TRUE,FALSE,0.970703125,DeBERTa-v3-large-mnli-fever-anli-ling-wanli,fact,,,,,,,
Q014,S3,supported,['confidence_triad'],confidence_triad,TRUE,FALSE,0.999023438,DeBERTa-v3-large-mnli-fever-anli-ling-wanli,fact,,,,,,,
Q136,S1,partial,['cognitive_avoidance'],cognitive_avoidance,FALSE,FALSE,0.78515625,DeBERTa-v3-large-mnli-fever-anli-ling-wanli,fact,,,,,,,
Q136,S2,partial,['slipping'],slipping,FALSE,FALSE,0.000316858,DeBERTa-v3-large-mnli-fever-anli-ling-wanli,fact,,,,,,,
Q136,S3,partial,['slipping'],slipping,FALSE,FALSE,0.000663757,DeBERTa-v3-large-mnli-fever-anli-ling-wanli,fact,,,,,,,
Q117,S1,supported,['overconfidence'],overconfidence,FALSE,FALSE,0.553710938,DeBERTa-v3-large-mnli-fever-anli-ling-wanli,fact,,,,,,,
Q117,S2,partial,['slipping'],slipping,FALSE,FALSE,0.004333496,DeBERTa-v3-large-mnli-fever-anli-ling-wanli,fact,,,,,,,
Q128,S1,unsupported,['productive_struggle'],productive_struggle,FALSE,FALSE,0.991210938,DeBERTa-v3-large-mnli-fever-anli-ling-wanli,fact,,,,,,,
Q128,S2,unsupported,['productive_struggle'],productive_struggle,FALSE,FALSE,0.952148438,DeBERTa-v3-large-mnli-fever-anli-ling-wanli,fact,,,,,,,
Q128,S3,unsupported,['productive_struggle'],productive_struggle,FALSE,FALSE,0.003326416,DeBERTa-v3-large-mnli-fever-anli-ling-wanli,fact,,,,,,,
Q075,S1,unsupported,['cognitive_avoidance'],cognitive_avoidance,TRUE,FALSE,0.971191406,DeBERTa-v3-large-mnli-fever-anli-ling-wanli,fact,,,,,,,
Q019,S1,supported,['overconfidence'],overconfidence,FALSE,FALSE,0.000356913,DeBERTa-v3-large-mnli-fever-anli-ling-wanli,fact,,,,,,,
Q019,S2,supported,['slipping'],slipping,FALSE,FALSE,0.002046585,DeBERTa-v3-large-mnli-fever-anli-ling-wanli,fact,,,,,,,
Q055,S1,supported,['cognitive_avoidance'],cognitive_avoidance,FALSE,FALSE,0.971191406,DeBERTa-v3-large-mnli-fever-anli-ling-wanli,fact,,,,,,,
Q055,S2,supported,['slipping'],slipping,FALSE,FALSE,0.005123138,DeBERTa-v3-large-mnli-fever-anli-ling-wanli,fact,,,,,,,
Q123,S1,partial,[],FALSE,FALSE,0.97265625,DeBERTa-v3-large-mnli-fever-anli-ling-wanli,fact,,,,,,,,
Q123,S2,unsupported,['cognitive_avoidance'],cognitive_avoidance,FALSE,FALSE,0.903320313,DeBERTa-v3-large-mnli-fever-anli-ling-wanli,fact,,,,,,,
Q123,S3,partial,['cognitive_avoidance'],cognitive_avoidance,FALSE,FALSE,0.098693848,DeBERTa-v3-large-mnli-fever-anli-ling-wanli,fact,,,,,,,
Q037,S1,unsupported,['overconfidence'],overconfidence,TRUE,FALSE,0.81640625,DeBERTa-v3-large-mnli-fever-anli-ling-wanli,fact,,,,,,,
Q037,S2,unsupported,['overconfidence'],overconfidence,TRUE,FALSE,0.013923645,DeBERTa-v3-large-mnli-fever-anli-ling-wanli,fact,,,,,,,
Q037,S3,unsupported,['overconfidence'],overconfidence,TRUE,FALSE,0.092285156,DeBERTa-v3-large-mnli-fever-anli-ling-wanli,fact,,,,,,,
Q037,S4,unsupported,['overconfidence'],overconfidence,TRUE,FALSE,0.000631332,DeBERTa-v3-large-mnli-fever-anli-ling-wanli,fact,,,,,,,
Q091,S1,unsupported,['cognitive_avoidance'],cognitive_avoidance,FALSE,FALSE,0.994140625,DeBERTa-v3-large-mnli-fever-anli-ling-wanli,fact,,,,,,,
Q091,S2,unsupported,[],FALSE,FALSE,0.411376953,DeBERTa-v3-large-mnli-fever-anli-ling-wanli,fact,,,,,,,,
Q131,S1,supported,['overconfidence'],overconfidence,FALSE,FALSE,0.000235081,DeBERTa-v3-large-mnli-fever-anli-ling-wanli,fact,,,,,,,
Q131,S2,supported,['overconfidence'],overconfidence,FALSE,FALSE,0.001086235,DeBERTa-v3-large-mnli-fever-anli-ling-wanli,fact,,,,,,,
Q131,S3,unsupported,['unproductive_frustration'],unproductive_frustration,FALSE,FALSE,0.003974915,DeBERTa-v3-large-mnli-fever-anli-ling-wanli,fact,,,,,,,
Q031,S1,unsupported,['cognitive_avoidance'],cognitive_avoidance,FALSE,FALSE,0.989746094,DeBERTa-v3-large-mnli-fever-anli-ling-wanli,fact,,,,,,,
Q031,S2,partial,['cognitive_avoidance'],cognitive_avoidance,FALSE,FALSE,0.979492188,DeBERTa-v3-large-mnli-fever-anli-ling-wanli,fact,,,,,,,
Q098,S1,unsupported,['cognitive_avoidance'],cognitive_avoidance,FALSE,FALSE,0.9765625,DeBERTa-v3-large-mnli-fever-anli-ling-wanli,fact,,,,,,,
Q098,S2,partial,['slipping'],slipping,FALSE,FALSE,0.133666992,DeBERTa-v3-large-mnli-fever-anli-ling-wanli,fact,,,,,,,
Q098,S3,partial,['slipping'],slipping,FALSE,FALSE,0.001438141,DeBERTa-v3-large-mnli-fever-anli-ling-wanli,fact,,,,,,,
Q076,S1,unsupported,['cognitive_avoidance'],cognitive_avoidance,TRUE,FALSE,0.905273438,DeBERTa-v3-large-mnli-fever-anli-ling-wanli,fact,,,,,,,
Q076,S2,partial,['slipping'],slipping,TRUE,FALSE,0.000184417,DeBERTa-v3-large-mnli-fever-anli-ling-wanli,fact,,,,,,,
Q076,S3,unsupported,"['cognitive_avoidance', 'slipping']",,TRUE,FALSE,0.250488281,DeBERTa-v3-large-mnli-fever-anli-ling-wanli,fact,,,,,,,
Q081,S1,unsupported,['unproductive_frustration'],unproductive_frustration,TRUE,FALSE,0.990234375,DeBERTa-v3-large-mnli-fever-anli-ling-wanli,fact,,,,,,,
Q081,S2,unsupported,['unproductive_frustration'],unproductive_frustration,TRUE,FALSE,0.000671864,DeBERTa-v3-large-mnli-fever-anli-ling-wanli,fact,,,,,,,
Q081,S3,supported,[],TRUE,FALSE,0.013053894,DeBERTa-v3-large-mnli-fever-anli-ling-wanli,fact,,,,,,,,
Q079,S1,unsupported,['cognitive_avoidance'],cognitive_avoidance,FALSE,FALSE,0.540527344,DeBERTa-v3-large-mnli-fever-anli-ling-wanli,fact,,,,,,,
Q079,S2,unsupported,['cognitive_avoidance'],cognitive_avoidance,FALSE,FALSE,0.006229401,DeBERTa-v3-large-mnli-fever-anli-ling-wanli,fact,,,,,,,
Q094,S1,unsupported,['productive_struggle'],productive_struggle,TRUE,FALSE,0.218383789,DeBERTa-v3-large-mnli-fever-anli-ling-wanli,fact,,,,,,,
Q085,S1,unsupported,['overconfidence'],overconfidence,FALSE,FALSE,0.001020432,DeBERTa-v3-large-mnli-fever-anli-ling-wanli,fact,,,,,,,
Q085,S2,unsupported,['slipping'],slipping,FALSE,FALSE,0.000939369,DeBERTa-v3-large-mnli-fever-anli-ling-wanli,fact,,,,,,,
Q113,S1,supported,['cognitive_avoidance'],cognitive_avoidance,TRUE,FALSE,0.914550781,DeBERTa-v3-large-mnli-fever-anli-ling-wanli,fact,,,,,,,
Q113,S2,supported,['slipping'],slipping,TRUE,FALSE,0.004779816,DeBERTa-v3-large-mnli-fever-anli-ling-wanli,fact,,,,,,,
Q113,S3,unsupported,['slipping'],slipping,TRUE,FALSE,0.001713753,DeBERTa-v3-large-mnli-fever-anli-ling-wanli,fact,,,,,,,
Q105,S1,unsupported,['cognitive_avoidance'],cognitive_avoidance,FALSE,FALSE,0.9765625,DeBERTa-v3-large-mnli-fever-anli-ling-wanli,fact,,,,,,,
Q105,S2,partial,['slipping'],slipping,FALSE,FALSE,0.055358887,DeBERTa-v3-large-mnli-fever-anli-ling-wanli,fact,,,,,,,
Q016,S1,unsupported,['unproductive_frustration'],unproductive_frustration,FALSE,FALSE,0.983398438,DeBERTa-v3-large-mnli-fever-anli-ling-wanli,fact,,,,,,,
Q016,S2,unsupported,['unproductive_frustration'],unproductive_frustration,FALSE,FALSE,0.951660156,DeBERTa-v3-large-mnli-fever-anli-ling-wanli,fact,,,,,,,
Q016,S3,unsupported,['unproductive_frustration'],unproductive_frustration,FALSE,FALSE,0.005737305,DeBERTa-v3-large-mnli-fever-anli-ling-wanli,fact,,,,,,,
Q135,S1,supported,['confidence_triad'],confidence_triad,FALSE,FALSE,0.780761719,DeBERTa-v3-large-mnli-fever-anli-ling-wanli,fact,,,,,,,
Q135,S2,supported,['confidence_triad'],confidence_triad,FALSE,FALSE,0.999023438,DeBERTa-v3-large-mnli-fever-anli-ling-wanli,fact,,,,,,,
Q135,S3,supported,['confidence_triad'],confidence_triad,FALSE,FALSE,0.997558594,DeBERTa-v3-large-mnli-fever-anli-ling-wanli,fact,,,,,,,
Q013,S1,supported,['overconfidence'],overconfidence,TRUE,FALSE,0.970214844,DeBERTa-v3-large-mnli-fever-anli-ling-wanli,fact,,,,,,,
Q013,S2,unsupported,['unproductive_frustration'],unproductive_frustration,TRUE,FALSE,0.001570702,DeBERTa-v3-large-mnli-fever-anli-ling-wanli,fact,,,,,,,
Q013,S3,unsupported,['slipping'],slipping,TRUE,FALSE,0.089538574,DeBERTa-v3-large-mnli-fever-anli-ling-wanli,fact,,,,,,,
Q044,S1,supported,['cognitive_avoidance'],cognitive_avoidance,FALSE,FALSE,0.9765625,DeBERTa-v3-large-mnli-fever-anli-ling-wanli,fact,,,,,,,
Q044,S2,supported,['slipping'],slipping,FALSE,FALSE,0.102905273,DeBERTa-v3-large-mnli-fever-anli-ling-wanli,fact,,,,,,,
Q044,S3,supported,['slipping'],slipping,FALSE,FALSE,0.001438141,DeBERTa-v3-large-mnli-fever-anli-ling-wanli,fact,,,,,,,
Q059,S1,supported,['overconfidence'],overconfidence,FALSE,FALSE,0.970214844,DeBERTa-v3-large-mnli-fever-anli-ling-wanli,fact,,,,,,,
Q059,S2,unsupported,['unproductive_frustration'],unproductive_frustration,FALSE,FALSE,0.001570702,DeBERTa-v3-large-mnli-fever-anli-ling-wanli,fact,,,,,,,
Q059,S3,unsupported,['slipping'],slipping,FALSE,FALSE,0.089538574,DeBERTa-v3-large-mnli-fever-anli-ling-wanli,fact,,,,,,,
Q089,S1,supported,['overconfidence'],overconfidence,FALSE,FALSE,0.94921875,DeBERTa-v3-large-mnli-fever-anli-ling-wanli,fact,,,,,,,
Q089,S2,partial,['slipping'],slipping,FALSE,FALSE,0.000206947,DeBERTa-v3-large-mnli-fever-anli-ling-wanli,fact,,,,,,,
Q045,S1,unsupported,['overconfidence'],overconfidence,TRUE,FALSE,0.000200629,DeBERTa-v3-large-mnli-fever-anli-ling-wanli,fact,,,,,,,
Q045,S2,unsupported,['unproductive_frustration'],unproductive_frustration,TRUE,FALSE,0.001952171,DeBERTa-v3-large-mnli-fever-anli-ling-wanli,fact,,,,,,,
Q082,S1,partial,['confidence_triad'],confidence_triad,FALSE,FALSE,0.880371094,DeBERTa-v3-large-mnli-fever-anli-ling-wanli,fact,,,,,,,
Q082,S2,unsupported,['confidence_triad'],confidence_triad,FALSE,FALSE,0.003175735,DeBERTa-v3-large-mnli-fever-anli-ling-wanli,fact,,,,,,,
Q082,S3,supported,['confidence_triad'],confidence_triad,FALSE,FALSE,0.999023438,DeBERTa-v3-large-mnli-fever-anli-ling-wanli,fact,,,,,,,
Q069,S1,unsupported,['overconfidence'],overconfidence,FALSE,FALSE,0.970214844,DeBERTa-v3-large-mnli-fever-anli-ling-wanli,fact,,,,,,,
Q069,S2,supported,['unproductive_frustration'],unproductive_frustration,FALSE,FALSE,0.002321243,DeBERTa-v3-large-mnli-fever-anli-ling-wanli,fact,,,,,,,
Q069,S3,unsupported,['overconfidence'],overconfidence,FALSE,FALSE,0.003684998,DeBERTa-v3-large-mnli-fever-anli-ling-wanli,fact,,,,,,,
Q025,S1,supported,['unproductive_frustration'],unproductive_frustration,FALSE,FALSE,0.983398438,DeBERTa-v3-large-mnli-fever-anli-ling-wanli,fact,,,,,,,
Q025,S2,supported,['unproductive_frustration'],unproductive_frustration,FALSE,FALSE,0.004112244,DeBERTa-v3-large-mnli-fever-anli-ling-wanli,fact,,,,,,,
Q051,S1,unsupported,['cognitive_avoidance'],cognitive_avoidance,TRUE,FALSE,0.989746094,DeBERTa-v3-large-mnli-fever-anli-ling-wanli,fact,,,,,,,
Q051,S2,unsupported,['cognitive_avoidance'],cognitive_avoidance,TRUE,FALSE,0.873046875,DeBERTa-v3-large-mnli-fever-anli-ling-wanli,fact,,,,,,,
Q051,S3,unsupported,['cognitive_avoidance'],cognitive_avoidance,TRUE,FALSE,0.262939453,DeBERTa-v3-large-mnli-fever-anli-ling-wanli,fact,,,,,,,
Q137,S1,unsupported,['cognitive_avoidance'],cognitive_avoidance,FALSE,FALSE,0.591796875,DeBERTa-v3-large-mnli-fever-anli-ling-wanli,fact,,,,,,,
Q137,S2,supported,['slipping'],slipping,FALSE,FALSE,0.001509666,DeBERTa-v3-large-mnli-fever-anli-ling-wanli,fact,,,,,,,
Q095,S1,partial,['productive_struggle'],productive_struggle,FALSE,FALSE,0.881347656,DeBERTa-v3-large-mnli-fever-anli-ling-wanli,fact,,,,,,,
Q095,S2,partial,['cognitive_avoidance'],cognitive_avoidance,FALSE,FALSE,0.497558594,DeBERTa-v3-large-mnli-fever-anli-ling-wanli,fact,,,,,,,
Q095,S3,supported,"['productive_struggle', 'cognitive_avoidance']",,FALSE,FALSE,0.000539303,DeBERTa-v3-large-mnli-fever-anli-ling-wanli,fact,,,,,,,
Q033,S1,partial,['cognitive_avoidance'],cognitive_avoidance,FALSE,FALSE,0.989746094,DeBERTa-v3-large-mnli-fever-anli-ling-wanli,fact,,,,,,,
Q114,S1,partial, the student's cumulative accuracy on this skill was 23%. On attempt 1, and took 0.03 times their own average response time. On attempt 3, the student answered correctly, used 1 hint, and took 1.04 times their own average response time. On attempt 4, the student answered incorrectly, used no hints,TRUE,FALSE,0.996582031,DeBERTa-v3-large-mnli-fever-anli-ling-wanli,fact,,
Q114,S2,partial,['slipping'],slipping,TRUE,FALSE,0.000170469,DeBERTa-v3-large-mnli-fever-anli-ling-wanli,fact,,,,,,,
Q086,S1,partial, the student's cumulative accuracy on this skill was 33%. On attempt 1, and took 3.14 times their own average response time. On attempt 3, the student answered incorrectly, used no hints, and took 3.14 times their own average response time. On attempt 4, the student answered incorrectly, used no hints,TRUE,FALSE,0.994140625,DeBERTa-v3-large-mnli-fever-anli-ling-wanli,fact,,
Q086,S2,unsupported,['unproductive_frustration'],unproductive_frustration,TRUE,FALSE,0.005649567,DeBERTa-v3-large-mnli-fever-anli-ling-wanli,fact,,,,,,,
Q032,S1,supported,['overconfidence'],overconfidence,FALSE,FALSE,0.000399828,DeBERTa-v3-large-mnli-fever-anli-ling-wanli,fact,,,,,,,
Q032,S2,supported,['overconfidence'],overconfidence,FALSE,FALSE,0.183837891,DeBERTa-v3-large-mnli-fever-anli-ling-wanli,fact,,,,,,,
Q032,S3,unknown,['overconfidence'],overconfidence,FALSE,FALSE,0.984863281,DeBERTa-v3-large-mnli-fever-anli-ling-wanli,fact,,,,,,,
Q129,S1,supported,['overconfidence'],overconfidence,FALSE,FALSE,0.880371094,DeBERTa-v3-large-mnli-fever-anli-ling-wanli,fact,,,,,,,
Q129,S2,partial,['overconfidence'],overconfidence,FALSE,FALSE,0.000859261,DeBERTa-v3-large-mnli-fever-anli-ling-wanli,fact,,,,,,,
Q129,S3,unsupported,['overconfidence'],overconfidence,FALSE,FALSE,0.934570313,DeBERTa-v3-large-mnli-fever-anli-ling-wanli,fact,,,,,,,
Q034,S1,unsupported,[],FALSE,FALSE,0.0003016,DeBERTa-v3-large-mnli-fever-anli-ling-wanli,fact,,,,,,,,
Q034,S2,partial,['unproductive_frustration'],unproductive_frustration,FALSE,FALSE,0.000860691,DeBERTa-v3-large-mnli-fever-anli-ling-wanli,fact,,,,,,,
Q121,S1,partial,['unproductive_frustration'],unproductive_frustration,FALSE,FALSE,0.983398438,DeBERTa-v3-large-mnli-fever-anli-ling-wanli,fact,,,,,,,
Q121,S2,partial,['unproductive_frustration'],unproductive_frustration,FALSE,FALSE,0.001664162,DeBERTa-v3-large-mnli-fever-anli-ling-wanli,fact,,,,,,,
Q111,S1,supported,['overconfidence'],overconfidence,FALSE,FALSE,0.979492188,DeBERTa-v3-large-mnli-fever-anli-ling-wanli,fact,,,,,,,
Q111,S2,supported,['overconfidence'],overconfidence,FALSE,FALSE,0.98828125,DeBERTa-v3-large-mnli-fever-anli-ling-wanli,fact,,,,,,,
Q111,S3,supported,['overconfidence'],overconfidence,FALSE,FALSE,0.005882263,DeBERTa-v3-large-mnli-fever-anli-ling-wanli,fact,,,,,,,
Q112,S1,partial,['cognitive_avoidance'],cognitive_avoidance,TRUE,FALSE,0.971191406,DeBERTa-v3-large-mnli-fever-anli-ling-wanli,fact,,,,,,,
Q112,S2,supported,['slipping'],slipping,TRUE,FALSE,0.049926758,DeBERTa-v3-large-mnli-fever-anli-ling-wanli,fact,,,,,,,
Q130,S1,partial,[],TRUE,FALSE,0.995605469,DeBERTa-v3-large-mnli-fever-anli-ling-wanli,fact,,,,,,,,
Q130,S2,unsupported,['slipping'],slipping,TRUE,FALSE,0.001612663,DeBERTa-v3-large-mnli-fever-anli-ling-wanli,fact,,,,,,,
Q039,S1,unsupported,['productive_struggle'],productive_struggle,TRUE,FALSE,0.846191406,DeBERTa-v3-large-mnli-fever-anli-ling-wanli,fact,,,,,,,
Q057,S1,supported,['cognitive_avoidance'],cognitive_avoidance,TRUE,FALSE,0.971191406,DeBERTa-v3-large-mnli-fever-anli-ling-wanli,fact,,,,,,,
Q043,S1,supported,['productive_struggle'],productive_struggle,FALSE,FALSE,0.250976563,DeBERTa-v3-large-mnli-fever-anli-ling-wanli,fact,,,,,,,
Q043,S2,supported,['cognitive_avoidance'],cognitive_avoidance,FALSE,FALSE,0.070922852,DeBERTa-v3-large-mnli-fever-anli-ling-wanli,fact,,,,,,,
Q043,S3,supported,"['cognitive_avoidance', 'productive_struggle']",,FALSE,FALSE,0.001263618,DeBERTa-v3-large-mnli-fever-anli-ling-wanli,fact,,,,,,,
Q006,S1,unsupported,['cognitive_avoidance'],cognitive_avoidance,FALSE,FALSE,0.000159025,DeBERTa-v3-large-mnli-fever-anli-ling-wanli,fact,,,,,,,
Q006,S2,unsupported,['unproductive_frustration'],unproductive_frustration,FALSE,FALSE,0.001121521,DeBERTa-v3-large-mnli-fever-anli-ling-wanli,fact,,,,,,,
Q006,S3,supported,"['unproductive_frustration', 'cognitive_avoidance']",,FALSE,FALSE,0.012176514,DeBERTa-v3-large-mnli-fever-anli-ling-wanli,fact,,,,,,,
Q001,S1,unsupported,['cognitive_avoidance'],cognitive_avoidance,FALSE,FALSE,0.9765625,DeBERTa-v3-large-mnli-fever-anli-ling-wanli,fact,,,,,,,
Q001,S2,partial,['slipping'],slipping,FALSE,FALSE,0.002332687,DeBERTa-v3-large-mnli-fever-anli-ling-wanli,fact,,,,,,,
Q001,S3,unknown,"['cognitive_avoidance', 'slipping']",,FALSE,FALSE,0.019760132,DeBERTa-v3-large-mnli-fever-anli-ling-wanli,fact,,,,,,,
Q116,S1,unsupported,[],TRUE,FALSE,0.971191406,DeBERTa-v3-large-mnli-fever-anli-ling-wanli,fact,,,,,,,,
Q116,S2,unsupported,['cognitive_avoidance'],cognitive_avoidance,TRUE,FALSE,0.927246094,DeBERTa-v3-large-mnli-fever-anli-ling-wanli,fact,,,,,,,
Q048,S1,partial,['productive_struggle'],productive_struggle,FALSE,FALSE,0.881347656,DeBERTa-v3-large-mnli-fever-anli-ling-wanli,fact,,,,,,,
Q048,S2,unsupported,['cognitive_avoidance'],cognitive_avoidance,FALSE,FALSE,0.497558594,DeBERTa-v3-large-mnli-fever-anli-ling-wanli,fact,,,,,,,
Q048,S3,unsupported,"['cognitive_avoidance', 'productive_struggle']",,FALSE,FALSE,0.000539303,DeBERTa-v3-large-mnli-fever-anli-ling-wanli,fact,,,,,,,
Q073,S1,partial,['confidence_triad'],confidence_triad,FALSE,FALSE,0.999511719,DeBERTa-v3-large-mnli-fever-anli-ling-wanli,fact,,,,,,,
Q073,S2,supported,['confidence_triad'],confidence_triad,FALSE,FALSE,0.997558594,DeBERTa-v3-large-mnli-fever-anli-ling-wanli,fact,,,,,,,
Q073,S3,unsupported,['confidence_triad'],confidence_triad,FALSE,FALSE,0.999023438,DeBERTa-v3-large-mnli-fever-anli-ling-wanli,fact,,,,,,,
Q003,S1,unsupported,['cognitive_avoidance'],cognitive_avoidance,FALSE,FALSE,0.001921654,DeBERTa-v3-large-mnli-fever-anli-ling-wanli,fact,,,,,,,
Q003,S2,partial,['confidence_triad'],confidence_triad,FALSE,FALSE,0.998046875,DeBERTa-v3-large-mnli-fever-anli-ling-wanli,fact,,,,,,,
Q003,S3,unsupported,['confidence_triad'],confidence_triad,FALSE,FALSE,0.004261017,DeBERTa-v3-large-mnli-fever-anli-ling-wanli,fact,,,,,,,
Q011,S1,unsupported,['unproductive_frustration'],unproductive_frustration,FALSE,FALSE,0.983398438,DeBERTa-v3-large-mnli-fever-anli-ling-wanli,fact,,,,,,,
Q011,S2,unsupported,['unproductive_frustration'],unproductive_frustration,FALSE,FALSE,0.367431641,DeBERTa-v3-large-mnli-fever-anli-ling-wanli,fact,,,,,,,
Q011,S3,partial,['unproductive_frustration'],unproductive_frustration,FALSE,FALSE,0.087158203,DeBERTa-v3-large-mnli-fever-anli-ling-wanli,fact,,,,,,,
Q090,S1,unsupported, the student's cumulative accuracy on this skill was 17%. On attempt 1, and took 3.20 times their own average response time. On attempt 3, the student answered correctly, used no hints, and took 0.44 times their own average response time. On attempt 4, the student answered incorrectly, used no hints,FALSE,FALSE,0.905273438,DeBERTa-v3-large-mnli-fever-anli-ling-wanli,fact,,
Q090,S2,unsupported,['slipping'],slipping,FALSE,FALSE,0.154296875,DeBERTa-v3-large-mnli-fever-anli-ling-wanli,fact,,,,,,,
Q103,S1,supported,['overconfidence'],overconfidence,FALSE,FALSE,0.273681641,DeBERTa-v3-large-mnli-fever-anli-ling-wanli,fact,,,,,,,
Q103,S2,supported,['overconfidence'],overconfidence,FALSE,FALSE,0.891113281,DeBERTa-v3-large-mnli-fever-anli-ling-wanli,fact,,,,,,,
Q103,S3,partial,['overconfidence'],overconfidence,FALSE,FALSE,0.448730469,DeBERTa-v3-large-mnli-fever-anli-ling-wanli,fact,,,,,,,
Q040,S1,supported,['confidence_triad'],confidence_triad,FALSE,FALSE,0.999023438,DeBERTa-v3-large-mnli-fever-anli-ling-wanli,fact,,,,,,,
Q040,S2,unsupported,['confidence_triad'],confidence_triad,FALSE,FALSE,0.983398438,DeBERTa-v3-large-mnli-fever-anli-ling-wanli,fact,,,,,,,
Q077,S1,partial,['overconfidence'],overconfidence,FALSE,FALSE,0.995605469,DeBERTa-v3-large-mnli-fever-anli-ling-wanli,fact,,,,,,,
Q077,S2,supported,['slipping'],slipping,FALSE,FALSE,0.001612663,DeBERTa-v3-large-mnli-fever-anli-ling-wanli,fact,,,,,,,
Q133,S1,unsupported,['productive_struggle'],productive_struggle,TRUE,FALSE,0.981445313,DeBERTa-v3-large-mnli-fever-anli-ling-wanli,fact,,,,,,,
Q133,S2,unsupported,['cognitive_avoidance'],cognitive_avoidance,TRUE,FALSE,0.911621094,DeBERTa-v3-large-mnli-fever-anli-ling-wanli,fact,,,,,,,
Q125,S1,supported,['cognitive_avoidance'],cognitive_avoidance,FALSE,FALSE,0.979980469,DeBERTa-v3-large-mnli-fever-anli-ling-wanli,fact,,,,,,,
Q125,S2,unsupported,['slipping'],slipping,FALSE,FALSE,0.366210938,DeBERTa-v3-large-mnli-fever-anli-ling-wanli,fact,,,,,,,
Q126,S1,unsupported,['cognitive_avoidance'],cognitive_avoidance,FALSE,FALSE,0.684570313,DeBERTa-v3-large-mnli-fever-anli-ling-wanli,fact,,,,,,,
Q126,S2,unsupported,['unproductive_frustration'],unproductive_frustration,FALSE,FALSE,0.011657715,DeBERTa-v3-large-mnli-fever-anli-ling-wanli,fact,,,,,,,
Q104,S1,unsupported, the student's cumulative accuracy on this skill was 60%. On attempt 1, and took 2.87 times their own average response time. On attempt 3, the student answered correctly, used no hints, and took 0.58 times their own average response time. On attempt 4, the student answered incorrectly, used no hints,TRUE,FALSE,0.848632813,DeBERTa-v3-large-mnli-fever-anli-ling-wanli,fact,,
Q104,S2,supported,['slipping'],slipping,TRUE,FALSE,0.002086639,DeBERTa-v3-large-mnli-fever-anli-ling-wanli,fact,,,,,,,
Q104,S3,supported,"['cognitive_avoidance', 'slipping']",,TRUE,FALSE,0.250488281,DeBERTa-v3-large-mnli-fever-anli-ling-wanli,fact,,,,,,,
Q093,S1,supported,['cognitive_avoidance'],cognitive_avoidance,TRUE,FALSE,0.095214844,DeBERTa-v3-large-mnli-fever-anli-ling-wanli,fact,,,,,,,
Q093,S3,supported,['cognitive_avoidance'],cognitive_avoidance,TRUE,FALSE,0.988769531,DeBERTa-v3-large-mnli-fever-anli-ling-wanli,fact,,,,,,,
Q017,S1,supported,['overconfidence'],overconfidence,FALSE,FALSE,0.001020432,DeBERTa-v3-large-mnli-fever-anli-ling-wanli,fact,,,,,,,
Q017,S2,supported,['slipping'],slipping,FALSE,FALSE,0.000948906,DeBERTa-v3-large-mnli-fever-anli-ling-wanli,fact,,,,,,,
Q141,S1,supported,['cognitive_avoidance'],cognitive_avoidance,FALSE,FALSE,0.848632813,DeBERTa-v3-large-mnli-fever-anli-ling-wanli,fact,,,,,,,
Q141,S2,supported,['slipping'],slipping,FALSE,FALSE,0.002086639,DeBERTa-v3-large-mnli-fever-anli-ling-wanli,fact,,,,,,,
Q141,S3,supported,"['cognitive_avoidance', 'slipping']",,FALSE,FALSE,0.250488281,DeBERTa-v3-large-mnli-fever-anli-ling-wanli,fact,,,,,,,
Q097,S1,unsupported,['cognitive_avoidance'],cognitive_avoidance,FALSE,FALSE,0.976074219,DeBERTa-v3-large-mnli-fever-anli-ling-wanli,fact,,,,,,,
Q097,S2,unknown,['unproductive_frustration'],unproductive_frustration,FALSE,FALSE,0.000369549,DeBERTa-v3-large-mnli-fever-anli-ling-wanli,fact,,,,,,,
Q061,S1,unsupported,['cognitive_avoidance'],cognitive_avoidance,FALSE,FALSE,0.00125885,DeBERTa-v3-large-mnli-fever-anli-ling-wanli,fact,,,,,,,
Q061,S3,supported,['cognitive_avoidance'],cognitive_avoidance,FALSE,FALSE,0.001497269,DeBERTa-v3-large-mnli-fever-anli-ling-wanli,fact,,,,,,,
Q038,S1,unsupported, the student's cumulative accuracy on this skill was 86%. On attempt 1, and took 0.46 times their own average response time. On attempt 3, the student answered correctly, used no hints, and took 0.93 times their own average response time. On attempt 4, the student answered incorrectly, used no hints,FALSE,FALSE,0.000174284,DeBERTa-v3-large-mnli-fever-anli-ling-wanli,fact,,
Q038,S2,unsupported,['unproductive_frustration'],unproductive_frustration,FALSE,FALSE,0.260986328,DeBERTa-v3-large-mnli-fever-anli-ling-wanli,fact,,,,,,,
Q030,S1,partial, the student's cumulative accuracy on this skill was 0%. On attempt 1, and took 0.22 times their own average response time. On attempt 3, the student answered incorrectly, used 3 hints, and took 0.10 times their own average response time. On attempt 4, the student answered incorrectly, used 4 hints,FALSE,FALSE,0.983398438,DeBERTa-v3-large-mnli-fever-anli-ling-wanli,fact,,
Q030,S2,supported,['unproductive_frustration'],unproductive_frustration,FALSE,FALSE,0.004112244,DeBERTa-v3-large-mnli-fever-anli-ling-wanli,fact,,,,,,,
Q050,S1,unsupported,['overconfidence'],overconfidence,TRUE,FALSE,0.880371094,DeBERTa-v3-large-mnli-fever-anli-ling-wanli,fact,,,,,,,
Q050,S2,unsupported,['overconfidence'],overconfidence,TRUE,FALSE,0.000371695,DeBERTa-v3-large-mnli-fever-anli-ling-wanli,fact,,,,,,,
Q050,S3,unsupported,['overconfidence'],overconfidence,TRUE,FALSE,0.934570313,DeBERTa-v3-large-mnli-fever-anli-ling-wanli,fact,,,,,,,
Q139,S1,partial,['overconfidence'],overconfidence,TRUE,FALSE,0.983398438,DeBERTa-v3-large-mnli-fever-anli-ling-wanli,fact,,,,,,,
Q139,S2,partial,['unproductive_frustration'],unproductive_frustration,TRUE,FALSE,0.043273926,DeBERTa-v3-large-mnli-fever-anli-ling-wanli,fact,,,,,,,
Q139,S3,unsupported,['slipping'],slipping,TRUE,FALSE,0.009078979,DeBERTa-v3-large-mnli-fever-anli-ling-wanli,fact,,,,,,,
Q022,S1,unsupported,[],TRUE,FALSE,0.007740021,DeBERTa-v3-large-mnli-fever-anli-ling-wanli,fact,,,,,,,,
Q022,S2,partial,[],TRUE,FALSE,0.021148682,DeBERTa-v3-large-mnli-fever-anli-ling-wanli,fact,,,,,,,,
Q022,S3,supported,[],TRUE,FALSE,0.971679688,DeBERTa-v3-large-mnli-fever-anli-ling-wanli,fact,,,,,,,,
Q005,S1,partial,['productive_struggle'],productive_struggle,FALSE,FALSE,0.98828125,DeBERTa-v3-large-mnli-fever-anli-ling-wanli,fact,,,,,,,
Q005,S2,supported,['productive_struggle'],productive_struggle,FALSE,FALSE,0.961425781,DeBERTa-v3-large-mnli-fever-anli-ling-wanli,fact,,,,,,,
Q005,S3,partial,['productive_struggle'],productive_struggle,FALSE,FALSE,0.00147438,DeBERTa-v3-large-mnli-fever-anli-ling-wanli,fact,,,,,,,
Q067,S1,unsupported,['productive_struggle'],productive_struggle,FALSE,FALSE,0.959472656,DeBERTa-v3-large-mnli-fever-anli-ling-wanli,fact,,,,,,,
Q067,S2,unsupported, the student's cumulative accuracy on this skill was 43%. On attempt 1, and took 0.20 times their own average response time. On attempt 3, the student answered correctly, used no hints, and took 0.10 times their own average response time. On attempt 4, the student answered correctly, used 2 hints,FALSE,FALSE,0.497558594,DeBERTa-v3-large-mnli-fever-anli-ling-wanli,fact,,
Q067,S3,unsupported,"['cognitive_avoidance', 'productive_struggle']",,FALSE,FALSE,0.000539303,DeBERTa-v3-large-mnli-fever-anli-ling-wanli,fact,,,,,,,
Q041,S1,supported,['confidence_triad'],confidence_triad,FALSE,FALSE,0.970703125,DeBERTa-v3-large-mnli-fever-anli-ling-wanli,fact,,,,,,,
Q041,S2,supported,['confidence_triad'],confidence_triad,FALSE,FALSE,0.998046875,DeBERTa-v3-large-mnli-fever-anli-ling-wanli,fact,,,,,,,
Q041,S3,unsupported,['confidence_triad'],confidence_triad,FALSE,FALSE,0.997070313,DeBERTa-v3-large-mnli-fever-anli-ling-wanli,fact,,,,,,,
Q070,S1,partial,['cognitive_avoidance'],cognitive_avoidance,FALSE,FALSE,0.78515625,DeBERTa-v3-large-mnli-fever-anli-ling-wanli,fact,,,,,,,
Q070,S2,partial,['slipping'],slipping,FALSE,FALSE,0.000342369,DeBERTa-v3-large-mnli-fever-anli-ling-wanli,fact,,,,,,,
Q070,S3,unknown,[],FALSE,FALSE,0.235595703,DeBERTa-v3-large-mnli-fever-anli-ling-wanli,fact,,,,,,,,
Q088,S1,unsupported,['productive_struggle'],productive_struggle,FALSE,FALSE,0.991210938,DeBERTa-v3-large-mnli-fever-anli-ling-wanli,fact,,,,,,,
Q088,S2,unsupported,['productive_struggle'],productive_struggle,FALSE,FALSE,0.952148438,DeBERTa-v3-large-mnli-fever-anli-ling-wanli,fact,,,,,,,
Q088,S3,partial,['productive_struggle'],productive_struggle,FALSE,FALSE,0.920898438,DeBERTa-v3-large-mnli-fever-anli-ling-wanli,fact,,,,,,,
Q035,S1,supported,['confidence_triad'],confidence_triad,TRUE,FALSE,0.970703125,DeBERTa-v3-large-mnli-fever-anli-ling-wanli,fact,,,,,,,
Q035,S2,supported,['confidence_triad'],confidence_triad,TRUE,FALSE,0.998046875,DeBERTa-v3-large-mnli-fever-anli-ling-wanli,fact,,,,,,,
Q035,S3,unsupported,['confidence_triad'],confidence_triad,TRUE,FALSE,0.997070313,DeBERTa-v3-large-mnli-fever-anli-ling-wanli,fact,,,,,,,
Q108,S1,partial,['productive_struggle'],productive_struggle,TRUE,FALSE,0.881347656,DeBERTa-v3-large-mnli-fever-anli-ling-wanli,fact,,,,,,,
Q108,S2,unsupported,['cognitive_avoidance'],cognitive_avoidance,TRUE,FALSE,0.969726563,DeBERTa-v3-large-mnli-fever-anli-ling-wanli,fact,,,,,,,
Q108,S3,supported,"['cognitive_avoidance', 'productive_struggle']",,TRUE,FALSE,0.000749588,DeBERTa-v3-large-mnli-fever-anli-ling-wanli,fact,,,,,,,
Q122,S1,unsupported,['cognitive_avoidance'],cognitive_avoidance,FALSE,FALSE,0.989746094,DeBERTa-v3-large-mnli-fever-anli-ling-wanli,fact,,,,,,,
Q122,S3,supported,['cognitive_avoidance'],cognitive_avoidance,FALSE,FALSE,0.721191406,DeBERTa-v3-large-mnli-fever-anli-ling-wanli,fact,,,,,,,
Q018,S1,unsupported,['confidence_triad'],confidence_triad,FALSE,FALSE,0.889160156,DeBERTa-v3-large-mnli-fever-anli-ling-wanli,fact,,,,,,,
Q018,S2,unsupported,['confidence_triad'],confidence_triad,FALSE,FALSE,0.874023438,DeBERTa-v3-large-mnli-fever-anli-ling-wanli,fact,,,,,,,
Q018,S3,unsupported,['confidence_triad'],confidence_triad,FALSE,FALSE,0.998046875,DeBERTa-v3-large-mnli-fever-anli-ling-wanli,fact,,,,,,,
Q115,S1,unsupported,['cognitive_avoidance'],cognitive_avoidance,FALSE,FALSE,0.983886719,DeBERTa-v3-large-mnli-fever-anli-ling-wanli,fact,,,,,,,
Q115,S2,unsupported,['unproductive_frustration'],unproductive_frustration,FALSE,FALSE,0.003343582,DeBERTa-v3-large-mnli-fever-anli-ling-wanli,fact,,,,,,,
Q012,S1,partial,['cognitive_avoidance'],cognitive_avoidance,FALSE,FALSE,0.9765625,DeBERTa-v3-large-mnli-fever-anli-ling-wanli,fact,,,,,,,
Q012,S2,unsupported,['slipping'],slipping,FALSE,FALSE,0.055358887,DeBERTa-v3-large-mnli-fever-anli-ling-wanli,fact,,,,,,,
Q064,S1,supported,['overconfidence'],overconfidence,TRUE,FALSE,0.670410156,DeBERTa-v3-large-mnli-fever-anli-ling-wanli,fact,,,,,,,
Q101,S1,unsupported,['overconfidence'],overconfidence,FALSE,FALSE,0.071838379,DeBERTa-v3-large-mnli-fever-anli-ling-wanli,fact,,,,,,,
Q101,S2,partial, the student's cumulative accuracy on this skill was 57%. On attempt 1, and took 1.90 times their own average response time. On attempt 3, the student answered correctly, used no hints, and took 1.14 times their own average response time. On attempt 4, the student answered incorrectly, used no hints,FALSE,FALSE,0.001987457,DeBERTa-v3-large-mnli-fever-anli-ling-wanli,fact,,
Q021,S1,supported,[],TRUE,FALSE,0.971191406,DeBERTa-v3-large-mnli-fever-anli-ling-wanli,fact,,,,,,,,
Q021,S2,unsupported,['slipping'],slipping,TRUE,FALSE,0.004508972,DeBERTa-v3-large-mnli-fever-anli-ling-wanli,fact,,,,,,,
Q124,S1,supported,['confidence_triad'],confidence_triad,TRUE,FALSE,0.999511719,DeBERTa-v3-large-mnli-fever-anli-ling-wanli,fact,,,,,,,
Q124,S2,unsupported,[],TRUE,FALSE,0.98828125,DeBERTa-v3-large-mnli-fever-anli-ling-wanli,fact,,,,,,,,
Q074,S1,unsupported,['cognitive_avoidance'],cognitive_avoidance,TRUE,FALSE,0.994140625,DeBERTa-v3-large-mnli-fever-anli-ling-wanli,fact,,,,,,,
Q074,S2,unsupported,['unproductive_frustration'],unproductive_frustration,TRUE,FALSE,0.411376953,DeBERTa-v3-large-mnli-fever-anli-ling-wanli,fact,,,,,,,
Q120,S1,partial,['cognitive_avoidance'],cognitive_avoidance,FALSE,FALSE,0.971191406,DeBERTa-v3-large-mnli-fever-anli-ling-wanli,fact,,,,,,,
Q120,S2,partial,['slipping'],slipping,FALSE,FALSE,0.721679688,DeBERTa-v3-large-mnli-fever-anli-ling-wanli,fact,,,,,,,
Q015,S1,supported,['cognitive_avoidance'],cognitive_avoidance,TRUE,FALSE,0.023681641,DeBERTa-v3-large-mnli-fever-anli-ling-wanli,fact,,,,,,,
Q118,S1,supported,['confidence_triad'],confidence_triad,TRUE,FALSE,0.880371094,DeBERTa-v3-large-mnli-fever-anli-ling-wanli,fact,,,,,,,
Q118,S2,partial,['confidence_triad'],confidence_triad,TRUE,FALSE,0.999023438,DeBERTa-v3-large-mnli-fever-anli-ling-wanli,fact,,,,,,,
Q118,S3,supported,['confidence_triad'],confidence_triad,TRUE,FALSE,0.965332031,DeBERTa-v3-large-mnli-fever-anli-ling-wanli,fact,,,,,,,
Q042,S1,supported,['confidence_triad'],confidence_triad,FALSE,FALSE,0.737304688,DeBERTa-v3-large-mnli-fever-anli-ling-wanli,fact,,,,,,,
Q042,S2,supported,['confidence_triad'],confidence_triad,FALSE,FALSE,0.909667969,DeBERTa-v3-large-mnli-fever-anli-ling-wanli,fact,,,,,,,
Q042,S3,supported,['confidence_triad'],confidence_triad,FALSE,FALSE,0.993652344,DeBERTa-v3-large-mnli-fever-anli-ling-wanli,fact,,,,,,,
Q066,S1,unsupported,[],FALSE,FALSE,0.000403643,DeBERTa-v3-large-mnli-fever-anli-ling-wanli,fact,,,,,,,,
Q066,S2,partial,['overconfidence'],overconfidence,FALSE,FALSE,0.001314163,DeBERTa-v3-large-mnli-fever-anli-ling-wanli,fact,,,,,,,
Q066,S3,supported,['overconfidence'],overconfidence,FALSE,FALSE,0.005172729,DeBERTa-v3-large-mnli-fever-anli-ling-wanli,fact,,,,,,,
Q110,S1,unsupported,['cognitive_avoidance'],cognitive_avoidance,TRUE,FALSE,0.996582031,DeBERTa-v3-large-mnli-fever-anli-ling-wanli,fact,,,,,,,
Q110,S2,partial,['slipping'],slipping,TRUE,FALSE,0.000170469,DeBERTa-v3-large-mnli-fever-anli-ling-wanli,fact,,,,,,,
Q062,S1,unsupported,['cognitive_avoidance'],cognitive_avoidance,FALSE,FALSE,0.000117958,DeBERTa-v3-large-mnli-fever-anli-ling-wanli,fact,,,,,,,
Q046,S1,unsupported,['cognitive_avoidance'],cognitive_avoidance,FALSE,FALSE,0.684570313,DeBERTa-v3-large-mnli-fever-anli-ling-wanli,fact,,,,,,,
Q046,S2,partial,['unproductive_frustration'],unproductive_frustration,FALSE,FALSE,0.011657715,DeBERTa-v3-large-mnli-fever-anli-ling-wanli,fact,,,,,,,
Q107,S1,unsupported,['productive_struggle'],productive_struggle,FALSE,FALSE,0.324462891,DeBERTa-v3-large-mnli-fever-anli-ling-wanli,fact,,,,,,,
Q107,S2,unsupported,['productive_struggle'],productive_struggle,FALSE,FALSE,0.833496094,DeBERTa-v3-large-mnli-fever-anli-ling-wanli,fact,,,,,,,
Q107,S3,partial,['productive_struggle'],productive_struggle,FALSE,FALSE,0.003940582,DeBERTa-v3-large-mnli-fever-anli-ling-wanli,fact,,,,,,,
Q119,S1,unsupported,[],FALSE,FALSE,0.90625,DeBERTa-v3-large-mnli-fever-anli-ling-wanli,fact,,,,,,,,
Q119,S3,unsupported,[],FALSE,FALSE,0.003854752,DeBERTa-v3-large-mnli-fever-anli-ling-wanli,fact,,,,,,,,
Q100,S1,supported,['confidence_triad'],confidence_triad,FALSE,FALSE,0.737304688,DeBERTa-v3-large-mnli-fever-anli-ling-wanli,fact,,,,,,,
Q100,S2,partial,['confidence_triad'],confidence_triad,FALSE,FALSE,0.880859375,DeBERTa-v3-large-mnli-fever-anli-ling-wanli,fact,,,,,,,
Q100,S3,unknown,['confidence_triad'],confidence_triad,FALSE,FALSE,0.002140045,DeBERTa-v3-large-mnli-fever-anli-ling-wanli,fact,,,,,,,
Q080,S1,unsupported,['overconfidence'],overconfidence,FALSE,FALSE,0.980957031,DeBERTa-v3-large-mnli-fever-anli-ling-wanli,fact,,,,,,,
Q080,S2,supported,['unproductive_frustration'],unproductive_frustration,FALSE,FALSE,0.978515625,DeBERTa-v3-large-mnli-fever-anli-ling-wanli,fact,,,,,,,
Q080,S3,supported,['slipping'],slipping,FALSE,FALSE,0.000756741,DeBERTa-v3-large-mnli-fever-anli-ling-wanli,fact,,,,,,,
Q096,S1,unsupported,['productive_struggle'],productive_struggle,TRUE,FALSE,0.218383789,DeBERTa-v3-large-mnli-fever-anli-ling-wanli,fact,,,,,,,
Q096,S2,unsupported,['cognitive_avoidance'],cognitive_avoidance,TRUE,FALSE,0.029159546,DeBERTa-v3-large-mnli-fever-anli-ling-wanli,fact,,,,,,,
Q083,S1,unsupported,['productive_struggle'],productive_struggle,FALSE,FALSE,0.974121094,DeBERTa-v3-large-mnli-fever-anli-ling-wanli,fact,,,,,,,
Q083,S2,unsupported,['cognitive_avoidance'],cognitive_avoidance,FALSE,FALSE,0.092285156,DeBERTa-v3-large-mnli-fever-anli-ling-wanli,fact,,,,,,,
Q083,S3,unsupported,"['productive_struggle', 'cognitive_avoidance']",,FALSE,FALSE,0.000539303,DeBERTa-v3-large-mnli-fever-anli-ling-wanli,fact,,,,,,,
Q127,S1,partial,['overconfidence'],overconfidence,FALSE,FALSE,0.8671875,DeBERTa-v3-large-mnli-fever-anli-ling-wanli,fact,,,,,,,
Q127,S2,unsupported,['overconfidence'],overconfidence,FALSE,FALSE,0.265380859,DeBERTa-v3-large-mnli-fever-anli-ling-wanli,fact,,,,,,,
Q127,S3,unsupported,['overconfidence'],overconfidence,FALSE,FALSE,0.961914063,DeBERTa-v3-large-mnli-fever-anli-ling-wanli,fact,,,,,,,
Q047,S1,partial,['unproductive_frustration'],unproductive_frustration,TRUE,FALSE,0.983398438,DeBERTa-v3-large-mnli-fever-anli-ling-wanli,fact,,,,,,,
Q047,S2,supported,['unproductive_frustration'],unproductive_frustration,TRUE,FALSE,0.001664162,DeBERTa-v3-large-mnli-fever-anli-ling-wanli,fact,,,,,,,
Q047,S3,unsupported,['unproductive_frustration'],unproductive_frustration,TRUE,FALSE,0.006061554,DeBERTa-v3-large-mnli-fever-anli-ling-wanli,fact,,,,,,,
Q068,S1,partial,['confidence_triad'],confidence_triad,FALSE,FALSE,0.970703125,DeBERTa-v3-large-mnli-fever-anli-ling-wanli,fact,,,,,,,
Q068,S2,unknown,['confidence_triad'],confidence_triad,FALSE,FALSE,0.998046875,DeBERTa-v3-large-mnli-fever-anli-ling-wanli,fact,,,,,,,
Q068,S3,unsupported,['confidence_triad'],confidence_triad,FALSE,FALSE,0.997070313,DeBERTa-v3-large-mnli-fever-anli-ling-wanli,fact,,,,,,,
Q106,S1,partial,['cognitive_avoidance'],cognitive_avoidance,FALSE,FALSE,0.979980469,DeBERTa-v3-large-mnli-fever-anli-ling-wanli,fact,,,,,,,
Q106,S3,supported,['cognitive_avoidance'],cognitive_avoidance,FALSE,FALSE,0.055328369,DeBERTa-v3-large-mnli-fever-anli-ling-wanli,fact,,,,,,,
Q140,S1,unsupported,['overconfidence'],overconfidence,FALSE,FALSE,0.880371094,DeBERTa-v3-large-mnli-fever-anli-ling-wanli,fact,,,,,,,
Q140,S2,unsupported,['overconfidence'],overconfidence,FALSE,FALSE,0.98828125,DeBERTa-v3-large-mnli-fever-anli-ling-wanli,fact,,,,,,,
Q049,S1,unsupported,['cognitive_avoidance'],cognitive_avoidance,FALSE,FALSE,0.983886719,DeBERTa-v3-large-mnli-fever-anli-ling-wanli,fact,,,,,,,
Q049,S2,unsupported,['unproductive_frustration'],unproductive_frustration,FALSE,FALSE,0.260986328,DeBERTa-v3-large-mnli-fever-anli-ling-wanli,fact,,,,,,,
Q049,S3,partial,['slipping'],slipping,FALSE,FALSE,0.000733376,DeBERTa-v3-large-mnli-fever-anli-ling-wanli,fact,,,,,,,
Q052,S1,unsupported,['cognitive_avoidance'],cognitive_avoidance,FALSE,FALSE,0.97265625,DeBERTa-v3-large-mnli-fever-anli-ling-wanli,fact,,,,,,,
Q052,S3,unsupported,['cognitive_avoidance'],cognitive_avoidance,FALSE,FALSE,0.002065659,DeBERTa-v3-large-mnli-fever-anli-ling-wanli,fact,,,,,,,
Q138,S1,supported,['cognitive_avoidance'],cognitive_avoidance,FALSE,FALSE,0.971191406,DeBERTa-v3-large-mnli-fever-anli-ling-wanli,fact,,,,,,,
Q138,S2,supported,['slipping'],slipping,FALSE,FALSE,0.005123138,DeBERTa-v3-large-mnli-fever-anli-ling-wanli,fact,,,,,,,
Q010,S1,supported,['overconfidence'],overconfidence,TRUE,FALSE,0.995605469,DeBERTa-v3-large-mnli-fever-anli-ling-wanli,fact,,,,,,,
Q010,S2,partial,['slipping'],slipping,TRUE,FALSE,0.001612663,DeBERTa-v3-large-mnli-fever-anli-ling-wanli,fact,,,,,,,
Q102,S1,supported,['overconfidence'],overconfidence,TRUE,FALSE,0.880371094,DeBERTa-v3-large-mnli-fever-anli-ling-wanli,fact,,,,,,,
Q102,S2,unsupported,['overconfidence'],overconfidence,TRUE,FALSE,0.000916481,DeBERTa-v3-large-mnli-fever-anli-ling-wanli,fact,,,,,,,
Q102,S3,unsupported,['overconfidence'],overconfidence,TRUE,FALSE,0.98828125,DeBERTa-v3-large-mnli-fever-anli-ling-wanli,fact,,,,,,,
Q132,S1,unsupported,['cognitive_avoidance'],cognitive_avoidance,FALSE,FALSE,0.983886719,DeBERTa-v3-large-mnli-fever-anli-ling-wanli,fact,,,,,,,
Q132,S2,unsupported,['unproductive_frustration'],unproductive_frustration,FALSE,FALSE,0.023422241,DeBERTa-v3-large-mnli-fever-anli-ling-wanli,fact,,,,,,,
Q020,S1,unsupported,['cognitive_avoidance'],cognitive_avoidance,FALSE,FALSE,0.9765625,DeBERTa-v3-large-mnli-fever-anli-ling-wanli,fact,,,,,,,
Q020,S2,partial,['slipping'],slipping,FALSE,FALSE,0.448486328,DeBERTa-v3-large-mnli-fever-anli-ling-wanli,fact,,,,,,,
Q002,S1,supported,['overconfidence'],overconfidence,FALSE,FALSE,0.011253357,DeBERTa-v3-large-mnli-fever-anli-ling-wanli,fact,,,,,,,
Q002,S2,supported,['slipping'],slipping,FALSE,FALSE,0.975097656,DeBERTa-v3-large-mnli-fever-anli-ling-wanli,fact,,,,,,,
Q087,S1,unsupported,[],FALSE,FALSE,0.000573635,DeBERTa-v3-large-mnli-fever-anli-ling-wanli,record,,,,,,,,
Q087,S2,unsupported,['productive_struggle'],productive_struggle,FALSE,FALSE,0.000763893,DeBERTa-v3-large-mnli-fever-anli-ling-wanli,record,,,,,,,
Q087,S3,unsupported,[],FALSE,FALSE,0.000470877,DeBERTa-v3-large-mnli-fever-anli-ling-wanli,record,,,,,,,,
Q099,S1,partial,['cognitive_avoidance'],cognitive_avoidance,FALSE,FALSE,0.040863037,DeBERTa-v3-large-mnli-fever-anli-ling-wanli,record,,,,,,,
Q099,S2,partial,['cognitive_avoidance'],cognitive_avoidance,FALSE,FALSE,0.00246048,DeBERTa-v3-large-mnli-fever-anli-ling-wanli,record,,,,,,,
Q099,S3,supported,['cognitive_avoidance'],cognitive_avoidance,FALSE,FALSE,0.545898438,DeBERTa-v3-large-mnli-fever-anli-ling-wanli,record,,,,,,,
Q134,S1,supported,['overconfidence'],overconfidence,FALSE,FALSE,0.000406027,DeBERTa-v3-large-mnli-fever-anli-ling-wanli,record,,,,,,,
Q134,S2,partial,['overconfidence'],overconfidence,FALSE,FALSE,0.002012253,DeBERTa-v3-large-mnli-fever-anli-ling-wanli,record,,,,,,,
Q134,S3,partial,['overconfidence'],overconfidence,FALSE,FALSE,0.000683784,DeBERTa-v3-large-mnli-fever-anli-ling-wanli,record,,,,,,,
Q054,S1,supported,['cognitive_avoidance'],cognitive_avoidance,FALSE,FALSE,0.044616699,DeBERTa-v3-large-mnli-fever-anli-ling-wanli,record,,,,,,,
Q054,S2,partial,['slipping'],slipping,FALSE,FALSE,0.979492188,DeBERTa-v3-large-mnli-fever-anli-ling-wanli,record,,,,,,,
Q054,S3,supported,['slipping'],slipping,FALSE,FALSE,0.004199982,DeBERTa-v3-large-mnli-fever-anli-ling-wanli,record,,,,,,,
Q092,S1,unsupported,[],,TRUE,TRUE,0.008369446,DeBERTa-v3-large-mnli-fever-anli-ling-wanli,record,,,,,,,
Q092,S2,partial, the student's cumulative accuracy on this skill was 50%. On attempt 1, and took 4.25 times their own average response time. On attempt 3, the student answered incorrectly, used no hints, and took 7.31 times their own average response time. On attempt 4, the student answered incorrectly, used no hints,TRUE,TRUE,0.970703125,DeBERTa-v3-large-mnli-fever-anli-ling-wanli,record,,
Q092,S3,unsupported,[],,TRUE,TRUE,0.000449419,DeBERTa-v3-large-mnli-fever-anli-ling-wanli,record,,,,,,,
Q053,S1,supported,['confidence_triad'],confidence_triad,FALSE,FALSE,0.974609375,DeBERTa-v3-large-mnli-fever-anli-ling-wanli,record,,,,,,,
Q053,S2,unsupported,[],FALSE,FALSE,0.000602245,DeBERTa-v3-large-mnli-fever-anli-ling-wanli,record,,,,,,,,
Q053,S3,unsupported,['cognitive_avoidance'],cognitive_avoidance,FALSE,FALSE,0.488769531,DeBERTa-v3-large-mnli-fever-anli-ling-wanli,record,,,,,,,
Q028,S1,partial,['cognitive_avoidance'],cognitive_avoidance,FALSE,FALSE,0.001394272,DeBERTa-v3-large-mnli-fever-anli-ling-wanli,record,,,,,,,
Q028,S2,supported,['slipping'],slipping,FALSE,FALSE,0.962402344,DeBERTa-v3-large-mnli-fever-anli-ling-wanli,record,,,,,,,
Q014,S1,supported,['confidence_triad'],confidence_triad,TRUE,FALSE,0.123168945,DeBERTa-v3-large-mnli-fever-anli-ling-wanli,record,,,,,,,
Q014,S2,partial,['confidence_triad'],confidence_triad,TRUE,FALSE,0.00280571,DeBERTa-v3-large-mnli-fever-anli-ling-wanli,record,,,,,,,
Q014,S3,supported,['confidence_triad'],confidence_triad,TRUE,FALSE,0.001235008,DeBERTa-v3-large-mnli-fever-anli-ling-wanli,record,,,,,,,
Q136,S1,partial,['cognitive_avoidance'],cognitive_avoidance,FALSE,FALSE,0.181396484,DeBERTa-v3-large-mnli-fever-anli-ling-wanli,record,,,,,,,
Q136,S2,partial,['slipping'],slipping,FALSE,FALSE,0.688964844,DeBERTa-v3-large-mnli-fever-anli-ling-wanli,record,,,,,,,
Q136,S3,partial,['slipping'],slipping,FALSE,FALSE,0.000299454,DeBERTa-v3-large-mnli-fever-anli-ling-wanli,record,,,,,,,
Q117,S1,supported,['overconfidence'],overconfidence,FALSE,FALSE,0.000919819,DeBERTa-v3-large-mnli-fever-anli-ling-wanli,record,,,,,,,
Q117,S2,partial,['slipping'],slipping,FALSE,FALSE,0.001461983,DeBERTa-v3-large-mnli-fever-anli-ling-wanli,record,,,,,,,
Q128,S1,unsupported,['productive_struggle'],productive_struggle,FALSE,FALSE,0.002004623,DeBERTa-v3-large-mnli-fever-anli-ling-wanli,record,,,,,,,
Q128,S2,unsupported,['productive_struggle'],productive_struggle,FALSE,FALSE,0.029037476,DeBERTa-v3-large-mnli-fever-anli-ling-wanli,record,,,,,,,
Q128,S3,unsupported,['productive_struggle'],productive_struggle,FALSE,FALSE,0.001737595,DeBERTa-v3-large-mnli-fever-anli-ling-wanli,record,,,,,,,
Q075,S1,unsupported,['cognitive_avoidance'],cognitive_avoidance,TRUE,FALSE,0.042938232,DeBERTa-v3-large-mnli-fever-anli-ling-wanli,record,,,,,,,
Q075,S2,unsupported,[],,TRUE,FALSE,0.001026154,DeBERTa-v3-large-mnli-fever-anli-ling-wanli,record,,,,,,,
Q019,S1,supported,['overconfidence'],overconfidence,FALSE,FALSE,0.00024271,DeBERTa-v3-large-mnli-fever-anli-ling-wanli,record,,,,,,,
Q019,S2,supported,['slipping'],slipping,FALSE,FALSE,0.994628906,DeBERTa-v3-large-mnli-fever-anli-ling-wanli,record,,,,,,,
Q055,S1,supported,['cognitive_avoidance'],cognitive_avoidance,FALSE,FALSE,0.016937256,DeBERTa-v3-large-mnli-fever-anli-ling-wanli,record,,,,,,,
Q055,S2,supported,['slipping'],slipping,FALSE,FALSE,0.994140625,DeBERTa-v3-large-mnli-fever-anli-ling-wanli,record,,,,,,,
Q123,S1,partial,[],FALSE,FALSE,0.008636475,DeBERTa-v3-large-mnli-fever-anli-ling-wanli,record,,,,,,,,
Q123,S2,unsupported,['cognitive_avoidance'],cognitive_avoidance,FALSE,FALSE,0.9453125,DeBERTa-v3-large-mnli-fever-anli-ling-wanli,record,,,,,,,
Q123,S3,partial,['cognitive_avoidance'],cognitive_avoidance,FALSE,FALSE,0.001646996,DeBERTa-v3-large-mnli-fever-anli-ling-wanli,record,,,,,,,
Q037,S1,unsupported,['overconfidence'],overconfidence,TRUE,FALSE,0.003852844,DeBERTa-v3-large-mnli-fever-anli-ling-wanli,record,,,,,,,
Q037,S2,unsupported,['overconfidence'],overconfidence,TRUE,FALSE,0.006141663,DeBERTa-v3-large-mnli-fever-anli-ling-wanli,record,,,,,,,
Q037,S3,unsupported,['overconfidence'],overconfidence,TRUE,FALSE,0.013343811,DeBERTa-v3-large-mnli-fever-anli-ling-wanli,record,,,,,,,
Q037,S4,unsupported,['overconfidence'],overconfidence,TRUE,FALSE,0.000297546,DeBERTa-v3-large-mnli-fever-anli-ling-wanli,record,,,,,,,
Q091,S1,unsupported,['cognitive_avoidance'],cognitive_avoidance,FALSE,FALSE,0.014862061,DeBERTa-v3-large-mnli-fever-anli-ling-wanli,record,,,,,,,
Q091,S2,unsupported,[],FALSE,FALSE,8.08E-05,DeBERTa-v3-large-mnli-fever-anli-ling-wanli,record,,,,,,,,
Q004,S1,unsupported,[],,FALSE,TRUE,0.000208139,DeBERTa-v3-large-mnli-fever-anli-ling-wanli,record,,,,,,,
Q004,S2,unsupported,[],,FALSE,TRUE,0.140014648,DeBERTa-v3-large-mnli-fever-anli-ling-wanli,record,,,,,,,
Q004,S3,supported,[],,FALSE,TRUE,0.003644943,DeBERTa-v3-large-mnli-fever-anli-ling-wanli,record,,,,,,,
Q131,S1,supported,['overconfidence'],overconfidence,FALSE,FALSE,0.000147104,DeBERTa-v3-large-mnli-fever-anli-ling-wanli,record,,,,,,,
Q131,S2,supported,['overconfidence'],overconfidence,FALSE,FALSE,0.000549316,DeBERTa-v3-large-mnli-fever-anli-ling-wanli,record,,,,,,,
Q131,S3,unsupported,['unproductive_frustration'],unproductive_frustration,FALSE,FALSE,0.001731873,DeBERTa-v3-large-mnli-fever-anli-ling-wanli,record,,,,,,,
Q031,S1,unsupported,['cognitive_avoidance'],cognitive_avoidance,FALSE,FALSE,0.000936508,DeBERTa-v3-large-mnli-fever-anli-ling-wanli,record,,,,,,,
Q031,S2,partial,['cognitive_avoidance'],cognitive_avoidance,FALSE,FALSE,0.000208974,DeBERTa-v3-large-mnli-fever-anli-ling-wanli,record,,,,,,,
Q109,S1,partial,[],,FALSE,TRUE,0.080627441,DeBERTa-v3-large-mnli-fever-anli-ling-wanli,record,,,,,,,
Q109,S2,supported,[],FALSE,TRUE,0.099243164,DeBERTa-v3-large-mnli-fever-anli-ling-wanli,record,,,,,,,,
Q109,S3,unsupported,[],FALSE,TRUE,0.067565918,DeBERTa-v3-large-mnli-fever-anli-ling-wanli,record,,,,,,,,
Q098,S1,unsupported,['cognitive_avoidance'],cognitive_avoidance,FALSE,FALSE,0.609375,DeBERTa-v3-large-mnli-fever-anli-ling-wanli,record,,,,,,,
Q098,S2,partial,['slipping'],slipping,FALSE,FALSE,0.962402344,DeBERTa-v3-large-mnli-fever-anli-ling-wanli,record,,,,,,,
Q098,S3,partial,['slipping'],slipping,FALSE,FALSE,0.001541138,DeBERTa-v3-large-mnli-fever-anli-ling-wanli,record,,,,,,,
Q076,S1,unsupported,['cognitive_avoidance'],cognitive_avoidance,TRUE,FALSE,0.155029297,DeBERTa-v3-large-mnli-fever-anli-ling-wanli,record,,,,,,,
Q076,S2,partial,['slipping'],slipping,TRUE,FALSE,0.982421875,DeBERTa-v3-large-mnli-fever-anli-ling-wanli,record,,,,,,,
Q076,S3,unsupported,"['cognitive_avoidance', 'slipping']",,TRUE,FALSE,0.956054688,DeBERTa-v3-large-mnli-fever-anli-ling-wanli,record,,,,,,,
Q081,S1,unsupported,['unproductive_frustration'],unproductive_frustration,TRUE,FALSE,0.000197887,DeBERTa-v3-large-mnli-fever-anli-ling-wanli,record,,,,,,,
Q081,S2,unsupported,['unproductive_frustration'],unproductive_frustration,TRUE,FALSE,0.000155807,DeBERTa-v3-large-mnli-fever-anli-ling-wanli,record,,,,,,,
Q081,S3,supported,[],TRUE,FALSE,0.001676559,DeBERTa-v3-large-mnli-fever-anli-ling-wanli,record,,,,,,,,
Q079,S1,unsupported,['cognitive_avoidance'],cognitive_avoidance,FALSE,FALSE,0.005889893,DeBERTa-v3-large-mnli-fever-anli-ling-wanli,record,,,,,,,
Q079,S2,unsupported,['cognitive_avoidance'],cognitive_avoidance,FALSE,FALSE,0.001740456,DeBERTa-v3-large-mnli-fever-anli-ling-wanli,record,,,,,,,
Q094,S1,unsupported,['productive_struggle'],productive_struggle,TRUE,FALSE,0.000170112,DeBERTa-v3-large-mnli-fever-anli-ling-wanli,record,,,,,,,
Q024,S1,unsupported,[],,FALSE,TRUE,0.000909805,DeBERTa-v3-large-mnli-fever-anli-ling-wanli,record,,,,,,,
Q024,S2,unsupported,[],,FALSE,TRUE,7.17E-05,DeBERTa-v3-large-mnli-fever-anli-ling-wanli,record,,,,,,,
Q056,S1,supported,[],,FALSE,TRUE,0.008354187,DeBERTa-v3-large-mnli-fever-anli-ling-wanli,record,,,,,,,
Q056,S2,supported,[],,FALSE,TRUE,0.000589371,DeBERTa-v3-large-mnli-fever-anli-ling-wanli,record,,,,,,,
Q085,S1,unsupported,['overconfidence'],overconfidence,FALSE,FALSE,0.000120401,DeBERTa-v3-large-mnli-fever-anli-ling-wanli,record,,,,,,,
Q085,S2,unsupported,['slipping'],slipping,FALSE,FALSE,0.002397537,DeBERTa-v3-large-mnli-fever-anli-ling-wanli,record,,,,,,,
Q113,S1,supported,['cognitive_avoidance'],cognitive_avoidance,TRUE,FALSE,0.692871094,DeBERTa-v3-large-mnli-fever-anli-ling-wanli,record,,,,,,,
Q113,S2,supported,['slipping'],slipping,TRUE,FALSE,0.739257813,DeBERTa-v3-large-mnli-fever-anli-ling-wanli,record,,,,,,,
Q113,S3,unsupported,['slipping'],slipping,TRUE,FALSE,0.000555038,DeBERTa-v3-large-mnli-fever-anli-ling-wanli,record,,,,,,,
Q026,S1,unsupported, the student's cumulative accuracy on this skill was 100%. On attempt 1, and took 0.21 times their own average response time. On attempt 3, the student answered correctly, used no hints," and took 0.35 times their own average response time.""",,TRUE,DeBERTa-v3-large-mnli-fever-anli-ling-wanli,record,,,,,
Q026,S2,unsupported, the student's cumulative accuracy on this skill was 100%. On attempt 1, and took 0.21 times their own average response time. On attempt 3, the student answered correctly, used no hints," and took 0.35 times their own average response time.""",,TRUE,DeBERTa-v3-large-mnli-fever-anli-ling-wanli,record,,,,,
Q026,S3,unsupported, the student's cumulative accuracy on this skill was 100%. On attempt 1, and took 0.21 times their own average response time. On attempt 3, the student answered correctly, used no hints," and took 0.35 times their own average response time.""",,TRUE,DeBERTa-v3-large-mnli-fever-anli-ling-wanli,record,,,,,
Q027,S1,unsupported,[],,FALSE,TRUE,0.083312988,DeBERTa-v3-large-mnli-fever-anli-ling-wanli,record,,,,,,,
Q027,S2,unsupported,[],,FALSE,TRUE,0.650390625,DeBERTa-v3-large-mnli-fever-anli-ling-wanli,record,,,,,,,
Q027,S3,supported,[],,FALSE,TRUE,0.000230432,DeBERTa-v3-large-mnli-fever-anli-ling-wanli,record,,,,,,,
Q065,S1,partial,[],,FALSE,TRUE,0.879882813,DeBERTa-v3-large-mnli-fever-anli-ling-wanli,record,,,,,,,
Q065,S2,unsupported,[],,FALSE,TRUE,0.000130534,DeBERTa-v3-large-mnli-fever-anli-ling-wanli,record,,,,,,,
Q105,S1,unsupported,['cognitive_avoidance'],cognitive_avoidance,FALSE,FALSE,0.499267578,DeBERTa-v3-large-mnli-fever-anli-ling-wanli,record,,,,,,,
Q105,S2,partial,['slipping'],slipping,FALSE,FALSE,0.986816406,DeBERTa-v3-large-mnli-fever-anli-ling-wanli,record,,,,,,,
Q016,S1,unsupported,['unproductive_frustration'],unproductive_frustration,FALSE,FALSE,0.000108421,DeBERTa-v3-large-mnli-fever-anli-ling-wanli,record,,,,,,,
Q016,S2,unsupported,['unproductive_frustration'],unproductive_frustration,FALSE,FALSE,0.00843811,DeBERTa-v3-large-mnli-fever-anli-ling-wanli,record,,,,,,,
Q016,S3,unsupported,['unproductive_frustration'],unproductive_frustration,FALSE,FALSE,0.001784325,DeBERTa-v3-large-mnli-fever-anli-ling-wanli,record,,,,,,,
Q135,S1,supported,['confidence_triad'],confidence_triad,FALSE,FALSE,0.991210938,DeBERTa-v3-large-mnli-fever-anli-ling-wanli,record,,,,,,,
Q135,S2,supported,['confidence_triad'],confidence_triad,FALSE,FALSE,0.061126709,DeBERTa-v3-large-mnli-fever-anli-ling-wanli,record,,,,,,,
Q135,S3,supported,['confidence_triad'],confidence_triad,FALSE,FALSE,0.683105469,DeBERTa-v3-large-mnli-fever-anli-ling-wanli,record,,,,,,,
Q013,S1,supported,['overconfidence'],overconfidence,TRUE,FALSE,7.54E-05,DeBERTa-v3-large-mnli-fever-anli-ling-wanli,record,,,,,,,
Q013,S2,unsupported,['unproductive_frustration'],unproductive_frustration,TRUE,FALSE,7.95E-05,DeBERTa-v3-large-mnli-fever-anli-ling-wanli,record,,,,,,,
Q013,S3,unsupported,['slipping'],slipping,TRUE,FALSE,0.981933594,DeBERTa-v3-large-mnli-fever-anli-ling-wanli,record,,,,,,,
Q044,S1,supported,['cognitive_avoidance'],cognitive_avoidance,FALSE,FALSE,0.651855469,DeBERTa-v3-large-mnli-fever-anli-ling-wanli,record,,,,,,,
Q044,S2,supported,['slipping'],slipping,FALSE,FALSE,0.825195313,DeBERTa-v3-large-mnli-fever-anli-ling-wanli,record,,,,,,,
Q044,S3,supported,['slipping'],slipping,FALSE,FALSE,0.00122261,DeBERTa-v3-large-mnli-fever-anli-ling-wanli,record,,,,,,,
Q059,S1,supported,['overconfidence'],overconfidence,FALSE,FALSE,9.29E-05,DeBERTa-v3-large-mnli-fever-anli-ling-wanli,record,,,,,,,
Q059,S2,unsupported,['unproductive_frustration'],unproductive_frustration,FALSE,FALSE,8.01E-05,DeBERTa-v3-large-mnli-fever-anli-ling-wanli,record,,,,,,,
Q059,S3,unsupported,['slipping'],slipping,FALSE,FALSE,0.936523438,DeBERTa-v3-large-mnli-fever-anli-ling-wanli,record,,,,,,,
Q089,S1,supported,['overconfidence'],overconfidence,FALSE,FALSE,0.00027585,DeBERTa-v3-large-mnli-fever-anli-ling-wanli,record,,,,,,,
Q089,S2,partial,['slipping'],slipping,FALSE,FALSE,0.000628948,DeBERTa-v3-large-mnli-fever-anli-ling-wanli,record,,,,,,,
Q045,S1,unsupported,['overconfidence'],overconfidence,TRUE,FALSE,0.000108421,DeBERTa-v3-large-mnli-fever-anli-ling-wanli,record,,,,,,,
Q045,S2,unsupported,['unproductive_frustration'],unproductive_frustration,TRUE,FALSE,0.000185966,DeBERTa-v3-large-mnli-fever-anli-ling-wanli,record,,,,,,,
Q082,S1,partial,['confidence_triad'],confidence_triad,FALSE,FALSE,0.990722656,DeBERTa-v3-large-mnli-fever-anli-ling-wanli,record,,,,,,,
Q082,S2,unsupported,['confidence_triad'],confidence_triad,FALSE,FALSE,0.003173828,DeBERTa-v3-large-mnli-fever-anli-ling-wanli,record,,,,,,,
Q082,S3,supported,['confidence_triad'],confidence_triad,FALSE,FALSE,0.001093864,DeBERTa-v3-large-mnli-fever-anli-ling-wanli,record,,,,,,,
Q069,S1,unsupported,['overconfidence'],overconfidence,FALSE,FALSE,0.000120044,DeBERTa-v3-large-mnli-fever-anli-ling-wanli,record,,,,,,,
Q069,S2,supported,['unproductive_frustration'],unproductive_frustration,FALSE,FALSE,8.33E-05,DeBERTa-v3-large-mnli-fever-anli-ling-wanli,record,,,,,,,
Q069,S3,unsupported,['overconfidence'],overconfidence,FALSE,FALSE,0.010856628,DeBERTa-v3-large-mnli-fever-anli-ling-wanli,record,,,,,,,
Q025,S1,supported,['unproductive_frustration'],unproductive_frustration,FALSE,FALSE,0.000131845,DeBERTa-v3-large-mnli-fever-anli-ling-wanli,record,,,,,,,
Q025,S2,supported,['unproductive_frustration'],unproductive_frustration,FALSE,FALSE,0.069702148,DeBERTa-v3-large-mnli-fever-anli-ling-wanli,record,,,,,,,
Q051,S1,unsupported,['cognitive_avoidance'],cognitive_avoidance,TRUE,FALSE,0.00292778,DeBERTa-v3-large-mnli-fever-anli-ling-wanli,record,,,,,,,
Q051,S2,unsupported,['cognitive_avoidance'],cognitive_avoidance,TRUE,FALSE,0.085571289,DeBERTa-v3-large-mnli-fever-anli-ling-wanli,record,,,,,,,
Q051,S3,unsupported,['cognitive_avoidance'],cognitive_avoidance,TRUE,FALSE,0.001487732,DeBERTa-v3-large-mnli-fever-anli-ling-wanli,record,,,,,,,
Q137,S1,unsupported,['cognitive_avoidance'],cognitive_avoidance,FALSE,FALSE,0.013442993,DeBERTa-v3-large-mnli-fever-anli-ling-wanli,record,,,,,,,
Q137,S2,supported,['slipping'],slipping,FALSE,FALSE,0.995605469,DeBERTa-v3-large-mnli-fever-anli-ling-wanli,record,,,,,,,
Q095,S1,partial,['productive_struggle'],productive_struggle,FALSE,FALSE,0.031082153,DeBERTa-v3-large-mnli-fever-anli-ling-wanli,record,,,,,,,
Q095,S2,partial,['cognitive_avoidance'],cognitive_avoidance,FALSE,FALSE,0.000724792,DeBERTa-v3-large-mnli-fever-anli-ling-wanli,record,,,,,,,
Q095,S3,supported,"['productive_struggle', 'cognitive_avoidance']",,FALSE,FALSE,0.000528336,DeBERTa-v3-large-mnli-fever-anli-ling-wanli,record,,,,,,,
Q033,S1,partial,['cognitive_avoidance'],cognitive_avoidance,FALSE,FALSE,0.001192093,DeBERTa-v3-large-mnli-fever-anli-ling-wanli,record,,,,,,,
Q033,S2,unsupported,[],,FALSE,FALSE,0.000432968,DeBERTa-v3-large-mnli-fever-anli-ling-wanli,record,,,,,,,
Q114,S1,partial, the student's cumulative accuracy on this skill was 23%. On attempt 1, and took 0.03 times their own average response time. On attempt 3, the student answered correctly, used 1 hint, and took 1.04 times their own average response time. On attempt 4, the student answered incorrectly, used no hints,TRUE,FALSE,0.003036499,DeBERTa-v3-large-mnli-fever-anli-ling-wanli,record,,
Q114,S2,partial,['slipping'],slipping,TRUE,FALSE,0.961425781,DeBERTa-v3-large-mnli-fever-anli-ling-wanli,record,,,,,,,
Q086,S1,partial, the student's cumulative accuracy on this skill was 33%. On attempt 1, and took 3.14 times their own average response time. On attempt 3, the student answered incorrectly, used no hints, and took 3.14 times their own average response time. On attempt 4, the student answered incorrectly, used no hints,TRUE,FALSE,0.035949707,DeBERTa-v3-large-mnli-fever-anli-ling-wanli,record,,
Q086,S2,unsupported,['unproductive_frustration'],unproductive_frustration,TRUE,FALSE,8.85E-05,DeBERTa-v3-large-mnli-fever-anli-ling-wanli,record,,,,,,,
Q032,S1,supported,['overconfidence'],overconfidence,FALSE,FALSE,0.005966187,DeBERTa-v3-large-mnli-fever-anli-ling-wanli,record,,,,,,,
Q032,S2,supported,['overconfidence'],overconfidence,FALSE,FALSE,0.005592346,DeBERTa-v3-large-mnli-fever-anli-ling-wanli,record,,,,,,,
Q032,S3,unknown,['overconfidence'],overconfidence,FALSE,FALSE,0.022720337,DeBERTa-v3-large-mnli-fever-anli-ling-wanli,record,,,,,,,
Q129,S1,supported,['overconfidence'],overconfidence,FALSE,FALSE,0.000161767,DeBERTa-v3-large-mnli-fever-anli-ling-wanli,record,,,,,,,
Q129,S2,partial,['overconfidence'],overconfidence,FALSE,FALSE,0.000538826,DeBERTa-v3-large-mnli-fever-anli-ling-wanli,record,,,,,,,
Q129,S3,unsupported,['overconfidence'],overconfidence,FALSE,FALSE,8.38E-05,DeBERTa-v3-large-mnli-fever-anli-ling-wanli,record,,,,,,,
Q034,S1,unsupported,[],FALSE,FALSE,0.026000977,DeBERTa-v3-large-mnli-fever-anli-ling-wanli,record,,,,,,,,
Q034,S2,partial,['unproductive_frustration'],unproductive_frustration,FALSE,FALSE,9.35E-05,DeBERTa-v3-large-mnli-fever-anli-ling-wanli,record,,,,,,,
Q121,S1,partial,['unproductive_frustration'],unproductive_frustration,FALSE,FALSE,0.00012362,DeBERTa-v3-large-mnli-fever-anli-ling-wanli,record,,,,,,,
Q121,S2,partial,['unproductive_frustration'],unproductive_frustration,FALSE,FALSE,0.012298584,DeBERTa-v3-large-mnli-fever-anli-ling-wanli,record,,,,,,,
Q111,S1,supported,['overconfidence'],overconfidence,FALSE,FALSE,0.00087595,DeBERTa-v3-large-mnli-fever-anli-ling-wanli,record,,,,,,,
Q111,S2,supported,['overconfidence'],overconfidence,FALSE,FALSE,0.001423836,DeBERTa-v3-large-mnli-fever-anli-ling-wanli,record,,,,,,,
Q111,S3,supported,['overconfidence'],overconfidence,FALSE,FALSE,0.00077343,DeBERTa-v3-large-mnli-fever-anli-ling-wanli,record,,,,,,,
Q112,S1,partial,['cognitive_avoidance'],cognitive_avoidance,TRUE,FALSE,0.023925781,DeBERTa-v3-large-mnli-fever-anli-ling-wanli,record,,,,,,,
Q112,S2,supported,['slipping'],slipping,TRUE,FALSE,0.995117188,DeBERTa-v3-large-mnli-fever-anli-ling-wanli,record,,,,,,,
Q130,S1,partial,[],TRUE,FALSE,0.000388861,DeBERTa-v3-large-mnli-fever-anli-ling-wanli,record,,,,,,,,
Q130,S2,unsupported,['slipping'],slipping,TRUE,FALSE,0.314208984,DeBERTa-v3-large-mnli-fever-anli-ling-wanli,record,,,,,,,
Q039,S1,unsupported,['productive_struggle'],productive_struggle,TRUE,FALSE,0.000784874,DeBERTa-v3-large-mnli-fever-anli-ling-wanli,record,,,,,,,
Q057,S1,supported,['cognitive_avoidance'],cognitive_avoidance,TRUE,FALSE,0.015411377,DeBERTa-v3-large-mnli-fever-anli-ling-wanli,record,,,,,,,
Q057,S2,partial,[],,TRUE,FALSE,0.000637531,DeBERTa-v3-large-mnli-fever-anli-ling-wanli,record,,,,,,,
Q043,S1,supported,['productive_struggle'],productive_struggle,FALSE,FALSE,0.028076172,DeBERTa-v3-large-mnli-fever-anli-ling-wanli,record,,,,,,,
Q043,S2,supported,['cognitive_avoidance'],cognitive_avoidance,FALSE,FALSE,0.000301123,DeBERTa-v3-large-mnli-fever-anli-ling-wanli,record,,,,,,,
Q043,S3,supported,"['cognitive_avoidance', 'productive_struggle']",,FALSE,FALSE,0.000386715,DeBERTa-v3-large-mnli-fever-anli-ling-wanli,record,,,,,,,
Q006,S1,unsupported,['cognitive_avoidance'],cognitive_avoidance,FALSE,FALSE,0.080688477,DeBERTa-v3-large-mnli-fever-anli-ling-wanli,record,,,,,,,
Q006,S2,unsupported,['unproductive_frustration'],unproductive_frustration,FALSE,FALSE,8.45E-05,DeBERTa-v3-large-mnli-fever-anli-ling-wanli,record,,,,,,,
Q006,S3,supported,"['unproductive_frustration', 'cognitive_avoidance']",,FALSE,FALSE,0.00274086,DeBERTa-v3-large-mnli-fever-anli-ling-wanli,record,,,,,,,
Q001,S1,unsupported,['cognitive_avoidance'],cognitive_avoidance,FALSE,FALSE,0.655761719,DeBERTa-v3-large-mnli-fever-anli-ling-wanli,record,,,,,,,
Q001,S2,partial,['slipping'],slipping,FALSE,FALSE,0.158935547,DeBERTa-v3-large-mnli-fever-anli-ling-wanli,record,,,,,,,
Q001,S3,unknown,"['cognitive_avoidance', 'slipping']",,FALSE,FALSE,0.878417969,DeBERTa-v3-large-mnli-fever-anli-ling-wanli,record,,,,,,,
Q116,S1,unsupported,[],TRUE,FALSE,0.033477783,DeBERTa-v3-large-mnli-fever-anli-ling-wanli,record,,,,,,,,
Q116,S2,unsupported,['cognitive_avoidance'],cognitive_avoidance,TRUE,FALSE,0.000730515,DeBERTa-v3-large-mnli-fever-anli-ling-wanli,record,,,,,,,
Q048,S1,partial,['productive_struggle'],productive_struggle,FALSE,FALSE,0.04901123,DeBERTa-v3-large-mnli-fever-anli-ling-wanli,record,,,,,,,
Q048,S2,unsupported,['cognitive_avoidance'],cognitive_avoidance,FALSE,FALSE,0.001737595,DeBERTa-v3-large-mnli-fever-anli-ling-wanli,record,,,,,,,
Q048,S3,unsupported,"['cognitive_avoidance', 'productive_struggle']",,FALSE,FALSE,0.001085281,DeBERTa-v3-large-mnli-fever-anli-ling-wanli,record,,,,,,,
Q073,S1,partial,['confidence_triad'],confidence_triad,FALSE,FALSE,0.997558594,DeBERTa-v3-large-mnli-fever-anli-ling-wanli,record,,,,,,,
Q073,S2,supported,['confidence_triad'],confidence_triad,FALSE,FALSE,0.008934021,DeBERTa-v3-large-mnli-fever-anli-ling-wanli,record,,,,,,,
Q073,S3,unsupported,['confidence_triad'],confidence_triad,FALSE,FALSE,0.024581909,DeBERTa-v3-large-mnli-fever-anli-ling-wanli,record,,,,,,,
Q023,S1,partial,[],,FALSE,TRUE,0.017684937,DeBERTa-v3-large-mnli-fever-anli-ling-wanli,record,,,,,,,
Q023,S2,unsuppported,[],,FALSE,TRUE,0.001747131,DeBERTa-v3-large-mnli-fever-anli-ling-wanli,record,,,,,,,
Q023,S3,supported,[],,FALSE,TRUE,0.002641678,DeBERTa-v3-large-mnli-fever-anli-ling-wanli,record,,,,,,,
Q023,S4,supported,[],,FALSE,TRUE,0.004459381,DeBERTa-v3-large-mnli-fever-anli-ling-wanli,record,,,,,,,
Q003,S1,unsupported,['cognitive_avoidance'],cognitive_avoidance,FALSE,FALSE,0.00103569,DeBERTa-v3-large-mnli-fever-anli-ling-wanli,record,,,,,,,
Q003,S2,partial,['confidence_triad'],confidence_triad,FALSE,FALSE,0.009117126,DeBERTa-v3-large-mnli-fever-anli-ling-wanli,record,,,,,,,
Q003,S3,unsupported,['confidence_triad'],confidence_triad,FALSE,FALSE,0.004703522,DeBERTa-v3-large-mnli-fever-anli-ling-wanli,record,,,,,,,
Q011,S1,unsupported,['unproductive_frustration'],unproductive_frustration,FALSE,FALSE,0.000115454,DeBERTa-v3-large-mnli-fever-anli-ling-wanli,record,,,,,,,
Q011,S2,unsupported,['unproductive_frustration'],unproductive_frustration,FALSE,FALSE,0.126098633,DeBERTa-v3-large-mnli-fever-anli-ling-wanli,record,,,,,,,
Q011,S3,partial,['unproductive_frustration'],unproductive_frustration,FALSE,FALSE,0.005393982,DeBERTa-v3-large-mnli-fever-anli-ling-wanli,record,,,,,,,
Q090,S1,unsupported, the student's cumulative accuracy on this skill was 17%. On attempt 1, and took 3.20 times their own average response time. On attempt 3, the student answered correctly, used no hints, and took 0.44 times their own average response time. On attempt 4, the student answered incorrectly, used no hints,FALSE,FALSE,0.216064453,DeBERTa-v3-large-mnli-fever-anli-ling-wanli,record,,
Q090,S2,unsupported,['slipping'],slipping,FALSE,FALSE,0.984375,DeBERTa-v3-large-mnli-fever-anli-ling-wanli,record,,,,,,,
Q103,S1,supported,['overconfidence'],overconfidence,FALSE,FALSE,0.002758026,DeBERTa-v3-large-mnli-fever-anli-ling-wanli,record,,,,,,,
Q103,S2,supported,['overconfidence'],overconfidence,FALSE,FALSE,0.000683784,DeBERTa-v3-large-mnli-fever-anli-ling-wanli,record,,,,,,,
Q103,S3,partial,['overconfidence'],overconfidence,FALSE,FALSE,0.000103891,DeBERTa-v3-large-mnli-fever-anli-ling-wanli,record,,,,,,,
Q040,S1,supported,['confidence_triad'],confidence_triad,FALSE,FALSE,0.015960693,DeBERTa-v3-large-mnli-fever-anli-ling-wanli,record,,,,,,,
Q040,S2,unsupported,['confidence_triad'],confidence_triad,FALSE,FALSE,0.117492676,DeBERTa-v3-large-mnli-fever-anli-ling-wanli,record,,,,,,,
Q077,S1,partial,['overconfidence'],overconfidence,FALSE,FALSE,0.000200272,DeBERTa-v3-large-mnli-fever-anli-ling-wanli,record,,,,,,,
Q077,S2,supported,['slipping'],slipping,FALSE,FALSE,0.586425781,DeBERTa-v3-large-mnli-fever-anli-ling-wanli,record,,,,,,,
Q133,S1,unsupported,['productive_struggle'],productive_struggle,TRUE,FALSE,0.938964844,DeBERTa-v3-large-mnli-fever-anli-ling-wanli,record,,,,,,,
Q133,S2,unsupported,['cognitive_avoidance'],cognitive_avoidance,TRUE,FALSE,0.001851082,DeBERTa-v3-large-mnli-fever-anli-ling-wanli,record,,,,,,,
Q125,S1,supported,['cognitive_avoidance'],cognitive_avoidance,FALSE,FALSE,0.002880096,DeBERTa-v3-large-mnli-fever-anli-ling-wanli,record,,,,,,,
Q125,S2,unsupported,['slipping'],slipping,FALSE,FALSE,0.943359375,DeBERTa-v3-large-mnli-fever-anli-ling-wanli,record,,,,,,,
Q126,S1,unsupported,['cognitive_avoidance'],cognitive_avoidance,FALSE,FALSE,0.008598328,DeBERTa-v3-large-mnli-fever-anli-ling-wanli,record,,,,,,,
Q126,S2,unsupported,['unproductive_frustration'],unproductive_frustration,FALSE,FALSE,8.92E-05,DeBERTa-v3-large-mnli-fever-anli-ling-wanli,record,,,,,,,
Q104,S1,unsupported, the student's cumulative accuracy on this skill was 60%. On attempt 1, and took 2.87 times their own average response time. On attempt 3, the student answered correctly, used no hints, and took 0.58 times their own average response time. On attempt 4, the student answered incorrectly, used no hints,TRUE,FALSE,0.061737061,DeBERTa-v3-large-mnli-fever-anli-ling-wanli,record,,
Q104,S2,supported,['slipping'],slipping,TRUE,FALSE,0.985351563,DeBERTa-v3-large-mnli-fever-anli-ling-wanli,record,,,,,,,
Q104,S3,supported,"['cognitive_avoidance', 'slipping']",,TRUE,FALSE,0.952636719,DeBERTa-v3-large-mnli-fever-anli-ling-wanli,record,,,,,,,
Q009,S1,unsupported,[],,FALSE,TRUE,0.002510071,DeBERTa-v3-large-mnli-fever-anli-ling-wanli,record,,,,,,,
Q009,S2,unsupported,[],,FALSE,TRUE,0.001096725,DeBERTa-v3-large-mnli-fever-anli-ling-wanli,record,,,,,,,
Q009,S3,unsupported,[],,FALSE,TRUE,0.00139904,DeBERTa-v3-large-mnli-fever-anli-ling-wanli,record,,,,,,,
Q093,S1,supported,['cognitive_avoidance'],cognitive_avoidance,TRUE,FALSE,0.014068604,DeBERTa-v3-large-mnli-fever-anli-ling-wanli,record,,,,,,,
Q093,S2,supported,[],,TRUE,FALSE,0.000422955,DeBERTa-v3-large-mnli-fever-anli-ling-wanli,record,,,,,,,
Q093,S3,supported,['cognitive_avoidance'],cognitive_avoidance,TRUE,FALSE,0.024475098,DeBERTa-v3-large-mnli-fever-anli-ling-wanli,record,,,,,,,
Q017,S1,supported,['overconfidence'],overconfidence,FALSE,FALSE,0.000140786,DeBERTa-v3-large-mnli-fever-anli-ling-wanli,record,,,,,,,
Q017,S2,supported,['slipping'],slipping,FALSE,FALSE,0.048065186,DeBERTa-v3-large-mnli-fever-anli-ling-wanli,record,,,,,,,
Q141,S1,supported,['cognitive_avoidance'],cognitive_avoidance,FALSE,FALSE,0.066223145,DeBERTa-v3-large-mnli-fever-anli-ling-wanli,record,,,,,,,
Q141,S2,supported,['slipping'],slipping,FALSE,FALSE,0.982421875,DeBERTa-v3-large-mnli-fever-anli-ling-wanli,record,,,,,,,
Q141,S3,supported,"['cognitive_avoidance', 'slipping']",,FALSE,FALSE,0.943847656,DeBERTa-v3-large-mnli-fever-anli-ling-wanli,record,,,,,,,
Q097,S1,unsupported,['cognitive_avoidance'],cognitive_avoidance,FALSE,FALSE,0.082580566,DeBERTa-v3-large-mnli-fever-anli-ling-wanli,record,,,,,,,
Q097,S2,unknown,['unproductive_frustration'],unproductive_frustration,FALSE,FALSE,0.000213623,DeBERTa-v3-large-mnli-fever-anli-ling-wanli,record,,,,,,,
Q061,S1,unsupported,['cognitive_avoidance'],cognitive_avoidance,FALSE,FALSE,0.037841797,DeBERTa-v3-large-mnli-fever-anli-ling-wanli,record,,,,,,,
Q061,S2,unsupported,[],,FALSE,FALSE,0.000537872,DeBERTa-v3-large-mnli-fever-anli-ling-wanli,record,,,,,,,
Q061,S3,supported,['cognitive_avoidance'],cognitive_avoidance,FALSE,FALSE,0.625976563,DeBERTa-v3-large-mnli-fever-anli-ling-wanli,record,,,,,,,
Q038,S1,unsupported, the student's cumulative accuracy on this skill was 86%. On attempt 1, and took 0.46 times their own average response time. On attempt 3, the student answered correctly, used no hints, and took 0.93 times their own average response time. On attempt 4, the student answered incorrectly, used no hints,FALSE,FALSE,0.000434399,DeBERTa-v3-large-mnli-fever-anli-ling-wanli,record,,
Q038,S2,unsupported,['unproductive_frustration'],unproductive_frustration,FALSE,FALSE,8.34E-05,DeBERTa-v3-large-mnli-fever-anli-ling-wanli,record,,,,,,,
Q030,S1,partial, the student's cumulative accuracy on this skill was 0%. On attempt 1, and took 0.22 times their own average response time. On attempt 3, the student answered incorrectly, used 3 hints, and took 0.10 times their own average response time. On attempt 4, the student answered incorrectly, used 4 hints,FALSE,FALSE,0.000134945,DeBERTa-v3-large-mnli-fever-anli-ling-wanli,record,,
Q030,S2,supported,['unproductive_frustration'],unproductive_frustration,FALSE,FALSE,0.05645752,DeBERTa-v3-large-mnli-fever-anli-ling-wanli,record,,,,,,,
Q030,S3,supported,[],,FALSE,FALSE,0.632324219,DeBERTa-v3-large-mnli-fever-anli-ling-wanli,record,,,,,,,
Q050,S1,unsupported,['overconfidence'],overconfidence,TRUE,FALSE,0.001069069,DeBERTa-v3-large-mnli-fever-anli-ling-wanli,record,,,,,,,
Q050,S2,unsupported,['overconfidence'],overconfidence,TRUE,FALSE,0.159912109,DeBERTa-v3-large-mnli-fever-anli-ling-wanli,record,,,,,,,
Q050,S3,unsupported,['overconfidence'],overconfidence,TRUE,FALSE,7.78E-05,DeBERTa-v3-large-mnli-fever-anli-ling-wanli,record,,,,,,,
Q139,S1,partial,['overconfidence'],overconfidence,TRUE,FALSE,0.000687599,DeBERTa-v3-large-mnli-fever-anli-ling-wanli,record,,,,,,,
Q139,S2,partial,['unproductive_frustration'],unproductive_frustration,TRUE,FALSE,0.000158668,DeBERTa-v3-large-mnli-fever-anli-ling-wanli,record,,,,,,,
Q139,S3,unsupported,['slipping'],slipping,TRUE,FALSE,0.787597656,DeBERTa-v3-large-mnli-fever-anli-ling-wanli,record,,,,,,,
Q022,S1,unsupported,[],TRUE,FALSE,0.007102966,DeBERTa-v3-large-mnli-fever-anli-ling-wanli,record,,,,,,,,
Q022,S2,partial,[],TRUE,FALSE,0.257080078,DeBERTa-v3-large-mnli-fever-anli-ling-wanli,record,,,,,,,,
Q022,S3,supported,[],TRUE,FALSE,0.208740234,DeBERTa-v3-large-mnli-fever-anli-ling-wanli,record,,,,,,,,
Q005,S1,partial,['productive_struggle'],productive_struggle,FALSE,FALSE,0.002094269,DeBERTa-v3-large-mnli-fever-anli-ling-wanli,record,,,,,,,
Q005,S2,supported,['productive_struggle'],productive_struggle,FALSE,FALSE,0.602050781,DeBERTa-v3-large-mnli-fever-anli-ling-wanli,record,,,,,,,
Q005,S3,partial,['productive_struggle'],productive_struggle,FALSE,FALSE,0.001487732,DeBERTa-v3-large-mnli-fever-anli-ling-wanli,record,,,,,,,
Q067,S1,unsupported,['productive_struggle'],productive_struggle,FALSE,FALSE,0.615722656,DeBERTa-v3-large-mnli-fever-anli-ling-wanli,record,,,,,,,
Q067,S2,unsupported, the student's cumulative accuracy on this skill was 43%. On attempt 1, and took 0.20 times their own average response time. On attempt 3, the student answered correctly, used no hints, and took 0.10 times their own average response time. On attempt 4, the student answered correctly, used 2 hints,FALSE,FALSE,0.00061512,DeBERTa-v3-large-mnli-fever-anli-ling-wanli,record,,
Q067,S3,unsupported,"['cognitive_avoidance', 'productive_struggle']",,FALSE,FALSE,0.001128197,DeBERTa-v3-large-mnli-fever-anli-ling-wanli,record,,,,,,,
Q041,S1,supported,['confidence_triad'],confidence_triad,FALSE,FALSE,0.993652344,DeBERTa-v3-large-mnli-fever-anli-ling-wanli,record,,,,,,,
Q041,S2,supported,['confidence_triad'],confidence_triad,FALSE,FALSE,0.707519531,DeBERTa-v3-large-mnli-fever-anli-ling-wanli,record,,,,,,,
Q041,S3,unsupported,['confidence_triad'],confidence_triad,FALSE,FALSE,0.00466156,DeBERTa-v3-large-mnli-fever-anli-ling-wanli,record,,,,,,,
Q070,S1,partial,['cognitive_avoidance'],cognitive_avoidance,FALSE,FALSE,0.047973633,DeBERTa-v3-large-mnli-fever-anli-ling-wanli,record,,,,,,,
Q070,S2,partial,['slipping'],slipping,FALSE,FALSE,0.986328125,DeBERTa-v3-large-mnli-fever-anli-ling-wanli,record,,,,,,,
Q070,S3,unknown,[],FALSE,FALSE,0.004322052,DeBERTa-v3-large-mnli-fever-anli-ling-wanli,record,,,,,,,,
Q088,S1,unsupported,['productive_struggle'],productive_struggle,FALSE,FALSE,0.003393173,DeBERTa-v3-large-mnli-fever-anli-ling-wanli,record,,,,,,,
Q088,S2,unsupported,['productive_struggle'],productive_struggle,FALSE,FALSE,0.028533936,DeBERTa-v3-large-mnli-fever-anli-ling-wanli,record,,,,,,,
Q088,S3,partial,['productive_struggle'],productive_struggle,FALSE,FALSE,0.00336647,DeBERTa-v3-large-mnli-fever-anli-ling-wanli,record,,,,,,,
Q035,S1,supported,['confidence_triad'],confidence_triad,TRUE,FALSE,0.995117188,DeBERTa-v3-large-mnli-fever-anli-ling-wanli,record,,,,,,,
Q035,S2,supported,['confidence_triad'],confidence_triad,TRUE,FALSE,0.604003906,DeBERTa-v3-large-mnli-fever-anli-ling-wanli,record,,,,,,,
Q035,S3,unsupported,['confidence_triad'],confidence_triad,TRUE,FALSE,0.006134033,DeBERTa-v3-large-mnli-fever-anli-ling-wanli,record,,,,,,,
Q108,S1,partial,['productive_struggle'],productive_struggle,TRUE,FALSE,0.861328125,DeBERTa-v3-large-mnli-fever-anli-ling-wanli,record,,,,,,,
Q108,S2,unsupported,['cognitive_avoidance'],cognitive_avoidance,TRUE,FALSE,0.001729965,DeBERTa-v3-large-mnli-fever-anli-ling-wanli,record,,,,,,,
Q108,S3,supported,"['cognitive_avoidance', 'productive_struggle']",,TRUE,FALSE,0.000322342,DeBERTa-v3-large-mnli-fever-anli-ling-wanli,record,,,,,,,
Q122,S1,unsupported,['cognitive_avoidance'],cognitive_avoidance,FALSE,FALSE,0.00169754,DeBERTa-v3-large-mnli-fever-anli-ling-wanli,record,,,,,,,
Q122,S2,supported,[],,FALSE,FALSE,0.000328064,DeBERTa-v3-large-mnli-fever-anli-ling-wanli,record,,,,,,,
Q122,S3,supported,['cognitive_avoidance'],cognitive_avoidance,FALSE,FALSE,0.090026855,DeBERTa-v3-large-mnli-fever-anli-ling-wanli,record,,,,,,,
Q036,S1,unsupported,[],,FALSE,TRUE,0.008506775,DeBERTa-v3-large-mnli-fever-anli-ling-wanli,record,,,,,,,
Q036,S2,unsupported,[],,FALSE,TRUE,0.000101089,DeBERTa-v3-large-mnli-fever-anli-ling-wanli,record,,,,,,,
Q018,S1,unsupported,['confidence_triad'],confidence_triad,FALSE,FALSE,0.866210938,DeBERTa-v3-large-mnli-fever-anli-ling-wanli,record,,,,,,,
Q018,S2,unsupported,['confidence_triad'],confidence_triad,FALSE,FALSE,0.002912521,DeBERTa-v3-large-mnli-fever-anli-ling-wanli,record,,,,,,,
Q018,S3,unsupported,['confidence_triad'],confidence_triad,FALSE,FALSE,0.005443573,DeBERTa-v3-large-mnli-fever-anli-ling-wanli,record,,,,,,,
Q115,S1,unsupported,['cognitive_avoidance'],cognitive_avoidance,FALSE,FALSE,0.043121338,DeBERTa-v3-large-mnli-fever-anli-ling-wanli,record,,,,,,,
Q115,S2,unsupported,['unproductive_frustration'],unproductive_frustration,FALSE,FALSE,0.000191092,DeBERTa-v3-large-mnli-fever-anli-ling-wanli,record,,,,,,,
Q008,S1,partial,[],,FALSE,TRUE,0.013641357,DeBERTa-v3-large-mnli-fever-anli-ling-wanli,record,,,,,,,
Q008,S2,unsupported,[],,FALSE,TRUE,0.002029419,DeBERTa-v3-large-mnli-fever-anli-ling-wanli,record,,,,,,,
Q008,S3,unsupported,[],,FALSE,TRUE,0.000275373,DeBERTa-v3-large-mnli-fever-anli-ling-wanli,record,,,,,,,
Q058,S1,unsupported,[],FALSE,TRUE,0.000169516,DeBERTa-v3-large-mnli-fever-anli-ling-wanli,record,,,,,,,,
Q058,S2,partial,[],,FALSE,TRUE,0.010612488,DeBERTa-v3-large-mnli-fever-anli-ling-wanli,record,,,,,,,
Q058,S3,supported,[],,FALSE,TRUE,0.014198303,DeBERTa-v3-large-mnli-fever-anli-ling-wanli,record,,,,,,,
Q078,S1,unsupported,[],,TRUE,TRUE,0.000108004,DeBERTa-v3-large-mnli-fever-anli-ling-wanli,record,,,,,,,
Q078,S2,partial, the student's cumulative accuracy on this skill was 27%. On attempt 1, and took 0.57 times their own average response time. On attempt 3, the student answered incorrectly, used 1 hint, and took 0.51 times their own average response time. On attempt 4, the student answered incorrectly, used 2 hints,TRUE,TRUE,8.82E-05,DeBERTa-v3-large-mnli-fever-anli-ling-wanli,record,,
Q012,S1,partial,['cognitive_avoidance'],cognitive_avoidance,FALSE,FALSE,0.598144531,DeBERTa-v3-large-mnli-fever-anli-ling-wanli,record,,,,,,,
Q012,S2,unsupported,['slipping'],slipping,FALSE,FALSE,0.9921875,DeBERTa-v3-large-mnli-fever-anli-ling-wanli,record,,,,,,,
Q064,S1,supported,['overconfidence'],overconfidence,TRUE,FALSE,0.000240564,DeBERTa-v3-large-mnli-fever-anli-ling-wanli,record,,,,,,,
Q101,S1,unsupported,['overconfidence'],overconfidence,FALSE,FALSE,0.000448465,DeBERTa-v3-large-mnli-fever-anli-ling-wanli,record,,,,,,,
Q101,S2,partial, the student's cumulative accuracy on this skill was 57%. On attempt 1, and took 1.90 times their own average response time. On attempt 3, the student answered correctly, used no hints, and took 1.14 times their own average response time. On attempt 4, the student answered incorrectly, used no hints,FALSE,FALSE,0.139526367,DeBERTa-v3-large-mnli-fever-anli-ling-wanli,record,,
Q021,S1,supported,[],TRUE,FALSE,0.010734558,DeBERTa-v3-large-mnli-fever-anli-ling-wanli,record,,,,,,,,
Q021,S2,unsupported,['slipping'],slipping,TRUE,FALSE,0.997070313,DeBERTa-v3-large-mnli-fever-anli-ling-wanli,record,,,,,,,
Q124,S1,supported,['confidence_triad'],confidence_triad,TRUE,FALSE,0.392822266,DeBERTa-v3-large-mnli-fever-anli-ling-wanli,record,,,,,,,
Q124,S2,unsupported,[],TRUE,FALSE,0.003894806,DeBERTa-v3-large-mnli-fever-anli-ling-wanli,record,,,,,,,,
Q072,S1,unsupported,[],,FALSE,TRUE,0.001688957,DeBERTa-v3-large-mnli-fever-anli-ling-wanli,record,,,,,,,
Q072,S2,unsupported,[],,FALSE,TRUE,0.006267548,DeBERTa-v3-large-mnli-fever-anli-ling-wanli,record,,,,,,,
Q072,S3,supported,[],,FALSE,TRUE,0.004440308,DeBERTa-v3-large-mnli-fever-anli-ling-wanli,record,,,,,,,
Q074,S1,unsupported,['cognitive_avoidance'],cognitive_avoidance,TRUE,FALSE,0.025161743,DeBERTa-v3-large-mnli-fever-anli-ling-wanli,record,,,,,,,
Q074,S2,unsupported,['unproductive_frustration'],unproductive_frustration,TRUE,FALSE,8.29E-05,DeBERTa-v3-large-mnli-fever-anli-ling-wanli,record,,,,,,,
Q120,S1,partial,['cognitive_avoidance'],cognitive_avoidance,FALSE,FALSE,0.034301758,DeBERTa-v3-large-mnli-fever-anli-ling-wanli,record,,,,,,,
Q120,S2,partial,['slipping'],slipping,FALSE,FALSE,0.996582031,DeBERTa-v3-large-mnli-fever-anli-ling-wanli,record,,,,,,,
Q015,S1,supported,['cognitive_avoidance'],cognitive_avoidance,TRUE,FALSE,0.03894043,DeBERTa-v3-large-mnli-fever-anli-ling-wanli,record,,,,,,,
Q015,S2,unsupported,[],,TRUE,FALSE,0.000748158,DeBERTa-v3-large-mnli-fever-anli-ling-wanli,record,,,,,,,
Q118,S1,supported,['confidence_triad'],confidence_triad,TRUE,FALSE,0.994628906,DeBERTa-v3-large-mnli-fever-anli-ling-wanli,record,,,,,,,
Q118,S2,partial,['confidence_triad'],confidence_triad,TRUE,FALSE,0.348388672,DeBERTa-v3-large-mnli-fever-anli-ling-wanli,record,,,,,,,
Q118,S3,supported,['confidence_triad'],confidence_triad,TRUE,FALSE,0.000434637,DeBERTa-v3-large-mnli-fever-anli-ling-wanli,record,,,,,,,
Q042,S1,supported,['confidence_triad'],confidence_triad,FALSE,FALSE,0.987792969,DeBERTa-v3-large-mnli-fever-anli-ling-wanli,record,,,,,,,
Q042,S2,supported,['confidence_triad'],confidence_triad,FALSE,FALSE,0.001682281,DeBERTa-v3-large-mnli-fever-anli-ling-wanli,record,,,,,,,
Q042,S3,supported,['confidence_triad'],confidence_triad,FALSE,FALSE,0.991699219,DeBERTa-v3-large-mnli-fever-anli-ling-wanli,record,,,,,,,
Q066,S1,unsupported,[],FALSE,FALSE,0.003452301,DeBERTa-v3-large-mnli-fever-anli-ling-wanli,record,,,,,,,,
Q066,S2,partial,['overconfidence'],overconfidence,FALSE,FALSE,0.006278992,DeBERTa-v3-large-mnli-fever-anli-ling-wanli,record,,,,,,,
Q066,S3,supported,['overconfidence'],overconfidence,FALSE,FALSE,0.002439499,DeBERTa-v3-large-mnli-fever-anli-ling-wanli,record,,,,,,,
Q110,S1,unsupported,['cognitive_avoidance'],cognitive_avoidance,TRUE,FALSE,0.0011549,DeBERTa-v3-large-mnli-fever-anli-ling-wanli,record,,,,,,,
Q110,S2,partial,['slipping'],slipping,TRUE,FALSE,0.950195313,DeBERTa-v3-large-mnli-fever-anli-ling-wanli,record,,,,,,,
Q084,S1,unsupported,[],,TRUE,TRUE,0.045593262,DeBERTa-v3-large-mnli-fever-anli-ling-wanli,record,,,,,,,
Q084,S2,partial,[],,TRUE,TRUE,0.815429688,DeBERTa-v3-large-mnli-fever-anli-ling-wanli,record,,,,,,,
Q062,S1,unsupported,['cognitive_avoidance'],cognitive_avoidance,FALSE,FALSE,0.010467529,DeBERTa-v3-large-mnli-fever-anli-ling-wanli,record,,,,,,,
Q062,S2,unsupported,[],,FALSE,FALSE,0.000385284,DeBERTa-v3-large-mnli-fever-anli-ling-wanli,record,,,,,,,
Q046,S1,unsupported,['cognitive_avoidance'],cognitive_avoidance,FALSE,FALSE,0.02154541,DeBERTa-v3-large-mnli-fever-anli-ling-wanli,record,,,,,,,
Q046,S2,partial,['unproductive_frustration'],unproductive_frustration,FALSE,FALSE,8.71E-05,DeBERTa-v3-large-mnli-fever-anli-ling-wanli,record,,,,,,,
Q107,S1,unsupported,['productive_struggle'],productive_struggle,FALSE,FALSE,0.124450684,DeBERTa-v3-large-mnli-fever-anli-ling-wanli,record,,,,,,,
Q107,S2,unsupported,['productive_struggle'],productive_struggle,FALSE,FALSE,0.00204277,DeBERTa-v3-large-mnli-fever-anli-ling-wanli,record,,,,,,,
Q107,S3,partial,['productive_struggle'],productive_struggle,FALSE,FALSE,0.000648022,DeBERTa-v3-large-mnli-fever-anli-ling-wanli,record,,,,,,,
Q119,S1,unsupported,[],FALSE,FALSE,0.012268066,DeBERTa-v3-large-mnli-fever-anli-ling-wanli,record,,,,,,,,
Q119,S2,unsupported,[],FALSE,FALSE,0.002082825,DeBERTa-v3-large-mnli-fever-anli-ling-wanli,record,,,,,,,,
Q119,S3,unsupported,[],FALSE,FALSE,0.000219941,DeBERTa-v3-large-mnli-fever-anli-ling-wanli,record,,,,,,,,
Q100,S1,supported,['confidence_triad'],confidence_triad,FALSE,FALSE,0.98828125,DeBERTa-v3-large-mnli-fever-anli-ling-wanli,record,,,,,,,
Q100,S2,partial,['confidence_triad'],confidence_triad,FALSE,FALSE,0.001642227,DeBERTa-v3-large-mnli-fever-anli-ling-wanli,record,,,,,,,
Q100,S3,unknown,['confidence_triad'],confidence_triad,FALSE,FALSE,0.000594139,DeBERTa-v3-large-mnli-fever-anli-ling-wanli,record,,,,,,,
Q080,S1,unsupported,['overconfidence'],overconfidence,FALSE,FALSE,0.004680634,DeBERTa-v3-large-mnli-fever-anli-ling-wanli,record,,,,,,,
Q080,S2,supported,['unproductive_frustration'],unproductive_frustration,FALSE,FALSE,0.000199437,DeBERTa-v3-large-mnli-fever-anli-ling-wanli,record,,,,,,,
Q080,S3,supported,['slipping'],slipping,FALSE,FALSE,0.98828125,DeBERTa-v3-large-mnli-fever-anli-ling-wanli,record,,,,,,,
Q096,S1,unsupported,['productive_struggle'],productive_struggle,TRUE,FALSE,0.001935959,DeBERTa-v3-large-mnli-fever-anli-ling-wanli,record,,,,,,,
Q096,S2,unsupported,['cognitive_avoidance'],cognitive_avoidance,TRUE,FALSE,0.000115871,DeBERTa-v3-large-mnli-fever-anli-ling-wanli,record,,,,,,,
Q083,S1,unsupported,['productive_struggle'],productive_struggle,FALSE,FALSE,0.131713867,DeBERTa-v3-large-mnli-fever-anli-ling-wanli,record,,,,,,,
Q083,S2,unsupported,['cognitive_avoidance'],cognitive_avoidance,FALSE,FALSE,0.001206398,DeBERTa-v3-large-mnli-fever-anli-ling-wanli,record,,,,,,,
Q083,S3,unsupported,"['productive_struggle', 'cognitive_avoidance']",,FALSE,FALSE,0.001126289,DeBERTa-v3-large-mnli-fever-anli-ling-wanli,record,,,,,,,
Q127,S1,partial,['overconfidence'],overconfidence,FALSE,FALSE,0.000141382,DeBERTa-v3-large-mnli-fever-anli-ling-wanli,record,,,,,,,
Q127,S2,unsupported,['overconfidence'],overconfidence,FALSE,FALSE,8.02E-05,DeBERTa-v3-large-mnli-fever-anli-ling-wanli,record,,,,,,,
Q127,S3,unsupported,['overconfidence'],overconfidence,FALSE,FALSE,0.00011909,DeBERTa-v3-large-mnli-fever-anli-ling-wanli,record,,,,,,,
Q047,S1,partial,['unproductive_frustration'],unproductive_frustration,TRUE,FALSE,0.000105143,DeBERTa-v3-large-mnli-fever-anli-ling-wanli,record,,,,,,,
Q047,S2,supported,['unproductive_frustration'],unproductive_frustration,TRUE,FALSE,0.019851685,DeBERTa-v3-large-mnli-fever-anli-ling-wanli,record,,,,,,,
Q047,S3,unsupported,['unproductive_frustration'],unproductive_frustration,TRUE,FALSE,9.74E-05,DeBERTa-v3-large-mnli-fever-anli-ling-wanli,record,,,,,,,
Q068,S1,partial,['confidence_triad'],confidence_triad,FALSE,FALSE,0.994628906,DeBERTa-v3-large-mnli-fever-anli-ling-wanli,record,,,,,,,
Q068,S2,unknown,['confidence_triad'],confidence_triad,FALSE,FALSE,0.703125,DeBERTa-v3-large-mnli-fever-anli-ling-wanli,record,,,,,,,
Q068,S3,unsupported,['confidence_triad'],confidence_triad,FALSE,FALSE,0.005489349,DeBERTa-v3-large-mnli-fever-anli-ling-wanli,record,,,,,,,
Q106,S1,partial,['cognitive_avoidance'],cognitive_avoidance,FALSE,FALSE,0.004482269,DeBERTa-v3-large-mnli-fever-anli-ling-wanli,record,,,,,,,
Q106,S2,unsupported,[],FALSE,FALSE,0.006748199,DeBERTa-v3-large-mnli-fever-anli-ling-wanli,record,,,,,,,,
Q106,S3,supported,['cognitive_avoidance'],cognitive_avoidance,FALSE,FALSE,0.008422852,DeBERTa-v3-large-mnli-fever-anli-ling-wanli,record,,,,,,,
Q140,S1,unsupported,['overconfidence'],overconfidence,FALSE,FALSE,0.000588417,DeBERTa-v3-large-mnli-fever-anli-ling-wanli,record,,,,,,,
Q140,S2,unsupported,['overconfidence'],overconfidence,FALSE,FALSE,0.00060463,DeBERTa-v3-large-mnli-fever-anli-ling-wanli,record,,,,,,,
Q049,S1,unsupported,['cognitive_avoidance'],cognitive_avoidance,FALSE,FALSE,0.027557373,DeBERTa-v3-large-mnli-fever-anli-ling-wanli,record,,,,,,,
Q049,S2,unsupported,['unproductive_frustration'],unproductive_frustration,FALSE,FALSE,8.30E-05,DeBERTa-v3-large-mnli-fever-anli-ling-wanli,record,,,,,,,
Q049,S3,partial,['slipping'],slipping,FALSE,FALSE,0.996582031,DeBERTa-v3-large-mnli-fever-anli-ling-wanli,record,,,,,,,
Q060,S1,partial,[],,FALSE,TRUE,0.000351906,DeBERTa-v3-large-mnli-fever-anli-ling-wanli,record,,,,,,,
Q060,S2,supported,[],,FALSE,TRUE,0.031158447,DeBERTa-v3-large-mnli-fever-anli-ling-wanli,record,,,,,,,
Q060,S3,supported,[],,FALSE,TRUE,0.889160156,DeBERTa-v3-large-mnli-fever-anli-ling-wanli,record,,,,,,,
Q052,S1,unsupported,['cognitive_avoidance'],cognitive_avoidance,FALSE,FALSE,0.017425537,DeBERTa-v3-large-mnli-fever-anli-ling-wanli,record,,,,,,,
Q052,S2,unsupported,[],,FALSE,FALSE,0.003490448,DeBERTa-v3-large-mnli-fever-anli-ling-wanli,record,,,,,,,
Q052,S3,unsupported,['cognitive_avoidance'],cognitive_avoidance,FALSE,FALSE,0.001477242,DeBERTa-v3-large-mnli-fever-anli-ling-wanli,record,,,,,,,
Q063,S1,partial,[],,FALSE,TRUE,0.021942139,DeBERTa-v3-large-mnli-fever-anli-ling-wanli,record,,,,,,,
Q063,S2,unsupported,[],,FALSE,TRUE,0.001219749,DeBERTa-v3-large-mnli-fever-anli-ling-wanli,record,,,,,,,
Q138,S1,supported,['cognitive_avoidance'],cognitive_avoidance,FALSE,FALSE,0.038635254,DeBERTa-v3-large-mnli-fever-anli-ling-wanli,record,,,,,,,
Q138,S2,supported,['slipping'],slipping,FALSE,FALSE,0.996582031,DeBERTa-v3-large-mnli-fever-anli-ling-wanli,record,,,,,,,
Q010,S1,supported,['overconfidence'],overconfidence,TRUE,FALSE,0.000165701,DeBERTa-v3-large-mnli-fever-anli-ling-wanli,record,,,,,,,
Q010,S2,partial,['slipping'],slipping,TRUE,FALSE,0.244873047,DeBERTa-v3-large-mnli-fever-anli-ling-wanli,record,,,,,,,
Q102,S1,supported,['overconfidence'],overconfidence,TRUE,FALSE,0.000365496,DeBERTa-v3-large-mnli-fever-anli-ling-wanli,record,,,,,,,
Q102,S2,unsupported,['overconfidence'],overconfidence,TRUE,FALSE,0.000595093,DeBERTa-v3-large-mnli-fever-anli-ling-wanli,record,,,,,,,
Q102,S3,unsupported,['overconfidence'],overconfidence,TRUE,FALSE,0.002468109,DeBERTa-v3-large-mnli-fever-anli-ling-wanli,record,,,,,,,
Q132,S1,unsupported,['cognitive_avoidance'],cognitive_avoidance,FALSE,FALSE,0.356933594,DeBERTa-v3-large-mnli-fever-anli-ling-wanli,record,,,,,,,
Q132,S2,unsupported,['unproductive_frustration'],unproductive_frustration,FALSE,FALSE,0.000104308,DeBERTa-v3-large-mnli-fever-anli-ling-wanli,record,,,,,,,
Q020,S1,unsupported,['cognitive_avoidance'],cognitive_avoidance,FALSE,FALSE,0.253662109,DeBERTa-v3-large-mnli-fever-anli-ling-wanli,record,,,,,,,
Q020,S2,partial,['slipping'],slipping,FALSE,FALSE,0.9921875,DeBERTa-v3-large-mnli-fever-anli-ling-wanli,record,,,,,,,
Q002,S1,supported,['overconfidence'],overconfidence,FALSE,FALSE,0.002662659,DeBERTa-v3-large-mnli-fever-anli-ling-wanli,record,,,,,,,
Q002,S2,supported,['slipping'],slipping,FALSE,FALSE,0.995117188,DeBERTa-v3-large-mnli-fever-anli-ling-wanli,record,,,,,,,
Q087,S1,unsupported,[],FALSE,FALSE,0.437606981,Bespoke-MiniCheck-7B,fact,,,,,,,,
Q087,S2,unsupported,['productive_struggle'],productive_struggle,FALSE,FALSE,0.320660071,Bespoke-MiniCheck-7B,fact,,,,,,,
Q087,S3,unsupported,[],FALSE,FALSE,0.499673413,Bespoke-MiniCheck-7B,fact,,,,,,,,
Q099,S1,partial,['cognitive_avoidance'],cognitive_avoidance,FALSE,FALSE,0.650959211,Bespoke-MiniCheck-7B,fact,,,,,,,
Q099,S2,partial,['cognitive_avoidance'],cognitive_avoidance,FALSE,FALSE,0.377385046,Bespoke-MiniCheck-7B,fact,,,,,,,
Q099,S3,supported,['cognitive_avoidance'],cognitive_avoidance,FALSE,FALSE,0.866812108,Bespoke-MiniCheck-7B,fact,,,,,,,
Q134,S1,supported,['overconfidence'],overconfidence,FALSE,FALSE,0.83524951,Bespoke-MiniCheck-7B,fact,,,,,,,
Q134,S2,partial,['overconfidence'],overconfidence,FALSE,FALSE,0.851698541,Bespoke-MiniCheck-7B,fact,,,,,,,
Q134,S3,partial,['overconfidence'],overconfidence,FALSE,FALSE,0.89310994,Bespoke-MiniCheck-7B,fact,,,,,,,
Q054,S1,supported,['cognitive_avoidance'],cognitive_avoidance,FALSE,FALSE,0.777062868,Bespoke-MiniCheck-7B,fact,,,,,,,
Q054,S2,partial,['slipping'],slipping,FALSE,FALSE,0.348524292,Bespoke-MiniCheck-7B,fact,,,,,,,
Q054,S3,supported,['slipping'],slipping,FALSE,FALSE,0.182372579,Bespoke-MiniCheck-7B,fact,,,,,,,
Q053,S1,supported,['confidence_triad'],confidence_triad,FALSE,FALSE,0.880530127,Bespoke-MiniCheck-7B,fact,,,,,,,
Q053,S2,unsupported,[],FALSE,FALSE,0.678854289,Bespoke-MiniCheck-7B,fact,,,,,,,,
Q053,S3,unsupported,['cognitive_avoidance'],cognitive_avoidance,FALSE,FALSE,0.499731195,Bespoke-MiniCheck-7B,fact,,,,,,,
Q028,S1,partial,['cognitive_avoidance'],cognitive_avoidance,FALSE,FALSE,0.96681893,Bespoke-MiniCheck-7B,fact,,,,,,,
Q028,S2,supported,['slipping'],slipping,FALSE,FALSE,0.015905021,Bespoke-MiniCheck-7B,fact,,,,,,,
Q014,S1,supported,['confidence_triad'],confidence_triad,TRUE,FALSE,0.904435397,Bespoke-MiniCheck-7B,fact,,,,,,,
Q014,S2,partial,['confidence_triad'],confidence_triad,TRUE,FALSE,0.730734823,Bespoke-MiniCheck-7B,fact,,,,,,,
Q014,S3,supported,['confidence_triad'],confidence_triad,TRUE,FALSE,0.970600194,Bespoke-MiniCheck-7B,fact,,,,,,,
Q136,S1,partial,['cognitive_avoidance'],cognitive_avoidance,FALSE,FALSE,0.777062938,Bespoke-MiniCheck-7B,fact,,,,,,,
Q136,S2,partial,['slipping'],slipping,FALSE,FALSE,0.348516066,Bespoke-MiniCheck-7B,fact,,,,,,,
Q136,S3,partial,['slipping'],slipping,FALSE,FALSE,0.182372448,Bespoke-MiniCheck-7B,fact,,,,,,,
Q117,S1,supported,['overconfidence'],overconfidence,FALSE,FALSE,0.754588296,Bespoke-MiniCheck-7B,fact,,,,,,,
Q117,S2,partial,['slipping'],slipping,FALSE,FALSE,0.164470485,Bespoke-MiniCheck-7B,fact,,,,,,,
Q128,S1,unsupported,['productive_struggle'],productive_struggle,FALSE,FALSE,0.678871061,Bespoke-MiniCheck-7B,fact,,,,,,,
Q128,S2,unsupported,['productive_struggle'],productive_struggle,FALSE,FALSE,0.817253168,Bespoke-MiniCheck-7B,fact,,,,,,,
Q128,S3,unsupported,['productive_struggle'],productive_struggle,FALSE,FALSE,0.294107773,Bespoke-MiniCheck-7B,fact,,,,,,,
Q075,S1,unsupported,['cognitive_avoidance'],cognitive_avoidance,TRUE,FALSE,0.893127344,Bespoke-MiniCheck-7B,fact,,,,,,,
Q019,S1,supported,['overconfidence'],overconfidence,FALSE,FALSE,0.007576609,Bespoke-MiniCheck-7B,fact,,,,,,,
Q019,S2,supported,['slipping'],slipping,FALSE,FALSE,0.11917586,Bespoke-MiniCheck-7B,fact,,,,,,,
Q055,S1,supported,['cognitive_avoidance'],cognitive_avoidance,FALSE,FALSE,0.893127344,Bespoke-MiniCheck-7B,fact,,,,,,,
Q055,S2,supported,['slipping'],slipping,FALSE,FALSE,0.3484545,Bespoke-MiniCheck-7B,fact,,,,,,,
Q123,S1,partial,[],FALSE,FALSE,0.880611375,Bespoke-MiniCheck-7B,fact,,,,,,,,
Q123,S2,unsupported,['cognitive_avoidance'],cognitive_avoidance,FALSE,FALSE,0.592337385,Bespoke-MiniCheck-7B,fact,,,,,,,
Q123,S3,partial,['cognitive_avoidance'],cognitive_avoidance,FALSE,FALSE,0.060078784,Bespoke-MiniCheck-7B,fact,,,,,,,
Q037,S1,unsupported,['overconfidence'],overconfidence,TRUE,FALSE,0.851718916,Bespoke-MiniCheck-7B,fact,,,,,,,
Q037,S2,unsupported,['overconfidence'],overconfidence,TRUE,FALSE,0.530901249,Bespoke-MiniCheck-7B,fact,,,,,,,
Q037,S3,unsupported,['overconfidence'],overconfidence,TRUE,FALSE,0.067534802,Bespoke-MiniCheck-7B,fact,,,,,,,
Q037,S4,unsupported,['overconfidence'],overconfidence,TRUE,FALSE,0.468582523,Bespoke-MiniCheck-7B,fact,,,,,,,
Q091,S1,unsupported,['cognitive_avoidance'],cognitive_avoidance,FALSE,FALSE,0.952457224,Bespoke-MiniCheck-7B,fact,,,,,,,
Q091,S2,unsupported,[],FALSE,FALSE,0.777036841,Bespoke-MiniCheck-7B,fact,,,,,,,,
Q131,S1,supported,['overconfidence'],overconfidence,FALSE,FALSE,0.022974875,Bespoke-MiniCheck-7B,fact,,,,,,,
Q131,S2,supported,['overconfidence'],overconfidence,FALSE,FALSE,0.53093628,Bespoke-MiniCheck-7B,fact,,,,,,,
Q131,S3,unsupported,['unproductive_frustration'],unproductive_frustration,FALSE,FALSE,0.407115288,Bespoke-MiniCheck-7B,fact,,,,,,,
Q031,S1,unsupported,['cognitive_avoidance'],cognitive_avoidance,FALSE,FALSE,0.932304137,Bespoke-MiniCheck-7B,fact,,,,,,,
Q031,S2,partial,['cognitive_avoidance'],cognitive_avoidance,FALSE,FALSE,0.866855046,Bespoke-MiniCheck-7B,fact,,,,,,,
Q098,S1,unsupported,['cognitive_avoidance'],cognitive_avoidance,FALSE,FALSE,0.851724648,Bespoke-MiniCheck-7B,fact,,,,,,,
Q098,S2,partial,['slipping'],slipping,FALSE,FALSE,0.268839409,Bespoke-MiniCheck-7B,fact,,,,,,,
Q098,S3,partial,['slipping'],slipping,FALSE,FALSE,0.085082068,Bespoke-MiniCheck-7B,fact,,,,,,,
Q076,S1,unsupported,['cognitive_avoidance'],cognitive_avoidance,TRUE,FALSE,0.730818779,Bespoke-MiniCheck-7B,fact,,,,,,,
Q076,S2,partial,['slipping'],slipping,TRUE,FALSE,0.245010356,Bespoke-MiniCheck-7B,fact,,,,,,,
Q076,S3,unsupported,"['cognitive_avoidance', 'slipping']",,TRUE,FALSE,0.085079836,Bespoke-MiniCheck-7B,fact,,,,,,,
Q081,S1,unsupported,['unproductive_frustration'],unproductive_frustration,TRUE,FALSE,0.939735483,Bespoke-MiniCheck-7B,fact,,,,,,,
Q081,S2,unsupported,['unproductive_frustration'],unproductive_frustration,TRUE,FALSE,0.010985946,Bespoke-MiniCheck-7B,fact,,,,,,,
Q081,S3,supported,[],TRUE,FALSE,0.530912229,Bespoke-MiniCheck-7B,fact,,,,,,,,
Q079,S1,unsupported,['cognitive_avoidance'],cognitive_avoidance,FALSE,FALSE,0.777042704,Bespoke-MiniCheck-7B,fact,,,,,,,
Q079,S2,unsupported,['cognitive_avoidance'],cognitive_avoidance,FALSE,FALSE,0.468590622,Bespoke-MiniCheck-7B,fact,,,,,,,
Q094,S1,unsupported,['productive_struggle'],productive_struggle,TRUE,FALSE,0.592394796,Bespoke-MiniCheck-7B,fact,,,,,,,
Q085,S1,unsupported,['overconfidence'],overconfidence,FALSE,FALSE,0.377340713,Bespoke-MiniCheck-7B,fact,,,,,,,
Q085,S2,unsupported,['slipping'],slipping,FALSE,FALSE,0.164466407,Bespoke-MiniCheck-7B,fact,,,,,,,
Q113,S1,supported,['cognitive_avoidance'],cognitive_avoidance,TRUE,FALSE,0.851729407,Bespoke-MiniCheck-7B,fact,,,,,,,
Q113,S2,supported,['slipping'],slipping,TRUE,FALSE,0.119179326,Bespoke-MiniCheck-7B,fact,,,,,,,
Q113,S3,unsupported,['slipping'],slipping,TRUE,FALSE,0.164469191,Bespoke-MiniCheck-7B,fact,,,,,,,
Q105,S1,unsupported,['cognitive_avoidance'],cognitive_avoidance,FALSE,FALSE,0.851724648,Bespoke-MiniCheck-7B,fact,,,,,,,
Q105,S2,partial,['slipping'],slipping,FALSE,FALSE,0.148011721,Bespoke-MiniCheck-7B,fact,,,,,,,
Q016,S1,unsupported,['unproductive_frustration'],unproductive_frustration,FALSE,FALSE,0.776928499,Bespoke-MiniCheck-7B,fact,,,,,,,
Q016,S2,unsupported,['unproductive_frustration'],unproductive_frustration,FALSE,FALSE,0.530859607,Bespoke-MiniCheck-7B,fact,,,,,,,
Q016,S3,unsupported,['unproductive_frustration'],unproductive_frustration,FALSE,FALSE,0.377348135,Bespoke-MiniCheck-7B,fact,,,,,,,
Q135,S1,supported,['confidence_triad'],confidence_triad,FALSE,FALSE,0.7978797,Bespoke-MiniCheck-7B,fact,,,,,,,
Q135,S2,supported,['confidence_triad'],confidence_triad,FALSE,FALSE,0.946456517,Bespoke-MiniCheck-7B,fact,,,,,,,
Q135,S3,supported,['confidence_triad'],confidence_triad,FALSE,FALSE,0.946329418,Bespoke-MiniCheck-7B,fact,,,,,,,
Q013,S1,supported,['overconfidence'],overconfidence,TRUE,FALSE,0.851693871,Bespoke-MiniCheck-7B,fact,,,,,,,
Q013,S2,unsupported,['unproductive_frustration'],unproductive_frustration,TRUE,FALSE,0.43752214,Bespoke-MiniCheck-7B,fact,,,,,,,
Q013,S3,unsupported,['slipping'],slipping,TRUE,FALSE,0.59231599,Bespoke-MiniCheck-7B,fact,,,,,,,
Q044,S1,supported,['cognitive_avoidance'],cognitive_avoidance,FALSE,FALSE,0.851724648,Bespoke-MiniCheck-7B,fact,,,,,,,
Q044,S2,supported,['slipping'],slipping,FALSE,FALSE,0.320676126,Bespoke-MiniCheck-7B,fact,,,,,,,
Q044,S3,supported,['slipping'],slipping,FALSE,FALSE,0.085082068,Bespoke-MiniCheck-7B,fact,,,,,,,
Q059,S1,supported,['overconfidence'],overconfidence,FALSE,FALSE,0.851693871,Bespoke-MiniCheck-7B,fact,,,,,,,
Q059,S2,unsupported,['unproductive_frustration'],unproductive_frustration,FALSE,FALSE,0.43752214,Bespoke-MiniCheck-7B,fact,,,,,,,
Q059,S3,unsupported,['slipping'],slipping,FALSE,FALSE,0.59231599,Bespoke-MiniCheck-7B,fact,,,,,,,
Q089,S1,supported,['overconfidence'],overconfidence,FALSE,FALSE,0.880561479,Bespoke-MiniCheck-7B,fact,,,,,,,
Q089,S2,partial,['slipping'],slipping,FALSE,FALSE,0.012430628,Bespoke-MiniCheck-7B,fact,,,,,,,
Q045,S1,unsupported,['overconfidence'],overconfidence,TRUE,FALSE,0.002472535,Bespoke-MiniCheck-7B,fact,,,,,,,
Q045,S2,unsupported,['unproductive_frustration'],unproductive_frustration,TRUE,FALSE,0.407133051,Bespoke-MiniCheck-7B,fact,,,,,,,
Q082,S1,partial,['confidence_triad'],confidence_triad,FALSE,FALSE,0.817241883,Bespoke-MiniCheck-7B,fact,,,,,,,
Q082,S2,unsupported,['confidence_triad'],confidence_triad,FALSE,FALSE,0.407073407,Bespoke-MiniCheck-7B,fact,,,,,,,
Q082,S3,supported,['confidence_triad'],confidence_triad,FALSE,FALSE,0.957810166,Bespoke-MiniCheck-7B,fact,,,,,,,
Q069,S1,unsupported,['overconfidence'],overconfidence,FALSE,FALSE,0.851693871,Bespoke-MiniCheck-7B,fact,,,,,,,
Q069,S2,supported,['unproductive_frustration'],unproductive_frustration,FALSE,FALSE,0.294070331,Bespoke-MiniCheck-7B,fact,,,,,,,
Q069,S3,unsupported,['overconfidence'],overconfidence,FALSE,FALSE,0.592395714,Bespoke-MiniCheck-7B,fact,,,,,,,
Q025,S1,supported,['unproductive_frustration'],unproductive_frustration,FALSE,FALSE,0.776928499,Bespoke-MiniCheck-7B,fact,,,,,,,
Q025,S2,supported,['unproductive_frustration'],unproductive_frustration,FALSE,FALSE,0.499625018,Bespoke-MiniCheck-7B,fact,,,,,,,
Q051,S1,unsupported,['cognitive_avoidance'],cognitive_avoidance,TRUE,FALSE,0.932304346,Bespoke-MiniCheck-7B,fact,,,,,,,
Q051,S2,unsupported,['cognitive_avoidance'],cognitive_avoidance,TRUE,FALSE,0.407107159,Bespoke-MiniCheck-7B,fact,,,,,,,
Q051,S3,unsupported,['cognitive_avoidance'],cognitive_avoidance,TRUE,FALSE,0.817350034,Bespoke-MiniCheck-7B,fact,,,,,,,
Q137,S1,unsupported,['cognitive_avoidance'],cognitive_avoidance,FALSE,FALSE,0.222615687,Bespoke-MiniCheck-7B,fact,,,,,,,
Q137,S2,supported,['slipping'],slipping,FALSE,FALSE,0.067535446,Bespoke-MiniCheck-7B,fact,,,,,,,
Q095,S1,partial,['productive_struggle'],productive_struggle,FALSE,FALSE,0.730741273,Bespoke-MiniCheck-7B,fact,,,,,,,
Q095,S2,partial,['cognitive_avoidance'],cognitive_avoidance,FALSE,FALSE,0.730761396,Bespoke-MiniCheck-7B,fact,,,,,,,
Q095,S3,supported,"['productive_struggle', 'cognitive_avoidance']",,FALSE,FALSE,0.033082139,Bespoke-MiniCheck-7B,fact,,,,,,,
Q033,S1,partial,['cognitive_avoidance'],cognitive_avoidance,FALSE,FALSE,0.932304137,Bespoke-MiniCheck-7B,fact,,,,,,,
Q114,S1,partial, the student's cumulative accuracy on this skill was 23%. On attempt 1, and took 0.03 times their own average response time. On attempt 3, the student answered correctly, used 1 hint, and took 1.04 times their own average response time. On attempt 4, the student answered incorrectly, used no hints,TRUE,FALSE,0.96681893,Bespoke-MiniCheck-7B,fact,,
Q114,S2,partial,['slipping'],slipping,TRUE,FALSE,0.015905021,Bespoke-MiniCheck-7B,fact,,,,,,,
Q086,S1,partial, the student's cumulative accuracy on this skill was 33%. On attempt 1, and took 3.14 times their own average response time. On attempt 3, the student answered incorrectly, used no hints, and took 3.14 times their own average response time. On attempt 4, the student answered incorrectly, used no hints,TRUE,FALSE,0.952457224,Bespoke-MiniCheck-7B,fact,,
Q086,S2,unsupported,['unproductive_frustration'],unproductive_frustration,TRUE,FALSE,0.592307764,Bespoke-MiniCheck-7B,fact,,,,,,,
Q032,S1,supported,['overconfidence'],overconfidence,FALSE,FALSE,0.182368209,Bespoke-MiniCheck-7B,fact,,,,,,,
Q032,S2,supported,['overconfidence'],overconfidence,FALSE,FALSE,0.651076534,Bespoke-MiniCheck-7B,fact,,,,,,,
Q032,S3,unknown,['overconfidence'],overconfidence,FALSE,FALSE,0.797900959,Bespoke-MiniCheck-7B,fact,,,,,,,
Q129,S1,supported,['overconfidence'],overconfidence,FALSE,FALSE,0.835157298,Bespoke-MiniCheck-7B,fact,,,,,,,
Q129,S2,partial,['overconfidence'],overconfidence,FALSE,FALSE,0.222597802,Bespoke-MiniCheck-7B,fact,,,,,,,
Q129,S3,unsupported,['overconfidence'],overconfidence,FALSE,FALSE,0.7769721,Bespoke-MiniCheck-7B,fact,,,,,,,
Q034,S1,unsupported,[],FALSE,FALSE,0.020330981,Bespoke-MiniCheck-7B,fact,,,,,,,,
Q034,S2,partial,['unproductive_frustration'],unproductive_frustration,FALSE,FALSE,0.437548871,Bespoke-MiniCheck-7B,fact,,,,,,,
Q121,S1,partial,['unproductive_frustration'],unproductive_frustration,FALSE,FALSE,0.776928499,Bespoke-MiniCheck-7B,fact,,,,,,,
Q121,S2,partial,['unproductive_frustration'],unproductive_frustration,FALSE,FALSE,0.530837489,Bespoke-MiniCheck-7B,fact,,,,,,,
Q111,S1,supported,['overconfidence'],overconfidence,FALSE,FALSE,0.83526157,Bespoke-MiniCheck-7B,fact,,,,,,,
Q111,S2,supported,['overconfidence'],overconfidence,FALSE,FALSE,0.851698541,Bespoke-MiniCheck-7B,fact,,,,,,,
Q111,S3,supported,['overconfidence'],overconfidence,FALSE,FALSE,0.893110034,Bespoke-MiniCheck-7B,fact,,,,,,,
Q112,S1,partial,['cognitive_avoidance'],cognitive_avoidance,TRUE,FALSE,0.893127344,Bespoke-MiniCheck-7B,fact,,,,,,,
Q112,S2,supported,['slipping'],slipping,TRUE,FALSE,0.268832454,Bespoke-MiniCheck-7B,fact,,,,,,,
Q130,S1,partial,[],TRUE,FALSE,0.973958502,Bespoke-MiniCheck-7B,fact,,,,,,,,
Q130,S2,unsupported,['slipping'],slipping,TRUE,FALSE,0.530936818,Bespoke-MiniCheck-7B,fact,,,,,,,
Q039,S1,unsupported,['productive_struggle'],productive_struggle,TRUE,FALSE,0.499721991,Bespoke-MiniCheck-7B,fact,,,,,,,
Q057,S1,supported,['cognitive_avoidance'],cognitive_avoidance,TRUE,FALSE,0.893127344,Bespoke-MiniCheck-7B,fact,,,,,,,
Q043,S1,supported,['productive_struggle'],productive_struggle,FALSE,FALSE,0.499735305,Bespoke-MiniCheck-7B,fact,,,,,,,
Q043,S2,supported,['cognitive_avoidance'],cognitive_avoidance,FALSE,FALSE,0.678865012,Bespoke-MiniCheck-7B,fact,,,,,,,
Q043,S3,supported,"['cognitive_avoidance', 'productive_struggle']",,FALSE,FALSE,0.025954263,Bespoke-MiniCheck-7B,fact,,,,,,,
Q006,S1,unsupported,['cognitive_avoidance'],cognitive_avoidance,FALSE,FALSE,0.053396805,Bespoke-MiniCheck-7B,fact,,,,,,,
Q006,S2,unsupported,['unproductive_frustration'],unproductive_frustration,FALSE,FALSE,0.43750618,Bespoke-MiniCheck-7B,fact,,,,,,,
Q006,S3,supported,"['unproductive_frustration', 'cognitive_avoidance']",,FALSE,FALSE,0.622131384,Bespoke-MiniCheck-7B,fact,,,,,,,
Q001,S1,unsupported,['cognitive_avoidance'],cognitive_avoidance,FALSE,FALSE,0.851724648,Bespoke-MiniCheck-7B,fact,,,,,,,
Q001,S2,partial,['slipping'],slipping,FALSE,FALSE,0.245009421,Bespoke-MiniCheck-7B,fact,,,,,,,
Q001,S3,unknown,"['cognitive_avoidance', 'slipping']",,FALSE,FALSE,0.020329862,Bespoke-MiniCheck-7B,fact,,,,,,,
Q116,S1,unsupported,[],TRUE,FALSE,0.893127344,Bespoke-MiniCheck-7B,fact,,,,,,,,
Q116,S2,unsupported,['cognitive_avoidance'],cognitive_avoidance,TRUE,FALSE,0.880609839,Bespoke-MiniCheck-7B,fact,,,,,,,
Q048,S1,partial,['productive_struggle'],productive_struggle,FALSE,FALSE,0.730741273,Bespoke-MiniCheck-7B,fact,,,,,,,
Q048,S2,unsupported,['cognitive_avoidance'],cognitive_avoidance,FALSE,FALSE,0.730761396,Bespoke-MiniCheck-7B,fact,,,,,,,
Q048,S3,unsupported,"['cognitive_avoidance', 'productive_struggle']",,FALSE,FALSE,0.033082139,Bespoke-MiniCheck-7B,fact,,,,,,,
Q073,S1,partial,['confidence_triad'],confidence_triad,FALSE,FALSE,0.893018714,Bespoke-MiniCheck-7B,fact,,,,,,,
Q073,S2,supported,['confidence_triad'],confidence_triad,FALSE,FALSE,0.880532436,Bespoke-MiniCheck-7B,fact,,,,,,,
Q073,S3,unsupported,['confidence_triad'],confidence_triad,FALSE,FALSE,0.957800104,Bespoke-MiniCheck-7B,fact,,,,,,,
Q003,S1,unsupported,['cognitive_avoidance'],cognitive_avoidance,FALSE,FALSE,0.053394858,Bespoke-MiniCheck-7B,fact,,,,,,,
Q003,S2,partial,['confidence_triad'],confidence_triad,FALSE,FALSE,0.851675799,Bespoke-MiniCheck-7B,fact,,,,,,,
Q003,S3,unsupported,['confidence_triad'],confidence_triad,FALSE,FALSE,0.029308578,Bespoke-MiniCheck-7B,fact,,,,,,,
Q011,S1,unsupported,['unproductive_frustration'],unproductive_frustration,FALSE,FALSE,0.776928499,Bespoke-MiniCheck-7B,fact,,,,,,,
Q011,S2,unsupported,['unproductive_frustration'],unproductive_frustration,FALSE,FALSE,0.622105538,Bespoke-MiniCheck-7B,fact,,,,,,,
Q011,S3,partial,['unproductive_frustration'],unproductive_frustration,FALSE,FALSE,0.592376718,Bespoke-MiniCheck-7B,fact,,,,,,,
Q090,S1,unsupported, the student's cumulative accuracy on this skill was 17%. On attempt 1, and took 3.20 times their own average response time. On attempt 3, the student answered correctly, used no hints, and took 0.44 times their own average response time. On attempt 4, the student answered incorrectly, used no hints,FALSE,FALSE,0.730818779,Bespoke-MiniCheck-7B,fact,,
Q090,S2,unsupported,['slipping'],slipping,FALSE,FALSE,0.407140816,Bespoke-MiniCheck-7B,fact,,,,,,,
Q103,S1,supported,['overconfidence'],overconfidence,FALSE,FALSE,0.730753799,Bespoke-MiniCheck-7B,fact,,,,,,,
Q103,S2,supported,['overconfidence'],overconfidence,FALSE,FALSE,0.705423629,Bespoke-MiniCheck-7B,fact,,,,,,,
Q103,S3,partial,['overconfidence'],overconfidence,FALSE,FALSE,0.730808576,Bespoke-MiniCheck-7B,fact,,,,,,,
Q040,S1,supported,['confidence_triad'],confidence_triad,FALSE,FALSE,0.904436347,Bespoke-MiniCheck-7B,fact,,,,,,,
Q040,S2,unsupported,['confidence_triad'],confidence_triad,FALSE,FALSE,0.530919001,Bespoke-MiniCheck-7B,fact,,,,,,,
Q077,S1,partial,['overconfidence'],overconfidence,FALSE,FALSE,0.973958502,Bespoke-MiniCheck-7B,fact,,,,,,,
Q077,S2,supported,['slipping'],slipping,FALSE,FALSE,0.530936818,Bespoke-MiniCheck-7B,fact,,,,,,,
Q133,S1,unsupported,['productive_struggle'],productive_struggle,TRUE,FALSE,0.730758568,Bespoke-MiniCheck-7B,fact,,,,,,,
Q133,S2,unsupported,['cognitive_avoidance'],cognitive_avoidance,TRUE,FALSE,0.62215317,Bespoke-MiniCheck-7B,fact,,,,,,,
Q125,S1,supported,['cognitive_avoidance'],cognitive_avoidance,FALSE,FALSE,0.530954635,Bespoke-MiniCheck-7B,fact,,,,,,,
Q125,S2,unsupported,['slipping'],slipping,FALSE,FALSE,0.37735396,Bespoke-MiniCheck-7B,fact,,,,,,,
Q126,S1,unsupported,['cognitive_avoidance'],cognitive_avoidance,FALSE,FALSE,0.866842957,Bespoke-MiniCheck-7B,fact,,,,,,,
Q126,S2,unsupported,['unproductive_frustration'],unproductive_frustration,FALSE,FALSE,0.592383179,Bespoke-MiniCheck-7B,fact,,,,,,,
Q104,S1,unsupported, the student's cumulative accuracy on this skill was 60%. On attempt 1, and took 2.87 times their own average response time. On attempt 3, the student answered correctly, used no hints, and took 0.58 times their own average response time. On attempt 4, the student answered incorrectly, used no hints,TRUE,FALSE,0.797954612,Bespoke-MiniCheck-7B,fact,,
Q104,S2,supported,['slipping'],slipping,TRUE,FALSE,0.468573613,Bespoke-MiniCheck-7B,fact,,,,,,,
Q104,S3,supported,"['cognitive_avoidance', 'slipping']",,TRUE,FALSE,0.085079836,Bespoke-MiniCheck-7B,fact,,,,,,,
Q093,S1,supported,['cognitive_avoidance'],cognitive_avoidance,TRUE,FALSE,0.730775769,Bespoke-MiniCheck-7B,fact,,,,,,,
Q093,S3,supported,['cognitive_avoidance'],cognitive_avoidance,TRUE,FALSE,0.932276068,Bespoke-MiniCheck-7B,fact,,,,,,,
Q017,S1,supported,['overconfidence'],overconfidence,FALSE,FALSE,0.37734078,Bespoke-MiniCheck-7B,fact,,,,,,,
Q017,S2,supported,['slipping'],slipping,FALSE,FALSE,0.244962256,Bespoke-MiniCheck-7B,fact,,,,,,,
Q141,S1,supported,['cognitive_avoidance'],cognitive_avoidance,FALSE,FALSE,0.797954612,Bespoke-MiniCheck-7B,fact,,,,,,,
Q141,S2,supported,['slipping'],slipping,FALSE,FALSE,0.468573613,Bespoke-MiniCheck-7B,fact,,,,,,,
Q141,S3,supported,"['cognitive_avoidance', 'slipping']",,FALSE,FALSE,0.085079836,Bespoke-MiniCheck-7B,fact,,,,,,,
Q097,S1,unsupported,['cognitive_avoidance'],cognitive_avoidance,FALSE,FALSE,0.67891622,Bespoke-MiniCheck-7B,fact,,,,,,,
Q097,S2,unknown,['unproductive_frustration'],unproductive_frustration,FALSE,FALSE,0.561888438,Bespoke-MiniCheck-7B,fact,,,,,,,
Q061,S1,unsupported,['cognitive_avoidance'],cognitive_avoidance,FALSE,FALSE,0.164478093,Bespoke-MiniCheck-7B,fact,,,,,,,
Q061,S3,supported,['cognitive_avoidance'],cognitive_avoidance,FALSE,FALSE,0.037323035,Bespoke-MiniCheck-7B,fact,,,,,,,
Q038,S1,unsupported, the student's cumulative accuracy on this skill was 86%. On attempt 1, and took 0.46 times their own average response time. On attempt 3, the student answered correctly, used no hints, and took 0.93 times their own average response time. On attempt 4, the student answered incorrectly, used no hints,FALSE,FALSE,0.053394679,Bespoke-MiniCheck-7B,fact,,
Q038,S2,unsupported,['unproductive_frustration'],unproductive_frustration,FALSE,FALSE,0.797932545,Bespoke-MiniCheck-7B,fact,,,,,,,
Q030,S1,partial, the student's cumulative accuracy on this skill was 0%. On attempt 1, and took 0.22 times their own average response time. On attempt 3, the student answered incorrectly, used 3 hints, and took 0.10 times their own average response time. On attempt 4, the student answered incorrectly, used 4 hints,FALSE,FALSE,0.776928499,Bespoke-MiniCheck-7B,fact,,
Q030,S2,supported,['unproductive_frustration'],unproductive_frustration,FALSE,FALSE,0.499625137,Bespoke-MiniCheck-7B,fact,,,,,,,
Q050,S1,unsupported,['overconfidence'],overconfidence,TRUE,FALSE,0.835157298,Bespoke-MiniCheck-7B,fact,,,,,,,
Q050,S2,unsupported,['overconfidence'],overconfidence,TRUE,FALSE,0.075842872,Bespoke-MiniCheck-7B,fact,,,,,,,
Q050,S3,unsupported,['overconfidence'],overconfidence,TRUE,FALSE,0.7769721,Bespoke-MiniCheck-7B,fact,,,,,,,
Q139,S1,partial,['overconfidence'],overconfidence,TRUE,FALSE,0.893152616,Bespoke-MiniCheck-7B,fact,,,,,,,
Q139,S2,partial,['unproductive_frustration'],unproductive_frustration,TRUE,FALSE,0.468536832,Bespoke-MiniCheck-7B,fact,,,,,,,
Q139,S3,unsupported,['slipping'],slipping,TRUE,FALSE,0.201748141,Bespoke-MiniCheck-7B,fact,,,,,,,
Q022,S1,unsupported,[],TRUE,FALSE,0.754593671,Bespoke-MiniCheck-7B,fact,,,,,,,,
Q022,S2,partial,[],TRUE,FALSE,0.348520802,Bespoke-MiniCheck-7B,fact,,,,,,,,
Q022,S3,supported,[],TRUE,FALSE,0.182378384,Bespoke-MiniCheck-7B,fact,,,,,,,,
Q005,S1,partial,['productive_struggle'],productive_struggle,FALSE,FALSE,0.83517794,Bespoke-MiniCheck-7B,fact,,,,,,,
Q005,S2,supported,['productive_struggle'],productive_struggle,FALSE,FALSE,0.851735034,Bespoke-MiniCheck-7B,fact,,,,,,,
Q005,S3,partial,['productive_struggle'],productive_struggle,FALSE,FALSE,0.499759612,Bespoke-MiniCheck-7B,fact,,,,,,,
Q067,S1,unsupported,['productive_struggle'],productive_struggle,FALSE,FALSE,0.797893252,Bespoke-MiniCheck-7B,fact,,,,,,,
Q067,S2,unsupported, the student's cumulative accuracy on this skill was 43%. On attempt 1, and took 0.20 times their own average response time. On attempt 3, the student answered correctly, used no hints, and took 0.10 times their own average response time. On attempt 4, the student answered correctly, used 2 hints,FALSE,FALSE,0.730761134,Bespoke-MiniCheck-7B,fact,,
Q067,S3,unsupported,"['cognitive_avoidance', 'productive_struggle']",,FALSE,FALSE,0.033082139,Bespoke-MiniCheck-7B,fact,,,,,,,
Q041,S1,supported,['confidence_triad'],confidence_triad,FALSE,FALSE,0.797870593,Bespoke-MiniCheck-7B,fact,,,,,,,
Q041,S2,supported,['confidence_triad'],confidence_triad,FALSE,FALSE,0.914695057,Bespoke-MiniCheck-7B,fact,,,,,,,
Q041,S3,unsupported,['confidence_triad'],confidence_triad,FALSE,FALSE,0.797912408,Bespoke-MiniCheck-7B,fact,,,,,,,
Q070,S1,partial,['cognitive_avoidance'],cognitive_avoidance,FALSE,FALSE,0.777062938,Bespoke-MiniCheck-7B,fact,,,,,,,
Q070,S2,partial,['slipping'],slipping,FALSE,FALSE,0.294106055,Bespoke-MiniCheck-7B,fact,,,,,,,
Q070,S3,unknown,[],FALSE,FALSE,0.060075418,Bespoke-MiniCheck-7B,fact,,,,,,,,
Q088,S1,unsupported,['productive_struggle'],productive_struggle,FALSE,FALSE,0.678871061,Bespoke-MiniCheck-7B,fact,,,,,,,
Q088,S2,unsupported,['productive_struggle'],productive_struggle,FALSE,FALSE,0.817253168,Bespoke-MiniCheck-7B,fact,,,,,,,
Q088,S3,partial,['productive_struggle'],productive_struggle,FALSE,FALSE,0.530968623,Bespoke-MiniCheck-7B,fact,,,,,,,
Q035,S1,supported,['confidence_triad'],confidence_triad,TRUE,FALSE,0.797870367,Bespoke-MiniCheck-7B,fact,,,,,,,
Q035,S2,supported,['confidence_triad'],confidence_triad,TRUE,FALSE,0.914695057,Bespoke-MiniCheck-7B,fact,,,,,,,
Q035,S3,unsupported,['confidence_triad'],confidence_triad,TRUE,FALSE,0.797912337,Bespoke-MiniCheck-7B,fact,,,,,,,
Q108,S1,partial,['productive_struggle'],productive_struggle,TRUE,FALSE,0.730741338,Bespoke-MiniCheck-7B,fact,,,,,,,
Q108,S2,unsupported,['cognitive_avoidance'],cognitive_avoidance,TRUE,FALSE,0.851691447,Bespoke-MiniCheck-7B,fact,,,,,,,
Q108,S3,supported,"['cognitive_avoidance', 'productive_struggle']",,TRUE,FALSE,0.015904869,Bespoke-MiniCheck-7B,fact,,,,,,,
Q122,S1,unsupported,['cognitive_avoidance'],cognitive_avoidance,FALSE,FALSE,0.932304346,Bespoke-MiniCheck-7B,fact,,,,,,,
Q122,S3,supported,['cognitive_avoidance'],cognitive_avoidance,FALSE,FALSE,0.561856355,Bespoke-MiniCheck-7B,fact,,,,,,,
Q018,S1,unsupported,['confidence_triad'],confidence_triad,FALSE,FALSE,0.77696036,Bespoke-MiniCheck-7B,fact,,,,,,,
Q018,S2,unsupported,['confidence_triad'],confidence_triad,FALSE,FALSE,0.705294579,Bespoke-MiniCheck-7B,fact,,,,,,,
Q018,S3,unsupported,['confidence_triad'],confidence_triad,FALSE,FALSE,0.83517295,Bespoke-MiniCheck-7B,fact,,,,,,,
Q115,S1,unsupported,['cognitive_avoidance'],cognitive_avoidance,FALSE,FALSE,0.851701739,Bespoke-MiniCheck-7B,fact,,,,,,,
Q115,S2,unsupported,['unproductive_frustration'],unproductive_frustration,FALSE,FALSE,0.561934022,Bespoke-MiniCheck-7B,fact,,,,,,,
Q012,S1,partial,['cognitive_avoidance'],cognitive_avoidance,FALSE,FALSE,0.851724648,Bespoke-MiniCheck-7B,fact,,,,,,,
Q012,S2,unsupported,['slipping'],slipping,FALSE,FALSE,0.148011721,Bespoke-MiniCheck-7B,fact,,,,,,,
Q064,S1,supported,['overconfidence'],overconfidence,TRUE,FALSE,0.939782486,Bespoke-MiniCheck-7B,fact,,,,,,,
Q101,S1,unsupported,['overconfidence'],overconfidence,FALSE,FALSE,0.530841381,Bespoke-MiniCheck-7B,fact,,,,,,,
Q101,S2,partial, the student's cumulative accuracy on this skill was 57%. On attempt 1, and took 1.90 times their own average response time. On attempt 3, the student answered correctly, used no hints, and took 1.14 times their own average response time. On attempt 4, the student answered incorrectly, used no hints,FALSE,FALSE,0.148012357,Bespoke-MiniCheck-7B,fact,,
Q021,S1,supported,[],TRUE,FALSE,0.893127344,Bespoke-MiniCheck-7B,fact,,,,,,,,
Q021,S2,unsupported,['slipping'],slipping,TRUE,FALSE,0.017984556,Bespoke-MiniCheck-7B,fact,,,,,,,
Q124,S1,supported,['confidence_triad'],confidence_triad,TRUE,FALSE,0.893056087,Bespoke-MiniCheck-7B,fact,,,,,,,
Q124,S2,unsupported,[],TRUE,FALSE,0.946454947,Bespoke-MiniCheck-7B,fact,,,,,,,,
Q074,S1,unsupported,['cognitive_avoidance'],cognitive_avoidance,TRUE,FALSE,0.952457224,Bespoke-MiniCheck-7B,fact,,,,,,,
Q074,S2,unsupported,['unproductive_frustration'],unproductive_frustration,TRUE,FALSE,0.777036841,Bespoke-MiniCheck-7B,fact,,,,,,,
Q120,S1,partial,['cognitive_avoidance'],cognitive_avoidance,FALSE,FALSE,0.893127344,Bespoke-MiniCheck-7B,fact,,,,,,,
Q120,S2,partial,['slipping'],slipping,FALSE,FALSE,0.797930849,Bespoke-MiniCheck-7B,fact,,,,,,,
Q015,S1,supported,['cognitive_avoidance'],cognitive_avoidance,TRUE,FALSE,0.468475955,Bespoke-MiniCheck-7B,fact,,,,,,,
Q118,S1,supported,['confidence_triad'],confidence_triad,TRUE,FALSE,0.817241883,Bespoke-MiniCheck-7B,fact,,,,,,,
Q118,S2,partial,['confidence_triad'],confidence_triad,TRUE,FALSE,0.817297063,Bespoke-MiniCheck-7B,fact,,,,,,,
Q118,S3,supported,['confidence_triad'],confidence_triad,TRUE,FALSE,0.83524194,Bespoke-MiniCheck-7B,fact,,,,,,,
Q042,S1,supported,['confidence_triad'],confidence_triad,FALSE,FALSE,0.851599187,Bespoke-MiniCheck-7B,fact,,,,,,,
Q042,S2,supported,['confidence_triad'],confidence_triad,FALSE,FALSE,0.797810721,Bespoke-MiniCheck-7B,fact,,,,,,,
Q042,S3,supported,['confidence_triad'],confidence_triad,FALSE,FALSE,0.797774689,Bespoke-MiniCheck-7B,fact,,,,,,,
Q066,S1,unsupported,[],FALSE,FALSE,0.060075705,Bespoke-MiniCheck-7B,fact,,,,,,,,
Q066,S2,partial,['overconfidence'],overconfidence,FALSE,FALSE,0.245003141,Bespoke-MiniCheck-7B,fact,,,,,,,
Q066,S3,supported,['overconfidence'],overconfidence,FALSE,FALSE,0.43760925,Bespoke-MiniCheck-7B,fact,,,,,,,
Q110,S1,unsupported,['cognitive_avoidance'],cognitive_avoidance,TRUE,FALSE,0.96681893,Bespoke-MiniCheck-7B,fact,,,,,,,
Q110,S2,partial,['slipping'],slipping,TRUE,FALSE,0.015905021,Bespoke-MiniCheck-7B,fact,,,,,,,
Q062,S1,unsupported,['cognitive_avoidance'],cognitive_avoidance,FALSE,FALSE,0.029309431,Bespoke-MiniCheck-7B,fact,,,,,,,
Q046,S1,unsupported,['cognitive_avoidance'],cognitive_avoidance,FALSE,FALSE,0.866842957,Bespoke-MiniCheck-7B,fact,,,,,,,
Q046,S2,partial,['unproductive_frustration'],unproductive_frustration,FALSE,FALSE,0.592383179,Bespoke-MiniCheck-7B,fact,,,,,,,
Q107,S1,unsupported,['productive_struggle'],productive_struggle,FALSE,FALSE,0.468515049,Bespoke-MiniCheck-7B,fact,,,,,,,
Q107,S2,unsupported,['productive_struggle'],productive_struggle,FALSE,FALSE,0.730620603,Bespoke-MiniCheck-7B,fact,,,,,,,
Q107,S3,partial,['productive_struggle'],productive_struggle,FALSE,FALSE,0.3484599,Bespoke-MiniCheck-7B,fact,,,,,,,
Q119,S1,unsupported,[],FALSE,FALSE,0.851747191,Bespoke-MiniCheck-7B,fact,,,,,,,,
Q119,S3,unsupported,[],FALSE,FALSE,0.437643603,Bespoke-MiniCheck-7B,fact,,,,,,,,
Q100,S1,supported,['confidence_triad'],confidence_triad,FALSE,FALSE,0.851599276,Bespoke-MiniCheck-7B,fact,,,,,,,
Q100,S2,partial,['confidence_triad'],confidence_triad,FALSE,FALSE,0.776896408,Bespoke-MiniCheck-7B,fact,,,,,,,
Q100,S3,unknown,['confidence_triad'],confidence_triad,FALSE,FALSE,0.468527002,Bespoke-MiniCheck-7B,fact,,,,,,,
Q080,S1,unsupported,['overconfidence'],overconfidence,FALSE,FALSE,0.754637915,Bespoke-MiniCheck-7B,fact,,,,,,,
Q080,S2,supported,['unproductive_frustration'],unproductive_frustration,FALSE,FALSE,0.797922432,Bespoke-MiniCheck-7B,fact,,,,,,,
Q080,S3,supported,['slipping'],slipping,FALSE,FALSE,0.006692497,Bespoke-MiniCheck-7B,fact,,,,,,,
Q096,S1,unsupported,['productive_struggle'],productive_struggle,TRUE,FALSE,0.592394796,Bespoke-MiniCheck-7B,fact,,,,,,,
Q096,S2,unsupported,['cognitive_avoidance'],cognitive_avoidance,TRUE,FALSE,0.651099624,Bespoke-MiniCheck-7B,fact,,,,,,,
Q083,S1,unsupported,['productive_struggle'],productive_struggle,FALSE,FALSE,0.730729012,Bespoke-MiniCheck-7B,fact,,,,,,,
Q083,S2,unsupported,['cognitive_avoidance'],cognitive_avoidance,FALSE,FALSE,0.705505877,Bespoke-MiniCheck-7B,fact,,,,,,,
Q083,S3,unsupported,"['productive_struggle', 'cognitive_avoidance']",,FALSE,FALSE,0.033082139,Bespoke-MiniCheck-7B,fact,,,,,,,
Q127,S1,partial,['overconfidence'],overconfidence,FALSE,FALSE,0.866754076,Bespoke-MiniCheck-7B,fact,,,,,,,
Q127,S2,unsupported,['overconfidence'],overconfidence,FALSE,FALSE,0.222625666,Bespoke-MiniCheck-7B,fact,,,,,,,
Q127,S3,unsupported,['overconfidence'],overconfidence,FALSE,FALSE,0.705469504,Bespoke-MiniCheck-7B,fact,,,,,,,
Q047,S1,partial,['unproductive_frustration'],unproductive_frustration,TRUE,FALSE,0.776928499,Bespoke-MiniCheck-7B,fact,,,,,,,
Q047,S2,supported,['unproductive_frustration'],unproductive_frustration,TRUE,FALSE,0.530837489,Bespoke-MiniCheck-7B,fact,,,,,,,
Q047,S3,unsupported,['unproductive_frustration'],unproductive_frustration,TRUE,FALSE,0.294083477,Bespoke-MiniCheck-7B,fact,,,,,,,
Q068,S1,partial,['confidence_triad'],confidence_triad,FALSE,FALSE,0.797870367,Bespoke-MiniCheck-7B,fact,,,,,,,
Q068,S2,unknown,['confidence_triad'],confidence_triad,FALSE,FALSE,0.914695057,Bespoke-MiniCheck-7B,fact,,,,,,,
Q068,S3,unsupported,['confidence_triad'],confidence_triad,FALSE,FALSE,0.797912337,Bespoke-MiniCheck-7B,fact,,,,,,,
Q106,S1,partial,['cognitive_avoidance'],cognitive_avoidance,FALSE,FALSE,0.530954572,Bespoke-MiniCheck-7B,fact,,,,,,,
Q106,S3,supported,['cognitive_avoidance'],cognitive_avoidance,FALSE,FALSE,0.34848175,Bespoke-MiniCheck-7B,fact,,,,,,,
Q140,S1,unsupported,['overconfidence'],overconfidence,FALSE,FALSE,0.835157298,Bespoke-MiniCheck-7B,fact,,,,,,,
Q140,S2,unsupported,['overconfidence'],overconfidence,FALSE,FALSE,0.8667847,Bespoke-MiniCheck-7B,fact,,,,,,,
Q049,S1,unsupported,['cognitive_avoidance'],cognitive_avoidance,FALSE,FALSE,0.851701828,Bespoke-MiniCheck-7B,fact,,,,,,,
Q049,S2,unsupported,['unproductive_frustration'],unproductive_frustration,FALSE,FALSE,0.797932545,Bespoke-MiniCheck-7B,fact,,,,,,,
Q049,S3,partial,['slipping'],slipping,FALSE,FALSE,0.007576729,Bespoke-MiniCheck-7B,fact,,,,,,,
Q052,S1,unsupported,['cognitive_avoidance'],cognitive_avoidance,FALSE,FALSE,0.880611375,Bespoke-MiniCheck-7B,fact,,,,,,,
Q052,S3,unsupported,['cognitive_avoidance'],cognitive_avoidance,FALSE,FALSE,0.245003025,Bespoke-MiniCheck-7B,fact,,,,,,,
Q138,S1,supported,['cognitive_avoidance'],cognitive_avoidance,FALSE,FALSE,0.893126678,Bespoke-MiniCheck-7B,fact,,,,,,,
Q138,S2,supported,['slipping'],slipping,FALSE,FALSE,0.348454541,Bespoke-MiniCheck-7B,fact,,,,,,,
Q010,S1,supported,['overconfidence'],overconfidence,TRUE,FALSE,0.973958495,Bespoke-MiniCheck-7B,fact,,,,,,,
Q010,S2,partial,['slipping'],slipping,TRUE,FALSE,0.56187099,Bespoke-MiniCheck-7B,fact,,,,,,,
Q102,S1,supported,['overconfidence'],overconfidence,TRUE,FALSE,0.835157124,Bespoke-MiniCheck-7B,fact,,,,,,,
Q102,S2,unsupported,['overconfidence'],overconfidence,TRUE,FALSE,0.530902166,Bespoke-MiniCheck-7B,fact,,,,,,,
Q102,S3,unsupported,['overconfidence'],overconfidence,TRUE,FALSE,0.85165963,Bespoke-MiniCheck-7B,fact,,,,,,,
Q132,S1,unsupported,['cognitive_avoidance'],cognitive_avoidance,FALSE,FALSE,0.851701473,Bespoke-MiniCheck-7B,fact,,,,,,,
Q132,S2,unsupported,['unproductive_frustration'],unproductive_frustration,FALSE,FALSE,0.499743467,Bespoke-MiniCheck-7B,fact,,,,,,,
Q020,S1,unsupported,['cognitive_avoidance'],cognitive_avoidance,FALSE,FALSE,0.851724127,Bespoke-MiniCheck-7B,fact,,,,,,,
Q020,S2,partial,['slipping'],slipping,FALSE,FALSE,0.294109105,Bespoke-MiniCheck-7B,fact,,,,,,,
Q002,S1,supported,['overconfidence'],overconfidence,FALSE,FALSE,0.730692514,Bespoke-MiniCheck-7B,fact,,,,,,,
Q002,S2,supported,['slipping'],slipping,FALSE,FALSE,0.777021559,Bespoke-MiniCheck-7B,fact,,,,,,,
Q087,S1,unsupported,[],FALSE,FALSE,0.060074201,Bespoke-MiniCheck-7B,record,,,,,,,,
Q087,S2,unsupported,['productive_struggle'],productive_struggle,FALSE,FALSE,0.119173729,Bespoke-MiniCheck-7B,record,,,,,,,
Q087,S3,unsupported,[],FALSE,FALSE,0.132926761,Bespoke-MiniCheck-7B,record,,,,,,,,
Q099,S1,partial,['cognitive_avoidance'],cognitive_avoidance,FALSE,FALSE,0.320650935,Bespoke-MiniCheck-7B,record,,,,,,,
Q099,S2,partial,['cognitive_avoidance'],cognitive_avoidance,FALSE,FALSE,0.006692404,Bespoke-MiniCheck-7B,record,,,,,,,
Q099,S3,supported,['cognitive_avoidance'],cognitive_avoidance,FALSE,FALSE,0.530862075,Bespoke-MiniCheck-7B,record,,,,,,,
Q134,S1,supported,['overconfidence'],overconfidence,FALSE,FALSE,0.0259549,Bespoke-MiniCheck-7B,record,,,,,,,
Q134,S2,partial,['overconfidence'],overconfidence,FALSE,FALSE,0.075844807,Bespoke-MiniCheck-7B,record,,,,,,,
Q134,S3,partial,['overconfidence'],overconfidence,FALSE,FALSE,0.132931673,Bespoke-MiniCheck-7B,record,,,,,,,
Q054,S1,supported,['cognitive_avoidance'],cognitive_avoidance,FALSE,FALSE,0.053395189,Bespoke-MiniCheck-7B,record,,,,,,,
Q054,S2,partial,['slipping'],slipping,FALSE,FALSE,0.348507341,Bespoke-MiniCheck-7B,record,,,,,,,
Q054,S3,supported,['slipping'],slipping,FALSE,FALSE,0.095329207,Bespoke-MiniCheck-7B,record,,,,,,,
Q092,S1,unsupported,[],,TRUE,TRUE,0.095333139,Bespoke-MiniCheck-7B,record,,,,,,,
Q092,S2,partial, the student's cumulative accuracy on this skill was 50%. On attempt 1, and took 4.25 times their own average response time. On attempt 3, the student answered incorrectly, used no hints, and took 7.31 times their own average response time. On attempt 4, the student answered incorrectly, used no hints,TRUE,TRUE,0.651032916,Bespoke-MiniCheck-7B,record,,
Q092,S3,unsupported,[],,TRUE,TRUE,0.222633999,Bespoke-MiniCheck-7B,record,,,,,,,
Q053,S1,supported,['confidence_triad'],confidence_triad,FALSE,FALSE,0.754501361,Bespoke-MiniCheck-7B,record,,,,,,,
Q053,S2,unsupported,[],FALSE,FALSE,0.017984813,Bespoke-MiniCheck-7B,record,,,,,,,,
Q053,S3,unsupported,['cognitive_avoidance'],cognitive_avoidance,FALSE,FALSE,0.268834217,Bespoke-MiniCheck-7B,record,,,,,,,
Q028,S1,partial,['cognitive_avoidance'],cognitive_avoidance,FALSE,FALSE,0.033082045,Bespoke-MiniCheck-7B,record,,,,,,,
Q028,S2,supported,['slipping'],slipping,FALSE,FALSE,0.437547619,Bespoke-MiniCheck-7B,record,,,,,,,
Q014,S1,supported,['confidence_triad'],confidence_triad,TRUE,FALSE,0.561911983,Bespoke-MiniCheck-7B,record,,,,,,,
Q014,S2,partial,['confidence_triad'],confidence_triad,TRUE,FALSE,0.530996538,Bespoke-MiniCheck-7B,record,,,,,,,
Q014,S3,supported,['confidence_triad'],confidence_triad,TRUE,FALSE,0.705541601,Bespoke-MiniCheck-7B,record,,,,,,,
Q136,S1,partial,['cognitive_avoidance'],cognitive_avoidance,FALSE,FALSE,0.042082894,Bespoke-MiniCheck-7B,record,,,,,,,
Q136,S2,partial,['slipping'],slipping,FALSE,FALSE,0.320708201,Bespoke-MiniCheck-7B,record,,,,,,,
Q136,S3,partial,['slipping'],slipping,FALSE,FALSE,0.060075748,Bespoke-MiniCheck-7B,record,,,,,,,
Q117,S1,supported,['overconfidence'],overconfidence,FALSE,FALSE,0.244954225,Bespoke-MiniCheck-7B,record,,,,,,,
Q117,S2,partial,['slipping'],slipping,FALSE,FALSE,0.201754346,Bespoke-MiniCheck-7B,record,,,,,,,
Q128,S1,unsupported,['productive_struggle'],productive_struggle,FALSE,FALSE,0.095326047,Bespoke-MiniCheck-7B,record,,,,,,,
Q128,S2,unsupported,['productive_struggle'],productive_struggle,FALSE,FALSE,0.348482166,Bespoke-MiniCheck-7B,record,,,,,,,
Q128,S3,unsupported,['productive_struggle'],productive_struggle,FALSE,FALSE,0.037322403,Bespoke-MiniCheck-7B,record,,,,,,,
Q075,S1,unsupported,['cognitive_avoidance'],cognitive_avoidance,TRUE,FALSE,0.348460149,Bespoke-MiniCheck-7B,record,,,,,,,
Q075,S2,unsupported,[],,TRUE,FALSE,0.067536879,Bespoke-MiniCheck-7B,record,,,,,,,
Q019,S1,supported,['overconfidence'],overconfidence,FALSE,FALSE,0.02033023,Bespoke-MiniCheck-7B,record,,,,,,,
Q019,S2,supported,['slipping'],slipping,FALSE,FALSE,0.561825411,Bespoke-MiniCheck-7B,record,,,,,,,
Q055,S1,supported,['cognitive_avoidance'],cognitive_avoidance,FALSE,FALSE,0.222614467,Bespoke-MiniCheck-7B,record,,,,,,,
Q055,S2,supported,['slipping'],slipping,FALSE,FALSE,0.499652625,Bespoke-MiniCheck-7B,record,,,,,,,
Q123,S1,partial,[],FALSE,FALSE,0.268801851,Bespoke-MiniCheck-7B,record,,,,,,,,
Q123,S2,unsupported,['cognitive_avoidance'],cognitive_avoidance,FALSE,FALSE,0.268796019,Bespoke-MiniCheck-7B,record,,,,,,,
Q123,S3,partial,['cognitive_avoidance'],cognitive_avoidance,FALSE,FALSE,0.132910852,Bespoke-MiniCheck-7B,record,,,,,,,
Q037,S1,unsupported,['overconfidence'],overconfidence,TRUE,FALSE,0.499777723,Bespoke-MiniCheck-7B,record,,,,,,,
Q037,S2,unsupported,['overconfidence'],overconfidence,TRUE,FALSE,0.182376122,Bespoke-MiniCheck-7B,record,,,,,,,
Q037,S3,unsupported,['overconfidence'],overconfidence,TRUE,FALSE,0.119167052,Bespoke-MiniCheck-7B,record,,,,,,,
Q037,S4,unsupported,['overconfidence'],overconfidence,TRUE,FALSE,0.007576772,Bespoke-MiniCheck-7B,record,,,,,,,
Q091,S1,unsupported,['cognitive_avoidance'],cognitive_avoidance,FALSE,FALSE,0.067536042,Bespoke-MiniCheck-7B,record,,,,,,,
Q091,S2,unsupported,[],FALSE,FALSE,0.005910711,Bespoke-MiniCheck-7B,record,,,,,,,,
Q004,S1,unsupported,[],,FALSE,TRUE,0.022974585,Bespoke-MiniCheck-7B,record,,,,,,,
Q004,S2,unsupported,[],,FALSE,TRUE,0.377407113,Bespoke-MiniCheck-7B,record,,,,,,,
Q004,S3,supported,[],,FALSE,TRUE,0.025955037,Bespoke-MiniCheck-7B,record,,,,,,,
Q131,S1,supported,['overconfidence'],overconfidence,FALSE,FALSE,0.014062238,Bespoke-MiniCheck-7B,record,,,,,,,
Q131,S2,supported,['overconfidence'],overconfidence,FALSE,FALSE,0.006692382,Bespoke-MiniCheck-7B,record,,,,,,,
Q131,S3,unsupported,['unproductive_frustration'],unproductive_frustration,FALSE,FALSE,0.01098602,Bespoke-MiniCheck-7B,record,,,,,,,
Q031,S1,unsupported,['cognitive_avoidance'],cognitive_avoidance,FALSE,FALSE,0.010986271,Bespoke-MiniCheck-7B,record,,,,,,,
Q031,S2,partial,['cognitive_avoidance'],cognitive_avoidance,FALSE,FALSE,0.02595482,Bespoke-MiniCheck-7B,record,,,,,,,
Q109,S1,partial,[],,FALSE,TRUE,0.904405269,Bespoke-MiniCheck-7B,record,,,,,,,
Q109,S2,supported,[],FALSE,TRUE,0.705573226,Bespoke-MiniCheck-7B,record,,,,,,,,
Q109,S3,unsupported,[],FALSE,TRUE,0.377372922,Bespoke-MiniCheck-7B,record,,,,,,,,
Q098,S1,unsupported,['cognitive_avoidance'],cognitive_avoidance,FALSE,FALSE,0.015905309,Bespoke-MiniCheck-7B,record,,,,,,,
Q098,S2,partial,['slipping'],slipping,FALSE,FALSE,0.377359291,Bespoke-MiniCheck-7B,record,,,,,,,
Q098,S3,partial,['slipping'],slipping,FALSE,FALSE,0.106670906,Bespoke-MiniCheck-7B,record,,,,,,,
Q076,S1,unsupported,['cognitive_avoidance'],cognitive_avoidance,TRUE,FALSE,0.02033087,Bespoke-MiniCheck-7B,record,,,,,,,
Q076,S2,partial,['slipping'],slipping,TRUE,FALSE,0.294118642,Bespoke-MiniCheck-7B,record,,,,,,,
Q076,S3,unsupported,"['cognitive_avoidance', 'slipping']",,TRUE,FALSE,0.20174018,Bespoke-MiniCheck-7B,record,,,,,,,
Q081,S1,unsupported,['unproductive_frustration'],unproductive_frustration,TRUE,FALSE,0.037321922,Bespoke-MiniCheck-7B,record,,,,,,,
Q081,S2,unsupported,['unproductive_frustration'],unproductive_frustration,TRUE,FALSE,0.004609199,Bespoke-MiniCheck-7B,record,,,,,,,
Q081,S3,supported,[],TRUE,FALSE,0.651093454,Bespoke-MiniCheck-7B,record,,,,,,,,
Q079,S1,unsupported,['cognitive_avoidance'],cognitive_avoidance,FALSE,FALSE,0.148005334,Bespoke-MiniCheck-7B,record,,,,,,,
Q079,S2,unsupported,['cognitive_avoidance'],cognitive_avoidance,FALSE,FALSE,0.008576724,Bespoke-MiniCheck-7B,record,,,,,,,
Q094,S1,unsupported,['productive_struggle'],productive_struggle,TRUE,FALSE,0.095326752,Bespoke-MiniCheck-7B,record,,,,,,,
Q024,S1,unsupported,[],,FALSE,TRUE,0.060076034,Bespoke-MiniCheck-7B,record,,,,,,,
Q024,S2,unsupported,[],,FALSE,TRUE,0.00970772,Bespoke-MiniCheck-7B,record,,,,,,,
Q056,S1,supported,[],,FALSE,TRUE,0.067535076,Bespoke-MiniCheck-7B,record,,,,,,,
Q056,S2,supported,[],,FALSE,TRUE,0.004069886,Bespoke-MiniCheck-7B,record,,,,,,,
Q085,S1,unsupported,['overconfidence'],overconfidence,FALSE,FALSE,0.022974941,Bespoke-MiniCheck-7B,record,,,,,,,
Q085,S2,unsupported,['slipping'],slipping,FALSE,FALSE,0.047419667,Bespoke-MiniCheck-7B,record,,,,,,,
Q113,S1,supported,['cognitive_avoidance'],cognitive_avoidance,TRUE,FALSE,0.008577055,Bespoke-MiniCheck-7B,record,,,,,,,
Q113,S2,supported,['slipping'],slipping,TRUE,FALSE,0.119177422,Bespoke-MiniCheck-7B,record,,,,,,,
Q113,S3,unsupported,['slipping'],slipping,TRUE,FALSE,0.047420504,Bespoke-MiniCheck-7B,record,,,,,,,
Q026,S1,unsupported, the student's cumulative accuracy on this skill was 100%. On attempt 1, and took 0.21 times their own average response time. On attempt 3, the student answered correctly, used no hints," and took 0.35 times their own average response time.""",,TRUE,Bespoke-MiniCheck-7B,record,,,,,
Q026,S2,unsupported, the student's cumulative accuracy on this skill was 100%. On attempt 1, and took 0.21 times their own average response time. On attempt 3, the student answered correctly, used no hints," and took 0.35 times their own average response time.""",,TRUE,Bespoke-MiniCheck-7B,record,,,,,
Q026,S3,unsupported, the student's cumulative accuracy on this skill was 100%. On attempt 1, and took 0.21 times their own average response time. On attempt 3, the student answered correctly, used no hints," and took 0.35 times their own average response time.""",,TRUE,Bespoke-MiniCheck-7B,record,,,,,
Q027,S1,unsupported,[],,FALSE,TRUE,0.022975412,Bespoke-MiniCheck-7B,record,,,,,,,
Q027,S2,unsupported,[],,FALSE,TRUE,0.268857132,Bespoke-MiniCheck-7B,record,,,,,,,
Q027,S3,supported,[],,FALSE,TRUE,0.060076034,Bespoke-MiniCheck-7B,record,,,,,,,
Q065,S1,partial,[],,FALSE,TRUE,0.014062735,Bespoke-MiniCheck-7B,record,,,,,,,
Q065,S2,unsupported,[],,FALSE,TRUE,0.053395494,Bespoke-MiniCheck-7B,record,,,,,,,
Q105,S1,unsupported,['cognitive_avoidance'],cognitive_avoidance,FALSE,FALSE,0.014062688,Bespoke-MiniCheck-7B,record,,,,,,,
Q105,S2,partial,['slipping'],slipping,FALSE,FALSE,0.320685569,Bespoke-MiniCheck-7B,record,,,,,,,
Q016,S1,unsupported,['unproductive_frustration'],unproductive_frustration,FALSE,FALSE,0.075845639,Bespoke-MiniCheck-7B,record,,,,,,,
Q016,S2,unsupported,['unproductive_frustration'],unproductive_frustration,FALSE,FALSE,0.007576234,Bespoke-MiniCheck-7B,record,,,,,,,
Q016,S3,unsupported,['unproductive_frustration'],unproductive_frustration,FALSE,FALSE,0.268848382,Bespoke-MiniCheck-7B,record,,,,,,,
Q135,S1,supported,['confidence_triad'],confidence_triad,FALSE,FALSE,0.835187216,Bespoke-MiniCheck-7B,record,,,,,,,
Q135,S2,supported,['confidence_triad'],confidence_triad,FALSE,FALSE,0.705528186,Bespoke-MiniCheck-7B,record,,,,,,,
Q135,S3,supported,['confidence_triad'],confidence_triad,FALSE,FALSE,0.320675018,Bespoke-MiniCheck-7B,record,,,,,,,
Q013,S1,supported,['overconfidence'],overconfidence,TRUE,FALSE,0.067533224,Bespoke-MiniCheck-7B,record,,,,,,,
Q013,S2,unsupported,['unproductive_frustration'],unproductive_frustration,TRUE,FALSE,0.010986229,Bespoke-MiniCheck-7B,record,,,,,,,
Q013,S3,unsupported,['slipping'],slipping,TRUE,FALSE,0.348456951,Bespoke-MiniCheck-7B,record,,,,,,,
Q044,S1,supported,['cognitive_avoidance'],cognitive_avoidance,FALSE,FALSE,0.012431019,Bespoke-MiniCheck-7B,record,,,,,,,
Q044,S2,supported,['slipping'],slipping,FALSE,FALSE,0.348480255,Bespoke-MiniCheck-7B,record,,,,,,,
Q044,S3,supported,['slipping'],slipping,FALSE,FALSE,0.075845928,Bespoke-MiniCheck-7B,record,,,,,,,
Q059,S1,supported,['overconfidence'],overconfidence,FALSE,FALSE,0.106661191,Bespoke-MiniCheck-7B,record,,,,,,,
Q059,S2,unsupported,['unproductive_frustration'],unproductive_frustration,FALSE,FALSE,0.014062601,Bespoke-MiniCheck-7B,record,,,,,,,
Q059,S3,unsupported,['slipping'],slipping,FALSE,FALSE,0.26881281,Bespoke-MiniCheck-7B,record,,,,,,,
Q089,S1,supported,['overconfidence'],overconfidence,FALSE,FALSE,0.053394679,Bespoke-MiniCheck-7B,record,,,,,,,
Q089,S2,partial,['slipping'],slipping,FALSE,FALSE,0.005910709,Bespoke-MiniCheck-7B,record,,,,,,,
Q045,S1,unsupported,['overconfidence'],overconfidence,TRUE,FALSE,0.001700663,Bespoke-MiniCheck-7B,record,,,,,,,
Q045,S2,unsupported,['unproductive_frustration'],unproductive_frustration,TRUE,FALSE,0.008576949,Bespoke-MiniCheck-7B,record,,,,,,,
Q082,S1,partial,['confidence_triad'],confidence_triad,FALSE,FALSE,0.730689661,Bespoke-MiniCheck-7B,record,,,,,,,
Q082,S2,unsupported,['confidence_triad'],confidence_triad,FALSE,FALSE,0.2017555,Bespoke-MiniCheck-7B,record,,,,,,,
Q082,S3,supported,['confidence_triad'],confidence_triad,FALSE,FALSE,0.730852173,Bespoke-MiniCheck-7B,record,,,,,,,
Q069,S1,unsupported,['overconfidence'],overconfidence,FALSE,FALSE,0.095323298,Bespoke-MiniCheck-7B,record,,,,,,,
Q069,S2,supported,['unproductive_frustration'],unproductive_frustration,FALSE,FALSE,0.004609353,Bespoke-MiniCheck-7B,record,,,,,,,
Q069,S3,unsupported,['overconfidence'],overconfidence,FALSE,FALSE,0.377387273,Bespoke-MiniCheck-7B,record,,,,,,,
Q025,S1,supported,['unproductive_frustration'],unproductive_frustration,FALSE,FALSE,0.119172791,Bespoke-MiniCheck-7B,record,,,,,,,
Q025,S2,supported,['unproductive_frustration'],unproductive_frustration,FALSE,FALSE,0.437620805,Bespoke-MiniCheck-7B,record,,,,,,,
Q051,S1,unsupported,['cognitive_avoidance'],cognitive_avoidance,TRUE,FALSE,0.022975472,Bespoke-MiniCheck-7B,record,,,,,,,
Q051,S2,unsupported,['cognitive_avoidance'],cognitive_avoidance,TRUE,FALSE,0.047418005,Bespoke-MiniCheck-7B,record,,,,,,,
Q051,S3,unsupported,['cognitive_avoidance'],cognitive_avoidance,TRUE,FALSE,0.085084015,Bespoke-MiniCheck-7B,record,,,,,,,
Q137,S1,unsupported,['cognitive_avoidance'],cognitive_avoidance,FALSE,FALSE,0.26881986,Bespoke-MiniCheck-7B,record,,,,,,,
Q137,S2,supported,['slipping'],slipping,FALSE,FALSE,0.468477184,Bespoke-MiniCheck-7B,record,,,,,,,
Q095,S1,partial,['productive_struggle'],productive_struggle,FALSE,FALSE,0.106665591,Bespoke-MiniCheck-7B,record,,,,,,,
Q095,S2,partial,['cognitive_avoidance'],cognitive_avoidance,FALSE,FALSE,0.067536847,Bespoke-MiniCheck-7B,record,,,,,,,
Q095,S3,supported,"['productive_struggle', 'cognitive_avoidance']",,FALSE,FALSE,0.095333525,Bespoke-MiniCheck-7B,record,,,,,,,
Q033,S1,partial,['cognitive_avoidance'],cognitive_avoidance,FALSE,FALSE,0.02930941,Bespoke-MiniCheck-7B,record,,,,,,,
Q033,S2,unsupported,[],,FALSE,FALSE,0.029308844,Bespoke-MiniCheck-7B,record,,,,,,,
Q114,S1,partial, the student's cumulative accuracy on this skill was 23%. On attempt 1, and took 0.03 times their own average response time. On attempt 3, the student answered correctly, used 1 hint, and took 1.04 times their own average response time. On attempt 4, the student answered incorrectly, used no hints,TRUE,FALSE,0.022975193,Bespoke-MiniCheck-7B,record,,
Q114,S2,partial,['slipping'],slipping,TRUE,FALSE,0.377344919,Bespoke-MiniCheck-7B,record,,,,,,,
Q086,S1,partial, the student's cumulative accuracy on this skill was 33%. On attempt 1, and took 3.14 times their own average response time. On attempt 3, the student answered incorrectly, used no hints, and took 3.14 times their own average response time. On attempt 4, the student answered incorrectly, used no hints,TRUE,FALSE,0.106664726,Bespoke-MiniCheck-7B,record,,
Q086,S2,unsupported,['unproductive_frustration'],unproductive_frustration,TRUE,FALSE,0.106668617,Bespoke-MiniCheck-7B,record,,,,,,,
Q032,S1,supported,['overconfidence'],overconfidence,FALSE,FALSE,0.67887446,Bespoke-MiniCheck-7B,record,,,,,,,
Q032,S2,supported,['overconfidence'],overconfidence,FALSE,FALSE,0.437661838,Bespoke-MiniCheck-7B,record,,,,,,,
Q032,S3,unknown,['overconfidence'],overconfidence,FALSE,FALSE,0.499746624,Bespoke-MiniCheck-7B,record,,,,,,,
Q129,S1,supported,['overconfidence'],overconfidence,FALSE,FALSE,0.012430587,Bespoke-MiniCheck-7B,record,,,,,,,
Q129,S2,partial,['overconfidence'],overconfidence,FALSE,FALSE,0.033081201,Bespoke-MiniCheck-7B,record,,,,,,,
Q129,S3,unsupported,['overconfidence'],overconfidence,FALSE,FALSE,0.053393126,Bespoke-MiniCheck-7B,record,,,,,,,
Q034,S1,unsupported,[],FALSE,FALSE,0.010986292,Bespoke-MiniCheck-7B,record,,,,,,,,
Q034,S2,partial,['unproductive_frustration'],unproductive_frustration,FALSE,FALSE,0.003172547,Bespoke-MiniCheck-7B,record,,,,,,,
Q121,S1,partial,['unproductive_frustration'],unproductive_frustration,FALSE,FALSE,0.042083365,Bespoke-MiniCheck-7B,record,,,,,,,
Q121,S2,partial,['unproductive_frustration'],unproductive_frustration,FALSE,FALSE,0.119170234,Bespoke-MiniCheck-7B,record,,,,,,,
Q111,S1,supported,['overconfidence'],overconfidence,FALSE,FALSE,0.060076163,Bespoke-MiniCheck-7B,record,,,,,,,
Q111,S2,supported,['overconfidence'],overconfidence,FALSE,FALSE,0.106663556,Bespoke-MiniCheck-7B,record,,,,,,,
Q111,S3,supported,['overconfidence'],overconfidence,FALSE,FALSE,0.22262004,Bespoke-MiniCheck-7B,record,,,,,,,
Q112,S1,partial,['cognitive_avoidance'],cognitive_avoidance,TRUE,FALSE,0.182366361,Bespoke-MiniCheck-7B,record,,,,,,,
Q112,S2,supported,['slipping'],slipping,TRUE,FALSE,0.377326948,Bespoke-MiniCheck-7B,record,,,,,,,
Q130,S1,partial,[],TRUE,FALSE,0.132923592,Bespoke-MiniCheck-7B,record,,,,,,,,
Q130,S2,unsupported,['slipping'],slipping,TRUE,FALSE,0.294084985,Bespoke-MiniCheck-7B,record,,,,,,,
Q039,S1,unsupported,['productive_struggle'],productive_struggle,TRUE,FALSE,0.164463545,Bespoke-MiniCheck-7B,record,,,,,,,
Q057,S1,supported,['cognitive_avoidance'],cognitive_avoidance,TRUE,FALSE,0.348478759,Bespoke-MiniCheck-7B,record,,,,,,,
Q057,S2,partial,[],,TRUE,FALSE,0.05339692,Bespoke-MiniCheck-7B,record,,,,,,,
Q043,S1,supported,['productive_struggle'],productive_struggle,FALSE,FALSE,0.075844789,Bespoke-MiniCheck-7B,record,,,,,,,
Q043,S2,supported,['cognitive_avoidance'],cognitive_avoidance,FALSE,FALSE,0.009707915,Bespoke-MiniCheck-7B,record,,,,,,,
Q043,S3,supported,"['cognitive_avoidance', 'productive_struggle']",,FALSE,FALSE,0.042083004,Bespoke-MiniCheck-7B,record,,,,,,,
Q006,S1,unsupported,['cognitive_avoidance'],cognitive_avoidance,FALSE,FALSE,0.037322118,Bespoke-MiniCheck-7B,record,,,,,,,
Q006,S2,unsupported,['unproductive_frustration'],unproductive_frustration,FALSE,FALSE,0.00669242,Bespoke-MiniCheck-7B,record,,,,,,,
Q006,S3,supported,"['unproductive_frustration', 'cognitive_avoidance']",,FALSE,FALSE,0.106668897,Bespoke-MiniCheck-7B,record,,,,,,,
Q001,S1,unsupported,['cognitive_avoidance'],cognitive_avoidance,FALSE,FALSE,0.017984916,Bespoke-MiniCheck-7B,record,,,,,,,
Q001,S2,partial,['slipping'],slipping,FALSE,FALSE,0.14801008,Bespoke-MiniCheck-7B,record,,,,,,,
Q001,S3,unknown,"['cognitive_avoidance', 'slipping']",,FALSE,FALSE,0.067533884,Bespoke-MiniCheck-7B,record,,,,,,,
Q116,S1,unsupported,[],TRUE,FALSE,0.24498296,Bespoke-MiniCheck-7B,record,,,,,,,,
Q116,S2,unsupported,['cognitive_avoidance'],cognitive_avoidance,TRUE,FALSE,0.047420233,Bespoke-MiniCheck-7B,record,,,,,,,
Q048,S1,partial,['productive_struggle'],productive_struggle,FALSE,FALSE,0.10666671,Bespoke-MiniCheck-7B,record,,,,,,,
Q048,S2,unsupported,['cognitive_avoidance'],cognitive_avoidance,FALSE,FALSE,0.053396029,Bespoke-MiniCheck-7B,record,,,,,,,
Q048,S3,unsupported,"['cognitive_avoidance', 'productive_struggle']",,FALSE,FALSE,0.075846706,Bespoke-MiniCheck-7B,record,,,,,,,
Q073,S1,partial,['confidence_triad'],confidence_triad,FALSE,FALSE,0.932236173,Bespoke-MiniCheck-7B,record,,,,,,,
Q073,S2,supported,['confidence_triad'],confidence_triad,FALSE,FALSE,0.530936818,Bespoke-MiniCheck-7B,record,,,,,,,
Q073,S3,unsupported,['confidence_triad'],confidence_triad,FALSE,FALSE,0.705584013,Bespoke-MiniCheck-7B,record,,,,,,,
Q023,S1,partial,[],,FALSE,TRUE,0.377357514,Bespoke-MiniCheck-7B,record,,,,,,,
Q023,S2,unsuppported,[],,FALSE,TRUE,0.182352144,Bespoke-MiniCheck-7B,record,,,,,,,
Q023,S3,supported,[],,FALSE,TRUE,0.132930564,Bespoke-MiniCheck-7B,record,,,,,,,
Q023,S4,supported,[],,FALSE,TRUE,0.222616457,Bespoke-MiniCheck-7B,record,,,,,,,
Q003,S1,unsupported,['cognitive_avoidance'],cognitive_avoidance,FALSE,FALSE,0.004069926,Bespoke-MiniCheck-7B,record,,,,,,,
Q003,S2,partial,['confidence_triad'],confidence_triad,FALSE,FALSE,0.047420447,Bespoke-MiniCheck-7B,record,,,,,,,
Q003,S3,unsupported,['confidence_triad'],confidence_triad,FALSE,FALSE,0.006692462,Bespoke-MiniCheck-7B,record,,,,,,,
Q011,S1,unsupported,['unproductive_frustration'],unproductive_frustration,FALSE,FALSE,0.042082191,Bespoke-MiniCheck-7B,record,,,,,,,
Q011,S2,unsupported,['unproductive_frustration'],unproductive_frustration,FALSE,FALSE,0.025952141,Bespoke-MiniCheck-7B,record,,,,,,,
Q011,S3,partial,['unproductive_frustration'],unproductive_frustration,FALSE,FALSE,0.437633691,Bespoke-MiniCheck-7B,record,,,,,,,
Q090,S1,unsupported, the student's cumulative accuracy on this skill was 17%. On attempt 1, and took 3.20 times their own average response time. On attempt 3, the student answered correctly, used no hints, and took 0.44 times their own average response time. On attempt 4, the student answered incorrectly, used no hints,FALSE,FALSE,0.037323159,Bespoke-MiniCheck-7B,record,,
Q090,S2,unsupported,['slipping'],slipping,FALSE,FALSE,0.2940758,Bespoke-MiniCheck-7B,record,,,,,,,
Q103,S1,supported,['overconfidence'],overconfidence,FALSE,FALSE,0.561921863,Bespoke-MiniCheck-7B,record,,,,,,,
Q103,S2,supported,['overconfidence'],overconfidence,FALSE,FALSE,0.132925018,Bespoke-MiniCheck-7B,record,,,,,,,
Q103,S3,partial,['overconfidence'],overconfidence,FALSE,FALSE,0.244997972,Bespoke-MiniCheck-7B,record,,,,,,,
Q040,S1,supported,['confidence_triad'],confidence_triad,FALSE,FALSE,0.377380547,Bespoke-MiniCheck-7B,record,,,,,,,
Q040,S2,unsupported,['confidence_triad'],confidence_triad,FALSE,FALSE,0.245005098,Bespoke-MiniCheck-7B,record,,,,,,,
Q077,S1,partial,['overconfidence'],overconfidence,FALSE,FALSE,0.16446127,Bespoke-MiniCheck-7B,record,,,,,,,
Q077,S2,supported,['slipping'],slipping,FALSE,FALSE,0.377366691,Bespoke-MiniCheck-7B,record,,,,,,,
Q133,S1,unsupported,['productive_struggle'],productive_struggle,TRUE,FALSE,0.268845498,Bespoke-MiniCheck-7B,record,,,,,,,
Q133,S2,unsupported,['cognitive_avoidance'],cognitive_avoidance,TRUE,FALSE,0.01098625,Bespoke-MiniCheck-7B,record,,,,,,,
Q125,S1,supported,['cognitive_avoidance'],cognitive_avoidance,FALSE,FALSE,0.053396233,Bespoke-MiniCheck-7B,record,,,,,,,
Q125,S2,unsupported,['slipping'],slipping,FALSE,FALSE,0.268818514,Bespoke-MiniCheck-7B,record,,,,,,,
Q126,S1,unsupported,['cognitive_avoidance'],cognitive_avoidance,FALSE,FALSE,0.007576877,Bespoke-MiniCheck-7B,record,,,,,,,
Q126,S2,unsupported,['unproductive_frustration'],unproductive_frustration,FALSE,FALSE,0.005219795,Bespoke-MiniCheck-7B,record,,,,,,,
Q104,S1,unsupported, the student's cumulative accuracy on this skill was 60%. On attempt 1, and took 2.87 times their own average response time. On attempt 3, the student answered correctly, used no hints, and took 0.58 times their own average response time. On attempt 4, the student answered incorrectly, used no hints,TRUE,FALSE,0.012430824,Bespoke-MiniCheck-7B,record,,
Q104,S2,supported,['slipping'],slipping,TRUE,FALSE,0.294119483,Bespoke-MiniCheck-7B,record,,,,,,,
Q104,S3,supported,"['cognitive_avoidance', 'slipping']",,TRUE,FALSE,0.182366774,Bespoke-MiniCheck-7B,record,,,,,,,
Q009,S1,unsupported,[],,FALSE,TRUE,0.0124308,Bespoke-MiniCheck-7B,record,,,,,,,
Q009,S2,unsupported,[],,FALSE,TRUE,0.106660225,Bespoke-MiniCheck-7B,record,,,,,,,
Q009,S3,unsupported,[],,FALSE,TRUE,0.106667345,Bespoke-MiniCheck-7B,record,,,,,,,
Q093,S1,supported,['cognitive_avoidance'],cognitive_avoidance,TRUE,FALSE,0.033083307,Bespoke-MiniCheck-7B,record,,,,,,,
Q093,S2,supported,[],,TRUE,FALSE,0.067537121,Bespoke-MiniCheck-7B,record,,,,,,,
Q093,S3,supported,['cognitive_avoidance'],cognitive_avoidance,TRUE,FALSE,0.106669126,Bespoke-MiniCheck-7B,record,,,,,,,
Q017,S1,supported,['overconfidence'],overconfidence,FALSE,FALSE,0.033082021,Bespoke-MiniCheck-7B,record,,,,,,,
Q017,S2,supported,['slipping'],slipping,FALSE,FALSE,0.348473899,Bespoke-MiniCheck-7B,record,,,,,,,
Q141,S1,supported,['cognitive_avoidance'],cognitive_avoidance,FALSE,FALSE,0.03732283,Bespoke-MiniCheck-7B,record,,,,,,,
Q141,S2,supported,['slipping'],slipping,FALSE,FALSE,0.294119413,Bespoke-MiniCheck-7B,record,,,,,,,
Q141,S3,supported,"['cognitive_avoidance', 'slipping']",,FALSE,FALSE,0.148000782,Bespoke-MiniCheck-7B,record,,,,,,,
Q097,S1,unsupported,['cognitive_avoidance'],cognitive_avoidance,FALSE,FALSE,0.067535317,Bespoke-MiniCheck-7B,record,,,,,,,
Q097,S2,unknown,['unproductive_frustration'],unproductive_frustration,FALSE,FALSE,0.012430658,Bespoke-MiniCheck-7B,record,,,,,,,
Q061,S1,unsupported,['cognitive_avoidance'],cognitive_avoidance,FALSE,FALSE,0.060077424,Bespoke-MiniCheck-7B,record,,,,,,,
Q061,S2,unsupported,[],,FALSE,FALSE,0.017984273,Bespoke-MiniCheck-7B,record,,,,,,,
Q061,S3,supported,['cognitive_avoidance'],cognitive_avoidance,FALSE,FALSE,0.377332436,Bespoke-MiniCheck-7B,record,,,,,,,
Q038,S1,unsupported, the student's cumulative accuracy on this skill was 86%. On attempt 1, and took 0.46 times their own average response time. On attempt 3, the student answered correctly, used no hints, and took 0.93 times their own average response time. On attempt 4, the student answered incorrectly, used no hints,FALSE,FALSE,0.020330497,Bespoke-MiniCheck-7B,record,,
Q038,S2,unsupported,['unproductive_frustration'],unproductive_frustration,FALSE,FALSE,0.003172544,Bespoke-MiniCheck-7B,record,,,,,,,
Q030,S1,partial, the student's cumulative accuracy on this skill was 0%. On attempt 1, and took 0.22 times their own average response time. On attempt 3, the student answered incorrectly, used 3 hints, and took 0.10 times their own average response time. On attempt 4, the student answered incorrectly, used 4 hints,FALSE,FALSE,0.095330184,Bespoke-MiniCheck-7B,record,,
Q030,S2,supported,['unproductive_frustration'],unproductive_frustration,FALSE,FALSE,0.56191272,Bespoke-MiniCheck-7B,record,,,,,,,
Q030,S3,supported,[],,FALSE,FALSE,0.437609589,Bespoke-MiniCheck-7B,record,,,,,,,
Q050,S1,unsupported,['overconfidence'],overconfidence,TRUE,FALSE,0.008576957,Bespoke-MiniCheck-7B,record,,,,,,,
Q050,S2,unsupported,['overconfidence'],overconfidence,TRUE,FALSE,0.047415371,Bespoke-MiniCheck-7B,record,,,,,,,
Q050,S3,unsupported,['overconfidence'],overconfidence,TRUE,FALSE,0.042081529,Bespoke-MiniCheck-7B,record,,,,,,,
Q139,S1,partial,['overconfidence'],overconfidence,TRUE,FALSE,0.132925778,Bespoke-MiniCheck-7B,record,,,,,,,
Q139,S2,partial,['unproductive_frustration'],unproductive_frustration,TRUE,FALSE,0.014062574,Bespoke-MiniCheck-7B,record,,,,,,,
Q139,S3,unsupported,['slipping'],slipping,TRUE,FALSE,0.119173984,Bespoke-MiniCheck-7B,record,,,,,,,
Q022,S1,unsupported,[],TRUE,FALSE,0.377340398,Bespoke-MiniCheck-7B,record,,,,,,,,
Q022,S2,partial,[],TRUE,FALSE,0.678927369,Bespoke-MiniCheck-7B,record,,,,,,,,
Q022,S3,supported,[],TRUE,FALSE,0.294105108,Bespoke-MiniCheck-7B,record,,,,,,,,
Q005,S1,partial,['productive_struggle'],productive_struggle,FALSE,FALSE,0.499740905,Bespoke-MiniCheck-7B,record,,,,,,,
Q005,S2,supported,['productive_struggle'],productive_struggle,FALSE,FALSE,0.705474487,Bespoke-MiniCheck-7B,record,,,,,,,
Q005,S3,partial,['productive_struggle'],productive_struggle,FALSE,FALSE,0.29412327,Bespoke-MiniCheck-7B,record,,,,,,,
Q067,S1,unsupported,['productive_struggle'],productive_struggle,FALSE,FALSE,0.348485157,Bespoke-MiniCheck-7B,record,,,,,,,
Q067,S2,unsupported, the student's cumulative accuracy on this skill was 43%. On attempt 1, and took 0.20 times their own average response time. On attempt 3, the student answered correctly, used no hints, and took 0.10 times their own average response time. On attempt 4, the student answered correctly, used 2 hints,FALSE,FALSE,0.067536879,Bespoke-MiniCheck-7B,record,,
Q067,S3,unsupported,"['cognitive_avoidance', 'productive_struggle']",,FALSE,FALSE,0.0675377,Bespoke-MiniCheck-7B,record,,,,,,,
Q041,S1,supported,['confidence_triad'],confidence_triad,FALSE,FALSE,0.893043288,Bespoke-MiniCheck-7B,record,,,,,,,
Q041,S2,supported,['confidence_triad'],confidence_triad,FALSE,FALSE,0.592410473,Bespoke-MiniCheck-7B,record,,,,,,,
Q041,S3,unsupported,['confidence_triad'],confidence_triad,FALSE,FALSE,0.037322999,Bespoke-MiniCheck-7B,record,,,,,,,
Q070,S1,partial,['cognitive_avoidance'],cognitive_avoidance,FALSE,FALSE,0.025955247,Bespoke-MiniCheck-7B,record,,,,,,,
Q070,S2,partial,['slipping'],slipping,FALSE,FALSE,0.320719288,Bespoke-MiniCheck-7B,record,,,,,,,
Q070,S3,unknown,[],FALSE,FALSE,0.119172422,Bespoke-MiniCheck-7B,record,,,,,,,,
Q088,S1,unsupported,['productive_struggle'],productive_struggle,FALSE,FALSE,0.148005969,Bespoke-MiniCheck-7B,record,,,,,,,
Q088,S2,unsupported,['productive_struggle'],productive_struggle,FALSE,FALSE,0.437559381,Bespoke-MiniCheck-7B,record,,,,,,,
Q088,S3,partial,['productive_struggle'],productive_struggle,FALSE,FALSE,0.148015091,Bespoke-MiniCheck-7B,record,,,,,,,
Q035,S1,supported,['confidence_triad'],confidence_triad,TRUE,FALSE,0.88051164,Bespoke-MiniCheck-7B,record,,,,,,,
Q035,S2,supported,['confidence_triad'],confidence_triad,TRUE,FALSE,0.561942931,Bespoke-MiniCheck-7B,record,,,,,,,
Q035,S3,unsupported,['confidence_triad'],confidence_triad,TRUE,FALSE,0.037323364,Bespoke-MiniCheck-7B,record,,,,,,,
Q108,S1,partial,['productive_struggle'],productive_struggle,TRUE,FALSE,0.201741046,Bespoke-MiniCheck-7B,record,,,,,,,
Q108,S2,unsupported,['cognitive_avoidance'],cognitive_avoidance,TRUE,FALSE,0.010986329,Bespoke-MiniCheck-7B,record,,,,,,,
Q108,S3,supported,"['cognitive_avoidance', 'productive_struggle']",,TRUE,FALSE,0.047420176,Bespoke-MiniCheck-7B,record,,,,,,,
Q122,S1,unsupported,['cognitive_avoidance'],cognitive_avoidance,FALSE,FALSE,0.037322795,Bespoke-MiniCheck-7B,record,,,,,,,
Q122,S2,supported,[],,FALSE,FALSE,0.095328843,Bespoke-MiniCheck-7B,record,,,,,,,
Q122,S3,supported,['cognitive_avoidance'],cognitive_avoidance,FALSE,FALSE,0.348447147,Bespoke-MiniCheck-7B,record,,,,,,,
Q036,S1,unsupported,[],,FALSE,TRUE,0.005219897,Bespoke-MiniCheck-7B,record,,,,,,,
Q036,S2,unsupported,[],,FALSE,TRUE,0.009707822,Bespoke-MiniCheck-7B,record,,,,,,,
Q018,S1,unsupported,['confidence_triad'],confidence_triad,FALSE,FALSE,0.851651554,Bespoke-MiniCheck-7B,record,,,,,,,
Q018,S2,unsupported,['confidence_triad'],confidence_triad,FALSE,FALSE,0.705495641,Bespoke-MiniCheck-7B,record,,,,,,,
Q018,S3,unsupported,['confidence_triad'],confidence_triad,FALSE,FALSE,0.651122716,Bespoke-MiniCheck-7B,record,,,,,,,
Q115,S1,unsupported,['cognitive_avoidance'],cognitive_avoidance,FALSE,FALSE,0.007576862,Bespoke-MiniCheck-7B,record,,,,,,,
Q115,S2,unsupported,['unproductive_frustration'],unproductive_frustration,FALSE,FALSE,0.0059107,Bespoke-MiniCheck-7B,record,,,,,,,
Q008,S1,partial,[],,FALSE,TRUE,0.164468387,Bespoke-MiniCheck-7B,record,,,,,,,
Q008,S2,unsupported,[],,FALSE,TRUE,0.182365144,Bespoke-MiniCheck-7B,record,,,,,,,
Q008,S3,unsupported,[],,FALSE,TRUE,0.164468544,Bespoke-MiniCheck-7B,record,,,,,,,
Q058,S1,unsupported,[],FALSE,TRUE,0.244971454,Bespoke-MiniCheck-7B,record,,,,,,,,
Q058,S2,partial,[],,FALSE,TRUE,0.678925123,Bespoke-MiniCheck-7B,record,,,,,,,
Q058,S3,supported,[],,FALSE,TRUE,0.730776031,Bespoke-MiniCheck-7B,record,,,,,,,
Q078,S1,unsupported,[],,TRUE,TRUE,0.147997077,Bespoke-MiniCheck-7B,record,,,,,,,
Q078,S2,partial, the student's cumulative accuracy on this skill was 27%. On attempt 1, and took 0.57 times their own average response time. On attempt 3, the student answered incorrectly, used 1 hint, and took 0.51 times their own average response time. On attempt 4, the student answered incorrectly, used 2 hints,TRUE,TRUE,0.005910765,Bespoke-MiniCheck-7B,record,,
Q012,S1,partial,['cognitive_avoidance'],cognitive_avoidance,FALSE,FALSE,0.025955309,Bespoke-MiniCheck-7B,record,,,,,,,
Q012,S2,unsupported,['slipping'],slipping,FALSE,FALSE,0.320688971,Bespoke-MiniCheck-7B,record,,,,,,,
Q064,S1,supported,['overconfidence'],overconfidence,TRUE,FALSE,0.075843071,Bespoke-MiniCheck-7B,record,,,,,,,
Q101,S1,unsupported,['overconfidence'],overconfidence,FALSE,FALSE,0.053395965,Bespoke-MiniCheck-7B,record,,,,,,,
Q101,S2,partial, the student's cumulative accuracy on this skill was 57%. On attempt 1, and took 1.90 times their own average response time. On attempt 3, the student answered correctly, used no hints, and took 1.14 times their own average response time. On attempt 4, the student answered incorrectly, used no hints,FALSE,FALSE,0.119177451,Bespoke-MiniCheck-7B,record,,
Q021,S1,supported,[],TRUE,FALSE,0.348465342,Bespoke-MiniCheck-7B,record,,,,,,,,
Q021,S2,unsupported,['slipping'],slipping,TRUE,FALSE,0.437586088,Bespoke-MiniCheck-7B,record,,,,,,,
Q124,S1,supported,['confidence_triad'],confidence_triad,TRUE,FALSE,0.678804703,Bespoke-MiniCheck-7B,record,,,,,,,
Q124,S2,unsupported,[],TRUE,FALSE,0.01406256,Bespoke-MiniCheck-7B,record,,,,,,,,
Q072,S1,unsupported,[],,FALSE,TRUE,0.003593419,Bespoke-MiniCheck-7B,record,,,,,,,
Q072,S2,unsupported,[],,FALSE,TRUE,0.053394539,Bespoke-MiniCheck-7B,record,,,,,,,
Q072,S3,supported,[],,FALSE,TRUE,0.268876363,Bespoke-MiniCheck-7B,record,,,,,,,
Q074,S1,unsupported,['cognitive_avoidance'],cognitive_avoidance,TRUE,FALSE,0.060077238,Bespoke-MiniCheck-7B,record,,,,,,,
Q074,S2,unsupported,['unproductive_frustration'],unproductive_frustration,TRUE,FALSE,0.0085769,Bespoke-MiniCheck-7B,record,,,,,,,
Q120,S1,partial,['cognitive_avoidance'],cognitive_avoidance,FALSE,FALSE,0.244987078,Bespoke-MiniCheck-7B,record,,,,,,,
Q120,S2,partial,['slipping'],slipping,FALSE,FALSE,0.530925394,Bespoke-MiniCheck-7B,record,,,,,,,
Q015,S1,supported,['cognitive_avoidance'],cognitive_avoidance,TRUE,FALSE,0.348480712,Bespoke-MiniCheck-7B,record,,,,,,,
Q015,S2,unsupported,[],,TRUE,FALSE,0.004069903,Bespoke-MiniCheck-7B,record,,,,,,,
Q118,S1,supported,['confidence_triad'],confidence_triad,TRUE,FALSE,0.923915744,Bespoke-MiniCheck-7B,record,,,,,,,
Q118,S2,partial,['confidence_triad'],confidence_triad,TRUE,FALSE,0.592406271,Bespoke-MiniCheck-7B,record,,,,,,,
Q118,S3,supported,['confidence_triad'],confidence_triad,TRUE,FALSE,0.245013598,Bespoke-MiniCheck-7B,record,,,,,,,
Q042,S1,supported,['confidence_triad'],confidence_triad,FALSE,FALSE,0.923898143,Bespoke-MiniCheck-7B,record,,,,,,,
Q042,S2,supported,['confidence_triad'],confidence_triad,FALSE,FALSE,0.651082393,Bespoke-MiniCheck-7B,record,,,,,,,
Q042,S3,supported,['confidence_triad'],confidence_triad,FALSE,FALSE,0.499686428,Bespoke-MiniCheck-7B,record,,,,,,,
Q066,S1,unsupported,[],FALSE,FALSE,0.201727843,Bespoke-MiniCheck-7B,record,,,,,,,,
Q066,S2,partial,['overconfidence'],overconfidence,FALSE,FALSE,0.085083082,Bespoke-MiniCheck-7B,record,,,,,,,
Q066,S3,supported,['overconfidence'],overconfidence,FALSE,FALSE,0.437666324,Bespoke-MiniCheck-7B,record,,,,,,,
Q110,S1,unsupported,['cognitive_avoidance'],cognitive_avoidance,TRUE,FALSE,0.025954826,Bespoke-MiniCheck-7B,record,,,,,,,
Q110,S2,partial,['slipping'],slipping,TRUE,FALSE,0.34845936,Bespoke-MiniCheck-7B,record,,,,,,,
Q084,S1,unsupported,[],,TRUE,TRUE,0.022975319,Bespoke-MiniCheck-7B,record,,,,,,,
Q084,S2,partial,[],,TRUE,TRUE,0.3206754,Bespoke-MiniCheck-7B,record,,,,,,,
Q062,S1,unsupported,['cognitive_avoidance'],cognitive_avoidance,FALSE,FALSE,0.015905074,Bespoke-MiniCheck-7B,record,,,,,,,
Q062,S2,unsupported,[],,FALSE,FALSE,0.060076736,Bespoke-MiniCheck-7B,record,,,,,,,
Q046,S1,unsupported,['cognitive_avoidance'],cognitive_avoidance,FALSE,FALSE,0.006692519,Bespoke-MiniCheck-7B,record,,,,,,,
Q046,S2,partial,['unproductive_frustration'],unproductive_frustration,FALSE,FALSE,0.004609278,Bespoke-MiniCheck-7B,record,,,,,,,
Q107,S1,unsupported,['productive_struggle'],productive_struggle,FALSE,FALSE,0.085078619,Bespoke-MiniCheck-7B,record,,,,,,,
Q107,S2,unsupported,['productive_struggle'],productive_struggle,FALSE,FALSE,0.377329602,Bespoke-MiniCheck-7B,record,,,,,,,
Q107,S3,partial,['productive_struggle'],productive_struggle,FALSE,FALSE,0.060077123,Bespoke-MiniCheck-7B,record,,,,,,,
Q119,S1,unsupported,[],FALSE,FALSE,0.148005722,Bespoke-MiniCheck-7B,record,,,,,,,,
Q119,S2,unsupported,[],FALSE,FALSE,0.04741978,Bespoke-MiniCheck-7B,record,,,,,,,,
Q119,S3,unsupported,[],FALSE,FALSE,0.085081196,Bespoke-MiniCheck-7B,record,,,,,,,,
Q100,S1,supported,['confidence_triad'],confidence_triad,FALSE,FALSE,0.914656962,Bespoke-MiniCheck-7B,record,,,,,,,
Q100,S2,partial,['confidence_triad'],confidence_triad,FALSE,FALSE,0.561938443,Bespoke-MiniCheck-7B,record,,,,,,,
Q100,S3,unknown,['confidence_triad'],confidence_triad,FALSE,FALSE,0.022975291,Bespoke-MiniCheck-7B,record,,,,,,,
Q080,S1,unsupported,['overconfidence'],overconfidence,FALSE,FALSE,0.047419961,Bespoke-MiniCheck-7B,record,,,,,,,
Q080,S2,supported,['unproductive_frustration'],unproductive_frustration,FALSE,FALSE,0.132933385,Bespoke-MiniCheck-7B,record,,,,,,,
Q080,S3,supported,['slipping'],slipping,FALSE,FALSE,0.650957387,Bespoke-MiniCheck-7B,record,,,,,,,
Q096,S1,unsupported,['productive_struggle'],productive_struggle,TRUE,FALSE,0.119173075,Bespoke-MiniCheck-7B,record,,,,,,,
Q096,S2,unsupported,['cognitive_avoidance'],cognitive_avoidance,TRUE,FALSE,0.014062587,Bespoke-MiniCheck-7B,record,,,,,,,
Q083,S1,unsupported,['productive_struggle'],productive_struggle,FALSE,FALSE,0.119173558,Bespoke-MiniCheck-7B,record,,,,,,,
Q083,S2,unsupported,['cognitive_avoidance'],cognitive_avoidance,FALSE,FALSE,0.02033054,Bespoke-MiniCheck-7B,record,,,,,,,
Q083,S3,unsupported,"['productive_struggle', 'cognitive_avoidance']",,FALSE,FALSE,0.075845784,Bespoke-MiniCheck-7B,record,,,,,,,
Q127,S1,partial,['overconfidence'],overconfidence,FALSE,FALSE,0.085080506,Bespoke-MiniCheck-7B,record,,,,,,,
Q127,S2,unsupported,['overconfidence'],overconfidence,FALSE,FALSE,0.025954684,Bespoke-MiniCheck-7B,record,,,,,,,
Q127,S3,unsupported,['overconfidence'],overconfidence,FALSE,FALSE,0.095331275,Bespoke-MiniCheck-7B,record,,,,,,,
Q047,S1,partial,['unproductive_frustration'],unproductive_frustration,TRUE,FALSE,0.05339636,Bespoke-MiniCheck-7B,record,,,,,,,
Q047,S2,supported,['unproductive_frustration'],unproductive_frustration,TRUE,FALSE,0.294080848,Bespoke-MiniCheck-7B,record,,,,,,,
Q047,S3,unsupported,['unproductive_frustration'],unproductive_frustration,TRUE,FALSE,0.037322447,Bespoke-MiniCheck-7B,record,,,,,,,
Q068,S1,partial,['confidence_triad'],confidence_triad,FALSE,FALSE,0.893022905,Bespoke-MiniCheck-7B,record,,,,,,,
Q068,S2,unknown,['confidence_triad'],confidence_triad,FALSE,FALSE,0.530987771,Bespoke-MiniCheck-7B,record,,,,,,,
Q068,S3,unsupported,['confidence_triad'],confidence_triad,FALSE,FALSE,0.042083536,Bespoke-MiniCheck-7B,record,,,,,,,
Q106,S1,partial,['cognitive_avoidance'],cognitive_avoidance,FALSE,FALSE,0.060077739,Bespoke-MiniCheck-7B,record,,,,,,,
Q106,S2,unsupported,[],FALSE,FALSE,0.085082818,Bespoke-MiniCheck-7B,record,,,,,,,,
Q106,S3,supported,['cognitive_avoidance'],cognitive_avoidance,FALSE,FALSE,0.106668871,Bespoke-MiniCheck-7B,record,,,,,,,
Q140,S1,unsupported,['overconfidence'],overconfidence,FALSE,FALSE,0.009707817,Bespoke-MiniCheck-7B,record,,,,,,,
Q140,S2,unsupported,['overconfidence'],overconfidence,FALSE,FALSE,0.132921595,Bespoke-MiniCheck-7B,record,,,,,,,
Q049,S1,unsupported,['cognitive_avoidance'],cognitive_avoidance,FALSE,FALSE,0.007576884,Bespoke-MiniCheck-7B,record,,,,,,,
Q049,S2,unsupported,['unproductive_frustration'],unproductive_frustration,FALSE,FALSE,0.005219837,Bespoke-MiniCheck-7B,record,,,,,,,
Q049,S3,partial,['slipping'],slipping,FALSE,FALSE,0.164455271,Bespoke-MiniCheck-7B,record,,,,,,,
Q060,S1,partial,[],,FALSE,TRUE,0.6508332,Bespoke-MiniCheck-7B,record,,,,,,,
Q060,S2,supported,[],,FALSE,TRUE,0.678968303,Bespoke-MiniCheck-7B,record,,,,,,,
Q060,S3,supported,[],,FALSE,TRUE,0.407160158,Bespoke-MiniCheck-7B,record,,,,,,,
Q052,S1,unsupported,['cognitive_avoidance'],cognitive_avoidance,FALSE,FALSE,0.182369753,Bespoke-MiniCheck-7B,record,,,,,,,
Q052,S2,unsupported,[],,FALSE,FALSE,0.029309927,Bespoke-MiniCheck-7B,record,,,,,,,
Q052,S3,unsupported,['cognitive_avoidance'],cognitive_avoidance,FALSE,FALSE,0.02033088,Bespoke-MiniCheck-7B,record,,,,,,,
Q063,S1,partial,[],,FALSE,TRUE,0.025955024,Bespoke-MiniCheck-7B,record,,,,,,,
Q063,S2,unsupported,[],,FALSE,TRUE,0.060078169,Bespoke-MiniCheck-7B,record,,,,,,,
Q138,S1,supported,['cognitive_avoidance'],cognitive_avoidance,FALSE,FALSE,0.268827423,Bespoke-MiniCheck-7B,record,,,,,,,
Q138,S2,supported,['slipping'],slipping,FALSE,FALSE,0.65094113,Bespoke-MiniCheck-7B,record,,,,,,,
Q010,S1,supported,['overconfidence'],overconfidence,TRUE,FALSE,0.164458918,Bespoke-MiniCheck-7B,record,,,,,,,
Q010,S2,partial,['slipping'],slipping,TRUE,FALSE,0.348487068,Bespoke-MiniCheck-7B,record,,,,,,,
Q102,S1,supported,['overconfidence'],overconfidence,TRUE,FALSE,0.348496955,Bespoke-MiniCheck-7B,record,,,,,,,
Q102,S2,unsupported,['overconfidence'],overconfidence,TRUE,FALSE,0.164471995,Bespoke-MiniCheck-7B,record,,,,,,,
Q102,S3,unsupported,['overconfidence'],overconfidence,TRUE,FALSE,0.268819347,Bespoke-MiniCheck-7B,record,,,,,,,
Q132,S1,unsupported,['cognitive_avoidance'],cognitive_avoidance,FALSE,FALSE,0.017984993,Bespoke-MiniCheck-7B,record,,,,,,,
Q132,S2,unsupported,['unproductive_frustration'],unproductive_frustration,FALSE,FALSE,0.005910717,Bespoke-MiniCheck-7B,record,,,,,,,
Q020,S1,unsupported,['cognitive_avoidance'],cognitive_avoidance,FALSE,FALSE,0.010986334,Bespoke-MiniCheck-7B,record,,,,,,,
Q020,S2,partial,['slipping'],slipping,FALSE,FALSE,0.132929391,Bespoke-MiniCheck-7B,record,,,,,,,
Q002,S1,supported,['overconfidence'],overconfidence,FALSE,FALSE,0.24497528,Bespoke-MiniCheck-7B,record,,,,,,,
Q002,S2,supported,['slipping'],slipping,FALSE,FALSE,0.499750258,Bespoke-MiniCheck-7B,record,,,,,,,
Q014,S1,supported,['confidence_triad'],confidence_triad,TRUE,FALSE,0.95,Gemma-3-27B-it,fact,,,,,,,
Q014,S2,partial,['confidence_triad'],confidence_triad,TRUE,FALSE,0.9,Gemma-3-27B-it,fact,,,,,,,
Q014,S3,supported,['confidence_triad'],confidence_triad,TRUE,FALSE,0.95,Gemma-3-27B-it,fact,,,,,,,
Q136,S1,partial,['cognitive_avoidance'],cognitive_avoidance,FALSE,FALSE,0.9,Gemma-3-27B-it,fact,,,,,,,
Q136,S2,partial,['slipping'],slipping,FALSE,FALSE,0.85,Gemma-3-27B-it,fact,,,,,,,
Q136,S3,partial,['slipping'],slipping,FALSE,FALSE,0.7,Gemma-3-27B-it,fact,,,,,,,
Q117,S1,supported,['overconfidence'],overconfidence,FALSE,FALSE,0.95,Gemma-3-27B-it,fact,,,,,,,
Q117,S2,partial,['slipping'],slipping,FALSE,FALSE,0.85,Gemma-3-27B-it,fact,,,,,,,
Q131,S1,supported,['overconfidence'],overconfidence,FALSE,FALSE,0.9,Gemma-3-27B-it,fact,,,,,,,
Q131,S2,supported,['overconfidence'],overconfidence,FALSE,FALSE,0.85,Gemma-3-27B-it,fact,,,,,,,
Q131,S3,unsupported,['unproductive_frustration'],unproductive_frustration,FALSE,FALSE,0.95,Gemma-3-27B-it,fact,,,,,,,
Q081,S1,unsupported,['unproductive_frustration'],unproductive_frustration,TRUE,FALSE,0.95,Gemma-3-27B-it,fact,,,,,,,
Q081,S2,unsupported,['unproductive_frustration'],unproductive_frustration,TRUE,FALSE,0.1,Gemma-3-27B-it,fact,,,,,,,
Q081,S3,supported,[],TRUE,FALSE,0.85,Gemma-3-27B-it,fact,supported,,,,,,,
Q105,S1,unsupported,['cognitive_avoidance'],cognitive_avoidance,FALSE,FALSE,0.95,Gemma-3-27B-it,fact,,,,,,,
Q105,S2,partial,['slipping'],slipping,FALSE,FALSE,0.85,Gemma-3-27B-it,fact,,,,,,,
Q013,S1,supported,['overconfidence'],overconfidence,TRUE,FALSE,0.95,Gemma-3-27B-it,fact,,,,,,,
Q013,S2,unsupported,['unproductive_frustration'],unproductive_frustration,TRUE,FALSE,0.95,Gemma-3-27B-it,fact,,,,,,,
Q013,S3,unsupported,['slipping'],slipping,TRUE,FALSE,0.9,Gemma-3-27B-it,fact,,,,,,,
Q114,S1,partial, the student's cumulative accuracy on this skill was 23%. On attempt 1, and took 0.03 times their own average response time. On attempt 3, the student answered correctly, used 1 hint, and took 1.04 times their own average response time. On attempt 4, the student answered incorrectly, used no hints,TRUE,FALSE,0.95,Gemma-3-27B-it,fact,supported,Avoiding difficult problems and avoiding asking for help both fall under the umbrella of avoiding challenging tasks. The sentence is a generalization of the facts provided.
Q114,S2,partial,['slipping'],slipping,TRUE,FALSE,0.85,Gemma-3-27B-it,fact,,,,,,,
Q130,S1,partial,[],TRUE,FALSE,1,Gemma-3-27B-it,fact,supported,,,,,,,
Q130,S2,unsupported,['slipping'],slipping,TRUE,FALSE,0.85,Gemma-3-27B-it,fact,,,,,,,
Q043,S1,supported,['productive_struggle'],productive_struggle,FALSE,FALSE,0.85,Gemma-3-27B-it,fact,,,,,,,
Q043,S2,supported,['cognitive_avoidance'],cognitive_avoidance,FALSE,FALSE,0.9,Gemma-3-27B-it,fact,,,,,,,
Q043,S3,supported,"['cognitive_avoidance', 'productive_struggle']",,FALSE,FALSE,0.9,Gemma-3-27B-it,fact,,,,,,,
Q103,S1,supported,['overconfidence'],overconfidence,FALSE,FALSE,0.95,Gemma-3-27B-it,fact,,,,,,,
Q103,S2,supported,['overconfidence'],overconfidence,FALSE,FALSE,0.95,Gemma-3-27B-it,fact,,,,,,,
Q103,S3,partial,['overconfidence'],overconfidence,FALSE,FALSE,0.95,Gemma-3-27B-it,fact,,,,,,,
Q061,S1,unsupported,['cognitive_avoidance'],cognitive_avoidance,FALSE,FALSE,0.7,Gemma-3-27B-it,fact,,,,,,,
Q061,S3,supported,['cognitive_avoidance'],cognitive_avoidance,FALSE,FALSE,0.6,Gemma-3-27B-it,fact,,,,,,,
Q067,S1,unsupported,['productive_struggle'],productive_struggle,FALSE,FALSE,0.9,Gemma-3-27B-it,fact,,,,,,,
Q067,S2,unsupported, the student's cumulative accuracy on this skill was 43%. On attempt 1, and took 0.20 times their own average response time. On attempt 3, the student answered correctly, used no hints, and took 0.10 times their own average response time. On attempt 4, the student answered correctly, used 2 hints,FALSE,FALSE,0.9,Gemma-3-27B-it,fact,supported,"Avoiding difficult problems and avoiding asking for help both suggest a desire to avoid cognitive effort and choose easier paths. The sentence expands on this by explicitly stating 'deeper cognitive effort' and 'less challenging paths', which are directly implied by the facts."
Q067,S3,unsupported,"['cognitive_avoidance', 'productive_struggle']",,FALSE,FALSE,0.9,Gemma-3-27B-it,fact,,,,,,,
Q041,S1,supported,['confidence_triad'],confidence_triad,FALSE,FALSE,0.85,Gemma-3-27B-it,fact,,,,,,,
Q041,S2,supported,['confidence_triad'],confidence_triad,FALSE,FALSE,0.9,Gemma-3-27B-it,fact,,,,,,,
Q041,S3,unsupported,['confidence_triad'],confidence_triad,FALSE,FALSE,0.9,Gemma-3-27B-it,fact,,,,,,,
Q088,S1,unsupported,['productive_struggle'],productive_struggle,FALSE,FALSE,0.9,Gemma-3-27B-it,fact,,,,,,,
Q088,S2,unsupported,['productive_struggle'],productive_struggle,FALSE,FALSE,0.95,Gemma-3-27B-it,fact,,,,,,,
Q088,S3,partial,['productive_struggle'],productive_struggle,FALSE,FALSE,0.85,Gemma-3-27B-it,fact,,,,,,,
Q108,S1,partial,['productive_struggle'],productive_struggle,TRUE,FALSE,0.85,Gemma-3-27B-it,fact,,,,,,,
Q108,S2,unsupported,['cognitive_avoidance'],cognitive_avoidance,TRUE,FALSE,0.95,Gemma-3-27B-it,fact,,,,,,,
Q108,S3,supported,"['cognitive_avoidance', 'productive_struggle']",,TRUE,FALSE,0.9,Gemma-3-27B-it,fact,,,,,,,
Q115,S1,unsupported,['cognitive_avoidance'],cognitive_avoidance,FALSE,FALSE,0.95,Gemma-3-27B-it,fact,,,,,,,
Q115,S2,unsupported,['unproductive_frustration'],unproductive_frustration,FALSE,FALSE,0.95,Gemma-3-27B-it,fact,,,,,,,
Q021,S1,supported,[],TRUE,FALSE,0.9,Gemma-3-27B-it,fact,supported,,,,,,,
Q021,S2,unsupported,['slipping'],slipping,TRUE,FALSE,0.7,Gemma-3-27B-it,fact,,,,,,,
Q120,S1,partial,['cognitive_avoidance'],cognitive_avoidance,FALSE,FALSE,0.9,Gemma-3-27B-it,fact,,,,,,,
Q120,S2,partial,['slipping'],slipping,FALSE,FALSE,0.85,Gemma-3-27B-it,fact,,,,,,,
Q118,S1,supported,['confidence_triad'],confidence_triad,TRUE,FALSE,0.85,Gemma-3-27B-it,fact,,,,,,,
Q118,S2,partial,['confidence_triad'],confidence_triad,TRUE,FALSE,0.9,Gemma-3-27B-it,fact,,,,,,,
Q118,S3,supported,['confidence_triad'],confidence_triad,TRUE,FALSE,0.85,Gemma-3-27B-it,fact,,,,,,,
Q110,S1,unsupported,['cognitive_avoidance'],cognitive_avoidance,TRUE,FALSE,0.95,Gemma-3-27B-it,fact,,,,,,,
Q110,S2,partial,['slipping'],slipping,TRUE,FALSE,0.85,Gemma-3-27B-it,fact,,,,,,,
Q119,S1,unsupported,[],FALSE,FALSE,0.85,Gemma-3-27B-it,fact,supported,,,,,,,
Q119,S3,unsupported,[],FALSE,FALSE,0.7,Gemma-3-27B-it,fact,partial,,,,,,,
Q100,S1,supported,['confidence_triad'],confidence_triad,FALSE,FALSE,0.9,Gemma-3-27B-it,fact,,,,,,,
Q100,S2,partial,['confidence_triad'],confidence_triad,FALSE,FALSE,0.9,Gemma-3-27B-it,fact,,,,,,,
Q100,S3,unknown,['confidence_triad'],confidence_triad,FALSE,FALSE,0.85,Gemma-3-27B-it,fact,,,,,,,
Q080,S1,unsupported,['overconfidence'],overconfidence,FALSE,FALSE,0.95,Gemma-3-27B-it,fact,,,,,,,
Q080,S2,supported,['unproductive_frustration'],unproductive_frustration,FALSE,FALSE,0.9,Gemma-3-27B-it,fact,,,,,,,
Q080,S3,supported,['slipping'],slipping,FALSE,FALSE,0.1,Gemma-3-27B-it,fact,,,,,,,
Q087,S1,unsupported,[],FALSE,FALSE,0.85,Gemma-3-27B-it,fact,supported,,,,,,,
Q087,S2,unsupported,['productive_struggle'],productive_struggle,FALSE,FALSE,0.9,Gemma-3-27B-it,fact,,,,,,,
Q087,S3,unsupported,[],FALSE,FALSE,0.75,Gemma-3-27B-it,fact,supported,,,,,,,
Q099,S1,partial,['cognitive_avoidance'],cognitive_avoidance,FALSE,FALSE,0.85,Gemma-3-27B-it,fact,,,,,,,
Q099,S2,partial,['cognitive_avoidance'],cognitive_avoidance,FALSE,FALSE,0.9,Gemma-3-27B-it,fact,,,,,,,
Q099,S3,supported,['cognitive_avoidance'],cognitive_avoidance,FALSE,FALSE,0.9,Gemma-3-27B-it,fact,,,,,,,
Q037,S1,unsupported,['overconfidence'],overconfidence,TRUE,FALSE,0.95,Gemma-3-27B-it,fact,,,,,,,
Q037,S2,unsupported,['overconfidence'],overconfidence,TRUE,FALSE,0.9,Gemma-3-27B-it,fact,,,,,,,
Q037,S3,unsupported,['overconfidence'],overconfidence,TRUE,FALSE,0.6,Gemma-3-27B-it,fact,,,,,,,
Q037,S4,unsupported,['overconfidence'],overconfidence,TRUE,FALSE,0.85,Gemma-3-27B-it,fact,,,,,,,
Q031,S1,unsupported,['cognitive_avoidance'],cognitive_avoidance,FALSE,FALSE,0.95,Gemma-3-27B-it,fact,,,,,,,
Q031,S2,partial,['cognitive_avoidance'],cognitive_avoidance,FALSE,FALSE,0.9,Gemma-3-27B-it,fact,,,,,,,
Q079,S1,unsupported,['cognitive_avoidance'],cognitive_avoidance,FALSE,FALSE,0.85,Gemma-3-27B-it,fact,,,,,,,
Q079,S2,unsupported,['cognitive_avoidance'],cognitive_avoidance,FALSE,FALSE,0.9,Gemma-3-27B-it,fact,,,,,,,
Q085,S1,unsupported,['overconfidence'],overconfidence,FALSE,FALSE,0.7,Gemma-3-27B-it,fact,,,,,,,
Q085,S2,unsupported,['slipping'],slipping,FALSE,FALSE,0.6,Gemma-3-27B-it,fact,,,,,,,
Q045,S1,unsupported,['overconfidence'],overconfidence,TRUE,FALSE,0.85,Gemma-3-27B-it,fact,,,,,,,
Q045,S2,unsupported,['unproductive_frustration'],unproductive_frustration,TRUE,FALSE,0.9,Gemma-3-27B-it,fact,,,,,,,
Q082,S1,partial,['confidence_triad'],confidence_triad,FALSE,FALSE,0.85,Gemma-3-27B-it,fact,,,,,,,
Q082,S2,unsupported,['confidence_triad'],confidence_triad,FALSE,FALSE,0.9,Gemma-3-27B-it,fact,,,,,,,
Q082,S3,supported,['confidence_triad'],confidence_triad,FALSE,FALSE,0.95,Gemma-3-27B-it,fact,,,,,,,
Q051,S1,unsupported,['cognitive_avoidance'],cognitive_avoidance,TRUE,FALSE,0.95,Gemma-3-27B-it,fact,,,,,,,
Q051,S2,unsupported,['cognitive_avoidance'],cognitive_avoidance,TRUE,FALSE,0.9,Gemma-3-27B-it,fact,,,,,,,
Q051,S3,unsupported,['cognitive_avoidance'],cognitive_avoidance,TRUE,FALSE,0.9,Gemma-3-27B-it,fact,,,,,,,
Q033,S1,partial,['cognitive_avoidance'],cognitive_avoidance,FALSE,FALSE,0.95,Gemma-3-27B-it,fact,,,,,,,
Q086,S1,partial, the student's cumulative accuracy on this skill was 33%. On attempt 1, and took 3.14 times their own average response time. On attempt 3, the student answered incorrectly, used no hints, and took 3.14 times their own average response time. On attempt 4, the student answered incorrectly, used no hints,TRUE,FALSE,0.95,Gemma-3-27B-it,fact,supported,"""Avoiding difficult problems"" and ""avoiding asking for help"" both fall under the umbrella of ""avoiding challenging aspects of the task."" The sentence is a generalization of the facts."
Q086,S2,unsupported,['unproductive_frustration'],unproductive_frustration,TRUE,FALSE,0.9,Gemma-3-27B-it,fact,,,,,,,
Q032,S1,supported,['overconfidence'],overconfidence,FALSE,FALSE,0.9,Gemma-3-27B-it,fact,,,,,,,
Q032,S2,supported,['overconfidence'],overconfidence,FALSE,FALSE,0.95,Gemma-3-27B-it,fact,,,,,,,
Q032,S3,unknown,['overconfidence'],overconfidence,FALSE,FALSE,0.95,Gemma-3-27B-it,fact,,,,,,,
Q073,S1,partial,['confidence_triad'],confidence_triad,FALSE,FALSE,0.95,Gemma-3-27B-it,fact,,,,,,,
Q073,S2,supported,['confidence_triad'],confidence_triad,FALSE,FALSE,0.9,Gemma-3-27B-it,fact,,,,,,,
Q073,S3,unsupported,['confidence_triad'],confidence_triad,FALSE,FALSE,0.95,Gemma-3-27B-it,fact,,,,,,,
Q090,S1,unsupported, the student's cumulative accuracy on this skill was 17%. On attempt 1, and took 3.20 times their own average response time. On attempt 3, the student answered correctly, used no hints, and took 0.44 times their own average response time. On attempt 4, the student answered incorrectly, used no hints,FALSE,FALSE,0.9,Gemma-3-27B-it,fact,supported,"Avoiding difficult problems or help-seeking directly implies a lack of deep engagement and a reluctance to confront challenges, which is precisely what the sentence states. The sentence elaborates on the fact, but doesn't introduce new information that contradicts it."
Q090,S2,unsupported,['slipping'],slipping,FALSE,FALSE,0.85,Gemma-3-27B-it,fact,,,,,,,
Q077,S1,partial,['overconfidence'],overconfidence,FALSE,FALSE,1,Gemma-3-27B-it,fact,,,,,,,
Q077,S2,supported,['slipping'],slipping,FALSE,FALSE,0.85,Gemma-3-27B-it,fact,,,,,,,
Q097,S1,unsupported,['cognitive_avoidance'],cognitive_avoidance,FALSE,FALSE,0.9,Gemma-3-27B-it,fact,,,,,,,
Q097,S2,unknown,['unproductive_frustration'],unproductive_frustration,FALSE,FALSE,0.95,Gemma-3-27B-it,fact,,,,,,,
Q050,S1,unsupported,['overconfidence'],overconfidence,TRUE,FALSE,0.9,Gemma-3-27B-it,fact,,,,,,,
Q050,S2,unsupported,['overconfidence'],overconfidence,TRUE,FALSE,0.6,Gemma-3-27B-it,fact,,,,,,,
Q050,S3,unsupported,['overconfidence'],overconfidence,TRUE,FALSE,0.9,Gemma-3-27B-it,fact,,,,,,,
Q012,S1,partial,['cognitive_avoidance'],cognitive_avoidance,FALSE,FALSE,0.95,Gemma-3-27B-it,fact,,,,,,,
Q012,S2,unsupported,['slipping'],slipping,FALSE,FALSE,0.85,Gemma-3-27B-it,fact,,,,,,,
Q101,S1,unsupported,['overconfidence'],overconfidence,FALSE,FALSE,0.95,Gemma-3-27B-it,fact,,,,,,,
Q101,S2,partial, the student's cumulative accuracy on this skill was 57%. On attempt 1, and took 1.90 times their own average response time. On attempt 3, the student answered correctly, used no hints, and took 1.14 times their own average response time. On attempt 4, the student answered incorrectly, used no hints,FALSE,FALSE,0.85,Gemma-3-27B-it,fact,supported,"A mistake on previously understood content *suggests* a slip or lapse, aligning with the sentence's claim about tendencies and attention. The fact directly implies the behavior described in the sentence."
Q066,S1,unsupported,[],FALSE,FALSE,0.9,Gemma-3-27B-it,fact,supported,,,,,,,
Q066,S2,partial,['overconfidence'],overconfidence,FALSE,FALSE,0.9,Gemma-3-27B-it,fact,,,,,,,
Q066,S3,supported,['overconfidence'],overconfidence,FALSE,FALSE,0.1,Gemma-3-27B-it,fact,,,,,,,
Q068,S1,partial,['confidence_triad'],confidence_triad,FALSE,FALSE,0.85,Gemma-3-27B-it,fact,,,,,,,
Q068,S2,unknown,['confidence_triad'],confidence_triad,FALSE,FALSE,0.9,Gemma-3-27B-it,fact,,,,,,,
Q068,S3,unsupported,['confidence_triad'],confidence_triad,FALSE,FALSE,0.9,Gemma-3-27B-it,fact,,,,,,,
Q049,S1,unsupported,['cognitive_avoidance'],cognitive_avoidance,FALSE,FALSE,0.95,Gemma-3-27B-it,fact,,,,,,,
Q049,S2,unsupported,['unproductive_frustration'],unproductive_frustration,FALSE,FALSE,0.95,Gemma-3-27B-it,fact,,,,,,,
Q049,S3,partial,['slipping'],slipping,FALSE,FALSE,0.6,Gemma-3-27B-it,fact,,,,,,,
Q052,S1,unsupported,['cognitive_avoidance'],cognitive_avoidance,FALSE,FALSE,0.9,Gemma-3-27B-it,fact,,,,,,,
Q052,S3,unsupported,['cognitive_avoidance'],cognitive_avoidance,FALSE,FALSE,0.85,Gemma-3-27B-it,fact,,,,,,,
Q002,S1,supported,['overconfidence'],overconfidence,FALSE,FALSE,0.95,Gemma-3-27B-it,fact,,,,,,,
Q002,S2,supported,['slipping'],slipping,FALSE,FALSE,0.9,Gemma-3-27B-it,fact,,,,,,,
Q134,S1,supported,['overconfidence'],overconfidence,FALSE,FALSE,0.95,Gemma-3-27B-it,fact,,,,,,,
Q134,S2,partial,['overconfidence'],overconfidence,FALSE,FALSE,0.9,Gemma-3-27B-it,fact,,,,,,,
Q134,S3,partial,['overconfidence'],overconfidence,FALSE,FALSE,0.95,Gemma-3-27B-it,fact,,,,,,,
Q053,S1,supported,['confidence_triad'],confidence_triad,FALSE,FALSE,0.95,Gemma-3-27B-it,fact,,,,,,,
Q053,S2,unsupported,[],FALSE,FALSE,0.95,Gemma-3-27B-it,fact,supported,,,,,,,
Q053,S3,unsupported,['cognitive_avoidance'],cognitive_avoidance,FALSE,FALSE,0.9,Gemma-3-27B-it,fact,,,,,,,
Q055,S1,supported,['cognitive_avoidance'],cognitive_avoidance,FALSE,FALSE,0.9,Gemma-3-27B-it,fact,,,,,,,
Q055,S2,supported,['slipping'],slipping,FALSE,FALSE,0.85,Gemma-3-27B-it,fact,,,,,,,
Q076,S1,unsupported,['cognitive_avoidance'],cognitive_avoidance,TRUE,FALSE,0.9,Gemma-3-27B-it,fact,,,,,,,
Q076,S2,partial,['slipping'],slipping,TRUE,FALSE,0.85,Gemma-3-27B-it,fact,,,,,,,
Q076,S3,unsupported,"['cognitive_avoidance', 'slipping']",,TRUE,FALSE,0.85,Gemma-3-27B-it,fact,,,,,,,
Q094,S1,unsupported,['productive_struggle'],productive_struggle,TRUE,FALSE,0.85,Gemma-3-27B-it,fact,,,,,,,
Q044,S1,supported,['cognitive_avoidance'],cognitive_avoidance,FALSE,FALSE,0.95,Gemma-3-27B-it,fact,,,,,,,
Q044,S2,supported,['slipping'],slipping,FALSE,FALSE,0.85,Gemma-3-27B-it,fact,,,,,,,
Q044,S3,supported,['slipping'],slipping,FALSE,FALSE,0.7,Gemma-3-27B-it,fact,,,,,,,
Q059,S1,supported,['overconfidence'],overconfidence,FALSE,FALSE,0.95,Gemma-3-27B-it,fact,,,,,,,
Q059,S2,unsupported,['unproductive_frustration'],unproductive_frustration,FALSE,FALSE,0.95,Gemma-3-27B-it,fact,,,,,,,
Q059,S3,unsupported,['slipping'],slipping,FALSE,FALSE,0.9,Gemma-3-27B-it,fact,,,,,,,
Q025,S1,supported,['unproductive_frustration'],unproductive_frustration,FALSE,FALSE,0.95,Gemma-3-27B-it,fact,,,,,,,
Q025,S2,supported,['unproductive_frustration'],unproductive_frustration,FALSE,FALSE,0.9,Gemma-3-27B-it,fact,,,,,,,
Q095,S1,partial,['productive_struggle'],productive_struggle,FALSE,FALSE,0.85,Gemma-3-27B-it,fact,,,,,,,
Q095,S2,partial,['cognitive_avoidance'],cognitive_avoidance,FALSE,FALSE,0.9,Gemma-3-27B-it,fact,,,,,,,
Q095,S3,supported,"['productive_struggle', 'cognitive_avoidance']",,FALSE,FALSE,0.9,Gemma-3-27B-it,fact,,,,,,,
Q034,S1,unsupported,[],FALSE,FALSE,0.85,Gemma-3-27B-it,fact,supported,,,,,,,
Q034,S2,partial,['unproductive_frustration'],unproductive_frustration,FALSE,FALSE,0.9,Gemma-3-27B-it,fact,,,,,,,
Q121,S1,partial,['unproductive_frustration'],unproductive_frustration,FALSE,FALSE,0.95,Gemma-3-27B-it,fact,,,,,,,
Q121,S2,partial,['unproductive_frustration'],unproductive_frustration,FALSE,FALSE,0.85,Gemma-3-27B-it,fact,,,,,,,
Q112,S1,partial,['cognitive_avoidance'],cognitive_avoidance,TRUE,FALSE,0.9,Gemma-3-27B-it,fact,,,,,,,
Q112,S2,supported,['slipping'],slipping,TRUE,FALSE,0.85,Gemma-3-27B-it,fact,,,,,,,
Q048,S1,partial,['productive_struggle'],productive_struggle,FALSE,FALSE,0.85,Gemma-3-27B-it,fact,,,,,,,
Q048,S2,unsupported,['cognitive_avoidance'],cognitive_avoidance,FALSE,FALSE,0.9,Gemma-3-27B-it,fact,,,,,,,
Q048,S3,unsupported,"['cognitive_avoidance', 'productive_struggle']",,FALSE,FALSE,0.9,Gemma-3-27B-it,fact,,,,,,,
Q003,S1,unsupported,['cognitive_avoidance'],cognitive_avoidance,FALSE,FALSE,0.9,Gemma-3-27B-it,fact,,,,,,,
Q003,S2,partial,['confidence_triad'],confidence_triad,FALSE,FALSE,0.95,Gemma-3-27B-it,fact,,,,,,,
Q003,S3,unsupported,['confidence_triad'],confidence_triad,FALSE,FALSE,0.1,Gemma-3-27B-it,fact,,,,,,,
Q011,S1,unsupported,['unproductive_frustration'],unproductive_frustration,FALSE,FALSE,0.95,Gemma-3-27B-it,fact,,,,,,,
Q011,S2,unsupported,['unproductive_frustration'],unproductive_frustration,FALSE,FALSE,0.85,Gemma-3-27B-it,fact,,,,,,,
Q011,S3,partial,['unproductive_frustration'],unproductive_frustration,FALSE,FALSE,0.85,Gemma-3-27B-it,fact,,,,,,,
Q125,S1,supported,['cognitive_avoidance'],cognitive_avoidance,FALSE,FALSE,0.9,Gemma-3-27B-it,fact,,,,,,,
Q125,S2,unsupported,['slipping'],slipping,FALSE,FALSE,0.9,Gemma-3-27B-it,fact,,,,,,,
Q093,S1,supported,['cognitive_avoidance'],cognitive_avoidance,TRUE,FALSE,0.85,Gemma-3-27B-it,fact,,,,,,,
Q093,S3,supported,['cognitive_avoidance'],cognitive_avoidance,TRUE,FALSE,0.95,Gemma-3-27B-it,fact,,,,,,,
Q064,S1,supported,['overconfidence'],overconfidence,TRUE,FALSE,0.95,Gemma-3-27B-it,fact,,,,,,,
Q074,S1,unsupported,['cognitive_avoidance'],cognitive_avoidance,TRUE,FALSE,0.95,Gemma-3-27B-it,fact,,,,,,,
Q074,S2,unsupported,['unproductive_frustration'],unproductive_frustration,TRUE,FALSE,0.9,Gemma-3-27B-it,fact,,,,,,,
Q015,S1,supported,['cognitive_avoidance'],cognitive_avoidance,TRUE,FALSE,0.85,Gemma-3-27B-it,fact,,,,,,,
Q047,S1,partial,['unproductive_frustration'],unproductive_frustration,TRUE,FALSE,0.95,Gemma-3-27B-it,fact,,,,,,,
Q047,S2,supported,['unproductive_frustration'],unproductive_frustration,TRUE,FALSE,0.85,Gemma-3-27B-it,fact,,,,,,,
Q047,S3,unsupported,['unproductive_frustration'],unproductive_frustration,TRUE,FALSE,0.85,Gemma-3-27B-it,fact,,,,,,,
Q140,S1,unsupported,['overconfidence'],overconfidence,FALSE,FALSE,0.9,Gemma-3-27B-it,fact,,,,,,,
Q140,S2,unsupported,['overconfidence'],overconfidence,FALSE,FALSE,0.95,Gemma-3-27B-it,fact,,,,,,,
Q010,S1,supported,['overconfidence'],overconfidence,TRUE,FALSE,1,Gemma-3-27B-it,fact,,,,,,,
Q010,S2,partial,['slipping'],slipping,TRUE,FALSE,0.85,Gemma-3-27B-it,fact,,,,,,,
Q020,S1,unsupported,['cognitive_avoidance'],cognitive_avoidance,FALSE,FALSE,0.95,Gemma-3-27B-it,fact,,,,,,,
Q020,S2,partial,['slipping'],slipping,FALSE,FALSE,0.85,Gemma-3-27B-it,fact,,,,,,,
Q054,S1,supported,['cognitive_avoidance'],cognitive_avoidance,FALSE,FALSE,0.9,Gemma-3-27B-it,fact,,,,,,,
Q054,S2,partial,['slipping'],slipping,FALSE,FALSE,0.85,Gemma-3-27B-it,fact,,,,,,,
Q054,S3,supported,['slipping'],slipping,FALSE,FALSE,0.7,Gemma-3-27B-it,fact,,,,,,,
Q028,S1,partial,['cognitive_avoidance'],cognitive_avoidance,FALSE,FALSE,0.95,Gemma-3-27B-it,fact,,,,,,,
Q028,S2,supported,['slipping'],slipping,FALSE,FALSE,0.85,Gemma-3-27B-it,fact,,,,,,,
Q075,S1,unsupported,['cognitive_avoidance'],cognitive_avoidance,TRUE,FALSE,0.9,Gemma-3-27B-it,fact,,,,,,,
Q123,S1,partial,[],FALSE,FALSE,0.9,Gemma-3-27B-it,fact,supported,,,,,,,
Q123,S2,unsupported,['cognitive_avoidance'],cognitive_avoidance,FALSE,FALSE,0.9,Gemma-3-27B-it,fact,,,,,,,
Q123,S3,partial,['cognitive_avoidance'],cognitive_avoidance,FALSE,FALSE,0.85,Gemma-3-27B-it,fact,,,,,,,
Q091,S1,unsupported,['cognitive_avoidance'],cognitive_avoidance,FALSE,FALSE,0.95,Gemma-3-27B-it,fact,,,,,,,
Q091,S2,unsupported,[],FALSE,FALSE,0.9,Gemma-3-27B-it,fact,supported,,,,,,,
Q113,S1,supported,['cognitive_avoidance'],cognitive_avoidance,TRUE,FALSE,0.95,Gemma-3-27B-it,fact,,,,,,,
Q113,S2,supported,['slipping'],slipping,TRUE,FALSE,0.9,Gemma-3-27B-it,fact,,,,,,,
Q113,S3,unsupported,['slipping'],slipping,TRUE,FALSE,0.85,Gemma-3-27B-it,fact,,,,,,,
Q135,S1,supported,['confidence_triad'],confidence_triad,FALSE,FALSE,0.85,Gemma-3-27B-it,fact,,,,,,,
Q135,S2,supported,['confidence_triad'],confidence_triad,FALSE,FALSE,0.95,Gemma-3-27B-it,fact,,,,,,,
Q135,S3,supported,['confidence_triad'],confidence_triad,FALSE,FALSE,0.85,Gemma-3-27B-it,fact,,,,,,,
Q069,S1,unsupported,['overconfidence'],overconfidence,FALSE,FALSE,0.95,Gemma-3-27B-it,fact,,,,,,,
Q069,S2,supported,['unproductive_frustration'],unproductive_frustration,FALSE,FALSE,0.95,Gemma-3-27B-it,fact,,,,,,,
Q069,S3,unsupported,['overconfidence'],overconfidence,FALSE,FALSE,0.9,Gemma-3-27B-it,fact,,,,,,,
Q137,S1,unsupported,['cognitive_avoidance'],cognitive_avoidance,FALSE,FALSE,0.85,Gemma-3-27B-it,fact,,,,,,,
Q137,S2,supported,['slipping'],slipping,FALSE,FALSE,0.6,Gemma-3-27B-it,fact,,,,,,,
Q129,S1,supported,['overconfidence'],overconfidence,FALSE,FALSE,0.9,Gemma-3-27B-it,fact,,,,,,,
Q129,S2,partial,['overconfidence'],overconfidence,FALSE,FALSE,0.9,Gemma-3-27B-it,fact,,,,,,,
Q129,S3,unsupported,['overconfidence'],overconfidence,FALSE,FALSE,0.9,Gemma-3-27B-it,fact,,,,,,,
Q111,S1,supported,['overconfidence'],overconfidence,FALSE,FALSE,0.95,Gemma-3-27B-it,fact,,,,,,,
Q111,S2,supported,['overconfidence'],overconfidence,FALSE,FALSE,0.9,Gemma-3-27B-it,fact,,,,,,,
Q111,S3,supported,['overconfidence'],overconfidence,FALSE,FALSE,0.95,Gemma-3-27B-it,fact,,,,,,,
Q057,S1,supported,['cognitive_avoidance'],cognitive_avoidance,TRUE,FALSE,0.9,Gemma-3-27B-it,fact,,,,,,,
Q001,S1,unsupported,['cognitive_avoidance'],cognitive_avoidance,FALSE,FALSE,0.95,Gemma-3-27B-it,fact,,,,,,,
Q001,S2,partial,['slipping'],slipping,FALSE,FALSE,0.85,Gemma-3-27B-it,fact,,,,,,,
Q001,S3,unknown,"['cognitive_avoidance', 'slipping']",,FALSE,FALSE,0.75,Gemma-3-27B-it,fact,,,,,,,
Q126,S1,unsupported,['cognitive_avoidance'],cognitive_avoidance,FALSE,FALSE,0.95,Gemma-3-27B-it,fact,,,,,,,
Q126,S2,unsupported,['unproductive_frustration'],unproductive_frustration,FALSE,FALSE,0.95,Gemma-3-27B-it,fact,,,,,,,
Q104,S1,unsupported, the student's cumulative accuracy on this skill was 60%. On attempt 1, and took 2.87 times their own average response time. On attempt 3, the student answered correctly, used no hints, and took 0.58 times their own average response time. On attempt 4, the student answered incorrectly, used no hints,TRUE,FALSE,0.9,Gemma-3-27B-it,fact,supported,"Avoiding difficult problems or help-seeking directly implies a lack of deep engagement and a reluctance to confront challenges, which is precisely what the sentence states. The sentence elaborates on the fact without contradicting it."
Q104,S2,supported,['slipping'],slipping,TRUE,FALSE,0.85,Gemma-3-27B-it,fact,,,,,,,
Q104,S3,supported,"['cognitive_avoidance', 'slipping']",,TRUE,FALSE,0.85,Gemma-3-27B-it,fact,,,,,,,
Q017,S1,supported,['overconfidence'],overconfidence,FALSE,FALSE,0.7,Gemma-3-27B-it,fact,,,,,,,
Q017,S2,supported,['slipping'],slipping,FALSE,FALSE,0.85,Gemma-3-27B-it,fact,,,,,,,
Q141,S1,supported,['cognitive_avoidance'],cognitive_avoidance,FALSE,FALSE,0.9,Gemma-3-27B-it,fact,,,,,,,
Q141,S2,supported,['slipping'],slipping,FALSE,FALSE,0.85,Gemma-3-27B-it,fact,,,,,,,
Q141,S3,supported,"['cognitive_avoidance', 'slipping']",,FALSE,FALSE,0.85,Gemma-3-27B-it,fact,,,,,,,
Q030,S1,partial, the student's cumulative accuracy on this skill was 0%. On attempt 1, and took 0.22 times their own average response time. On attempt 3, the student answered incorrectly, used 3 hints, and took 0.10 times their own average response time. On attempt 4, the student answered incorrectly, used 4 hints,FALSE,FALSE,0.95,Gemma-3-27B-it,fact,supported,"The fact explicitly states the student experienced unproductive frustration. The sentence states the student *exhibits signs* of it, which is a reasonable and entailed observation given the fact."
Q030,S2,supported,['unproductive_frustration'],unproductive_frustration,FALSE,FALSE,0.9,Gemma-3-27B-it,fact,,,,,,,
Q035,S1,supported,['confidence_triad'],confidence_triad,TRUE,FALSE,0.85,Gemma-3-27B-it,fact,,,,,,,
Q035,S2,supported,['confidence_triad'],confidence_triad,TRUE,FALSE,0.9,Gemma-3-27B-it,fact,,,,,,,
Q035,S3,unsupported,['confidence_triad'],confidence_triad,TRUE,FALSE,0.9,Gemma-3-27B-it,fact,,,,,,,
Q122,S1,unsupported,['cognitive_avoidance'],cognitive_avoidance,FALSE,FALSE,0.95,Gemma-3-27B-it,fact,,,,,,,
Q122,S3,supported,['cognitive_avoidance'],cognitive_avoidance,FALSE,FALSE,0.85,Gemma-3-27B-it,fact,,,,,,,
Q062,S1,unsupported,['cognitive_avoidance'],cognitive_avoidance,FALSE,FALSE,0.85,Gemma-3-27B-it,fact,,,,,,,
Q127,S1,partial,['overconfidence'],overconfidence,FALSE,FALSE,0.9,Gemma-3-27B-it,fact,,,,,,,
Q127,S2,unsupported,['overconfidence'],overconfidence,FALSE,FALSE,0.6,Gemma-3-27B-it,fact,,,,,,,
Q127,S3,unsupported,['overconfidence'],overconfidence,FALSE,FALSE,0.9,Gemma-3-27B-it,fact,,,,,,,
Q106,S1,partial,['cognitive_avoidance'],cognitive_avoidance,FALSE,FALSE,0.9,Gemma-3-27B-it,fact,,,,,,,
Q106,S3,supported,['cognitive_avoidance'],cognitive_avoidance,FALSE,FALSE,0.85,Gemma-3-27B-it,fact,,,,,,,
Q132,S1,unsupported,['cognitive_avoidance'],cognitive_avoidance,FALSE,FALSE,0.95,Gemma-3-27B-it,fact,,,,,,,
Q132,S2,unsupported,['unproductive_frustration'],unproductive_frustration,FALSE,FALSE,0.9,Gemma-3-27B-it,fact,,,,,,,
Q128,S1,unsupported,['productive_struggle'],productive_struggle,FALSE,FALSE,0.9,Gemma-3-27B-it,fact,,,,,,,
Q128,S2,unsupported,['productive_struggle'],productive_struggle,FALSE,FALSE,0.95,Gemma-3-27B-it,fact,,,,,,,
Q128,S3,unsupported,['productive_struggle'],productive_struggle,FALSE,FALSE,0.75,Gemma-3-27B-it,fact,,,,,,,
Q019,S1,supported,['overconfidence'],overconfidence,FALSE,FALSE,0.6,Gemma-3-27B-it,fact,,,,,,,
Q019,S2,supported,['slipping'],slipping,FALSE,FALSE,0.85,Gemma-3-27B-it,fact,,,,,,,
Q098,S1,unsupported,['cognitive_avoidance'],cognitive_avoidance,FALSE,FALSE,0.95,Gemma-3-27B-it,fact,,,,,,,
Q098,S2,partial,['slipping'],slipping,FALSE,FALSE,0.85,Gemma-3-27B-it,fact,,,,,,,
Q098,S3,partial,['slipping'],slipping,FALSE,FALSE,0.7,Gemma-3-27B-it,fact,,,,,,,
Q016,S1,unsupported,['unproductive_frustration'],unproductive_frustration,FALSE,FALSE,0.95,Gemma-3-27B-it,fact,,,,,,,
Q016,S2,unsupported,['unproductive_frustration'],unproductive_frustration,FALSE,FALSE,0.9,Gemma-3-27B-it,fact,,,,,,,
Q016,S3,unsupported,['unproductive_frustration'],unproductive_frustration,FALSE,FALSE,0.85,Gemma-3-27B-it,fact,,,,,,,
Q089,S1,supported,['overconfidence'],overconfidence,FALSE,FALSE,0.9,Gemma-3-27B-it,fact,,,,,,,
Q089,S2,partial,['slipping'],slipping,FALSE,FALSE,0.1,Gemma-3-27B-it,fact,,,,,,,
Q039,S1,unsupported,['productive_struggle'],productive_struggle,TRUE,FALSE,0.9,Gemma-3-27B-it,fact,,,,,,,
Q006,S1,unsupported,['cognitive_avoidance'],cognitive_avoidance,FALSE,FALSE,0.9,Gemma-3-27B-it,fact,,,,,,,
Q006,S2,unsupported,['unproductive_frustration'],unproductive_frustration,FALSE,FALSE,0.9,Gemma-3-27B-it,fact,,,,,,,
Q006,S3,supported,"['unproductive_frustration', 'cognitive_avoidance']",,FALSE,FALSE,0.9,Gemma-3-27B-it,fact,,,,,,,
Q116,S1,unsupported,[],TRUE,FALSE,0.9,Gemma-3-27B-it,fact,supported,,,,,,,
Q116,S2,unsupported,['cognitive_avoidance'],cognitive_avoidance,TRUE,FALSE,0.95,Gemma-3-27B-it,fact,,,,,,,
Q040,S1,supported,['confidence_triad'],confidence_triad,FALSE,FALSE,0.95,Gemma-3-27B-it,fact,,,,,,,
Q040,S2,unsupported,['confidence_triad'],confidence_triad,FALSE,FALSE,0.85,Gemma-3-27B-it,fact,,,,,,,
Q133,S1,unsupported,['productive_struggle'],productive_struggle,TRUE,FALSE,0.9,Gemma-3-27B-it,fact,,,,,,,
Q133,S2,unsupported,['cognitive_avoidance'],cognitive_avoidance,TRUE,FALSE,0.9,Gemma-3-27B-it,fact,,,,,,,
Q038,S1,unsupported, the student's cumulative accuracy on this skill was 86%. On attempt 1, and took 0.46 times their own average response time. On attempt 3, the student answered correctly, used no hints, and took 0.93 times their own average response time. On attempt 4, the student answered incorrectly, used no hints,FALSE,FALSE,0.95,Gemma-3-27B-it,fact,supported,"The fact states a tendency to avoid difficult problems/help, and the sentence describes avoiding 'challenging tasks' which aligns with 'difficult problems'. The activity context doesn't change the entailment."
Q038,S2,unsupported,['unproductive_frustration'],unproductive_frustration,FALSE,FALSE,0.95,Gemma-3-27B-it,fact,,,,,,,
Q139,S1,partial,['overconfidence'],overconfidence,TRUE,FALSE,0.95,Gemma-3-27B-it,fact,,,,,,,
Q139,S2,partial,['unproductive_frustration'],unproductive_frustration,TRUE,FALSE,0.95,Gemma-3-27B-it,fact,,,,,,,
Q139,S3,unsupported,['slipping'],slipping,TRUE,FALSE,0.7,Gemma-3-27B-it,fact,,,,,,,
Q022,S1,unsupported,[],TRUE,FALSE,0.9,Gemma-3-27B-it,fact,supported,,,,,,,
Q022,S2,partial,[],TRUE,FALSE,0.1,Gemma-3-27B-it,fact,unsupported,,,,,,,
Q022,S3,supported,[],TRUE,FALSE,0.9,Gemma-3-27B-it,fact,supported,,,,,,,
Q005,S1,partial,['productive_struggle'],productive_struggle,FALSE,FALSE,0.9,Gemma-3-27B-it,fact,,,,,,,
Q005,S2,supported,['productive_struggle'],productive_struggle,FALSE,FALSE,0.9,Gemma-3-27B-it,fact,,,,,,,
Q005,S3,partial,['productive_struggle'],productive_struggle,FALSE,FALSE,0.9,Gemma-3-27B-it,fact,,,,,,,
Q070,S1,partial,['cognitive_avoidance'],cognitive_avoidance,FALSE,FALSE,0.9,Gemma-3-27B-it,fact,,,,,,,
Q070,S2,partial,['slipping'],slipping,FALSE,FALSE,0.85,Gemma-3-27B-it,fact,,,,,,,
Q070,S3,unknown,[],FALSE,FALSE,0.6,Gemma-3-27B-it,fact,partial,,,,,,,
Q018,S1,unsupported,['confidence_triad'],confidence_triad,FALSE,FALSE,0.85,Gemma-3-27B-it,fact,,,,,,,
Q018,S2,unsupported,['confidence_triad'],confidence_triad,FALSE,FALSE,0.85,Gemma-3-27B-it,fact,,,,,,,
Q018,S3,unsupported,['confidence_triad'],confidence_triad,FALSE,FALSE,0.9,Gemma-3-27B-it,fact,,,,,,,
Q124,S1,supported,['confidence_triad'],confidence_triad,TRUE,FALSE,0.95,Gemma-3-27B-it,fact,,,,,,,
Q124,S2,unsupported,[],TRUE,FALSE,0.95,Gemma-3-27B-it,fact,supported,,,,,,,
Q042,S1,supported,['confidence_triad'],confidence_triad,FALSE,FALSE,0.9,Gemma-3-27B-it,fact,,,,,,,
Q042,S2,supported,['confidence_triad'],confidence_triad,FALSE,FALSE,0.9,Gemma-3-27B-it,fact,,,,,,,
Q042,S3,supported,['confidence_triad'],confidence_triad,FALSE,FALSE,0.85,Gemma-3-27B-it,fact,,,,,,,
Q046,S1,unsupported,['cognitive_avoidance'],cognitive_avoidance,FALSE,FALSE,0.95,Gemma-3-27B-it,fact,,,,,,,
Q046,S2,partial,['unproductive_frustration'],unproductive_frustration,FALSE,FALSE,0.95,Gemma-3-27B-it,fact,,,,,,,
Q107,S1,unsupported,['productive_struggle'],productive_struggle,FALSE,FALSE,0.85,Gemma-3-27B-it,fact,,,,,,,
Q107,S2,unsupported,['productive_struggle'],productive_struggle,FALSE,FALSE,0.85,Gemma-3-27B-it,fact,,,,,,,
Q107,S3,partial,['productive_struggle'],productive_struggle,FALSE,FALSE,0.75,Gemma-3-27B-it,fact,,,,,,,
Q096,S1,unsupported,['productive_struggle'],productive_struggle,TRUE,FALSE,0.85,Gemma-3-27B-it,fact,,,,,,,
Q096,S2,unsupported,['cognitive_avoidance'],cognitive_avoidance,TRUE,FALSE,0.9,Gemma-3-27B-it,fact,,,,,,,
Q083,S1,unsupported,['productive_struggle'],productive_struggle,FALSE,FALSE,0.9,Gemma-3-27B-it,fact,,,,,,,
Q083,S2,unsupported,['cognitive_avoidance'],cognitive_avoidance,FALSE,FALSE,0.9,Gemma-3-27B-it,fact,,,,,,,
Q083,S3,unsupported,"['productive_struggle', 'cognitive_avoidance']",,FALSE,FALSE,0.9,Gemma-3-27B-it,fact,,,,,,,
Q138,S1,supported,['cognitive_avoidance'],cognitive_avoidance,FALSE,FALSE,0.9,Gemma-3-27B-it,fact,,,,,,,
Q138,S2,supported,['slipping'],slipping,FALSE,FALSE,0.85,Gemma-3-27B-it,fact,,,,,,,
Q102,S1,supported,['overconfidence'],overconfidence,TRUE,FALSE,0.9,Gemma-3-27B-it,fact,,,,,,,
Q102,S2,unsupported,['overconfidence'],overconfidence,TRUE,FALSE,0.85,Gemma-3-27B-it,fact,,,,,,,
Q102,S3,unsupported,['overconfidence'],overconfidence,TRUE,FALSE,0.95,Gemma-3-27B-it,fact,,,,,,,
Q099,S1,partial,['cognitive_avoidance'],cognitive_avoidance,FALSE,FALSE,0.8,Gemma-3-27B-it,record,,,,,,,
Q099,S2,partial,['cognitive_avoidance'],cognitive_avoidance,FALSE,FALSE,0.6,Gemma-3-27B-it,record,,,,,,,
Q099,S3,supported,['cognitive_avoidance'],cognitive_avoidance,FALSE,FALSE,0.85,Gemma-3-27B-it,record,,,,,,,
Q054,S1,supported,['cognitive_avoidance'],cognitive_avoidance,FALSE,FALSE,0.6,Gemma-3-27B-it,record,,,,,,,
Q054,S2,partial,['slipping'],slipping,FALSE,FALSE,0.9,Gemma-3-27B-it,record,,,,,,,
Q054,S3,supported,['slipping'],slipping,FALSE,FALSE,0.7,Gemma-3-27B-it,record,,,,,,,
Q053,S1,supported,['confidence_triad'],confidence_triad,FALSE,FALSE,0.85,Gemma-3-27B-it,record,,,,,,,
Q053,S2,unsupported,[],FALSE,FALSE,0.6,Gemma-3-27B-it,record,partial,,,,,,,
Q053,S3,unsupported,['cognitive_avoidance'],cognitive_avoidance,FALSE,FALSE,0.8,Gemma-3-27B-it,record,,,,,,,
Q117,S1,supported,['overconfidence'],overconfidence,FALSE,FALSE,0.8,Gemma-3-27B-it,record,,,,,,,
Q117,S2,partial,['slipping'],slipping,FALSE,FALSE,0.8,Gemma-3-27B-it,record,,,,,,,
Q131,S1,supported,['overconfidence'],overconfidence,FALSE,FALSE,0.2,Gemma-3-27B-it,record,,,,,,,
Q131,S2,supported,['overconfidence'],overconfidence,FALSE,FALSE,0.1,Gemma-3-27B-it,record,,,,,,,
Q131,S3,unsupported,['unproductive_frustration'],unproductive_frustration,FALSE,FALSE,0.6,Gemma-3-27B-it,record,,,,,,,
Q135,S1,supported,['confidence_triad'],confidence_triad,FALSE,FALSE,0.85,Gemma-3-27B-it,record,,,,,,,
Q135,S2,supported,['confidence_triad'],confidence_triad,FALSE,FALSE,0.85,Gemma-3-27B-it,record,,,,,,,
Q135,S3,supported,['confidence_triad'],confidence_triad,FALSE,FALSE,0.7,Gemma-3-27B-it,record,,,,,,,
Q069,S1,unsupported,['overconfidence'],overconfidence,FALSE,FALSE,0.7,Gemma-3-27B-it,record,,,,,,,
Q069,S2,supported,['unproductive_frustration'],unproductive_frustration,FALSE,FALSE,0.7,Gemma-3-27B-it,record,,,,,,,
Q069,S3,unsupported,['overconfidence'],overconfidence,FALSE,FALSE,0.7,Gemma-3-27B-it,record,,,,,,,
Q025,S1,supported,['unproductive_frustration'],unproductive_frustration,FALSE,FALSE,0.8,Gemma-3-27B-it,record,,,,,,,
Q025,S2,supported,['unproductive_frustration'],unproductive_frustration,FALSE,FALSE,0.9,Gemma-3-27B-it,record,,,,,,,
Q033,S1,partial,['cognitive_avoidance'],cognitive_avoidance,FALSE,FALSE,0.7,Gemma-3-27B-it,record,,,,,,,
Q033,S2,unsupported,[],,FALSE,FALSE,0.1,Gemma-3-27B-it,record,,,,,,,
Q034,S1,unsupported,[],FALSE,FALSE,0.6,Gemma-3-27B-it,record,partial,,,,,,,
Q034,S2,partial,['unproductive_frustration'],unproductive_frustration,FALSE,FALSE,0.6,Gemma-3-27B-it,record,,,,,,,
Q039,S1,unsupported,['productive_struggle'],productive_struggle,TRUE,FALSE,0.7,Gemma-3-27B-it,record,,,,,,,
Q116,S1,unsupported,[],TRUE,FALSE,0.7,Gemma-3-27B-it,record,partial,,,,,,,
Q116,S2,unsupported,['cognitive_avoidance'],cognitive_avoidance,TRUE,FALSE,0.7,Gemma-3-27B-it,record,,,,,,,
Q023,S1,partial,[],,FALSE,TRUE,0.8,Gemma-3-27B-it,record,,,,,,,
Q023,S2,unsuppported,[],,FALSE,TRUE,0.85,Gemma-3-27B-it,record,,,,,,,
Q023,S3,supported,[],,FALSE,TRUE,0.8,Gemma-3-27B-it,record,,,,,,,
Q023,S4,supported,[],,FALSE,TRUE,0.8,Gemma-3-27B-it,record,,,,,,,
Q011,S1,unsupported,['unproductive_frustration'],unproductive_frustration,FALSE,FALSE,0.8,Gemma-3-27B-it,record,,,,,,,
Q011,S2,unsupported,['unproductive_frustration'],unproductive_frustration,FALSE,FALSE,0.7,Gemma-3-27B-it,record,,,,,,,
Q011,S3,partial,['unproductive_frustration'],unproductive_frustration,FALSE,FALSE,0.85,Gemma-3-27B-it,record,,,,,,,
Q090,S1,unsupported, the student's cumulative accuracy on this skill was 17%. On attempt 1, and took 3.20 times their own average response time. On attempt 3, the student answered correctly, used no hints, and took 0.44 times their own average response time. On attempt 4, the student answered incorrectly, used no hints,FALSE,FALSE,0.7,Gemma-3-27B-it,record,partial,"The student's use of a hint on attempt 2 and the varying response times suggest some engagement, but the overall pattern of incorrect answers, even with quick response times on attempts 1 and 4, could indicate a superficial approach or avoidance of deeper understanding."
Q090,S2,unsupported,['slipping'],slipping,FALSE,FALSE,0.85,Gemma-3-27B-it,record,,,,,,,
Q103,S1,supported,['overconfidence'],overconfidence,FALSE,FALSE,0.8,Gemma-3-27B-it,record,,,,,,,
Q103,S2,supported,['overconfidence'],overconfidence,FALSE,FALSE,0.7,Gemma-3-27B-it,record,,,,,,,
Q103,S3,partial,['overconfidence'],overconfidence,FALSE,FALSE,0.7,Gemma-3-27B-it,record,,,,,,,
Q133,S1,unsupported,['productive_struggle'],productive_struggle,TRUE,FALSE,0.7,Gemma-3-27B-it,record,,,,,,,
Q133,S2,unsupported,['cognitive_avoidance'],cognitive_avoidance,TRUE,FALSE,0.6,Gemma-3-27B-it,record,,,,,,,
Q104,S1,unsupported, the student's cumulative accuracy on this skill was 60%. On attempt 1, and took 2.87 times their own average response time. On attempt 3, the student answered correctly, used no hints, and took 0.58 times their own average response time. On attempt 4, the student answered incorrectly, used no hints,TRUE,FALSE,0.6,Gemma-3-27B-it,record,partial,"The student's response times are highly variable (ranging from 0.58x to 3.70x their average), suggesting inconsistent engagement. While not definitive, this pattern could indicate avoidance of more difficult problems, but also could be due to other factors not captured in the data."
Q104,S2,supported,['slipping'],slipping,TRUE,FALSE,0.85,Gemma-3-27B-it,record,,,,,,,
Q104,S3,supported,"['cognitive_avoidance', 'slipping']",,TRUE,FALSE,0.6,Gemma-3-27B-it,record,,,,,,,
Q018,S1,unsupported,['confidence_triad'],confidence_triad,FALSE,FALSE,0.8,Gemma-3-27B-it,record,,,,,,,
Q018,S2,unsupported,['confidence_triad'],confidence_triad,FALSE,FALSE,0.8,Gemma-3-27B-it,record,,,,,,,
Q018,S3,unsupported,['confidence_triad'],confidence_triad,FALSE,FALSE,0.9,Gemma-3-27B-it,record,,,,,,,
Q115,S1,unsupported,['cognitive_avoidance'],cognitive_avoidance,FALSE,FALSE,0.1,Gemma-3-27B-it,record,,,,,,,
Q115,S2,unsupported,['unproductive_frustration'],unproductive_frustration,FALSE,FALSE,0.6,Gemma-3-27B-it,record,,,,,,,
Q078,S1,unsupported,[],,TRUE,TRUE,0.6,Gemma-3-27B-it,record,,,,,,,
Q078,S2,partial, the student's cumulative accuracy on this skill was 27%. On attempt 1, and took 0.57 times their own average response time. On attempt 3, the student answered incorrectly, used 1 hint, and took 0.51 times their own average response time. On attempt 4, the student answered incorrectly, used 2 hints,TRUE,TRUE,0.6,Gemma-3-27B-it,record,partial,"The student uses a high number of hints across attempts, and the final attempt takes significantly longer, suggesting struggle and potential frustration. However, the record doesn't definitively *prove* unproductive frustration, only indicators of difficulty and reliance on assistance."
Q042,S1,supported,['confidence_triad'],confidence_triad,FALSE,FALSE,0.85,Gemma-3-27B-it,record,,,,,,,
Q042,S2,supported,['confidence_triad'],confidence_triad,FALSE,FALSE,0.8,Gemma-3-27B-it,record,,,,,,,
Q042,S3,supported,['confidence_triad'],confidence_triad,FALSE,FALSE,0.8,Gemma-3-27B-it,record,,,,,,,
Q066,S1,unsupported,[],FALSE,FALSE,0.7,Gemma-3-27B-it,record,partial,,,,,,,
Q066,S2,partial,['overconfidence'],overconfidence,FALSE,FALSE,0.7,Gemma-3-27B-it,record,,,,,,,
Q066,S3,supported,['overconfidence'],overconfidence,FALSE,FALSE,0.85,Gemma-3-27B-it,record,,,,,,,
Q110,S1,unsupported,['cognitive_avoidance'],cognitive_avoidance,TRUE,FALSE,0.1,Gemma-3-27B-it,record,,,,,,,
Q110,S2,partial,['slipping'],slipping,TRUE,FALSE,0.9,Gemma-3-27B-it,record,,,,,,,
Q140,S1,unsupported,['overconfidence'],overconfidence,FALSE,FALSE,0.1,Gemma-3-27B-it,record,,,,,,,
Q140,S2,unsupported,['overconfidence'],overconfidence,FALSE,FALSE,0.7,Gemma-3-27B-it,record,,,,,,,
Q138,S1,supported,['cognitive_avoidance'],cognitive_avoidance,FALSE,FALSE,0.7,Gemma-3-27B-it,record,,,,,,,
Q138,S2,supported,['slipping'],slipping,FALSE,FALSE,0.95,Gemma-3-27B-it,record,,,,,,,
Q020,S1,unsupported,['cognitive_avoidance'],cognitive_avoidance,FALSE,FALSE,0.6,Gemma-3-27B-it,record,,,,,,,
Q020,S2,partial,['slipping'],slipping,FALSE,FALSE,0.85,Gemma-3-27B-it,record,,,,,,,
Q002,S1,supported,['overconfidence'],overconfidence,FALSE,FALSE,0.7,Gemma-3-27B-it,record,,,,,,,
Q002,S2,supported,['slipping'],slipping,FALSE,FALSE,0.85,Gemma-3-27B-it,record,,,,,,,
Q055,S1,supported,['cognitive_avoidance'],cognitive_avoidance,FALSE,FALSE,0.8,Gemma-3-27B-it,record,,,,,,,
Q055,S2,supported,['slipping'],slipping,FALSE,FALSE,0.9,Gemma-3-27B-it,record,,,,,,,
Q123,S1,partial,[],FALSE,FALSE,0.8,Gemma-3-27B-it,record,supported,,,,,,,
Q123,S2,unsupported,['cognitive_avoidance'],cognitive_avoidance,FALSE,FALSE,0.2,Gemma-3-27B-it,record,,,,,,,
Q123,S3,partial,['cognitive_avoidance'],cognitive_avoidance,FALSE,FALSE,0.8,Gemma-3-27B-it,record,,,,,,,
Q037,S1,unsupported,['overconfidence'],overconfidence,TRUE,FALSE,0.7,Gemma-3-27B-it,record,,,,,,,
Q037,S2,unsupported,['overconfidence'],overconfidence,TRUE,FALSE,0.7,Gemma-3-27B-it,record,,,,,,,
Q037,S3,unsupported,['overconfidence'],overconfidence,TRUE,FALSE,0.7,Gemma-3-27B-it,record,,,,,,,
Q037,S4,unsupported,['overconfidence'],overconfidence,TRUE,FALSE,0.6,Gemma-3-27B-it,record,,,,,,,
Q076,S1,unsupported,['cognitive_avoidance'],cognitive_avoidance,TRUE,FALSE,0.6,Gemma-3-27B-it,record,,,,,,,
Q076,S2,partial,['slipping'],slipping,TRUE,FALSE,0.85,Gemma-3-27B-it,record,,,,,,,
Q076,S3,unsupported,"['cognitive_avoidance', 'slipping']",,TRUE,FALSE,0.6,Gemma-3-27B-it,record,,,,,,,
Q016,S1,unsupported,['unproductive_frustration'],unproductive_frustration,FALSE,FALSE,0.7,Gemma-3-27B-it,record,,,,,,,
Q016,S2,unsupported,['unproductive_frustration'],unproductive_frustration,FALSE,FALSE,0.2,Gemma-3-27B-it,record,,,,,,,
Q016,S3,unsupported,['unproductive_frustration'],unproductive_frustration,FALSE,FALSE,0.8,Gemma-3-27B-it,record,,,,,,,
Q059,S1,supported,['overconfidence'],overconfidence,FALSE,FALSE,0.8,Gemma-3-27B-it,record,,,,,,,
Q059,S2,unsupported,['unproductive_frustration'],unproductive_frustration,FALSE,FALSE,0.6,Gemma-3-27B-it,record,,,,,,,
Q059,S3,unsupported,['slipping'],slipping,FALSE,FALSE,0.85,Gemma-3-27B-it,record,,,,,,,
Q089,S1,supported,['overconfidence'],overconfidence,FALSE,FALSE,0.2,Gemma-3-27B-it,record,,,,,,,
Q089,S2,partial,['slipping'],slipping,FALSE,FALSE,0.7,Gemma-3-27B-it,record,,,,,,,
Q086,S1,partial, the student's cumulative accuracy on this skill was 33%. On attempt 1, and took 3.14 times their own average response time. On attempt 3, the student answered incorrectly, used no hints, and took 3.14 times their own average response time. On attempt 4, the student answered incorrectly, used no hints,TRUE,FALSE,0.6,Gemma-3-27B-it,record,partial,"The student's very fast incorrect responses (attempts 1 and 4) suggest potential avoidance, but the significantly longer times on attempts 2 and 3, even with incorrect answers, indicate some engagement with more challenging problems. This mixed pattern only partially supports the claim."
Q086,S2,unsupported,['unproductive_frustration'],unproductive_frustration,TRUE,FALSE,0.7,Gemma-3-27B-it,record,,,,,,,
Q043,S1,supported,['productive_struggle'],productive_struggle,FALSE,FALSE,0.1,Gemma-3-27B-it,record,,,,,,,
Q043,S2,supported,['cognitive_avoidance'],cognitive_avoidance,FALSE,FALSE,0.7,Gemma-3-27B-it,record,,,,,,,
Q043,S3,supported,"['cognitive_avoidance', 'productive_struggle']",,FALSE,FALSE,0.7,Gemma-3-27B-it,record,,,,,,,
Q003,S1,unsupported,['cognitive_avoidance'],cognitive_avoidance,FALSE,FALSE,0.1,Gemma-3-27B-it,record,,,,,,,
Q003,S2,partial,['confidence_triad'],confidence_triad,FALSE,FALSE,0.85,Gemma-3-27B-it,record,,,,,,,
Q003,S3,unsupported,['confidence_triad'],confidence_triad,FALSE,FALSE,0.2,Gemma-3-27B-it,record,,,,,,,
Q125,S1,supported,['cognitive_avoidance'],cognitive_avoidance,FALSE,FALSE,0.7,Gemma-3-27B-it,record,,,,,,,
Q125,S2,unsupported,['slipping'],slipping,FALSE,FALSE,0.8,Gemma-3-27B-it,record,,,,,,,
Q005,S1,partial,['productive_struggle'],productive_struggle,FALSE,FALSE,0.6,Gemma-3-27B-it,record,,,,,,,
Q005,S2,supported,['productive_struggle'],productive_struggle,FALSE,FALSE,0.85,Gemma-3-27B-it,record,,,,,,,
Q005,S3,partial,['productive_struggle'],productive_struggle,FALSE,FALSE,0.6,Gemma-3-27B-it,record,,,,,,,
Q041,S1,supported,['confidence_triad'],confidence_triad,FALSE,FALSE,0.85,Gemma-3-27B-it,record,,,,,,,
Q041,S2,supported,['confidence_triad'],confidence_triad,FALSE,FALSE,0.7,Gemma-3-27B-it,record,,,,,,,
Q041,S3,unsupported,['confidence_triad'],confidence_triad,FALSE,FALSE,0.6,Gemma-3-27B-it,record,,,,,,,
Q070,S1,partial,['cognitive_avoidance'],cognitive_avoidance,FALSE,FALSE,0.7,Gemma-3-27B-it,record,,,,,,,
Q070,S2,partial,['slipping'],slipping,FALSE,FALSE,0.85,Gemma-3-27B-it,record,,,,,,,
Q070,S3,unknown,[],FALSE,FALSE,0.6,Gemma-3-27B-it,record,partial,,,,,,,
Q035,S1,supported,['confidence_triad'],confidence_triad,TRUE,FALSE,0.85,Gemma-3-27B-it,record,,,,,,,
Q035,S2,supported,['confidence_triad'],confidence_triad,TRUE,FALSE,0.7,Gemma-3-27B-it,record,,,,,,,
Q035,S3,unsupported,['confidence_triad'],confidence_triad,TRUE,FALSE,0.7,Gemma-3-27B-it,record,,,,,,,
Q108,S1,partial,['productive_struggle'],productive_struggle,TRUE,FALSE,0.6,Gemma-3-27B-it,record,,,,,,,
Q108,S2,unsupported,['cognitive_avoidance'],cognitive_avoidance,TRUE,FALSE,0.6,Gemma-3-27B-it,record,,,,,,,
Q108,S3,supported,"['cognitive_avoidance', 'productive_struggle']",,TRUE,FALSE,0.7,Gemma-3-27B-it,record,,,,,,,
Q058,S1,unsupported,[],FALSE,TRUE,0.2,Gemma-3-27B-it,record,unsupported,,,,,,,
Q058,S2,partial,[],,FALSE,TRUE,0.7,Gemma-3-27B-it,record,,,,,,,
Q058,S3,supported,[],,FALSE,TRUE,0.85,Gemma-3-27B-it,record,,,,,,,
Q064,S1,supported,['overconfidence'],overconfidence,TRUE,FALSE,0.8,Gemma-3-27B-it,record,,,,,,,
Q124,S1,supported,['confidence_triad'],confidence_triad,TRUE,FALSE,0.85,Gemma-3-27B-it,record,,,,,,,
Q124,S2,unsupported,[],TRUE,FALSE,0.2,Gemma-3-27B-it,record,unsupported,,,,,,,
Q118,S1,supported,['confidence_triad'],confidence_triad,TRUE,FALSE,0.9,Gemma-3-27B-it,record,,,,,,,
Q118,S2,partial,['confidence_triad'],confidence_triad,TRUE,FALSE,0.85,Gemma-3-27B-it,record,,,,,,,
Q118,S3,supported,['confidence_triad'],confidence_triad,TRUE,FALSE,0.85,Gemma-3-27B-it,record,,,,,,,
Q062,S1,unsupported,['cognitive_avoidance'],cognitive_avoidance,FALSE,FALSE,0.6,Gemma-3-27B-it,record,,,,,,,
Q062,S2,unsupported,[],,FALSE,FALSE,0.6,Gemma-3-27B-it,record,,,,,,,
Q119,S1,unsupported,[],FALSE,FALSE,0.2,Gemma-3-27B-it,record,unsupported,,,,,,,
Q119,S2,unsupported,[],FALSE,FALSE,0.3,Gemma-3-27B-it,record,unsupported,,,,,,,
Q119,S3,unsupported,[],FALSE,FALSE,0.2,Gemma-3-27B-it,record,unsupported,,,,,,,
Q080,S1,unsupported,['overconfidence'],overconfidence,FALSE,FALSE,0.2,Gemma-3-27B-it,record,,,,,,,
Q080,S2,supported,['unproductive_frustration'],unproductive_frustration,FALSE,FALSE,0.8,Gemma-3-27B-it,record,,,,,,,
Q080,S3,supported,['slipping'],slipping,FALSE,FALSE,0.9,Gemma-3-27B-it,record,,,,,,,
Q096,S1,unsupported,['productive_struggle'],productive_struggle,TRUE,FALSE,0.1,Gemma-3-27B-it,record,,,,,,,
Q096,S2,unsupported,['cognitive_avoidance'],cognitive_avoidance,TRUE,FALSE,0.7,Gemma-3-27B-it,record,,,,,,,
Q127,S1,partial,['overconfidence'],overconfidence,FALSE,FALSE,0.2,Gemma-3-27B-it,record,,,,,,,
Q127,S2,unsupported,['overconfidence'],overconfidence,FALSE,FALSE,0.1,Gemma-3-27B-it,record,,,,,,,
Q127,S3,unsupported,['overconfidence'],overconfidence,FALSE,FALSE,0.2,Gemma-3-27B-it,record,,,,,,,
Q068,S1,partial,['confidence_triad'],confidence_triad,FALSE,FALSE,0.85,Gemma-3-27B-it,record,,,,,,,
Q068,S2,unknown,['confidence_triad'],confidence_triad,FALSE,FALSE,0.7,Gemma-3-27B-it,record,,,,,,,
Q068,S3,unsupported,['confidence_triad'],confidence_triad,FALSE,FALSE,0.7,Gemma-3-27B-it,record,,,,,,,
Q052,S1,unsupported,['cognitive_avoidance'],cognitive_avoidance,FALSE,FALSE,0.7,Gemma-3-27B-it,record,,,,,,,
Q052,S2,unsupported,[],,FALSE,FALSE,0.6,Gemma-3-27B-it,record,,,,,,,
Q052,S3,unsupported,['cognitive_avoidance'],cognitive_avoidance,FALSE,FALSE,0.7,Gemma-3-27B-it,record,,,,,,,
Q063,S1,partial,[],,FALSE,TRUE,0.7,Gemma-3-27B-it,record,,,,,,,
Q063,S2,unsupported,[],,FALSE,TRUE,0.7,Gemma-3-27B-it,record,,,,,,,
Q134,S1,supported,['overconfidence'],overconfidence,FALSE,FALSE,0.7,Gemma-3-27B-it,record,,,,,,,
Q134,S2,partial,['overconfidence'],overconfidence,FALSE,FALSE,0.7,Gemma-3-27B-it,record,,,,,,,
Q134,S3,partial,['overconfidence'],overconfidence,FALSE,FALSE,0.7,Gemma-3-27B-it,record,,,,,,,
Q092,S1,unsupported,[],,TRUE,TRUE,0.8,Gemma-3-27B-it,record,,,,,,,
Q092,S2,partial, the student's cumulative accuracy on this skill was 50%. On attempt 1, and took 4.25 times their own average response time. On attempt 3, the student answered incorrectly, used no hints, and took 7.31 times their own average response time. On attempt 4, the student answered incorrectly, used no hints,TRUE,TRUE,0.9,Gemma-3-27B-it,record,supported,"The student alternates between correct and incorrect answers, indicating inconsistency. Furthermore, the response times are consistently high, suggesting a struggle with the material despite the initial correct answer."
Q092,S3,unsupported,[],,TRUE,TRUE,0.8,Gemma-3-27B-it,record,,,,,,,
Q128,S1,unsupported,['productive_struggle'],productive_struggle,FALSE,FALSE,0.2,Gemma-3-27B-it,record,,,,,,,
Q128,S2,unsupported,['productive_struggle'],productive_struggle,FALSE,FALSE,0.7,Gemma-3-27B-it,record,,,,,,,
Q128,S3,unsupported,['productive_struggle'],productive_struggle,FALSE,FALSE,0.6,Gemma-3-27B-it,record,,,,,,,
Q019,S1,supported,['overconfidence'],overconfidence,FALSE,FALSE,0.1,Gemma-3-27B-it,record,,,,,,,
Q019,S2,supported,['slipping'],slipping,FALSE,FALSE,0.85,Gemma-3-27B-it,record,,,,,,,
Q091,S1,unsupported,['cognitive_avoidance'],cognitive_avoidance,FALSE,FALSE,0.2,Gemma-3-27B-it,record,,,,,,,
Q091,S2,unsupported,[],FALSE,FALSE,0.2,Gemma-3-27B-it,record,unsupported,,,,,,,
Q109,S1,partial,[],,FALSE,TRUE,0.85,Gemma-3-27B-it,record,,,,,,,
Q109,S2,supported,[],FALSE,TRUE,0.7,Gemma-3-27B-it,record,partial,,,,,,,
Q109,S3,unsupported,[],FALSE,TRUE,0.7,Gemma-3-27B-it,record,partial,,,,,,,
Q094,S1,unsupported,['productive_struggle'],productive_struggle,TRUE,FALSE,0.1,Gemma-3-27B-it,record,,,,,,,
Q085,S1,unsupported,['overconfidence'],overconfidence,FALSE,FALSE,0.1,Gemma-3-27B-it,record,,,,,,,
Q085,S2,unsupported,['slipping'],slipping,FALSE,FALSE,0.7,Gemma-3-27B-it,record,,,,,,,
Q026,S1,unsupported, the student's cumulative accuracy on this skill was 100%. On attempt 1, and took 0.21 times their own average response time. On attempt 3, the student answered correctly, used no hints," and took 0.35 times their own average response time.""",,TRUE,Gemma-3-27B-it,record,unsupported,"The student already had 100% accuracy on the skill and consistently answered correctly with very fast response times and no hints, suggesting mastery rather than avoidance of challenging material. There's no evidence of reluctance or disengagement.",,,
Q026,S2,unsupported, the student's cumulative accuracy on this skill was 100%. On attempt 1, and took 0.21 times their own average response time. On attempt 3, the student answered correctly, used no hints," and took 0.35 times their own average response time.""",,TRUE,Gemma-3-27B-it,record,unsupported,"The student already had 100% accuracy on the skill and continued to answer correctly with very fast response times, indicating consistent performance rather than a likelihood of errors or inconsistency. The premise doesn't suggest any issues with focus or accuracy.",,,
Q026,S3,unsupported, the student's cumulative accuracy on this skill was 100%. On attempt 1, and took 0.21 times their own average response time. On attempt 3, the student answered correctly, used no hints," and took 0.35 times their own average response time.""",,TRUE,Gemma-3-27B-it,record,unsupported,"The student already had 100% accuracy on the skill and consistently answered correctly with very fast response times, indicating mastery and sustained attention rather than a struggle to maintain it.",,,
Q105,S1,unsupported,['cognitive_avoidance'],cognitive_avoidance,FALSE,FALSE,0.2,Gemma-3-27B-it,record,,,,,,,
Q105,S2,partial,['slipping'],slipping,FALSE,FALSE,0.85,Gemma-3-27B-it,record,,,,,,,
Q044,S1,supported,['cognitive_avoidance'],cognitive_avoidance,FALSE,FALSE,0.6,Gemma-3-27B-it,record,,,,,,,
Q044,S2,supported,['slipping'],slipping,FALSE,FALSE,0.8,Gemma-3-27B-it,record,,,,,,,
Q044,S3,supported,['slipping'],slipping,FALSE,FALSE,0.7,Gemma-3-27B-it,record,,,,,,,
Q045,S1,unsupported,['overconfidence'],overconfidence,TRUE,FALSE,0.2,Gemma-3-27B-it,record,,,,,,,
Q045,S2,unsupported,['unproductive_frustration'],unproductive_frustration,TRUE,FALSE,0.1,Gemma-3-27B-it,record,,,,,,,
Q082,S1,partial,['confidence_triad'],confidence_triad,FALSE,FALSE,0.85,Gemma-3-27B-it,record,,,,,,,
Q082,S2,unsupported,['confidence_triad'],confidence_triad,FALSE,FALSE,0.8,Gemma-3-27B-it,record,,,,,,,
Q082,S3,supported,['confidence_triad'],confidence_triad,FALSE,FALSE,0.9,Gemma-3-27B-it,record,,,,,,,
Q121,S1,partial,['unproductive_frustration'],unproductive_frustration,FALSE,FALSE,0.7,Gemma-3-27B-it,record,,,,,,,
Q121,S2,partial,['unproductive_frustration'],unproductive_frustration,FALSE,FALSE,0.8,Gemma-3-27B-it,record,,,,,,,
Q040,S1,supported,['confidence_triad'],confidence_triad,FALSE,FALSE,0.7,Gemma-3-27B-it,record,,,,,,,
Q040,S2,unsupported,['confidence_triad'],confidence_triad,FALSE,FALSE,0.7,Gemma-3-27B-it,record,,,,,,,
Q077,S1,partial,['overconfidence'],overconfidence,FALSE,FALSE,0.6,Gemma-3-27B-it,record,,,,,,,
Q077,S2,supported,['slipping'],slipping,FALSE,FALSE,0.85,Gemma-3-27B-it,record,,,,,,,
Q097,S1,unsupported,['cognitive_avoidance'],cognitive_avoidance,FALSE,FALSE,0.6,Gemma-3-27B-it,record,,,,,,,
Q097,S2,unknown,['unproductive_frustration'],unproductive_frustration,FALSE,FALSE,0.6,Gemma-3-27B-it,record,,,,,,,
Q050,S1,unsupported,['overconfidence'],overconfidence,TRUE,FALSE,0.1,Gemma-3-27B-it,record,,,,,,,
Q050,S2,unsupported,['overconfidence'],overconfidence,TRUE,FALSE,0.1,Gemma-3-27B-it,record,,,,,,,
Q050,S3,unsupported,['overconfidence'],overconfidence,TRUE,FALSE,0.2,Gemma-3-27B-it,record,,,,,,,
Q139,S1,partial,['overconfidence'],overconfidence,TRUE,FALSE,0.2,Gemma-3-27B-it,record,,,,,,,
Q139,S2,partial,['unproductive_frustration'],unproductive_frustration,TRUE,FALSE,0.8,Gemma-3-27B-it,record,,,,,,,
Q139,S3,unsupported,['slipping'],slipping,TRUE,FALSE,0.85,Gemma-3-27B-it,record,,,,,,,
Q088,S1,unsupported,['productive_struggle'],productive_struggle,FALSE,FALSE,0.6,Gemma-3-27B-it,record,,,,,,,
Q088,S2,unsupported,['productive_struggle'],productive_struggle,FALSE,FALSE,0.8,Gemma-3-27B-it,record,,,,,,,
Q088,S3,partial,['productive_struggle'],productive_struggle,FALSE,FALSE,0.7,Gemma-3-27B-it,record,,,,,,,
Q122,S1,unsupported,['cognitive_avoidance'],cognitive_avoidance,FALSE,FALSE,0.2,Gemma-3-27B-it,record,,,,,,,
Q122,S2,supported,[],,FALSE,FALSE,0.75,Gemma-3-27B-it,record,,,,,,,
Q122,S3,supported,['cognitive_avoidance'],cognitive_avoidance,FALSE,FALSE,0.85,Gemma-3-27B-it,record,,,,,,,
Q012,S1,partial,['cognitive_avoidance'],cognitive_avoidance,FALSE,FALSE,0.6,Gemma-3-27B-it,record,,,,,,,
Q012,S2,unsupported,['slipping'],slipping,FALSE,FALSE,0.8,Gemma-3-27B-it,record,,,,,,,
Q084,S1,unsupported,[],,TRUE,TRUE,0.1,Gemma-3-27B-it,record,,,,,,,
Q084,S2,partial,[],,TRUE,TRUE,0.85,Gemma-3-27B-it,record,,,,,,,
Q100,S1,supported,['confidence_triad'],confidence_triad,FALSE,FALSE,0.8,Gemma-3-27B-it,record,,,,,,,
Q100,S2,partial,['confidence_triad'],confidence_triad,FALSE,FALSE,0.7,Gemma-3-27B-it,record,,,,,,,
Q100,S3,unknown,['confidence_triad'],confidence_triad,FALSE,FALSE,0.7,Gemma-3-27B-it,record,,,,,,,
Q083,S1,unsupported,['productive_struggle'],productive_struggle,FALSE,FALSE,0.6,Gemma-3-27B-it,record,,,,,,,
Q083,S2,unsupported,['cognitive_avoidance'],cognitive_avoidance,FALSE,FALSE,0.8,Gemma-3-27B-it,record,,,,,,,
Q083,S3,unsupported,"['productive_struggle', 'cognitive_avoidance']",,FALSE,FALSE,0.8,Gemma-3-27B-it,record,,,,,,,
Q049,S1,unsupported,['cognitive_avoidance'],cognitive_avoidance,FALSE,FALSE,0.2,Gemma-3-27B-it,record,,,,,,,
Q049,S2,unsupported,['unproductive_frustration'],unproductive_frustration,FALSE,FALSE,0.2,Gemma-3-27B-it,record,,,,,,,
Q049,S3,partial,['slipping'],slipping,FALSE,FALSE,0.2,Gemma-3-27B-it,record,,,,,,,
Q102,S1,supported,['overconfidence'],overconfidence,TRUE,FALSE,0.7,Gemma-3-27B-it,record,,,,,,,
Q102,S2,unsupported,['overconfidence'],overconfidence,TRUE,FALSE,0.2,Gemma-3-27B-it,record,,,,,,,
Q102,S3,unsupported,['overconfidence'],overconfidence,TRUE,FALSE,0.85,Gemma-3-27B-it,record,,,,,,,
Q132,S1,unsupported,['cognitive_avoidance'],cognitive_avoidance,FALSE,FALSE,0.2,Gemma-3-27B-it,record,,,,,,,
Q132,S2,unsupported,['unproductive_frustration'],unproductive_frustration,FALSE,FALSE,0.7,Gemma-3-27B-it,record,,,,,,,
Q014,S1,supported,['confidence_triad'],confidence_triad,TRUE,FALSE,0.7,Gemma-3-27B-it,record,,,,,,,
Q014,S2,partial,['confidence_triad'],confidence_triad,TRUE,FALSE,0.85,Gemma-3-27B-it,record,,,,,,,
Q014,S3,supported,['confidence_triad'],confidence_triad,TRUE,FALSE,0.85,Gemma-3-27B-it,record,,,,,,,
Q136,S1,partial,['cognitive_avoidance'],cognitive_avoidance,FALSE,FALSE,0.6,Gemma-3-27B-it,record,,,,,,,
Q136,S2,partial,['slipping'],slipping,FALSE,FALSE,0.85,Gemma-3-27B-it,record,,,,,,,
Q136,S3,partial,['slipping'],slipping,FALSE,FALSE,0.7,Gemma-3-27B-it,record,,,,,,,
Q098,S1,unsupported,['cognitive_avoidance'],cognitive_avoidance,FALSE,FALSE,0.6,Gemma-3-27B-it,record,,,,,,,
Q098,S2,partial,['slipping'],slipping,FALSE,FALSE,0.7,Gemma-3-27B-it,record,,,,,,,
Q098,S3,partial,['slipping'],slipping,FALSE,FALSE,0.6,Gemma-3-27B-it,record,,,,,,,
Q113,S1,supported,['cognitive_avoidance'],cognitive_avoidance,TRUE,FALSE,0.6,Gemma-3-27B-it,record,,,,,,,
Q113,S2,supported,['slipping'],slipping,TRUE,FALSE,0.85,Gemma-3-27B-it,record,,,,,,,
Q113,S3,unsupported,['slipping'],slipping,TRUE,FALSE,0.7,Gemma-3-27B-it,record,,,,,,,
Q051,S1,unsupported,['cognitive_avoidance'],cognitive_avoidance,TRUE,FALSE,0.1,Gemma-3-27B-it,record,,,,,,,
Q051,S2,unsupported,['cognitive_avoidance'],cognitive_avoidance,TRUE,FALSE,0.8,Gemma-3-27B-it,record,,,,,,,
Q051,S3,unsupported,['cognitive_avoidance'],cognitive_avoidance,TRUE,FALSE,0.6,Gemma-3-27B-it,record,,,,,,,
Q114,S1,partial, the student's cumulative accuracy on this skill was 23%. On attempt 1, and took 0.03 times their own average response time. On attempt 3, the student answered correctly, used 1 hint, and took 1.04 times their own average response time. On attempt 4, the student answered incorrectly, used no hints,TRUE,FALSE,0.2,Gemma-3-27B-it,record,unsupported,"The student used hints on some attempts and didn't on others, and response times varied, but this doesn't definitively indicate avoidance. The student did attempt the problems, even if they weren't always successful."
Q114,S2,partial,['slipping'],slipping,TRUE,FALSE,0.85,Gemma-3-27B-it,record,,,,,,,
Q129,S1,supported,['overconfidence'],overconfidence,FALSE,FALSE,0.1,Gemma-3-27B-it,record,,,,,,,
Q129,S2,partial,['overconfidence'],overconfidence,FALSE,FALSE,0.1,Gemma-3-27B-it,record,,,,,,,
Q129,S3,unsupported,['overconfidence'],overconfidence,FALSE,FALSE,0.1,Gemma-3-27B-it,record,,,,,,,
Q111,S1,supported,['overconfidence'],overconfidence,FALSE,FALSE,0.6,Gemma-3-27B-it,record,,,,,,,
Q111,S2,supported,['overconfidence'],overconfidence,FALSE,FALSE,0.1,Gemma-3-27B-it,record,,,,,,,
Q111,S3,supported,['overconfidence'],overconfidence,FALSE,FALSE,0.75,Gemma-3-27B-it,record,,,,,,,
Q130,S1,partial,[],TRUE,FALSE,0.1,Gemma-3-27B-it,record,unsupported,,,,,,,
Q130,S2,unsupported,['slipping'],slipping,TRUE,FALSE,0.8,Gemma-3-27B-it,record,,,,,,,
Q057,S1,supported,['cognitive_avoidance'],cognitive_avoidance,TRUE,FALSE,0.6,Gemma-3-27B-it,record,,,,,,,
Q057,S2,partial,[],,TRUE,FALSE,0.6,Gemma-3-27B-it,record,,,,,,,
Q006,S1,unsupported,['cognitive_avoidance'],cognitive_avoidance,FALSE,FALSE,0.6,Gemma-3-27B-it,record,,,,,,,
Q006,S2,unsupported,['unproductive_frustration'],unproductive_frustration,FALSE,FALSE,0.6,Gemma-3-27B-it,record,,,,,,,
Q006,S3,supported,"['unproductive_frustration', 'cognitive_avoidance']",,FALSE,FALSE,0.7,Gemma-3-27B-it,record,,,,,,,
Q001,S1,unsupported,['cognitive_avoidance'],cognitive_avoidance,FALSE,FALSE,0.6,Gemma-3-27B-it,record,,,,,,,
Q001,S2,partial,['slipping'],slipping,FALSE,FALSE,0.8,Gemma-3-27B-it,record,,,,,,,
Q001,S3,unknown,"['cognitive_avoidance', 'slipping']",,FALSE,FALSE,0.7,Gemma-3-27B-it,record,,,,,,,
Q048,S1,partial,['productive_struggle'],productive_struggle,FALSE,FALSE,0.1,Gemma-3-27B-it,record,,,,,,,
Q048,S2,unsupported,['cognitive_avoidance'],cognitive_avoidance,FALSE,FALSE,0.6,Gemma-3-27B-it,record,,,,,,,
Q048,S3,unsupported,"['cognitive_avoidance', 'productive_struggle']",,FALSE,FALSE,0.6,Gemma-3-27B-it,record,,,,,,,
Q126,S1,unsupported,['cognitive_avoidance'],cognitive_avoidance,FALSE,FALSE,0.1,Gemma-3-27B-it,record,,,,,,,
Q126,S2,unsupported,['unproductive_frustration'],unproductive_frustration,FALSE,FALSE,0.1,Gemma-3-27B-it,record,,,,,,,
Q017,S1,supported,['overconfidence'],overconfidence,FALSE,FALSE,0.1,Gemma-3-27B-it,record,,,,,,,
Q017,S2,supported,['slipping'],slipping,FALSE,FALSE,0.85,Gemma-3-27B-it,record,,,,,,,
Q061,S1,unsupported,['cognitive_avoidance'],cognitive_avoidance,FALSE,FALSE,0.1,Gemma-3-27B-it,record,,,,,,,
Q061,S2,unsupported,[],,FALSE,FALSE,0.6,Gemma-3-27B-it,record,,,,,,,
Q061,S3,supported,['cognitive_avoidance'],cognitive_avoidance,FALSE,FALSE,0.85,Gemma-3-27B-it,record,,,,,,,
Q022,S1,unsupported,[],TRUE,FALSE,0.8,Gemma-3-27B-it,record,supported,,,,,,,
Q022,S2,partial,[],TRUE,FALSE,0.85,Gemma-3-27B-it,record,supported,,,,,,,
Q022,S3,supported,[],TRUE,FALSE,0.85,Gemma-3-27B-it,record,supported,,,,,,,
Q036,S1,unsupported,[],,FALSE,TRUE,0.1,Gemma-3-27B-it,record,,,,,,,
Q036,S2,unsupported,[],,FALSE,TRUE,0.2,Gemma-3-27B-it,record,,,,,,,
Q101,S1,unsupported,['overconfidence'],overconfidence,FALSE,FALSE,0.7,Gemma-3-27B-it,record,,,,,,,
Q101,S2,partial, the student's cumulative accuracy on this skill was 57%. On attempt 1, and took 1.90 times their own average response time. On attempt 3, the student answered correctly, used no hints, and took 1.14 times their own average response time. On attempt 4, the student answered incorrectly, used no hints,FALSE,FALSE,0.7,Gemma-3-27B-it,record,partial,"The student answered correctly on three out of four attempts, but the response times vary significantly, and the final attempt was incorrect. This suggests some inconsistency which could be due to lapses in attention, but isn't definitively proven by the data."
Q021,S1,supported,[],TRUE,FALSE,0.2,Gemma-3-27B-it,record,unsupported,,,,,,,
Q021,S2,unsupported,['slipping'],slipping,TRUE,FALSE,0.85,Gemma-3-27B-it,record,,,,,,,
Q072,S1,unsupported,[],,FALSE,TRUE,0.1,Gemma-3-27B-it,record,,,,,,,
Q072,S2,unsupported,[],,FALSE,TRUE,0.1,Gemma-3-27B-it,record,,,,,,,
Q072,S3,supported,[],,FALSE,TRUE,0.1,Gemma-3-27B-it,record,,,,,,,
Q120,S1,partial,['cognitive_avoidance'],cognitive_avoidance,FALSE,FALSE,0.6,Gemma-3-27B-it,record,,,,,,,
Q120,S2,partial,['slipping'],slipping,FALSE,FALSE,0.85,Gemma-3-27B-it,record,,,,,,,
Q015,S1,supported,['cognitive_avoidance'],cognitive_avoidance,TRUE,FALSE,0.85,Gemma-3-27B-it,record,,,,,,,
Q015,S2,unsupported,[],,TRUE,FALSE,0.85,Gemma-3-27B-it,record,,,,,,,
Q046,S1,unsupported,['cognitive_avoidance'],cognitive_avoidance,FALSE,FALSE,0.6,Gemma-3-27B-it,record,,,,,,,
Q046,S2,partial,['unproductive_frustration'],unproductive_frustration,FALSE,FALSE,0.6,Gemma-3-27B-it,record,,,,,,,
Q107,S1,unsupported,['productive_struggle'],productive_struggle,FALSE,FALSE,0.1,Gemma-3-27B-it,record,,,,,,,
Q107,S2,unsupported,['productive_struggle'],productive_struggle,FALSE,FALSE,0.6,Gemma-3-27B-it,record,,,,,,,
Q107,S3,partial,['productive_struggle'],productive_struggle,FALSE,FALSE,0.1,Gemma-3-27B-it,record,,,,,,,
Q047,S1,partial,['unproductive_frustration'],unproductive_frustration,TRUE,FALSE,0.6,Gemma-3-27B-it,record,,,,,,,
Q047,S2,supported,['unproductive_frustration'],unproductive_frustration,TRUE,FALSE,0.85,Gemma-3-27B-it,record,,,,,,,
Q047,S3,unsupported,['unproductive_frustration'],unproductive_frustration,TRUE,FALSE,0.6,Gemma-3-27B-it,record,,,,,,,
Q106,S1,partial,['cognitive_avoidance'],cognitive_avoidance,FALSE,FALSE,0.6,Gemma-3-27B-it,record,,,,,,,
Q106,S2,unsupported,[],FALSE,FALSE,0.6,Gemma-3-27B-it,record,partial,,,,,,,
Q106,S3,supported,['cognitive_avoidance'],cognitive_avoidance,FALSE,FALSE,0.8,Gemma-3-27B-it,record,,,,,,,
Q087,S1,unsupported,[],FALSE,FALSE,0.1,Gemma-3-27B-it,record,unsupported,,,,,,,
Q087,S2,unsupported,['productive_struggle'],productive_struggle,FALSE,FALSE,0.6,Gemma-3-27B-it,record,,,,,,,
Q087,S3,unsupported,[],FALSE,FALSE,0.1,Gemma-3-27B-it,record,unsupported,,,,,,,
Q028,S1,partial,['cognitive_avoidance'],cognitive_avoidance,FALSE,FALSE,0.1,Gemma-3-27B-it,record,,,,,,,
Q028,S2,supported,['slipping'],slipping,FALSE,FALSE,0.9,Gemma-3-27B-it,record,,,,,,,
Q075,S1,unsupported,['cognitive_avoidance'],cognitive_avoidance,TRUE,FALSE,0.7,Gemma-3-27B-it,record,,,,,,,
Q075,S2,unsupported,[],,TRUE,FALSE,0.6,Gemma-3-27B-it,record,,,,,,,
Q004,S1,unsupported,[],,FALSE,TRUE,0.1,Gemma-3-27B-it,record,,,,,,,
Q004,S2,unsupported,[],,FALSE,TRUE,0.6,Gemma-3-27B-it,record,,,,,,,
Q004,S3,supported,[],,FALSE,TRUE,0.2,Gemma-3-27B-it,record,,,,,,,
Q031,S1,unsupported,['cognitive_avoidance'],cognitive_avoidance,FALSE,FALSE,0.1,Gemma-3-27B-it,record,,,,,,,
Q031,S2,partial,['cognitive_avoidance'],cognitive_avoidance,FALSE,FALSE,0.1,Gemma-3-27B-it,record,,,,,,,
Q081,S1,unsupported,['unproductive_frustration'],unproductive_frustration,TRUE,FALSE,0.2,Gemma-3-27B-it,record,,,,,,,
Q081,S2,unsupported,['unproductive_frustration'],unproductive_frustration,TRUE,FALSE,0.1,Gemma-3-27B-it,record,,,,,,,
Q081,S3,supported,[],TRUE,FALSE,0.9,Gemma-3-27B-it,record,supported,,,,,,,
Q079,S1,unsupported,['cognitive_avoidance'],cognitive_avoidance,FALSE,FALSE,0.6,Gemma-3-27B-it,record,,,,,,,
Q079,S2,unsupported,['cognitive_avoidance'],cognitive_avoidance,FALSE,FALSE,0.2,Gemma-3-27B-it,record,,,,,,,
Q024,S1,unsupported,[],,FALSE,TRUE,0.1,Gemma-3-27B-it,record,,,,,,,
Q024,S2,unsupported,[],,FALSE,TRUE,0.2,Gemma-3-27B-it,record,,,,,,,
Q056,S1,supported,[],,FALSE,TRUE,0.1,Gemma-3-27B-it,record,,,,,,,
Q056,S2,supported,[],,FALSE,TRUE,0.1,Gemma-3-27B-it,record,,,,,,,
Q027,S1,unsupported,[],,FALSE,TRUE,0.2,Gemma-3-27B-it,record,,,,,,,
Q027,S2,unsupported,[],,FALSE,TRUE,0.7,Gemma-3-27B-it,record,,,,,,,
Q027,S3,supported,[],,FALSE,TRUE,0.6,Gemma-3-27B-it,record,,,,,,,
Q065,S1,partial,[],,FALSE,TRUE,0.2,Gemma-3-27B-it,record,,,,,,,
Q065,S2,unsupported,[],,FALSE,TRUE,0.6,Gemma-3-27B-it,record,,,,,,,
Q013,S1,supported,['overconfidence'],overconfidence,TRUE,FALSE,0.2,Gemma-3-27B-it,record,,,,,,,
Q013,S2,unsupported,['unproductive_frustration'],unproductive_frustration,TRUE,FALSE,0.2,Gemma-3-27B-it,record,,,,,,,
Q013,S3,unsupported,['slipping'],slipping,TRUE,FALSE,0.7,Gemma-3-27B-it,record,,,,,,,
Q137,S1,unsupported,['cognitive_avoidance'],cognitive_avoidance,FALSE,FALSE,0.6,Gemma-3-27B-it,record,,,,,,,
Q137,S2,supported,['slipping'],slipping,FALSE,FALSE,0.85,Gemma-3-27B-it,record,,,,,,,
Q095,S1,partial,['productive_struggle'],productive_struggle,FALSE,FALSE,0.6,Gemma-3-27B-it,record,,,,,,,
Q095,S2,partial,['cognitive_avoidance'],cognitive_avoidance,FALSE,FALSE,0.2,Gemma-3-27B-it,record,,,,,,,
Q095,S3,supported,"['productive_struggle', 'cognitive_avoidance']",,FALSE,FALSE,0.6,Gemma-3-27B-it,record,,,,,,,
Q032,S1,supported,['overconfidence'],overconfidence,FALSE,FALSE,0.85,Gemma-3-27B-it,record,,,,,,,
Q032,S2,supported,['overconfidence'],overconfidence,FALSE,FALSE,0.85,Gemma-3-27B-it,record,,,,,,,
Q032,S3,unknown,['overconfidence'],overconfidence,FALSE,FALSE,0.9,Gemma-3-27B-it,record,,,,,,,
Q112,S1,partial,['cognitive_avoidance'],cognitive_avoidance,TRUE,FALSE,0.6,Gemma-3-27B-it,record,,,,,,,
Q112,S2,supported,['slipping'],slipping,TRUE,FALSE,0.85,Gemma-3-27B-it,record,,,,,,,
Q073,S1,partial,['confidence_triad'],confidence_triad,FALSE,FALSE,1,Gemma-3-27B-it,record,,,,,,,
Q073,S2,supported,['confidence_triad'],confidence_triad,FALSE,FALSE,0.8,Gemma-3-27B-it,record,,,,,,,
Q073,S3,unsupported,['confidence_triad'],confidence_triad,FALSE,FALSE,0.85,Gemma-3-27B-it,record,,,,,,,
Q009,S1,unsupported,[],,FALSE,TRUE,0.1,Gemma-3-27B-it,record,,,,,,,
Q009,S2,unsupported,[],,FALSE,TRUE,0.1,Gemma-3-27B-it,record,,,,,,,
Q009,S3,unsupported,[],,FALSE,TRUE,0.6,Gemma-3-27B-it,record,,,,,,,
Q093,S1,supported,['cognitive_avoidance'],cognitive_avoidance,TRUE,FALSE,0.2,Gemma-3-27B-it,record,,,,,,,
Q093,S2,supported,[],,TRUE,FALSE,0.8,Gemma-3-27B-it,record,,,,,,,
Q093,S3,supported,['cognitive_avoidance'],cognitive_avoidance,TRUE,FALSE,0.85,Gemma-3-27B-it,record,,,,,,,
Q141,S1,supported,['cognitive_avoidance'],cognitive_avoidance,FALSE,FALSE,0.6,Gemma-3-27B-it,record,,,,,,,
Q141,S2,supported,['slipping'],slipping,FALSE,FALSE,0.85,Gemma-3-27B-it,record,,,,,,,
Q141,S3,supported,"['cognitive_avoidance', 'slipping']",,FALSE,FALSE,0.6,Gemma-3-27B-it,record,,,,,,,
Q038,S1,unsupported, the student's cumulative accuracy on this skill was 86%. On attempt 1, and took 0.46 times their own average response time. On attempt 3, the student answered correctly, used no hints, and took 0.93 times their own average response time. On attempt 4, the student answered incorrectly, used no hints,FALSE,FALSE,0.1,Gemma-3-27B-it,record,unsupported,"The student has a high prior accuracy (86%) and answers the first three questions correctly without hints, indicating competence rather than avoidance. The single incorrect answer doesn't suggest a pattern of avoiding challenges."
Q038,S2,unsupported,['unproductive_frustration'],unproductive_frustration,FALSE,FALSE,0.2,Gemma-3-27B-it,record,,,,,,,
Q030,S1,partial, the student's cumulative accuracy on this skill was 0%. On attempt 1, and took 0.22 times their own average response time. On attempt 3, the student answered incorrectly, used 3 hints, and took 0.10 times their own average response time. On attempt 4, the student answered incorrectly, used 4 hints,FALSE,FALSE,0.7,Gemma-3-27B-it,record,supported,"The student consistently uses a high number of hints and fails to answer correctly across all attempts, despite relatively fast response times. This pattern suggests the student is struggling and potentially becoming frustrated with the difficulty, rather than effectively addressing the problem."
Q030,S2,supported,['unproductive_frustration'],unproductive_frustration,FALSE,FALSE,0.9,Gemma-3-27B-it,record,,,,,,,
Q030,S3,supported,[],,FALSE,FALSE,0.9,Gemma-3-27B-it,record,,,,,,,
Q067,S1,unsupported,['productive_struggle'],productive_struggle,FALSE,FALSE,0.7,Gemma-3-27B-it,record,,,,,,,
Q067,S2,unsupported, the student's cumulative accuracy on this skill was 43%. On attempt 1, and took 0.20 times their own average response time. On attempt 3, the student answered correctly, used no hints, and took 0.10 times their own average response time. On attempt 4, the student answered correctly, used 2 hints,FALSE,FALSE,0.2,Gemma-3-27B-it,record,unsupported,"The student used hints on some attempts and achieved correct answers on others, suggesting engagement rather than avoidance of cognitive effort. The quick response times also don't necessarily indicate a preference for easier paths."
Q067,S3,unsupported,"['cognitive_avoidance', 'productive_struggle']",,FALSE,FALSE,0.6,Gemma-3-27B-it,record,,,,,,,
Q008,S1,partial,[],,FALSE,TRUE,0.7,Gemma-3-27B-it,record,,,,,,,
Q008,S2,unsupported,[],,FALSE,TRUE,0.7,Gemma-3-27B-it,record,,,,,,,
Q008,S3,unsupported,[],,FALSE,TRUE,0.6,Gemma-3-27B-it,record,,,,,,,
Q074,S1,unsupported,['cognitive_avoidance'],cognitive_avoidance,TRUE,FALSE,0.2,Gemma-3-27B-it,record,,,,,,,
Q074,S2,unsupported,['unproductive_frustration'],unproductive_frustration,TRUE,FALSE,0.2,Gemma-3-27B-it,record,,,,,,,
Q060,S1,partial,[],,FALSE,TRUE,0.7,Gemma-3-27B-it,record,,,,,,,
Q060,S2,supported,[],,FALSE,TRUE,0.7,Gemma-3-27B-it,record,,,,,,,
Q060,S3,supported,[],,FALSE,TRUE,0.6,Gemma-3-27B-it,record,,,,,,,
Q010,S1,supported,['overconfidence'],overconfidence,TRUE,FALSE,0.2,Gemma-3-27B-it,record,,,,,,,
Q010,S2,partial,['slipping'],slipping,TRUE,FALSE,0.7,Gemma-3-27B-it,record,,,,,,,
