item_id,sentence_id,sentence_text,skill,steps,skill_cum_accuracy,majority_tag,tag_distribution,n_raters,rationale,cited_indicators,invalid_citations,fact_premise_list,fact_premise,missing_facts,record_premise,indicator,is_core,is_negative_control,score,verifier,premise,judge_label,judge_reasoning,auto_entailment,auto_status,is_threshold_governed
Q087,S1,"The student engaged in independent problem-solving despite receiving a hint, indicating a strong sense of initiative.",pythagorean-theorem,"[{'step': 38, 'correct': False, 'hint_count': 3, 'response_time_ratio': 0.4145680953731278}, {'step': 39, 'correct': False, 'hint_count': 3, 'response_time_ratio': 0.527632144407929}, {'step': 40, 'correct': False, 'hint_count': 3, 'response_time_ratio': 0.7537602153421639}, {'step': 41, 'correct': True, 'hint_count': 3, 'response_time_ratio': 0.3015040825188166}]",0.1875,unsupported,unsupported=1,1,R4: 힌트를 많이 사용했음에도 불구하고 오답인 경우가 많으며 문제당 할당한 소요 시간도 짧은 편인 것으로 보아 독립적인 문제 해결을 보이지 않았음,['productive_struggle'],[],"['The student struggled with difficulty while using hints, but ultimately solved the problem through productive effort. productive_struggle is dominant (independent judgment is possible since a hint was used).']","The student struggled with difficulty while using hints, but ultimately solved the problem through productive effort. productive_struggle is dominant (independent judgment is possible since a hint was used).",[],"The student is practicing the skill 'pythagorean-theorem'. Before these attempts, the student's cumulative accuracy on this skill was 19%. On attempt 1, the student answered incorrectly, used 3 hints, and took 0.41 times their own average response time. On attempt 2, the student answered incorrectly, used 3 hints, and took 0.53 times their own average response time. On attempt 3, the student answered incorrectly, used 3 hints, and took 0.75 times their own average response time. On attempt 4, the student answered correctly, used 3 hints, and took 0.30 times their own average response time.",productive_struggle,False,False,0.277099609375,mDeBERTa-v3-base-mnli-xnli,fact,,,0.277099609375,FAIL_NLI,True
Q087,S2,This demonstrates an ability to persist through challenges without immediate external guidance.,pythagorean-theorem,"[{'step': 38, 'correct': False, 'hint_count': 3, 'response_time_ratio': 0.4145680953731278}, {'step': 39, 'correct': False, 'hint_count': 3, 'response_time_ratio': 0.527632144407929}, {'step': 40, 'correct': False, 'hint_count': 3, 'response_time_ratio': 0.7537602153421639}, {'step': 41, 'correct': True, 'hint_count': 3, 'response_time_ratio': 0.3015040825188166}]",0.1875,unsupported,unsupported=1,1,R4: 힌트 의존도가 높으며 힌트를 통해 문제를 해결하려 하기 보다 정답을 바로 제공 받기 원하는 것으로 판단됨. 외부 지도가 필요한 것으로 보임,['productive_struggle'],[],"['The student struggled with difficulty while using hints, but ultimately solved the problem through productive effort. productive_struggle is dominant (independent judgment is possible since a hint was used).']","The student struggled with difficulty while using hints, but ultimately solved the problem through productive effort. productive_struggle is dominant (independent judgment is possible since a hint was used).",[],"The student is practicing the skill 'pythagorean-theorem'. Before these attempts, the student's cumulative accuracy on this skill was 19%. On attempt 1, the student answered incorrectly, used 3 hints, and took 0.41 times their own average response time. On attempt 2, the student answered incorrectly, used 3 hints, and took 0.53 times their own average response time. On attempt 3, the student answered incorrectly, used 3 hints, and took 0.75 times their own average response time. On attempt 4, the student answered correctly, used 3 hints, and took 0.30 times their own average response time.",productive_struggle,False,False,0.08837890625,mDeBERTa-v3-base-mnli-xnli,fact,,,0.08837890625,FAIL_NLI,True
Q087,S3,The level of engagement suggests a willingness to tackle complex tasks on their own.,pythagorean-theorem,"[{'step': 38, 'correct': False, 'hint_count': 3, 'response_time_ratio': 0.4145680953731278}, {'step': 39, 'correct': False, 'hint_count': 3, 'response_time_ratio': 0.527632144407929}, {'step': 40, 'correct': False, 'hint_count': 3, 'response_time_ratio': 0.7537602153421639}, {'step': 41, 'correct': True, 'hint_count': 3, 'response_time_ratio': 0.3015040825188166}]",0.1875,unsupported,unsupported=1,1,R4: 참여 수준은 외부 지도가 필요한 수준임,['productive_struggle'],[],"['The student struggled with difficulty while using hints, but ultimately solved the problem through productive effort. productive_struggle is dominant (independent judgment is possible since a hint was used).']","The student struggled with difficulty while using hints, but ultimately solved the problem through productive effort. productive_struggle is dominant (independent judgment is possible since a hint was used).",[],"The student is practicing the skill 'pythagorean-theorem'. Before these attempts, the student's cumulative accuracy on this skill was 19%. On attempt 1, the student answered incorrectly, used 3 hints, and took 0.41 times their own average response time. On attempt 2, the student answered incorrectly, used 3 hints, and took 0.53 times their own average response time. On attempt 3, the student answered incorrectly, used 3 hints, and took 0.75 times their own average response time. On attempt 4, the student answered correctly, used 3 hints, and took 0.30 times their own average response time.",productive_struggle,False,False,0.0450439453125,mDeBERTa-v3-base-mnli-xnli,fact,,,0.0450439453125,FAIL_NLI,True
Q099,S1,The student may have avoided engaging deeply with the function evaluation task.,evaluating-functions,"[{'step': 516, 'correct': False, 'hint_count': 0, 'response_time_ratio': 1.0865786731778688}, {'step': 517, 'correct': False, 'hint_count': 0, 'response_time_ratio': 0.7350384961615772}, {'step': 518, 'correct': False, 'hint_count': 0, 'response_time_ratio': 0.0639163840314749}, {'step': 519, 'correct': False, 'hint_count': 0, 'response_time_ratio': 0.1917491825186273}]",0.1428571428571428,partial,partial=1,1,,['cognitive_avoidance'],[],['The student showed a tendency to avoid difficult problems or avoid asking for help.'],The student showed a tendency to avoid difficult problems or avoid asking for help.,[],"The student is practicing the skill 'evaluating-functions'. Before these attempts, the student's cumulative accuracy on this skill was 14%. On attempt 1, the student answered incorrectly, used no hints, and took 1.09 times their own average response time. On attempt 2, the student answered incorrectly, used no hints, and took 0.74 times their own average response time. On attempt 3, the student answered incorrectly, used no hints, and took 0.06 times their own average response time. On attempt 4, the student answered incorrectly, used no hints, and took 0.19 times their own average response time.",cognitive_avoidance,False,False,0.001051902770996,mDeBERTa-v3-base-mnli-xnli,fact,,,0.001051902770996,FAIL_NLI,True
Q099,S2,This avoidance could manifest through superficial responses or reluctance to explore complex aspects of the skill.,evaluating-functions,"[{'step': 516, 'correct': False, 'hint_count': 0, 'response_time_ratio': 1.0865786731778688}, {'step': 517, 'correct': False, 'hint_count': 0, 'response_time_ratio': 0.7350384961615772}, {'step': 518, 'correct': False, 'hint_count': 0, 'response_time_ratio': 0.0639163840314749}, {'step': 519, 'correct': False, 'hint_count': 0, 'response_time_ratio': 0.1917491825186273}]",0.1428571428571428,partial,partial=1,1,,['cognitive_avoidance'],[],['The student showed a tendency to avoid difficult problems or avoid asking for help.'],The student showed a tendency to avoid difficult problems or avoid asking for help.,[],"The student is practicing the skill 'evaluating-functions'. Before these attempts, the student's cumulative accuracy on this skill was 14%. On attempt 1, the student answered incorrectly, used no hints, and took 1.09 times their own average response time. On attempt 2, the student answered incorrectly, used no hints, and took 0.74 times their own average response time. On attempt 3, the student answered incorrectly, used no hints, and took 0.06 times their own average response time. On attempt 4, the student answered incorrectly, used no hints, and took 0.19 times their own average response time.",cognitive_avoidance,False,False,0.0113677978515625,mDeBERTa-v3-base-mnli-xnli,fact,,,0.0113677978515625,FAIL_NLI,True
Q099,S3,There appears to be a pattern of disengagement rather than active problem-solving.,evaluating-functions,"[{'step': 516, 'correct': False, 'hint_count': 0, 'response_time_ratio': 1.0865786731778688}, {'step': 517, 'correct': False, 'hint_count': 0, 'response_time_ratio': 0.7350384961615772}, {'step': 518, 'correct': False, 'hint_count': 0, 'response_time_ratio': 0.0639163840314749}, {'step': 519, 'correct': False, 'hint_count': 0, 'response_time_ratio': 0.1917491825186273}]",0.1428571428571428,supported,supported=1,1,,['cognitive_avoidance'],[],['The student showed a tendency to avoid difficult problems or avoid asking for help.'],The student showed a tendency to avoid difficult problems or avoid asking for help.,[],"The student is practicing the skill 'evaluating-functions'. Before these attempts, the student's cumulative accuracy on this skill was 14%. On attempt 1, the student answered incorrectly, used no hints, and took 1.09 times their own average response time. On attempt 2, the student answered incorrectly, used no hints, and took 0.74 times their own average response time. On attempt 3, the student answered incorrectly, used no hints, and took 0.06 times their own average response time. On attempt 4, the student answered incorrectly, used no hints, and took 0.19 times their own average response time.",cognitive_avoidance,False,False,0.98583984375,mDeBERTa-v3-base-mnli-xnli,fact,,,0.98583984375,PASS,True
Q134,S1,The student exhibits a strong sense of certainty in their responses despite potential inaccuracies.,probability,"[{'step': 466, 'correct': False, 'hint_count': 3, 'response_time_ratio': 0.0444230527667711}, {'step': 467, 'correct': True, 'hint_count': 3, 'response_time_ratio': 0.2221152003977516}, {'step': 468, 'correct': False, 'hint_count': 1, 'response_time_ratio': 0.0888460843881742}, {'step': 469, 'correct': False, 'hint_count': 2, 'response_time_ratio': 0.0444230527667711}]",0.3194444444444444,supported,supported=1,1,,['overconfidence'],[],"['The student showed excessive confidence, higher than their actual level of understanding warranted.']","The student showed excessive confidence, higher than their actual level of understanding warranted.",[],"The student is practicing the skill 'probability'. Before these attempts, the student's cumulative accuracy on this skill was 32%. On attempt 1, the student answered incorrectly, used 3 hints, and took 0.04 times their own average response time. On attempt 2, the student answered correctly, used 3 hints, and took 0.22 times their own average response time. On attempt 3, the student answered incorrectly, used 1 hint, and took 0.09 times their own average response time. On attempt 4, the student answered incorrectly, used 2 hints, and took 0.04 times their own average response time.",overconfidence,False,False,0.1448974609375,mDeBERTa-v3-base-mnli-xnli,fact,,,0.1448974609375,FAIL_NLI,True
Q134,S2,The level of confidence appears elevated compared to typical expectations.,probability,"[{'step': 466, 'correct': False, 'hint_count': 3, 'response_time_ratio': 0.0444230527667711}, {'step': 467, 'correct': True, 'hint_count': 3, 'response_time_ratio': 0.2221152003977516}, {'step': 468, 'correct': False, 'hint_count': 1, 'response_time_ratio': 0.0888460843881742}, {'step': 469, 'correct': False, 'hint_count': 2, 'response_time_ratio': 0.0444230527667711}]",0.3194444444444444,partial,partial=1,1,,['overconfidence'],[],"['The student showed excessive confidence, higher than their actual level of understanding warranted.']","The student showed excessive confidence, higher than their actual level of understanding warranted.",[],"The student is practicing the skill 'probability'. Before these attempts, the student's cumulative accuracy on this skill was 32%. On attempt 1, the student answered incorrectly, used 3 hints, and took 0.04 times their own average response time. On attempt 2, the student answered correctly, used 3 hints, and took 0.22 times their own average response time. On attempt 3, the student answered incorrectly, used 1 hint, and took 0.09 times their own average response time. On attempt 4, the student answered incorrectly, used 2 hints, and took 0.04 times their own average response time.",overconfidence,False,False,0.9638671875,mDeBERTa-v3-base-mnli-xnli,fact,,,0.9638671875,PASS,True
Q134,S3,This may indicate a tendency to overestimate their understanding of the material.,probability,"[{'step': 466, 'correct': False, 'hint_count': 3, 'response_time_ratio': 0.0444230527667711}, {'step': 467, 'correct': True, 'hint_count': 3, 'response_time_ratio': 0.2221152003977516}, {'step': 468, 'correct': False, 'hint_count': 1, 'response_time_ratio': 0.0888460843881742}, {'step': 469, 'correct': False, 'hint_count': 2, 'response_time_ratio': 0.0444230527667711}]",0.3194444444444444,partial,partial=1,1,,['overconfidence'],[],"['The student showed excessive confidence, higher than their actual level of understanding warranted.']","The student showed excessive confidence, higher than their actual level of understanding warranted.",[],"The student is practicing the skill 'probability'. Before these attempts, the student's cumulative accuracy on this skill was 32%. On attempt 1, the student answered incorrectly, used 3 hints, and took 0.04 times their own average response time. On attempt 2, the student answered correctly, used 3 hints, and took 0.22 times their own average response time. On attempt 3, the student answered incorrectly, used 1 hint, and took 0.09 times their own average response time. On attempt 4, the student answered incorrectly, used 2 hints, and took 0.04 times their own average response time.",overconfidence,False,False,0.0075340270996093,mDeBERTa-v3-base-mnli-xnli,fact,,,0.0075340270996093,FAIL_NLI,True
Q054,S1,"The student may have avoided engaging deeply with the material, indicating a possible reluctance to confront challenging aspects of the task.",scientific-notation,"[{'step': 379, 'correct': False, 'hint_count': 0, 'response_time_ratio': 0.7223352815358104}, {'step': 380, 'correct': False, 'hint_count': 0, 'response_time_ratio': 0.2626673808348557}]",0.0,supported,supported=1,1,,['cognitive_avoidance'],[],['The student showed a tendency to avoid difficult problems or avoid asking for help.'],The student showed a tendency to avoid difficult problems or avoid asking for help.,[],"The student is practicing the skill 'scientific-notation'. Before these attempts, the student's cumulative accuracy on this skill was 0%. On attempt 1, the student answered incorrectly, used no hints, and took 0.72 times their own average response time. On attempt 2, the student answered incorrectly, used no hints, and took 0.26 times their own average response time.",cognitive_avoidance,False,False,0.0994873046875,mDeBERTa-v3-base-mnli-xnli,fact,,,0.0994873046875,FAIL_NLI,True
Q054,S2,"There is also a likelihood of errors occurring during practice, suggesting inconsistency in applying the skill correctly.",scientific-notation,"[{'step': 379, 'correct': False, 'hint_count': 0, 'response_time_ratio': 0.7223352815358104}, {'step': 380, 'correct': False, 'hint_count': 0, 'response_time_ratio': 0.2626673808348557}]",0.0,partial,partial=1,1,,['slipping'],[],['The student made an unexpected mistake on content they had previously understood well.'],The student made an unexpected mistake on content they had previously understood well.,[],"The student is practicing the skill 'scientific-notation'. Before these attempts, the student's cumulative accuracy on this skill was 0%. On attempt 1, the student answered incorrectly, used no hints, and took 0.72 times their own average response time. On attempt 2, the student answered incorrectly, used no hints, and took 0.26 times their own average response time.",slipping,False,False,0.027801513671875,mDeBERTa-v3-base-mnli-xnli,fact,,,0.027801513671875,FAIL_NLI,True
Q054,S3,This combination may reflect difficulty maintaining focus or understanding key components of the step.,scientific-notation,"[{'step': 379, 'correct': False, 'hint_count': 0, 'response_time_ratio': 0.7223352815358104}, {'step': 380, 'correct': False, 'hint_count': 0, 'response_time_ratio': 0.2626673808348557}]",0.0,supported,supported=1,1,,['slipping'],[],['The student made an unexpected mistake on content they had previously understood well.'],The student made an unexpected mistake on content they had previously understood well.,[],"The student is practicing the skill 'scientific-notation'. Before these attempts, the student's cumulative accuracy on this skill was 0%. On attempt 1, the student answered incorrectly, used no hints, and took 0.72 times their own average response time. On attempt 2, the student answered incorrectly, used no hints, and took 0.26 times their own average response time.",slipping,False,False,0.0051002502441406,mDeBERTa-v3-base-mnli-xnli,fact,,,0.0051002502441406,FAIL_NLI,True
Q053,S1,"The student provided a correct response without seeking assistance, though it remains unclear whether this indicates a deep understanding developed through effort or a chance occurrence.",noskill,"[{'step': 6, 'correct': False, 'hint_count': 0, 'response_time_ratio': 0.8751530001064652}, {'step': 7, 'correct': True, 'hint_count': 0, 'response_time_ratio': 0.1077111383089324}, {'step': 9, 'correct': False, 'hint_count': 0, 'response_time_ratio': 4.476744187311394}, {'step': 10, 'correct': True, 'hint_count': 0, 'response_time_ratio': 0.1952264365692729}]",0.4,supported,supported=1,1,,['confidence_triad'],[],"['The status of this indicator (confidence_triad) is AMBIGUOUS. The student answered correctly without using a hint, but the current data cannot structurally distinguish whether this reflects a correct answer despite low confidence (underconfidence), a correct answer after productive struggle (productive_struggle), or a lucky guess (lucky_guess). (Note: confidence is high, so the signal leans slightly toward productive struggle.)']","The status of this indicator (confidence_triad) is AMBIGUOUS. The student answered correctly without using a hint, but the current data cannot structurally distinguish whether this reflects a correct answer despite low confidence (underconfidence), a correct answer after productive struggle (productive_struggle), or a lucky guess (lucky_guess). (Note: confidence is high, so the signal leans slightly toward productive struggle.)",[],"The student is practicing the skill 'noskill'. Before these attempts, the student's cumulative accuracy on this skill was 40%. On attempt 1, the student answered incorrectly, used no hints, and took 0.88 times their own average response time. On attempt 2, the student answered correctly, used no hints, and took 0.11 times their own average response time. On attempt 3, the student answered incorrectly, used no hints, and took 4.48 times their own average response time. On attempt 4, the student answered correctly, used no hints, and took 0.20 times their own average response time.",confidence_triad,False,False,0.7587890625,mDeBERTa-v3-base-mnli-xnli,fact,,,0.7587890625,PASS,True
Q053,S2,"The student demonstrated a strong inclination to avoid engaging deeply with challenging tasks, as evidenced by their frequent reluctance to attempt problems requiring sustained mental effort.",noskill,"[{'step': 6, 'correct': False, 'hint_count': 0, 'response_time_ratio': 0.8751530001064652}, {'step': 7, 'correct': True, 'hint_count': 0, 'response_time_ratio': 0.1077111383089324}, {'step': 9, 'correct': False, 'hint_count': 0, 'response_time_ratio': 4.476744187311394}, {'step': 10, 'correct': True, 'hint_count': 0, 'response_time_ratio': 0.1952264365692729}]",0.4,unsupported,unsupported=1,1,R5: 어떤 문제가 challenging tasks인지 알 수 있는 근거가 없음. + 오히려 오답한 문제에서 긴 시간을 할애함,['cognitive_avoidance'],[],['The student showed a tendency to avoid difficult problems or avoid asking for help.'],The student showed a tendency to avoid difficult problems or avoid asking for help.,[],"The student is practicing the skill 'noskill'. Before these attempts, the student's cumulative accuracy on this skill was 40%. On attempt 1, the student answered incorrectly, used no hints, and took 0.88 times their own average response time. On attempt 2, the student answered correctly, used no hints, and took 0.11 times their own average response time. On attempt 3, the student answered incorrectly, used no hints, and took 4.48 times their own average response time. On attempt 4, the student answered correctly, used no hints, and took 0.20 times their own average response time.",cognitive_avoidance,False,False,0.0204010009765625,mDeBERTa-v3-base-mnli-xnli,fact,,,0.0204010009765625,FAIL_NLI,True
Q053,S3,There appears to be a notable disconnect between the student’s ability to produce accurate answers and their willingness to engage in the process of working through difficulties.,noskill,"[{'step': 6, 'correct': False, 'hint_count': 0, 'response_time_ratio': 0.8751530001064652}, {'step': 7, 'correct': True, 'hint_count': 0, 'response_time_ratio': 0.1077111383089324}, {'step': 9, 'correct': False, 'hint_count': 0, 'response_time_ratio': 4.476744187311394}, {'step': 10, 'correct': True, 'hint_count': 0, 'response_time_ratio': 0.1952264365692729}]",0.4,unsupported,unsupported=1,1,R5: 오히려 정답인 문제는 적은 시간 투여 + 오답은 많은 노력 투여 여서 notable connect 같음 (진짜 자신이 풀 수 없는 문제만 틀린 느낌),['cognitive_avoidance'],[],['The student showed a tendency to avoid difficult problems or avoid asking for help.'],The student showed a tendency to avoid difficult problems or avoid asking for help.,[],"The student is practicing the skill 'noskill'. Before these attempts, the student's cumulative accuracy on this skill was 40%. On attempt 1, the student answered incorrectly, used no hints, and took 0.88 times their own average response time. On attempt 2, the student answered correctly, used no hints, and took 0.11 times their own average response time. On attempt 3, the student answered incorrectly, used no hints, and took 4.48 times their own average response time. On attempt 4, the student answered correctly, used no hints, and took 0.20 times their own average response time.",cognitive_avoidance,False,False,0.84375,mDeBERTa-v3-base-mnli-xnli,fact,,,0.84375,PASS,True
Q028,S1,The student exhibits signs of avoiding challenging tasks.,noskill,"[{'step': 261, 'correct': False, 'hint_count': 0, 'response_time_ratio': 0.3972765319694143}, {'step': 262, 'correct': False, 'hint_count': 0, 'response_time_ratio': 0.2979573752894475}, {'step': 263, 'correct': True, 'hint_count': 0, 'response_time_ratio': 0.2979573989770608}, {'step': 264, 'correct': False, 'hint_count': 0, 'response_time_ratio': 0.8442126423533014}]",0.296875,partial,partial=1,1,R4: 대체적으로 회피 경향이 보이지만 마지막 문항에서는 비교적 긴 시간을 사용하거나 중간에는 정답도 내는 등의 상황을 보아 부분적 지지 가능성이 있음,['cognitive_avoidance'],[],['The student showed a tendency to avoid difficult problems or avoid asking for help.'],The student showed a tendency to avoid difficult problems or avoid asking for help.,[],"The student is practicing the skill 'noskill'. Before these attempts, the student's cumulative accuracy on this skill was 30%. On attempt 1, the student answered incorrectly, used no hints, and took 0.40 times their own average response time. On attempt 2, the student answered incorrectly, used no hints, and took 0.30 times their own average response time. On attempt 3, the student answered correctly, used no hints, and took 0.30 times their own average response time. On attempt 4, the student answered incorrectly, used no hints, and took 0.84 times their own average response time.",cognitive_avoidance,False,False,0.9970703125,mDeBERTa-v3-base-mnli-xnli,fact,,,0.9970703125,PASS,True
Q028,S2,There is also a noticeable pattern of errors occurring during task execution.,noskill,"[{'step': 261, 'correct': False, 'hint_count': 0, 'response_time_ratio': 0.3972765319694143}, {'step': 262, 'correct': False, 'hint_count': 0, 'response_time_ratio': 0.2979573752894475}, {'step': 263, 'correct': True, 'hint_count': 0, 'response_time_ratio': 0.2979573989770608}, {'step': 264, 'correct': False, 'hint_count': 0, 'response_time_ratio': 0.8442126423533014}]",0.296875,supported,supported=1,1,,['slipping'],[],['The student made an unexpected mistake on content they had previously understood well.'],The student made an unexpected mistake on content they had previously understood well.,[],"The student is practicing the skill 'noskill'. Before these attempts, the student's cumulative accuracy on this skill was 30%. On attempt 1, the student answered incorrectly, used no hints, and took 0.40 times their own average response time. On attempt 2, the student answered incorrectly, used no hints, and took 0.30 times their own average response time. On attempt 3, the student answered correctly, used no hints, and took 0.30 times their own average response time. On attempt 4, the student answered incorrectly, used no hints, and took 0.84 times their own average response time.",slipping,False,False,0.0059585571289062,mDeBERTa-v3-base-mnli-xnli,fact,,,0.0059585571289062,FAIL_NLI,True
Q014,S1,"The student provided a correct response without seeking assistance, yet it remains unclear whether this accuracy stemmed from genuine understanding, persistent effort, or chance.",noskill,"[{'step': 0, 'correct': False, 'hint_count': 1, 'response_time_ratio': 0.7925445644782656}, {'step': 1, 'correct': False, 'hint_count': 0, 'response_time_ratio': 3.2940133832014005}, {'step': 2, 'correct': False, 'hint_count': 0, 'response_time_ratio': 0.4210392911487047}, {'step': 3, 'correct': True, 'hint_count': 0, 'response_time_ratio': 2.5757698662561457}]",0.0,supported,supported=5,5,,['confidence_triad'],[],"['The status of this indicator (confidence_triad) is AMBIGUOUS. The student answered correctly without using a hint, but the current data cannot structurally distinguish whether this reflects a correct answer despite low confidence (underconfidence), a correct answer after productive struggle (productive_struggle), or a lucky guess (lucky_guess). (Confidence is also mid-range, so even the direction of the signal is weak.)']","The status of this indicator (confidence_triad) is AMBIGUOUS. The student answered correctly without using a hint, but the current data cannot structurally distinguish whether this reflects a correct answer despite low confidence (underconfidence), a correct answer after productive struggle (productive_struggle), or a lucky guess (lucky_guess). (Confidence is also mid-range, so even the direction of the signal is weak.)",[],"The student is practicing the skill 'noskill'. Before these attempts, the student's cumulative accuracy on this skill was 0%. On attempt 1, the student answered incorrectly, used 1 hint, and took 0.79 times their own average response time. On attempt 2, the student answered incorrectly, used no hints, and took 3.29 times their own average response time. On attempt 3, the student answered incorrectly, used no hints, and took 0.42 times their own average response time. On attempt 4, the student answered correctly, used no hints, and took 2.58 times their own average response time.",confidence_triad,True,False,0.84521484375,mDeBERTa-v3-base-mnli-xnli,fact,,,0.84521484375,PASS,True
Q014,S2,This outcome does not strongly indicate a particular level of confidence or engagement with the material.,noskill,"[{'step': 0, 'correct': False, 'hint_count': 1, 'response_time_ratio': 0.7925445644782656}, {'step': 1, 'correct': False, 'hint_count': 0, 'response_time_ratio': 3.2940133832014005}, {'step': 2, 'correct': False, 'hint_count': 0, 'response_time_ratio': 0.4210392911487047}, {'step': 3, 'correct': True, 'hint_count': 0, 'response_time_ratio': 2.5757698662561457}]",0.0,partial,partial=3;supported=2,5,,['confidence_triad'],[],"['The status of this indicator (confidence_triad) is AMBIGUOUS. The student answered correctly without using a hint, but the current data cannot structurally distinguish whether this reflects a correct answer despite low confidence (underconfidence), a correct answer after productive struggle (productive_struggle), or a lucky guess (lucky_guess). (Confidence is also mid-range, so even the direction of the signal is weak.)']","The status of this indicator (confidence_triad) is AMBIGUOUS. The student answered correctly without using a hint, but the current data cannot structurally distinguish whether this reflects a correct answer despite low confidence (underconfidence), a correct answer after productive struggle (productive_struggle), or a lucky guess (lucky_guess). (Confidence is also mid-range, so even the direction of the signal is weak.)",[],"The student is practicing the skill 'noskill'. Before these attempts, the student's cumulative accuracy on this skill was 0%. On attempt 1, the student answered incorrectly, used 1 hint, and took 0.79 times their own average response time. On attempt 2, the student answered incorrectly, used no hints, and took 3.29 times their own average response time. On attempt 3, the student answered incorrectly, used no hints, and took 0.42 times their own average response time. On attempt 4, the student answered correctly, used no hints, and took 2.58 times their own average response time.",confidence_triad,True,False,0.85205078125,mDeBERTa-v3-base-mnli-xnli,fact,,,0.85205078125,PASS,True
Q014,S3,The available information does not allow for a clear determination of the underlying factors contributing to the correct answer.,noskill,"[{'step': 0, 'correct': False, 'hint_count': 1, 'response_time_ratio': 0.7925445644782656}, {'step': 1, 'correct': False, 'hint_count': 0, 'response_time_ratio': 3.2940133832014005}, {'step': 2, 'correct': False, 'hint_count': 0, 'response_time_ratio': 0.4210392911487047}, {'step': 3, 'correct': True, 'hint_count': 0, 'response_time_ratio': 2.5757698662561457}]",0.0,supported,supported=5,5,,['confidence_triad'],[],"['The status of this indicator (confidence_triad) is AMBIGUOUS. The student answered correctly without using a hint, but the current data cannot structurally distinguish whether this reflects a correct answer despite low confidence (underconfidence), a correct answer after productive struggle (productive_struggle), or a lucky guess (lucky_guess). (Confidence is also mid-range, so even the direction of the signal is weak.)']","The status of this indicator (confidence_triad) is AMBIGUOUS. The student answered correctly without using a hint, but the current data cannot structurally distinguish whether this reflects a correct answer despite low confidence (underconfidence), a correct answer after productive struggle (productive_struggle), or a lucky guess (lucky_guess). (Confidence is also mid-range, so even the direction of the signal is weak.)",[],"The student is practicing the skill 'noskill'. Before these attempts, the student's cumulative accuracy on this skill was 0%. On attempt 1, the student answered incorrectly, used 1 hint, and took 0.79 times their own average response time. On attempt 2, the student answered incorrectly, used no hints, and took 3.29 times their own average response time. On attempt 3, the student answered incorrectly, used no hints, and took 0.42 times their own average response time. On attempt 4, the student answered correctly, used no hints, and took 2.58 times their own average response time.",confidence_triad,True,False,0.984375,mDeBERTa-v3-base-mnli-xnli,fact,,,0.984375,PASS,True
Q136,S1,"The student may have avoided engaging deeply with the material, indicating a possible reluctance to confront challenging aspects of the task.",mean,"[{'step': 306, 'correct': False, 'hint_count': 0, 'response_time_ratio': 2.096282329570692}, {'step': 307, 'correct': False, 'hint_count': 1, 'response_time_ratio': 0.0607618213572593}, {'step': 308, 'correct': False, 'hint_count': 2, 'response_time_ratio': 0.0911427102983525}, {'step': 309, 'correct': False, 'hint_count': 2, 'response_time_ratio': 1.0329507094232455}]",0.5,partial,partial=1,1,,['cognitive_avoidance'],[],['The student showed a tendency to avoid difficult problems or avoid asking for help.'],The student showed a tendency to avoid difficult problems or avoid asking for help.,[],"The student is practicing the skill 'mean'. Before these attempts, the student's cumulative accuracy on this skill was 50%. On attempt 1, the student answered incorrectly, used no hints, and took 2.10 times their own average response time. On attempt 2, the student answered incorrectly, used 1 hint, and took 0.06 times their own average response time. On attempt 3, the student answered incorrectly, used 2 hints, and took 0.09 times their own average response time. On attempt 4, the student answered incorrectly, used 2 hints, and took 1.03 times their own average response time.",cognitive_avoidance,False,False,0.0994873046875,mDeBERTa-v3-base-mnli-xnli,fact,,,0.0994873046875,FAIL_NLI,True
Q136,S2,"There is also a likelihood of errors occurring during practice, suggesting inconsistency in maintaining focus or accuracy.",mean,"[{'step': 306, 'correct': False, 'hint_count': 0, 'response_time_ratio': 2.096282329570692}, {'step': 307, 'correct': False, 'hint_count': 1, 'response_time_ratio': 0.0607618213572593}, {'step': 308, 'correct': False, 'hint_count': 2, 'response_time_ratio': 0.0911427102983525}, {'step': 309, 'correct': False, 'hint_count': 2, 'response_time_ratio': 1.0329507094232455}]",0.5,partial,partial=1,1,,['slipping'],[],['The student made an unexpected mistake on content they had previously understood well.'],The student made an unexpected mistake on content they had previously understood well.,[],"The student is practicing the skill 'mean'. Before these attempts, the student's cumulative accuracy on this skill was 50%. On attempt 1, the student answered incorrectly, used no hints, and took 2.10 times their own average response time. On attempt 2, the student answered incorrectly, used 1 hint, and took 0.06 times their own average response time. On attempt 3, the student answered incorrectly, used 2 hints, and took 0.09 times their own average response time. On attempt 4, the student answered incorrectly, used 2 hints, and took 1.03 times their own average response time.",slipping,False,False,0.0053596496582031,mDeBERTa-v3-base-mnli-xnli,fact,,,0.0053596496582031,FAIL_NLI,True
Q136,S3,"This combination appears to be, though this is not Certain, related to difficulties in sustaining attention or applying knowledge consistently.",mean,"[{'step': 306, 'correct': False, 'hint_count': 0, 'response_time_ratio': 2.096282329570692}, {'step': 307, 'correct': False, 'hint_count': 1, 'response_time_ratio': 0.0607618213572593}, {'step': 308, 'correct': False, 'hint_count': 2, 'response_time_ratio': 0.0911427102983525}, {'step': 309, 'correct': False, 'hint_count': 2, 'response_time_ratio': 1.0329507094232455}]",0.5,partial,partial=1,1,,['slipping'],[],['The student made an unexpected mistake on content they had previously understood well.'],The student made an unexpected mistake on content they had previously understood well.,[],"The student is practicing the skill 'mean'. Before these attempts, the student's cumulative accuracy on this skill was 50%. On attempt 1, the student answered incorrectly, used no hints, and took 2.10 times their own average response time. On attempt 2, the student answered incorrectly, used 1 hint, and took 0.06 times their own average response time. On attempt 3, the student answered incorrectly, used 2 hints, and took 0.09 times their own average response time. On attempt 4, the student answered incorrectly, used 2 hints, and took 1.03 times their own average response time.",slipping,False,False,0.005706787109375,mDeBERTa-v3-base-mnli-xnli,fact,,,0.005706787109375,FAIL_NLI,True
Q117,S1,The student may have been overly confident in their ability to handle the task.,multiplying-decimals,"[{'step': 438, 'correct': False, 'hint_count': 0, 'response_time_ratio': 0.0510422158764769}, {'step': 439, 'correct': False, 'hint_count': 0, 'response_time_ratio': 0.0510421793813012}, {'step': 440, 'correct': False, 'hint_count': 0, 'response_time_ratio': 0.1020844074568649}, {'step': 441, 'correct': False, 'hint_count': 0, 'response_time_ratio': 0.102084431803996}]",0.2222222222222222,supported,supported=1,1,,['overconfidence'],[],"['The student showed excessive confidence, higher than their actual level of understanding warranted. ']","The student showed excessive confidence, higher than their actual level of understanding warranted. ",[],"The student is practicing the skill 'multiplying-decimals'. Before these attempts, the student's cumulative accuracy on this skill was 22%. On attempt 1, the student answered incorrectly, used no hints, and took 0.05 times their own average response time. On attempt 2, the student answered incorrectly, used no hints, and took 0.05 times their own average response time. On attempt 3, the student answered incorrectly, used no hints, and took 0.10 times their own average response time. On attempt 4, the student answered incorrectly, used no hints, and took 0.10 times their own average response time.",overconfidence,False,False,0.0048103332519531,mDeBERTa-v3-base-mnli-xnli,fact,,,0.0048103332519531,FAIL_NLI,True
Q117,S2,The student may have made errors due to a lack of attention or focus.,multiplying-decimals,"[{'step': 438, 'correct': False, 'hint_count': 0, 'response_time_ratio': 0.0510422158764769}, {'step': 439, 'correct': False, 'hint_count': 0, 'response_time_ratio': 0.0510421793813012}, {'step': 440, 'correct': False, 'hint_count': 0, 'response_time_ratio': 0.1020844074568649}, {'step': 441, 'correct': False, 'hint_count': 0, 'response_time_ratio': 0.102084431803996}]",0.2222222222222222,partial,partial=1,1,"R4: 빠르게 오답 처리를 한 점 등을 통해  주의력이나 집중력 부족일 가능성이 높게 보이나, 스킬 정답률이 22%인 점으로 보아 아예 몰랐을 가능성도 있음",['slipping'],[],['The student made an unexpected mistake on content they had previously understood well. '],The student made an unexpected mistake on content they had previously understood well. ,[],"The student is practicing the skill 'multiplying-decimals'. Before these attempts, the student's cumulative accuracy on this skill was 22%. On attempt 1, the student answered incorrectly, used no hints, and took 0.05 times their own average response time. On attempt 2, the student answered incorrectly, used no hints, and took 0.05 times their own average response time. On attempt 3, the student answered incorrectly, used no hints, and took 0.10 times their own average response time. On attempt 4, the student answered incorrectly, used no hints, and took 0.10 times their own average response time.",slipping,False,False,0.0104522705078125,mDeBERTa-v3-base-mnli-xnli,fact,,,0.0104522705078125,FAIL_NLI,True
Q128,S1,"The student engaged in independent problem-solving despite receiving a hint, indicating a strong capacity for productive struggle.",pattern-finding,"[{'step': 68, 'correct': False, 'hint_count': 2, 'response_time_ratio': 0.3653846154034646}, {'step': 69, 'correct': False, 'hint_count': 2, 'response_time_ratio': 0.1538461538540903}, {'step': 70, 'correct': False, 'hint_count': 2, 'response_time_ratio': 2.3076923039652013}, {'step': 71, 'correct': True, 'hint_count': 2, 'response_time_ratio': 0.5961538554153694}]",0.3684210526315789,unsupported,unsupported=1,1,,['productive_struggle'],[],"['The student struggled with difficulty while using hints, but ultimately solved the problem through productive effort. productive_struggle is dominant (independent judgment is possible since a hint was used).']","The student struggled with difficulty while using hints, but ultimately solved the problem through productive effort. productive_struggle is dominant (independent judgment is possible since a hint was used).",[],"The student is practicing the skill 'pattern-finding'. Before these attempts, the student's cumulative accuracy on this skill was 37%. On attempt 1, the student answered incorrectly, used 2 hints, and took 0.37 times their own average response time. On attempt 2, the student answered incorrectly, used 2 hints, and took 0.15 times their own average response time. On attempt 3, the student answered incorrectly, used 2 hints, and took 2.31 times their own average response time. On attempt 4, the student answered correctly, used 2 hints, and took 0.60 times their own average response time.",productive_struggle,False,False,0.9462890625,mDeBERTa-v3-base-mnli-xnli,fact,,,0.9462890625,PASS,True
Q128,S2,This suggests the student was actively working through challenges rather than relying solely on external guidance.,pattern-finding,"[{'step': 68, 'correct': False, 'hint_count': 2, 'response_time_ratio': 0.3653846154034646}, {'step': 69, 'correct': False, 'hint_count': 2, 'response_time_ratio': 0.1538461538540903}, {'step': 70, 'correct': False, 'hint_count': 2, 'response_time_ratio': 2.3076923039652013}, {'step': 71, 'correct': True, 'hint_count': 2, 'response_time_ratio': 0.5961538554153694}]",0.3684210526315789,unsupported,unsupported=1,1,,['productive_struggle'],[],"['The student struggled with difficulty while using hints, but ultimately solved the problem through productive effort. productive_struggle is dominant (independent judgment is possible since a hint was used).']","The student struggled with difficulty while using hints, but ultimately solved the problem through productive effort. productive_struggle is dominant (independent judgment is possible since a hint was used).",[],"The student is practicing the skill 'pattern-finding'. Before these attempts, the student's cumulative accuracy on this skill was 37%. On attempt 1, the student answered incorrectly, used 2 hints, and took 0.37 times their own average response time. On attempt 2, the student answered incorrectly, used 2 hints, and took 0.15 times their own average response time. On attempt 3, the student answered incorrectly, used 2 hints, and took 2.31 times their own average response time. On attempt 4, the student answered correctly, used 2 hints, and took 0.60 times their own average response time.",productive_struggle,False,False,0.32958984375,mDeBERTa-v3-base-mnli-xnli,fact,,,0.32958984375,FAIL_NLI,True
Q128,S3,The high level of engagement in this process may reflect a deeper commitment to understanding the material.,pattern-finding,"[{'step': 68, 'correct': False, 'hint_count': 2, 'response_time_ratio': 0.3653846154034646}, {'step': 69, 'correct': False, 'hint_count': 2, 'response_time_ratio': 0.1538461538540903}, {'step': 70, 'correct': False, 'hint_count': 2, 'response_time_ratio': 2.3076923039652013}, {'step': 71, 'correct': True, 'hint_count': 2, 'response_time_ratio': 0.5961538554153694}]",0.3684210526315789,unsupported,unsupported=1,1,,['productive_struggle'],[],"['The student struggled with difficulty while using hints, but ultimately solved the problem through productive effort. productive_struggle is dominant (independent judgment is possible since a hint was used).']","The student struggled with difficulty while using hints, but ultimately solved the problem through productive effort. productive_struggle is dominant (independent judgment is possible since a hint was used).",[],"The student is practicing the skill 'pattern-finding'. Before these attempts, the student's cumulative accuracy on this skill was 37%. On attempt 1, the student answered incorrectly, used 2 hints, and took 0.37 times their own average response time. On attempt 2, the student answered incorrectly, used 2 hints, and took 0.15 times their own average response time. On attempt 3, the student answered incorrectly, used 2 hints, and took 2.31 times their own average response time. On attempt 4, the student answered correctly, used 2 hints, and took 0.60 times their own average response time.",productive_struggle,False,False,0.012115478515625,mDeBERTa-v3-base-mnli-xnli,fact,,,0.012115478515625,FAIL_NLI,True
Q075,S1,The student may have avoided engaging deeply with the problem-solving process.,combinatorics,"[{'step': 0, 'correct': False, 'hint_count': 0, 'response_time_ratio': 2.7179487140750185}, {'step': 1, 'correct': False, 'hint_count': 1, 'response_time_ratio': 0.2380684960890965}, {'step': 2, 'correct': False, 'hint_count': 2, 'response_time_ratio': 1.428411014625539}, {'step': 3, 'correct': False, 'hint_count': 2, 'response_time_ratio': 2.3806850045368573}]",0.0,unsupported,unsupported=5,5,"R2: 응답시간도 길고 힌트도 봄 / R4: 긴 응답시간을 소요하며 점차적으로 힌트도 사용하며 문제에 직면하고 해결하려는 모습을 보임. 서술문과 반대되는 행동 기록으로 보이며, unproductive frustration에 가까워 보임 / R5: 힌트사용 + 나름 긴 응답 시간 등을 고려했을 때 회피 성향이 나타난다고 보기 어려움",['cognitive_avoidance'],[],['The student showed a tendency to avoid difficult problems or avoid asking for help.'],The student showed a tendency to avoid difficult problems or avoid asking for help.,[],"The student is practicing the skill 'combinatorics'. Before these attempts, the student's cumulative accuracy on this skill was 0%. On attempt 1, the student answered incorrectly, used no hints, and took 2.72 times their own average response time. On attempt 2, the student answered incorrectly, used 1 hint, and took 0.24 times their own average response time. On attempt 3, the student answered incorrectly, used 2 hints, and took 1.43 times their own average response time. On attempt 4, the student answered incorrectly, used 2 hints, and took 2.38 times their own average response time.",cognitive_avoidance,True,False,0.3671875,mDeBERTa-v3-base-mnli-xnli,fact,,,0.3671875,FAIL_NLI,True
Q019,S1,The student demonstrates a strong sense of confidence in their ability to interpret number lines.,interpreting-numberline,"[{'step': 1121, 'correct': False, 'hint_count': 2, 'response_time_ratio': 0.0653754363571086}, {'step': 1122, 'correct': False, 'hint_count': 3, 'response_time_ratio': 0.0653754052384083}, {'step': 1123, 'correct': True, 'hint_count': 3, 'response_time_ratio': 0.3268770884294424}, {'step': 1124, 'correct': False, 'hint_count': 1, 'response_time_ratio': 0.5230033663820681}]",0.3076923076923077,supported,supported=1,1,,['overconfidence'],[],"['The student showed excessive confidence, higher than their actual level of understanding warranted. ']","The student showed excessive confidence, higher than their actual level of understanding warranted. ",[],"The student is practicing the skill 'interpreting-numberline'. Before these attempts, the student's cumulative accuracy on this skill was 31%. On attempt 1, the student answered incorrectly, used 2 hints, and took 0.07 times their own average response time. On attempt 2, the student answered incorrectly, used 3 hints, and took 0.07 times their own average response time. On attempt 3, the student answered correctly, used 3 hints, and took 0.33 times their own average response time. On attempt 4, the student answered incorrectly, used 1 hint, and took 0.52 times their own average response time.",overconfidence,False,False,0.0004925727844238,mDeBERTa-v3-base-mnli-xnli,fact,,,0.0004925727844238,FAIL_NLI,True
Q019,S2,The student also shows signs of inconsistency in maintaining accurate responses throughout the task.,interpreting-numberline,"[{'step': 1121, 'correct': False, 'hint_count': 2, 'response_time_ratio': 0.0653754363571086}, {'step': 1122, 'correct': False, 'hint_count': 3, 'response_time_ratio': 0.0653754052384083}, {'step': 1123, 'correct': True, 'hint_count': 3, 'response_time_ratio': 0.3268770884294424}, {'step': 1124, 'correct': False, 'hint_count': 1, 'response_time_ratio': 0.5230033663820681}]",0.3076923076923077,supported,supported=1,1,,['slipping'],[],['The student made an unexpected mistake on content they had previously understood well. '],The student made an unexpected mistake on content they had previously understood well. ,[],"The student is practicing the skill 'interpreting-numberline'. Before these attempts, the student's cumulative accuracy on this skill was 31%. On attempt 1, the student answered incorrectly, used 2 hints, and took 0.07 times their own average response time. On attempt 2, the student answered incorrectly, used 3 hints, and took 0.07 times their own average response time. On attempt 3, the student answered correctly, used 3 hints, and took 0.33 times their own average response time. On attempt 4, the student answered incorrectly, used 1 hint, and took 0.52 times their own average response time.",slipping,False,False,0.00323486328125,mDeBERTa-v3-base-mnli-xnli,fact,,,0.00323486328125,FAIL_NLI,True
Q055,S1,The student may have avoided engaging deeply with the problem-solving process.,combinatorics,"[{'step': 336, 'correct': False, 'hint_count': 0, 'response_time_ratio': 0.1331683861436987}, {'step': 337, 'correct': False, 'hint_count': 0, 'response_time_ratio': 0.0951202648074359}, {'step': 338, 'correct': True, 'hint_count': 0, 'response_time_ratio': 0.1331683725415002}, {'step': 339, 'correct': False, 'hint_count': 0, 'response_time_ratio': 0.7419381099457998}]",0.3571428571428571,supported,supported=1,1,,['cognitive_avoidance'],[],['The student showed a tendency to avoid difficult problems or avoid asking for help.'],The student showed a tendency to avoid difficult problems or avoid asking for help.,[],"The student is practicing the skill 'combinatorics'. Before these attempts, the student's cumulative accuracy on this skill was 36%. On attempt 1, the student answered incorrectly, used no hints, and took 0.13 times their own average response time. On attempt 2, the student answered incorrectly, used no hints, and took 0.10 times their own average response time. On attempt 3, the student answered correctly, used no hints, and took 0.13 times their own average response time. On attempt 4, the student answered incorrectly, used no hints, and took 0.74 times their own average response time.",cognitive_avoidance,False,False,0.3671875,mDeBERTa-v3-base-mnli-xnli,fact,,,0.3671875,FAIL_NLI,True
Q055,S2,There appears to be a tendency to make errors during task execution.,combinatorics,"[{'step': 336, 'correct': False, 'hint_count': 0, 'response_time_ratio': 0.1331683861436987}, {'step': 337, 'correct': False, 'hint_count': 0, 'response_time_ratio': 0.0951202648074359}, {'step': 338, 'correct': True, 'hint_count': 0, 'response_time_ratio': 0.1331683725415002}, {'step': 339, 'correct': False, 'hint_count': 0, 'response_time_ratio': 0.7419381099457998}]",0.3571428571428571,supported,supported=1,1,,['slipping'],[],['The student made an unexpected mistake on content they had previously understood well.'],The student made an unexpected mistake on content they had previously understood well.,[],"The student is practicing the skill 'combinatorics'. Before these attempts, the student's cumulative accuracy on this skill was 36%. On attempt 1, the student answered incorrectly, used no hints, and took 0.13 times their own average response time. On attempt 2, the student answered incorrectly, used no hints, and took 0.10 times their own average response time. On attempt 3, the student answered correctly, used no hints, and took 0.13 times their own average response time. On attempt 4, the student answered incorrectly, used no hints, and took 0.74 times their own average response time.",slipping,False,False,0.269287109375,mDeBERTa-v3-base-mnli-xnli,fact,,,0.269287109375,FAIL_NLI,True
Q123,S1,The student may have been avoiding engaging deeply with the problem-solving process.,interpreting-linear-equations,"[{'step': 69, 'correct': False, 'hint_count': 0, 'response_time_ratio': 0.1382974889217744}, {'step': 70, 'correct': False, 'hint_count': 0, 'response_time_ratio': 1.571562371596573}, {'step': 71, 'correct': False, 'hint_count': 1, 'response_time_ratio': 0.2514499828751714}, {'step': 72, 'correct': False, 'hint_count': 1, 'response_time_ratio': 0.8046399355448692}]",0.125,partial,partial=1,1,R4: 문항 70에서는 긴 응답 시간을 사용해 문제를 해결하려고 했음. 다른 문항에서는 전반적으로 짧은 응답시간과 정답률을 통해 회피 성향이 있을 수 있음을 판단함,['cognitive_avoidance'],[],['The student showed a tendency to avoid difficult problems or avoid asking for help.'],The student showed a tendency to avoid difficult problems or avoid asking for help.,[],"The student is practicing the skill 'interpreting-linear-equations'. Before these attempts, the student's cumulative accuracy on this skill was 12%. On attempt 1, the student answered incorrectly, used no hints, and took 0.14 times their own average response time. On attempt 2, the student answered incorrectly, used no hints, and took 1.57 times their own average response time. On attempt 3, the student answered incorrectly, used 1 hint, and took 0.25 times their own average response time. On attempt 4, the student answered incorrectly, used 1 hint, and took 0.80 times their own average response time.",cognitive_avoidance,False,False,0.458251953125,mDeBERTa-v3-base-mnli-xnli,fact,,,0.458251953125,FAIL_NLI,True
Q123,S2,The tendency appears to be evident in their approach to tackling the task.,interpreting-linear-equations,"[{'step': 69, 'correct': False, 'hint_count': 0, 'response_time_ratio': 0.1382974889217744}, {'step': 70, 'correct': False, 'hint_count': 0, 'response_time_ratio': 1.571562371596573}, {'step': 71, 'correct': False, 'hint_count': 1, 'response_time_ratio': 0.2514499828751714}, {'step': 72, 'correct': False, 'hint_count': 1, 'response_time_ratio': 0.8046399355448692}]",0.125,unsupported,unsupported=1,1,R4: 하지만 분명하게 드러난다고 볼 수는 없음. (문항 70이 그 예),['cognitive_avoidance'],[],['The student showed a tendency to avoid difficult problems or avoid asking for help.'],The student showed a tendency to avoid difficult problems or avoid asking for help.,[],"The student is practicing the skill 'interpreting-linear-equations'. Before these attempts, the student's cumulative accuracy on this skill was 12%. On attempt 1, the student answered incorrectly, used no hints, and took 0.14 times their own average response time. On attempt 2, the student answered incorrectly, used no hints, and took 1.57 times their own average response time. On attempt 3, the student answered incorrectly, used 1 hint, and took 0.25 times their own average response time. On attempt 4, the student answered incorrectly, used 1 hint, and took 0.80 times their own average response time.",cognitive_avoidance,False,False,0.342529296875,mDeBERTa-v3-base-mnli-xnli,fact,,,0.342529296875,FAIL_NLI,True
Q123,S3,There is a noticeable lack of effort in applying the required mathematical strategies.,interpreting-linear-equations,"[{'step': 69, 'correct': False, 'hint_count': 0, 'response_time_ratio': 0.1382974889217744}, {'step': 70, 'correct': False, 'hint_count': 0, 'response_time_ratio': 1.571562371596573}, {'step': 71, 'correct': False, 'hint_count': 1, 'response_time_ratio': 0.2514499828751714}, {'step': 72, 'correct': False, 'hint_count': 1, 'response_time_ratio': 0.8046399355448692}]",0.125,partial,partial=1,1,"R4: 응답 시간이 짧아 노력이 부족하다고도 볼 수 있으나, 점차적으로 힌트를 사용하는 것이 노력을 하는 것으로 판단될 수 있음",['cognitive_avoidance'],[],['The student showed a tendency to avoid difficult problems or avoid asking for help.'],The student showed a tendency to avoid difficult problems or avoid asking for help.,[],"The student is practicing the skill 'interpreting-linear-equations'. Before these attempts, the student's cumulative accuracy on this skill was 12%. On attempt 1, the student answered incorrectly, used no hints, and took 0.14 times their own average response time. On attempt 2, the student answered incorrectly, used no hints, and took 1.57 times their own average response time. On attempt 3, the student answered incorrectly, used 1 hint, and took 0.25 times their own average response time. On attempt 4, the student answered incorrectly, used 1 hint, and took 0.80 times their own average response time.",cognitive_avoidance,False,False,0.023590087890625,mDeBERTa-v3-base-mnli-xnli,fact,,,0.023590087890625,FAIL_NLI,True
Q037,S1,The student may have overestimated their ability to perform the task successfully.,symbolization-articulation,"[{'step': 146, 'correct': False, 'hint_count': 1, 'response_time_ratio': 0.2211137617277014}, {'step': 147, 'correct': False, 'hint_count': 1, 'response_time_ratio': 2.21113757895063}, {'step': 148, 'correct': False, 'hint_count': 2, 'response_time_ratio': 0.3390410923533313}, {'step': 149, 'correct': False, 'hint_count': 3, 'response_time_ratio': 0.1768910136275453}]",0.0,unsupported,unsupported=2;partial=2;supported=1,5,,['overconfidence'],[],"['The student showed excessive confidence, higher than their actual level of understanding warranted.']","The student showed excessive confidence, higher than their actual level of understanding warranted.",[],"The student is practicing the skill 'symbolization-articulation'. Before these attempts, the student's cumulative accuracy on this skill was 0%. On attempt 1, the student answered incorrectly, used 1 hint, and took 0.22 times their own average response time. On attempt 2, the student answered incorrectly, used 1 hint, and took 2.21 times their own average response time. On attempt 3, the student answered incorrectly, used 2 hints, and took 0.34 times their own average response time. On attempt 4, the student answered incorrectly, used 3 hints, and took 0.18 times their own average response time.",overconfidence,True,False,0.00750732421875,mDeBERTa-v3-base-mnli-xnli,fact,,,0.00750732421875,FAIL_NLI,True
Q037,S2,This indicates a possible lack of awareness regarding the difficulty of the skill being practiced.,symbolization-articulation,"[{'step': 146, 'correct': False, 'hint_count': 1, 'response_time_ratio': 0.2211137617277014}, {'step': 147, 'correct': False, 'hint_count': 1, 'response_time_ratio': 2.21113757895063}, {'step': 148, 'correct': False, 'hint_count': 2, 'response_time_ratio': 0.3390410923533313}, {'step': 149, 'correct': False, 'hint_count': 3, 'response_time_ratio': 0.1768910136275453}]",0.0,unsupported,unsupported=5,5,"R2: 힌트를 쓴것은 어려움을 인식한 것임 / R4: 전반적으로 overconfidence로 인식 부족이 있을 수 있으나, 힌트를 계속 사용하고 147문항에서 긴 응답시간을 보낸 것 등을 통해 학생이 어려움을 느끼고 인식했을 가능성 또한 볼 수 있음",['overconfidence'],[],"['The student showed excessive confidence, higher than their actual level of understanding warranted.']","The student showed excessive confidence, higher than their actual level of understanding warranted.",[],"The student is practicing the skill 'symbolization-articulation'. Before these attempts, the student's cumulative accuracy on this skill was 0%. On attempt 1, the student answered incorrectly, used 1 hint, and took 0.22 times their own average response time. On attempt 2, the student answered incorrectly, used 1 hint, and took 2.21 times their own average response time. On attempt 3, the student answered incorrectly, used 2 hints, and took 0.34 times their own average response time. On attempt 4, the student answered incorrectly, used 3 hints, and took 0.18 times their own average response time.",overconfidence,True,False,0.0031051635742187,mDeBERTa-v3-base-mnli-xnli,fact,,,0.0031051635742187,FAIL_NLI,True
Q037,S3,There appears to be a tendency to rely on prior knowledge rather than current feedback.,symbolization-articulation,"[{'step': 146, 'correct': False, 'hint_count': 1, 'response_time_ratio': 0.2211137617277014}, {'step': 147, 'correct': False, 'hint_count': 1, 'response_time_ratio': 2.21113757895063}, {'step': 148, 'correct': False, 'hint_count': 2, 'response_time_ratio': 0.3390410923533313}, {'step': 149, 'correct': False, 'hint_count': 3, 'response_time_ratio': 0.1768910136275453}]",0.0,unsupported,unsupported=5,5,R2: 4문항 모두 힌트를 쓴 것을 볼때 이전 지식 의존이라고 보기 어려움 / R4: 행동 기록에서 알 수 없음,['overconfidence'],[],"['The student showed excessive confidence, higher than their actual level of understanding warranted.']","The student showed excessive confidence, higher than their actual level of understanding warranted.",[],"The student is practicing the skill 'symbolization-articulation'. Before these attempts, the student's cumulative accuracy on this skill was 0%. On attempt 1, the student answered incorrectly, used 1 hint, and took 0.22 times their own average response time. On attempt 2, the student answered incorrectly, used 1 hint, and took 2.21 times their own average response time. On attempt 3, the student answered incorrectly, used 2 hints, and took 0.34 times their own average response time. On attempt 4, the student answered incorrectly, used 3 hints, and took 0.18 times their own average response time.",overconfidence,True,False,0.419677734375,mDeBERTa-v3-base-mnli-xnli,fact,,,0.419677734375,FAIL_NLI,True
Q037,S4,The high level of confidence might lead to less attention given to corrective guidance.,symbolization-articulation,"[{'step': 146, 'correct': False, 'hint_count': 1, 'response_time_ratio': 0.2211137617277014}, {'step': 147, 'correct': False, 'hint_count': 1, 'response_time_ratio': 2.21113757895063}, {'step': 148, 'correct': False, 'hint_count': 2, 'response_time_ratio': 0.3390410923533313}, {'step': 149, 'correct': False, 'hint_count': 3, 'response_time_ratio': 0.1768910136275453}]",0.0,unsupported,unsupported=5,5,R2: 힌트를 많이 사용한 것을 볼때 교정 지도를 적극 활용함 / R3: 의 진술문이 행동기록으로 도출될 수 있는 것인지 모르겠습니다 / R4: 행동 기록에서 알 수 없음,['overconfidence'],[],"['The student showed excessive confidence, higher than their actual level of understanding warranted.']","The student showed excessive confidence, higher than their actual level of understanding warranted.",[],"The student is practicing the skill 'symbolization-articulation'. Before these attempts, the student's cumulative accuracy on this skill was 0%. On attempt 1, the student answered incorrectly, used 1 hint, and took 0.22 times their own average response time. On attempt 2, the student answered incorrectly, used 1 hint, and took 2.21 times their own average response time. On attempt 3, the student answered incorrectly, used 2 hints, and took 0.34 times their own average response time. On attempt 4, the student answered incorrectly, used 3 hints, and took 0.18 times their own average response time.",overconfidence,True,False,0.0006308555603027,mDeBERTa-v3-base-mnli-xnli,fact,,,0.0006308555603027,FAIL_NLI,True
Q091,S1,The student exhibits signs of avoiding challenging aspects of the task.,triangle-inequality,"[{'step': 3, 'correct': True, 'hint_count': 0, 'response_time_ratio': 0.1643578924244224}, {'step': 4, 'correct': False, 'hint_count': 0, 'response_time_ratio': 0.9861472631635538}, {'step': 5, 'correct': True, 'hint_count': 0, 'response_time_ratio': 0.6574315306900864}, {'step': 109, 'correct': False, 'hint_count': 0, 'response_time_ratio': 1.2052911286412995}]",0.4,unsupported,unsupported=1,1,R2: 오답은 오히려 0.99·1.21배로 시간을 들임,['cognitive_avoidance'],[],['The student showed a tendency to avoid difficult problems or avoid asking for help.'],The student showed a tendency to avoid difficult problems or avoid asking for help.,[],"The student is practicing the skill 'triangle-inequality'. Before these attempts, the student's cumulative accuracy on this skill was 40%. On attempt 1, the student answered correctly, used no hints, and took 0.16 times their own average response time. On attempt 2, the student answered incorrectly, used no hints, and took 0.99 times their own average response time. On attempt 3, the student answered correctly, used no hints, and took 0.66 times their own average response time. On attempt 4, the student answered incorrectly, used no hints, and took 1.21 times their own average response time.",cognitive_avoidance,False,False,0.99365234375,mDeBERTa-v3-base-mnli-xnli,fact,,,0.99365234375,PASS,True
Q091,S2,The student also shows frustration that does not lead to productive problem-solving.,triangle-inequality,"[{'step': 3, 'correct': True, 'hint_count': 0, 'response_time_ratio': 0.1643578924244224}, {'step': 4, 'correct': False, 'hint_count': 0, 'response_time_ratio': 0.9861472631635538}, {'step': 5, 'correct': True, 'hint_count': 0, 'response_time_ratio': 0.6574315306900864}, {'step': 109, 'correct': False, 'hint_count': 0, 'response_time_ratio': 1.2052911286412995}]",0.4,unsupported,unsupported=1,1,R2: 본문자료만으로는 판단 불가능한 문장임,['unproductive_frustration'],[],['The student experienced unproductive frustration amid repeated failures or difficulty.'],The student experienced unproductive frustration amid repeated failures or difficulty.,[],"The student is practicing the skill 'triangle-inequality'. Before these attempts, the student's cumulative accuracy on this skill was 40%. On attempt 1, the student answered correctly, used no hints, and took 0.16 times their own average response time. On attempt 2, the student answered incorrectly, used no hints, and took 0.99 times their own average response time. On attempt 3, the student answered correctly, used no hints, and took 0.66 times their own average response time. On attempt 4, the student answered incorrectly, used no hints, and took 1.21 times their own average response time.",unproductive_frustration,False,False,0.81103515625,mDeBERTa-v3-base-mnli-xnli,fact,,,0.81103515625,PASS,True
Q131,S1,The student exhibits a strong sense of overconfidence in their understanding of probability concepts.,probability,"[{'step': 10, 'correct': False, 'hint_count': 1, 'response_time_ratio': 0.4523281442729168}, {'step': 11, 'correct': False, 'hint_count': 1, 'response_time_ratio': 0.5815647920746816}]",0.0,supported,supported=1,1,,['overconfidence'],[],"['The student showed excessive confidence, higher than their actual level of understanding warranted.']","The student showed excessive confidence, higher than their actual level of understanding warranted.",[],"The student is practicing the skill 'probability'. Before these attempts, the student's cumulative accuracy on this skill was 0%. On attempt 1, the student answered incorrectly, used 1 hint, and took 0.45 times their own average response time. On attempt 2, the student answered incorrectly, used 1 hint, and took 0.58 times their own average response time.",overconfidence,False,False,0.0009140968322753,mDeBERTa-v3-base-mnli-xnli,fact,,,0.0009140968322753,FAIL_NLI,True
Q131,S2,This high level of confidence may lead to less careful consideration of alternative solutions.,probability,"[{'step': 10, 'correct': False, 'hint_count': 1, 'response_time_ratio': 0.4523281442729168}, {'step': 11, 'correct': False, 'hint_count': 1, 'response_time_ratio': 0.5815647920746816}]",0.0,supported,supported=1,1,,['overconfidence'],[],"['The student showed excessive confidence, higher than their actual level of understanding warranted.']","The student showed excessive confidence, higher than their actual level of understanding warranted.",[],"The student is practicing the skill 'probability'. Before these attempts, the student's cumulative accuracy on this skill was 0%. On attempt 1, the student answered incorrectly, used 1 hint, and took 0.45 times their own average response time. On attempt 2, the student answered incorrectly, used 1 hint, and took 0.58 times their own average response time.",overconfidence,False,False,0.0012340545654296,mDeBERTa-v3-base-mnli-xnli,fact,,,0.0012340545654296,FAIL_NLI,True
Q131,S3,"At the same time, there appears to be a notable presence of unproductive frustration during problem-solving tasks.",probability,"[{'step': 10, 'correct': False, 'hint_count': 1, 'response_time_ratio': 0.4523281442729168}, {'step': 11, 'correct': False, 'hint_count': 1, 'response_time_ratio': 0.5815647920746816}]",0.0,unsupported,unsupported=1,1,R4: 행동기록 모두 높은 자신감을 보이며 frustration을 보여주지 않음,['unproductive_frustration'],[],['The student experienced unproductive frustration amid repeated failures or difficulty.'],The student experienced unproductive frustration amid repeated failures or difficulty.,[],"The student is practicing the skill 'probability'. Before these attempts, the student's cumulative accuracy on this skill was 0%. On attempt 1, the student answered incorrectly, used 1 hint, and took 0.45 times their own average response time. On attempt 2, the student answered incorrectly, used 1 hint, and took 0.58 times their own average response time.",unproductive_frustration,False,False,0.272216796875,mDeBERTa-v3-base-mnli-xnli,fact,,,0.272216796875,FAIL_NLI,True
Q031,S1,The student exhibits clear signs of avoiding challenging tasks.,pattern-finding,"[{'step': 270, 'correct': True, 'hint_count': 0, 'response_time_ratio': 0.588102413876751}, {'step': 271, 'correct': True, 'hint_count': 0, 'response_time_ratio': 0.1069277108362986}, {'step': 272, 'correct': False, 'hint_count': 0, 'response_time_ratio': 0.6772088395736666}, {'step': 273, 'correct': False, 'hint_count': 0, 'response_time_ratio': 0.0891064214554496}]",0.6153846153846154,unsupported,unsupported=1,1,,['cognitive_avoidance'],[],['The student showed a tendency to avoid difficult problems or avoid asking for help.'],The student showed a tendency to avoid difficult problems or avoid asking for help.,[],"The student is practicing the skill 'pattern-finding'. Before these attempts, the student's cumulative accuracy on this skill was 62%. On attempt 1, the student answered correctly, used no hints, and took 0.59 times their own average response time. On attempt 2, the student answered correctly, used no hints, and took 0.11 times their own average response time. On attempt 3, the student answered incorrectly, used no hints, and took 0.68 times their own average response time. On attempt 4, the student answered incorrectly, used no hints, and took 0.09 times their own average response time.",cognitive_avoidance,False,False,0.95849609375,mDeBERTa-v3-base-mnli-xnli,fact,,,0.95849609375,PASS,True
Q031,S2,The behavior suggests a preference for simpler activities over more complex ones.,pattern-finding,"[{'step': 270, 'correct': True, 'hint_count': 0, 'response_time_ratio': 0.588102413876751}, {'step': 271, 'correct': True, 'hint_count': 0, 'response_time_ratio': 0.1069277108362986}, {'step': 272, 'correct': False, 'hint_count': 0, 'response_time_ratio': 0.6772088395736666}, {'step': 273, 'correct': False, 'hint_count': 0, 'response_time_ratio': 0.0891064214554496}]",0.6153846153846154,partial,partial=1,1,,['cognitive_avoidance'],[],['The student showed a tendency to avoid difficult problems or avoid asking for help.'],The student showed a tendency to avoid difficult problems or avoid asking for help.,[],"The student is practicing the skill 'pattern-finding'. Before these attempts, the student's cumulative accuracy on this skill was 62%. On attempt 1, the student answered correctly, used no hints, and took 0.59 times their own average response time. On attempt 2, the student answered correctly, used no hints, and took 0.11 times their own average response time. On attempt 3, the student answered incorrectly, used no hints, and took 0.68 times their own average response time. On attempt 4, the student answered incorrectly, used no hints, and took 0.09 times their own average response time.",cognitive_avoidance,False,False,0.95361328125,mDeBERTa-v3-base-mnli-xnli,fact,,,0.95361328125,PASS,True
Q098,S1,"The student may have avoided engaging deeply with complex tasks, indicating a possible reluctance to confront challenging material.",pattern-finding,"[{'step': 62, 'correct': True, 'hint_count': 0, 'response_time_ratio': 0.9558576391755153}, {'step': 281, 'correct': True, 'hint_count': 0, 'response_time_ratio': 0.7965480371979657}, {'step': 303, 'correct': False, 'hint_count': 0, 'response_time_ratio': 0.4551703015082224}, {'step': 304, 'correct': False, 'hint_count': 0, 'response_time_ratio': 0.5462043792884067}]",0.2631578947368421,unsupported,unsupported=1,1,,['cognitive_avoidance'],[],['The student showed a tendency to avoid difficult problems or avoid asking for help.'],The student showed a tendency to avoid difficult problems or avoid asking for help.,[],"The student is practicing the skill 'pattern-finding'. Before these attempts, the student's cumulative accuracy on this skill was 26%. On attempt 1, the student answered correctly, used no hints, and took 0.96 times their own average response time. On attempt 2, the student answered correctly, used no hints, and took 0.80 times their own average response time. On attempt 3, the student answered incorrectly, used no hints, and took 0.46 times their own average response time. On attempt 4, the student answered incorrectly, used no hints, and took 0.55 times their own average response time.",cognitive_avoidance,False,False,0.92236328125,mDeBERTa-v3-base-mnli-xnli,fact,,,0.92236328125,PASS,True
Q098,S2,"There appears to be a noticeable inconsistency in performance across repeated attempts, suggesting difficulty maintaining focus or applying knowledge consistently.",pattern-finding,"[{'step': 62, 'correct': True, 'hint_count': 0, 'response_time_ratio': 0.9558576391755153}, {'step': 281, 'correct': True, 'hint_count': 0, 'response_time_ratio': 0.7965480371979657}, {'step': 303, 'correct': False, 'hint_count': 0, 'response_time_ratio': 0.4551703015082224}, {'step': 304, 'correct': False, 'hint_count': 0, 'response_time_ratio': 0.5462043792884067}]",0.2631578947368421,partial,partial=1,1,,['slipping'],[],['The student made an unexpected mistake on content they had previously understood well.'],The student made an unexpected mistake on content they had previously understood well.,[],"The student is practicing the skill 'pattern-finding'. Before these attempts, the student's cumulative accuracy on this skill was 26%. On attempt 1, the student answered correctly, used no hints, and took 0.96 times their own average response time. On attempt 2, the student answered correctly, used no hints, and took 0.80 times their own average response time. On attempt 3, the student answered incorrectly, used no hints, and took 0.46 times their own average response time. On attempt 4, the student answered incorrectly, used no hints, and took 0.55 times their own average response time.",slipping,False,False,0.05157470703125,mDeBERTa-v3-base-mnli-xnli,fact,,,0.05157470703125,FAIL_NLI,True
Q098,S3,This pattern may reflect an underlying struggle with sustaining attention during extended problem-solving activities.,pattern-finding,"[{'step': 62, 'correct': True, 'hint_count': 0, 'response_time_ratio': 0.9558576391755153}, {'step': 281, 'correct': True, 'hint_count': 0, 'response_time_ratio': 0.7965480371979657}, {'step': 303, 'correct': False, 'hint_count': 0, 'response_time_ratio': 0.4551703015082224}, {'step': 304, 'correct': False, 'hint_count': 0, 'response_time_ratio': 0.5462043792884067}]",0.2631578947368421,partial,partial=1,1,,['slipping'],[],['The student made an unexpected mistake on content they had previously understood well.'],The student made an unexpected mistake on content they had previously understood well.,[],"The student is practicing the skill 'pattern-finding'. Before these attempts, the student's cumulative accuracy on this skill was 26%. On attempt 1, the student answered correctly, used no hints, and took 0.96 times their own average response time. On attempt 2, the student answered correctly, used no hints, and took 0.80 times their own average response time. On attempt 3, the student answered incorrectly, used no hints, and took 0.46 times their own average response time. On attempt 4, the student answered incorrectly, used no hints, and took 0.55 times their own average response time.",slipping,False,False,0.002105712890625,mDeBERTa-v3-base-mnli-xnli,fact,,,0.002105712890625,FAIL_NLI,True
Q076,S1,"The student may have avoided engaging deeply with the material, indicating a possible reluctance to confront challenging aspects of the skill.",area,"[{'step': 14, 'correct': True, 'hint_count': 0, 'response_time_ratio': 1.2270463744029845}, {'step': 16, 'correct': False, 'hint_count': 0, 'response_time_ratio': 0.7749766575176744}, {'step': 17, 'correct': True, 'hint_count': 0, 'response_time_ratio': 0.3229069561318975}, {'step': 19, 'correct': False, 'hint_count': 0, 'response_time_ratio': 0.5489417990750194}]",0.3636363636363636,unsupported,unsupported=4;partial=1,5,"R1: 모든 문제에서 힌트를 사용하지 않았기 때문에 깊이있게 소통했을 가능성도 있으며, 14단계에서는 힌트를 쓰지 않고 평균 시간대비 오래 걸렸기에 깊이있는 소통을 하지 않았다고만 볼 수는 없다 / R2: 응답시간 평범하고 가장 짧은 시간 걸린것은 정답임 / R4: 전체적으로 문항 응답이 모두 짧은 것이 아니고 정답률도 50%이므로 회피라고 보기 어려움",['cognitive_avoidance'],[],['The student showed a tendency to avoid difficult problems or avoid asking for help.'],The student showed a tendency to avoid difficult problems or avoid asking for help.,[],"The student is practicing the skill 'area'. Before these attempts, the student's cumulative accuracy on this skill was 36%. On attempt 1, the student answered correctly, used no hints, and took 1.23 times their own average response time. On attempt 2, the student answered incorrectly, used no hints, and took 0.77 times their own average response time. On attempt 3, the student answered correctly, used no hints, and took 0.32 times their own average response time. On attempt 4, the student answered incorrectly, used no hints, and took 0.55 times their own average response time.",cognitive_avoidance,True,False,0.08197021484375,mDeBERTa-v3-base-mnli-xnli,fact,,,0.08197021484375,FAIL_NLI,True
Q076,S2,"There is also a likelihood of errors occurring during practice sessions, suggesting inconsistency in applying the knowledge.",area,"[{'step': 14, 'correct': True, 'hint_count': 0, 'response_time_ratio': 1.2270463744029845}, {'step': 16, 'correct': False, 'hint_count': 0, 'response_time_ratio': 0.7749766575176744}, {'step': 17, 'correct': True, 'hint_count': 0, 'response_time_ratio': 0.3229069561318975}, {'step': 19, 'correct': False, 'hint_count': 0, 'response_time_ratio': 0.5489417990750194}]",0.3636363636363636,partial,partial=3;unsupported=1;supported=1,5,,['slipping'],[],['The student made an unexpected mistake on content they had previously understood well.'],The student made an unexpected mistake on content they had previously understood well.,[],"The student is practicing the skill 'area'. Before these attempts, the student's cumulative accuracy on this skill was 36%. On attempt 1, the student answered correctly, used no hints, and took 1.23 times their own average response time. On attempt 2, the student answered incorrectly, used no hints, and took 0.77 times their own average response time. On attempt 3, the student answered correctly, used no hints, and took 0.32 times their own average response time. On attempt 4, the student answered incorrectly, used no hints, and took 0.55 times their own average response time.",slipping,True,False,0.0045127868652343,mDeBERTa-v3-base-mnli-xnli,fact,,,0.0045127868652343,FAIL_NLI,True
Q076,S3,"This combination appears to be present, though this is not certain.",area,"[{'step': 14, 'correct': True, 'hint_count': 0, 'response_time_ratio': 1.2270463744029845}, {'step': 16, 'correct': False, 'hint_count': 0, 'response_time_ratio': 0.7749766575176744}, {'step': 17, 'correct': True, 'hint_count': 0, 'response_time_ratio': 0.3229069561318975}, {'step': 19, 'correct': False, 'hint_count': 0, 'response_time_ratio': 0.5489417990750194}]",0.3636363636363636,unsupported,unsupported=2;supported=1;partial=1;unknown=1,5,"R2: 회피쪽 전제가 성립하지 않음 / R4: 맞는 말이긴 하지만, 의미 있는 분석이 아님 / R5: 무슨 말을 하고 싶은 건지 모르겠음","['cognitive_avoidance', 'slipping']",[],"['The student showed a tendency to avoid difficult problems or avoid asking for help.', 'The student made an unexpected mistake on content they had previously understood well.']","The student showed a tendency to avoid difficult problems or avoid asking for help.
The student made an unexpected mistake on content they had previously understood well.",[],"The student is practicing the skill 'area'. Before these attempts, the student's cumulative accuracy on this skill was 36%. On attempt 1, the student answered correctly, used no hints, and took 1.23 times their own average response time. On attempt 2, the student answered incorrectly, used no hints, and took 0.77 times their own average response time. On attempt 3, the student answered correctly, used no hints, and took 0.32 times their own average response time. On attempt 4, the student answered incorrectly, used no hints, and took 0.55 times their own average response time.",,True,False,0.003662109375,mDeBERTa-v3-base-mnli-xnli,fact,,,0.003662109375,FAIL_NLI,True
Q081,S1,The student exhibits signs of unproductive frustration.,noskill,"[{'step': 295, 'correct': True, 'hint_count': 0, 'response_time_ratio': 0.1207070911564016}, {'step': 296, 'correct': True, 'hint_count': 0, 'response_time_ratio': 0.3621213119144166}, {'step': 297, 'correct': False, 'hint_count': 0, 'response_time_ratio': 0.4224748478058726}, {'step': 298, 'correct': False, 'hint_count': 0, 'response_time_ratio': 0.0804713957136957}]",0.6630434782608695,unsupported,unsupported=5,5,R2: 은 근거 없이 비생산적 좌절을 주장 / R4: unproductive frustration은 높은 노력을 전제로 하는데 학생의 응답 시간이 4문항 모두 매우 짧은 것으로 보아 높은 노력을 했다고 보기 힘듦 / R5: 힌트 미사용 + 다소 짧은 응답시간으로 unproductive frustration로 보기 어려움,['unproductive_frustration'],[],['The student experienced unproductive frustration amid repeated failures or difficulty.'],The student experienced unproductive frustration amid repeated failures or difficulty.,[],"The student is practicing the skill 'noskill'. Before these attempts, the student's cumulative accuracy on this skill was 66%. On attempt 1, the student answered correctly, used no hints, and took 0.12 times their own average response time. On attempt 2, the student answered correctly, used no hints, and took 0.36 times their own average response time. On attempt 3, the student answered incorrectly, used no hints, and took 0.42 times their own average response time. On attempt 4, the student answered incorrectly, used no hints, and took 0.08 times their own average response time.",unproductive_frustration,True,False,0.98828125,mDeBERTa-v3-base-mnli-xnli,fact,,,0.98828125,PASS,True
Q081,S2,"This emotion appears to be intense, given the high status level recorded.",noskill,"[{'step': 295, 'correct': True, 'hint_count': 0, 'response_time_ratio': 0.1207070911564016}, {'step': 296, 'correct': True, 'hint_count': 0, 'response_time_ratio': 0.3621213119144166}, {'step': 297, 'correct': False, 'hint_count': 0, 'response_time_ratio': 0.4224748478058726}, {'step': 298, 'correct': False, 'hint_count': 0, 'response_time_ratio': 0.0804713957136957}]",0.6630434782608695,unsupported,unsupported=5,5,R2: 감정관련 내용없음 / R3: 의 감정의 문제를 판단할 수 있는지 모르겠음 / R4: 높은 수준의 강도가 기록되지 않았음에도 기록되었다고 보고 그 것을 기반으로 판단함 / R5: 강한 감정 수준은 제시된 행동 기록에서 확인되지 않음,['unproductive_frustration'],[],['The student experienced unproductive frustration amid repeated failures or difficulty.'],The student experienced unproductive frustration amid repeated failures or difficulty.,[],"The student is practicing the skill 'noskill'. Before these attempts, the student's cumulative accuracy on this skill was 66%. On attempt 1, the student answered correctly, used no hints, and took 0.12 times their own average response time. On attempt 2, the student answered correctly, used no hints, and took 0.36 times their own average response time. On attempt 3, the student answered incorrectly, used no hints, and took 0.42 times their own average response time. On attempt 4, the student answered incorrectly, used no hints, and took 0.08 times their own average response time.",unproductive_frustration,True,False,0.0012292861938476,mDeBERTa-v3-base-mnli-xnli,fact,,,0.0012292861938476,FAIL_NLI,True
Q081,S3,There is no clear indication of alternative coping strategies being employed.,noskill,"[{'step': 295, 'correct': True, 'hint_count': 0, 'response_time_ratio': 0.1207070911564016}, {'step': 296, 'correct': True, 'hint_count': 0, 'response_time_ratio': 0.3621213119144166}, {'step': 297, 'correct': False, 'hint_count': 0, 'response_time_ratio': 0.4224748478058726}, {'step': 298, 'correct': False, 'hint_count': 0, 'response_time_ratio': 0.0804713957136957}]",0.6630434782608695,supported,supported=2;unsupported=2;partial=1,5,R5: 기록만으로 alternative coping strategies 사용 여부 판단 불가함,['unproductive_frustration'],[],['The student experienced unproductive frustration amid repeated failures or difficulty.'],The student experienced unproductive frustration amid repeated failures or difficulty.,[],"The student is practicing the skill 'noskill'. Before these attempts, the student's cumulative accuracy on this skill was 66%. On attempt 1, the student answered correctly, used no hints, and took 0.12 times their own average response time. On attempt 2, the student answered correctly, used no hints, and took 0.36 times their own average response time. On attempt 3, the student answered incorrectly, used no hints, and took 0.42 times their own average response time. On attempt 4, the student answered incorrectly, used no hints, and took 0.08 times their own average response time.",unproductive_frustration,True,False,0.0034828186035156,mDeBERTa-v3-base-mnli-xnli,fact,,,0.0034828186035156,FAIL_NLI,True
Q079,S1,The student may have avoided engaging deeply with the concept being taught.,equation-concept,"[{'step': 199, 'correct': False, 'hint_count': 0, 'response_time_ratio': 4.362167596216384}, {'step': 200, 'correct': True, 'hint_count': 0, 'response_time_ratio': 1.7137087207695365}, {'step': 201, 'correct': True, 'hint_count': 0, 'response_time_ratio': 1.1424724722041335}, {'step': 202, 'correct': False, 'hint_count': 0, 'response_time_ratio': 1.2463336060408732}]",0.6666666666666666,unsupported,unsupported=1,1,R4: 힌트 사용 없이 높은 응답 시간을 소요하며 문제와 소통하려는 노력을 보이고 있음. 서술된 문장과 반대로 보임,['cognitive_avoidance'],[],['The student showed a tendency to avoid difficult problems or avoid asking for help.'],The student showed a tendency to avoid difficult problems or avoid asking for help.,[],"The student is practicing the skill 'equation-concept'. Before these attempts, the student's cumulative accuracy on this skill was 67%. On attempt 1, the student answered incorrectly, used no hints, and took 4.36 times their own average response time. On attempt 2, the student answered correctly, used no hints, and took 1.71 times their own average response time. On attempt 3, the student answered correctly, used no hints, and took 1.14 times their own average response time. On attempt 4, the student answered incorrectly, used no hints, and took 1.25 times their own average response time.",cognitive_avoidance,False,False,0.0260162353515625,mDeBERTa-v3-base-mnli-xnli,fact,,,0.0260162353515625,FAIL_NLI,True
Q079,S2,This avoidance could manifest through minimal effort or disengagement during the task.,equation-concept,"[{'step': 199, 'correct': False, 'hint_count': 0, 'response_time_ratio': 4.362167596216384}, {'step': 200, 'correct': True, 'hint_count': 0, 'response_time_ratio': 1.7137087207695365}, {'step': 201, 'correct': True, 'hint_count': 0, 'response_time_ratio': 1.1424724722041335}, {'step': 202, 'correct': False, 'hint_count': 0, 'response_time_ratio': 1.2463336060408732}]",0.6666666666666666,unsupported,unsupported=1,1,R4: 모든 문항에서 꽤 긴 응답 시간을 소요하는 것으로 볼 때 노력을 안하거나 중단할 가능성은 낮아보임,['cognitive_avoidance'],[],['The student showed a tendency to avoid difficult problems or avoid asking for help.'],The student showed a tendency to avoid difficult problems or avoid asking for help.,[],"The student is practicing the skill 'equation-concept'. Before these attempts, the student's cumulative accuracy on this skill was 67%. On attempt 1, the student answered incorrectly, used no hints, and took 4.36 times their own average response time. On attempt 2, the student answered correctly, used no hints, and took 1.71 times their own average response time. On attempt 3, the student answered correctly, used no hints, and took 1.14 times their own average response time. On attempt 4, the student answered incorrectly, used no hints, and took 1.25 times their own average response time.",cognitive_avoidance,False,False,0.0084686279296875,mDeBERTa-v3-base-mnli-xnli,fact,,,0.0084686279296875,FAIL_NLI,True
Q094,S1,"The student engaged in independent problem-solving despite receiving a hint, indicating a strong capacity for tackling challenges on their own.",equation-solving,"[{'step': 37, 'correct': False, 'hint_count': 4, 'response_time_ratio': 0.498735239894}, {'step': 38, 'correct': False, 'hint_count': 4, 'response_time_ratio': 2.033305231404012}, {'step': 39, 'correct': False, 'hint_count': 4, 'response_time_ratio': 0.460370994920963}, {'step': 40, 'correct': True, 'hint_count': 4, 'response_time_ratio': 0.6330101226200341}]",0.0,unsupported,unsupported=3;partial=2,5,"R2: 힌트를 다회 받음 / R3: 에서 팁을 받고도 독립적으로 문제 해결에 참여한 것은 맞으나, 정답률을 보면 강한 능력은 보이지 않는 듯 하다",['productive_struggle'],[],"['The student struggled with difficulty while using hints, but ultimately solved the problem through productive effort. productive_struggle is dominant (independent judgment is possible since a hint was used).']","The student struggled with difficulty while using hints, but ultimately solved the problem through productive effort. productive_struggle is dominant (independent judgment is possible since a hint was used).",[],"The student is practicing the skill 'equation-solving'. Before these attempts, the student's cumulative accuracy on this skill was 0%. On attempt 1, the student answered incorrectly, used 4 hints, and took 0.50 times their own average response time. On attempt 2, the student answered incorrectly, used 4 hints, and took 2.03 times their own average response time. On attempt 3, the student answered incorrectly, used 4 hints, and took 0.46 times their own average response time. On attempt 4, the student answered correctly, used 4 hints, and took 0.63 times their own average response time.",productive_struggle,True,False,0.383056640625,mDeBERTa-v3-base-mnli-xnli,fact,,,0.383056640625,FAIL_NLI,True
Q085,S1,"The student exhibits signs of overconfidence, indicated by a high status level.",substitution,"[{'step': 11, 'correct': False, 'hint_count': 2, 'response_time_ratio': 0.4935325377964292}, {'step': 12, 'correct': False, 'hint_count': 2, 'response_time_ratio': 1.255289275552521}, {'step': 13, 'correct': True, 'hint_count': 2, 'response_time_ratio': 0.3540559536028255}, {'step': 14, 'correct': False, 'hint_count': 0, 'response_time_ratio': 0.611551190714006}]",0.1111111111111111,unsupported,unsupported=1,1,,['overconfidence'],[],"['The student showed excessive confidence, higher than their actual level of understanding warranted. ']","The student showed excessive confidence, higher than their actual level of understanding warranted. ",[],"The student is practicing the skill 'substitution'. Before these attempts, the student's cumulative accuracy on this skill was 11%. On attempt 1, the student answered incorrectly, used 2 hints, and took 0.49 times their own average response time. On attempt 2, the student answered incorrectly, used 2 hints, and took 1.26 times their own average response time. On attempt 3, the student answered correctly, used 2 hints, and took 0.35 times their own average response time. On attempt 4, the student answered incorrectly, used no hints, and took 0.61 times their own average response time.",overconfidence,False,False,0.94921875,mDeBERTa-v3-base-mnli-xnli,fact,,,0.94921875,PASS,True
Q085,S2,"The student also shows slipping, marked by another high status level.",substitution,"[{'step': 11, 'correct': False, 'hint_count': 2, 'response_time_ratio': 0.4935325377964292}, {'step': 12, 'correct': False, 'hint_count': 2, 'response_time_ratio': 1.255289275552521}, {'step': 13, 'correct': True, 'hint_count': 2, 'response_time_ratio': 0.3540559536028255}, {'step': 14, 'correct': False, 'hint_count': 0, 'response_time_ratio': 0.611551190714006}]",0.1111111111111111,unsupported,unsupported=1,1,,['slipping'],[],['The student made an unexpected mistake on content they had previously understood well. '],The student made an unexpected mistake on content they had previously understood well. ,[],"The student is practicing the skill 'substitution'. Before these attempts, the student's cumulative accuracy on this skill was 11%. On attempt 1, the student answered incorrectly, used 2 hints, and took 0.49 times their own average response time. On attempt 2, the student answered incorrectly, used 2 hints, and took 1.26 times their own average response time. On attempt 3, the student answered correctly, used 2 hints, and took 0.35 times their own average response time. On attempt 4, the student answered incorrectly, used no hints, and took 0.61 times their own average response time.",slipping,False,False,0.0041389465332031,mDeBERTa-v3-base-mnli-xnli,fact,,,0.0041389465332031,FAIL_NLI,True
Q113,S1,"The student exhibits signs of avoiding challenging tasks, indicating a possible reluctance to engage deeply with complex material.",percent-of,"[{'step': 1041, 'correct': False, 'hint_count': 7, 'response_time_ratio': 0.1048765196215568}, {'step': 1042, 'correct': False, 'hint_count': 8, 'response_time_ratio': 0.1573147168997253}, {'step': 1043, 'correct': True, 'hint_count': 8, 'response_time_ratio': 2.097529917340616}, {'step': 1044, 'correct': False, 'hint_count': 0, 'response_time_ratio': 0.9438884388914364}]",0.2592592592592592,supported,supported=2;partial=2;unsupported=1,5,,['cognitive_avoidance'],[],['The student showed a tendency to avoid difficult problems or avoid asking for help.'],The student showed a tendency to avoid difficult problems or avoid asking for help.,[],"The student is practicing the skill 'percent-of'. Before these attempts, the student's cumulative accuracy on this skill was 26%. On attempt 1, the student answered incorrectly, used 7 hints, and took 0.10 times their own average response time. On attempt 2, the student answered incorrectly, used 8 hints, and took 0.16 times their own average response time. On attempt 3, the student answered correctly, used 8 hints, and took 2.10 times their own average response time. On attempt 4, the student answered incorrectly, used no hints, and took 0.94 times their own average response time.",cognitive_avoidance,True,False,0.9267578125,mDeBERTa-v3-base-mnli-xnli,fact,,,0.9267578125,PASS,True
Q113,S2,"There is also evidence of inconsistent performance, suggesting difficulty maintaining focus or applying knowledge consistently.",percent-of,"[{'step': 1041, 'correct': False, 'hint_count': 7, 'response_time_ratio': 0.1048765196215568}, {'step': 1042, 'correct': False, 'hint_count': 8, 'response_time_ratio': 0.1573147168997253}, {'step': 1043, 'correct': True, 'hint_count': 8, 'response_time_ratio': 2.097529917340616}, {'step': 1044, 'correct': False, 'hint_count': 0, 'response_time_ratio': 0.9438884388914364}]",0.2592592592592592,supported,supported=3;partial=2,5,,['slipping'],[],['The student made an unexpected mistake on content they had previously understood well.'],The student made an unexpected mistake on content they had previously understood well.,[],"The student is practicing the skill 'percent-of'. Before these attempts, the student's cumulative accuracy on this skill was 26%. On attempt 1, the student answered incorrectly, used 7 hints, and took 0.10 times their own average response time. On attempt 2, the student answered incorrectly, used 8 hints, and took 0.16 times their own average response time. On attempt 3, the student answered correctly, used 8 hints, and took 2.10 times their own average response time. On attempt 4, the student answered incorrectly, used no hints, and took 0.94 times their own average response time.",slipping,True,False,0.0206756591796875,mDeBERTa-v3-base-mnli-xnli,fact,,,0.0206756591796875,FAIL_NLI,True
Q113,S3,This combination may point to underlying struggles with task engagement and retention.,percent-of,"[{'step': 1041, 'correct': False, 'hint_count': 7, 'response_time_ratio': 0.1048765196215568}, {'step': 1042, 'correct': False, 'hint_count': 8, 'response_time_ratio': 0.1573147168997253}, {'step': 1043, 'correct': True, 'hint_count': 8, 'response_time_ratio': 2.097529917340616}, {'step': 1044, 'correct': False, 'hint_count': 0, 'response_time_ratio': 0.9438884388914364}]",0.2592592592592592,unsupported,unsupported=3;supported=1;partial=1,5,R2: retention은 이 기록으로 판별이 어려움 / R4: 과제에 대한 몰입 및 지속과 관련된 근본적인 어려움을 암시한다고 보기엔 어려움,['slipping'],[],['The student made an unexpected mistake on content they had previously understood well.'],The student made an unexpected mistake on content they had previously understood well.,[],"The student is practicing the skill 'percent-of'. Before these attempts, the student's cumulative accuracy on this skill was 26%. On attempt 1, the student answered incorrectly, used 7 hints, and took 0.10 times their own average response time. On attempt 2, the student answered incorrectly, used 8 hints, and took 0.16 times their own average response time. On attempt 3, the student answered correctly, used 8 hints, and took 2.10 times their own average response time. On attempt 4, the student answered incorrectly, used no hints, and took 0.94 times their own average response time.",slipping,True,False,0.0030937194824218,mDeBERTa-v3-base-mnli-xnli,fact,,,0.0030937194824218,FAIL_NLI,True
Q105,S1,"The student may have avoided engaging deeply with complex tasks, indicating a possible reluctance to confront challenging material.",pattern-finding,"[{'step': 231, 'correct': True, 'hint_count': 0, 'response_time_ratio': 0.283448210783391}, {'step': 232, 'correct': False, 'hint_count': 0, 'response_time_ratio': 1.9031521232800963}, {'step': 233, 'correct': True, 'hint_count': 0, 'response_time_ratio': 3.806304285433088}, {'step': 234, 'correct': False, 'hint_count': 0, 'response_time_ratio': 0.404926007248478}]",0.7142857142857143,unsupported,unsupported=1,1,R2: 힌트 없이 3.81배 들여 시도한 문항이 있는 것으로 볼때 어려운 문항을 회피한다고 보기 어려움,['cognitive_avoidance'],[],['The student showed a tendency to avoid difficult problems or avoid asking for help.'],The student showed a tendency to avoid difficult problems or avoid asking for help.,[],"The student is practicing the skill 'pattern-finding'. Before these attempts, the student's cumulative accuracy on this skill was 71%. On attempt 1, the student answered correctly, used no hints, and took 0.28 times their own average response time. On attempt 2, the student answered incorrectly, used no hints, and took 1.90 times their own average response time. On attempt 3, the student answered correctly, used no hints, and took 3.81 times their own average response time. On attempt 4, the student answered incorrectly, used no hints, and took 0.40 times their own average response time.",cognitive_avoidance,False,False,0.92236328125,mDeBERTa-v3-base-mnli-xnli,fact,,,0.92236328125,PASS,True
Q105,S2,"There appears to be a noticeable inconsistency in performance across similar problems, suggesting difficulty maintaining focus or applying learned strategies consistently.",pattern-finding,"[{'step': 231, 'correct': True, 'hint_count': 0, 'response_time_ratio': 0.283448210783391}, {'step': 232, 'correct': False, 'hint_count': 0, 'response_time_ratio': 1.9031521232800963}, {'step': 233, 'correct': True, 'hint_count': 0, 'response_time_ratio': 3.806304285433088}, {'step': 234, 'correct': False, 'hint_count': 0, 'response_time_ratio': 0.404926007248478}]",0.7142857142857143,partial,partial=1,1,,['slipping'],[],['The student made an unexpected mistake on content they had previously understood well.'],The student made an unexpected mistake on content they had previously understood well.,[],"The student is practicing the skill 'pattern-finding'. Before these attempts, the student's cumulative accuracy on this skill was 71%. On attempt 1, the student answered correctly, used no hints, and took 0.28 times their own average response time. On attempt 2, the student answered incorrectly, used no hints, and took 1.90 times their own average response time. On attempt 3, the student answered correctly, used no hints, and took 3.81 times their own average response time. On attempt 4, the student answered incorrectly, used no hints, and took 0.40 times their own average response time.",slipping,False,False,0.0274200439453125,mDeBERTa-v3-base-mnli-xnli,fact,,,0.0274200439453125,FAIL_NLI,True
Q016,S1,The student exhibits signs of unproductive frustration during the task.,pattern-finding,"[{'step': 7, 'correct': True, 'hint_count': 0, 'response_time_ratio': 2.2322368251641453}, {'step': 462, 'correct': False, 'hint_count': 1, 'response_time_ratio': 0.3188909858859896}, {'step': 463, 'correct': False, 'hint_count': 2, 'response_time_ratio': 0.0354323392610163}, {'step': 464, 'correct': False, 'hint_count': 1, 'response_time_ratio': 0.0}]",0.5,unsupported,unsupported=1,1,"R3: 감정, 대체전략 등 부정확한 용어가 다수 있음",['unproductive_frustration'],[],['The student experienced unproductive frustration amid repeated failures or difficulty.'],The student experienced unproductive frustration amid repeated failures or difficulty.,[],"The student is practicing the skill 'pattern-finding'. Before these attempts, the student's cumulative accuracy on this skill was 50%. On attempt 1, the student answered correctly, used no hints, and took 2.23 times their own average response time. On attempt 2, the student answered incorrectly, used 1 hint, and took 0.32 times their own average response time. On attempt 3, the student answered incorrectly, used 2 hints, and took 0.04 times their own average response time. On attempt 4, the student answered incorrectly, used 1 hint, and took 0.00 times their own average response time.",unproductive_frustration,False,False,0.9609375,mDeBERTa-v3-base-mnli-xnli,fact,,,0.9609375,PASS,True
Q016,S2,This emotion appears to persist without clear resolution.,pattern-finding,"[{'step': 7, 'correct': True, 'hint_count': 0, 'response_time_ratio': 2.2322368251641453}, {'step': 462, 'correct': False, 'hint_count': 1, 'response_time_ratio': 0.3188909858859896}, {'step': 463, 'correct': False, 'hint_count': 2, 'response_time_ratio': 0.0354323392610163}, {'step': 464, 'correct': False, 'hint_count': 1, 'response_time_ratio': 0.0}]",0.5,unsupported,unsupported=1,1,"R3: 감정, 대체전략 등 부정확한 용어가 다수 있음",['unproductive_frustration'],[],['The student experienced unproductive frustration amid repeated failures or difficulty.'],The student experienced unproductive frustration amid repeated failures or difficulty.,[],"The student is practicing the skill 'pattern-finding'. Before these attempts, the student's cumulative accuracy on this skill was 50%. On attempt 1, the student answered correctly, used no hints, and took 2.23 times their own average response time. On attempt 2, the student answered incorrectly, used 1 hint, and took 0.32 times their own average response time. On attempt 3, the student answered incorrectly, used 2 hints, and took 0.04 times their own average response time. On attempt 4, the student answered incorrectly, used 1 hint, and took 0.00 times their own average response time.",unproductive_frustration,False,False,0.01397705078125,mDeBERTa-v3-base-mnli-xnli,fact,,,0.01397705078125,FAIL_NLI,True
Q016,S3,There is no indication of alternative coping strategies being employed.,pattern-finding,"[{'step': 7, 'correct': True, 'hint_count': 0, 'response_time_ratio': 2.2322368251641453}, {'step': 462, 'correct': False, 'hint_count': 1, 'response_time_ratio': 0.3188909858859896}, {'step': 463, 'correct': False, 'hint_count': 2, 'response_time_ratio': 0.0354323392610163}, {'step': 464, 'correct': False, 'hint_count': 1, 'response_time_ratio': 0.0}]",0.5,unsupported,unsupported=1,1,"R3: 감정, 대체전략 등 부정확한 용어가 다수 있음",['unproductive_frustration'],[],['The student experienced unproductive frustration amid repeated failures or difficulty.'],The student experienced unproductive frustration amid repeated failures or difficulty.,[],"The student is practicing the skill 'pattern-finding'. Before these attempts, the student's cumulative accuracy on this skill was 50%. On attempt 1, the student answered correctly, used no hints, and took 2.23 times their own average response time. On attempt 2, the student answered incorrectly, used 1 hint, and took 0.32 times their own average response time. On attempt 3, the student answered incorrectly, used 2 hints, and took 0.04 times their own average response time. On attempt 4, the student answered incorrectly, used 1 hint, and took 0.00 times their own average response time.",unproductive_frustration,False,False,0.0019798278808593,mDeBERTa-v3-base-mnli-xnli,fact,,,0.0019798278808593,FAIL_NLI,True
Q135,S1,"The student provided a correct response without seeking assistance, indicating some level of engagement with the task.",noskill,"[{'step': 2, 'correct': True, 'hint_count': 0, 'response_time_ratio': 0.3440192518158962}, {'step': 3, 'correct': False, 'hint_count': 0, 'response_time_ratio': 13.967181956144318}, {'step': 4, 'correct': False, 'hint_count': 0, 'response_time_ratio': 1.5136847522721026}, {'step': 5, 'correct': True, 'hint_count': 0, 'response_time_ratio': 0.6192346680063984}]",0.2,supported,supported=1,1,,['confidence_triad'],[],"['The status of this indicator (confidence_triad) is AMBIGUOUS. The student answered correctly without using a hint, but the current data cannot structurally distinguish whether this reflects a correct answer despite low confidence (underconfidence), a correct answer after productive struggle (productive_struggle), or a lucky guess (lucky_guess). (Note: confidence is high, so the signal leans slightly toward productive struggle.)']","The status of this indicator (confidence_triad) is AMBIGUOUS. The student answered correctly without using a hint, but the current data cannot structurally distinguish whether this reflects a correct answer despite low confidence (underconfidence), a correct answer after productive struggle (productive_struggle), or a lucky guess (lucky_guess). (Note: confidence is high, so the signal leans slightly toward productive struggle.)",[],"The student is practicing the skill 'noskill'. Before these attempts, the student's cumulative accuracy on this skill was 20%. On attempt 1, the student answered correctly, used no hints, and took 0.34 times their own average response time. On attempt 2, the student answered incorrectly, used no hints, and took 13.97 times their own average response time. On attempt 3, the student answered incorrectly, used no hints, and took 1.51 times their own average response time. On attempt 4, the student answered correctly, used no hints, and took 0.62 times their own average response time.",confidence_triad,False,False,0.389404296875,mDeBERTa-v3-base-mnli-xnli,fact,,,0.389404296875,FAIL_NLI,True
Q135,S2,"This outcome could reflect either a successful resolution through effort or a chance occurrence, as the available data does not definitively clarify the underlying process.",noskill,"[{'step': 2, 'correct': True, 'hint_count': 0, 'response_time_ratio': 0.3440192518158962}, {'step': 3, 'correct': False, 'hint_count': 0, 'response_time_ratio': 13.967181956144318}, {'step': 4, 'correct': False, 'hint_count': 0, 'response_time_ratio': 1.5136847522721026}, {'step': 5, 'correct': True, 'hint_count': 0, 'response_time_ratio': 0.6192346680063984}]",0.2,supported,supported=1,1,,['confidence_triad'],[],"['The status of this indicator (confidence_triad) is AMBIGUOUS. The student answered correctly without using a hint, but the current data cannot structurally distinguish whether this reflects a correct answer despite low confidence (underconfidence), a correct answer after productive struggle (productive_struggle), or a lucky guess (lucky_guess). (Note: confidence is high, so the signal leans slightly toward productive struggle.)']","The status of this indicator (confidence_triad) is AMBIGUOUS. The student answered correctly without using a hint, but the current data cannot structurally distinguish whether this reflects a correct answer despite low confidence (underconfidence), a correct answer after productive struggle (productive_struggle), or a lucky guess (lucky_guess). (Note: confidence is high, so the signal leans slightly toward productive struggle.)",[],"The student is practicing the skill 'noskill'. Before these attempts, the student's cumulative accuracy on this skill was 20%. On attempt 1, the student answered correctly, used no hints, and took 0.34 times their own average response time. On attempt 2, the student answered incorrectly, used no hints, and took 13.97 times their own average response time. On attempt 3, the student answered incorrectly, used no hints, and took 1.51 times their own average response time. On attempt 4, the student answered correctly, used no hints, and took 0.62 times their own average response time.",confidence_triad,False,False,0.6708984375,mDeBERTa-v3-base-mnli-xnli,fact,,,0.6708984375,PASS,True
Q135,S3,There is a slight inclination suggesting the response may have resulted from meaningful problem-solving rather than mere luck.,noskill,"[{'step': 2, 'correct': True, 'hint_count': 0, 'response_time_ratio': 0.3440192518158962}, {'step': 3, 'correct': False, 'hint_count': 0, 'response_time_ratio': 13.967181956144318}, {'step': 4, 'correct': False, 'hint_count': 0, 'response_time_ratio': 1.5136847522721026}, {'step': 5, 'correct': True, 'hint_count': 0, 'response_time_ratio': 0.6192346680063984}]",0.2,supported,supported=1,1,,['confidence_triad'],[],"['The status of this indicator (confidence_triad) is AMBIGUOUS. The student answered correctly without using a hint, but the current data cannot structurally distinguish whether this reflects a correct answer despite low confidence (underconfidence), a correct answer after productive struggle (productive_struggle), or a lucky guess (lucky_guess). (Note: confidence is high, so the signal leans slightly toward productive struggle.)']","The status of this indicator (confidence_triad) is AMBIGUOUS. The student answered correctly without using a hint, but the current data cannot structurally distinguish whether this reflects a correct answer despite low confidence (underconfidence), a correct answer after productive struggle (productive_struggle), or a lucky guess (lucky_guess). (Note: confidence is high, so the signal leans slightly toward productive struggle.)",[],"The student is practicing the skill 'noskill'. Before these attempts, the student's cumulative accuracy on this skill was 20%. On attempt 1, the student answered correctly, used no hints, and took 0.34 times their own average response time. On attempt 2, the student answered incorrectly, used no hints, and took 13.97 times their own average response time. On attempt 3, the student answered incorrectly, used no hints, and took 1.51 times their own average response time. On attempt 4, the student answered correctly, used no hints, and took 0.62 times their own average response time.",confidence_triad,False,False,0.1572265625,mDeBERTa-v3-base-mnli-xnli,fact,,,0.1572265625,FAIL_NLI,True
Q013,S1,The student exhibits signs of overconfidence during the task.,proportion,"[{'step': 1970, 'correct': False, 'hint_count': 0, 'response_time_ratio': 0.1199376994737655}, {'step': 1971, 'correct': True, 'hint_count': 0, 'response_time_ratio': 0.0599688426005887}, {'step': 1972, 'correct': False, 'hint_count': 0, 'response_time_ratio': 0.1199377423514981}, {'step': 1973, 'correct': False, 'hint_count': 0, 'response_time_ratio': 0.1799065706195302}]",0.225,supported,supported=5,5,,['overconfidence'],[],"['The student showed excessive confidence, higher than their actual level of understanding warranted. ']","The student showed excessive confidence, higher than their actual level of understanding warranted. ",[],"The student is practicing the skill 'proportion'. Before these attempts, the student's cumulative accuracy on this skill was 22%. On attempt 1, the student answered incorrectly, used no hints, and took 0.12 times their own average response time. On attempt 2, the student answered correctly, used no hints, and took 0.06 times their own average response time. On attempt 3, the student answered incorrectly, used no hints, and took 0.12 times their own average response time. On attempt 4, the student answered incorrectly, used no hints, and took 0.18 times their own average response time.",overconfidence,True,False,0.0755615234375,mDeBERTa-v3-base-mnli-xnli,fact,,,0.0755615234375,FAIL_NLI,True
Q013,S2,A high level of unproductive frustration is also observed.,proportion,"[{'step': 1970, 'correct': False, 'hint_count': 0, 'response_time_ratio': 0.1199376994737655}, {'step': 1971, 'correct': True, 'hint_count': 0, 'response_time_ratio': 0.0599688426005887}, {'step': 1972, 'correct': False, 'hint_count': 0, 'response_time_ratio': 0.1199377423514981}, {'step': 1973, 'correct': False, 'hint_count': 0, 'response_time_ratio': 0.1799065706195302}]",0.225,unsupported,unsupported=5,5,R2: 응답시간 0.06~0.18배로 노력 흔적 없음 / R3: 에서 좌절이라 하기에는 응답시간이 짧은 것으로 생각됨 / R4: 매우 짧은 응답 시간을 보아 높은 노력을 기울였다고 보기 어려움,['unproductive_frustration'],[],['The student experienced unproductive frustration amid repeated failures or difficulty.'],The student experienced unproductive frustration amid repeated failures or difficulty.,[],"The student is practicing the skill 'proportion'. Before these attempts, the student's cumulative accuracy on this skill was 22%. On attempt 1, the student answered incorrectly, used no hints, and took 0.12 times their own average response time. On attempt 2, the student answered correctly, used no hints, and took 0.06 times their own average response time. On attempt 3, the student answered incorrectly, used no hints, and took 0.12 times their own average response time. On attempt 4, the student answered incorrectly, used no hints, and took 0.18 times their own average response time.",unproductive_frustration,True,False,0.0026187896728515,mDeBERTa-v3-base-mnli-xnli,fact,,,0.0026187896728515,FAIL_NLI,True
Q013,S3,"Additionally, there is evidence of slipping in performance.",proportion,"[{'step': 1970, 'correct': False, 'hint_count': 0, 'response_time_ratio': 0.1199376994737655}, {'step': 1971, 'correct': True, 'hint_count': 0, 'response_time_ratio': 0.0599688426005887}, {'step': 1972, 'correct': False, 'hint_count': 0, 'response_time_ratio': 0.1199377423514981}, {'step': 1973, 'correct': False, 'hint_count': 0, 'response_time_ratio': 0.1799065706195302}]",0.225,unsupported,unsupported=4;supported=1,5,R2: 기존 정답률이 23%로 이번에만 특히 낮았다고 보기 어려움 / R4: 낮은 직전/현재 정답률을 통해 실수라고 보기 어려움,['slipping'],[],['The student made an unexpected mistake on content they had previously understood well. '],The student made an unexpected mistake on content they had previously understood well. ,[],"The student is practicing the skill 'proportion'. Before these attempts, the student's cumulative accuracy on this skill was 22%. On attempt 1, the student answered incorrectly, used no hints, and took 0.12 times their own average response time. On attempt 2, the student answered correctly, used no hints, and took 0.06 times their own average response time. On attempt 3, the student answered incorrectly, used no hints, and took 0.12 times their own average response time. On attempt 4, the student answered incorrectly, used no hints, and took 0.18 times their own average response time.",slipping,True,False,0.0040626525878906,mDeBERTa-v3-base-mnli-xnli,fact,,,0.0040626525878906,FAIL_NLI,True
Q044,S1,"The student may have avoided engaging deeply with complex tasks, indicating a possible reluctance to confront challenging material.",pattern-finding,"[{'step': 522, 'correct': False, 'hint_count': 1, 'response_time_ratio': 0.6525276133464837}, {'step': 523, 'correct': True, 'hint_count': 1, 'response_time_ratio': 1.3050552005918632}, {'step': 524, 'correct': False, 'hint_count': 0, 'response_time_ratio': 0.7069048872700406}, {'step': 525, 'correct': False, 'hint_count': 0, 'response_time_ratio': 1.0875460135437711}]",0.44,supported,supported=1,1,,['cognitive_avoidance'],[],['The student showed a tendency to avoid difficult problems or avoid asking for help.'],The student showed a tendency to avoid difficult problems or avoid asking for help.,[],"The student is practicing the skill 'pattern-finding'. Before these attempts, the student's cumulative accuracy on this skill was 44%. On attempt 1, the student answered incorrectly, used 1 hint, and took 0.65 times their own average response time. On attempt 2, the student answered correctly, used 1 hint, and took 1.31 times their own average response time. On attempt 3, the student answered incorrectly, used no hints, and took 0.71 times their own average response time. On attempt 4, the student answered incorrectly, used no hints, and took 1.09 times their own average response time.",cognitive_avoidance,False,False,0.92236328125,mDeBERTa-v3-base-mnli-xnli,fact,,,0.92236328125,PASS,True
Q044,S2,"There appears to be a noticeable inconsistency in performance across repeated attempts, suggesting difficulty maintaining focus or accuracy.",pattern-finding,"[{'step': 522, 'correct': False, 'hint_count': 1, 'response_time_ratio': 0.6525276133464837}, {'step': 523, 'correct': True, 'hint_count': 1, 'response_time_ratio': 1.3050552005918632}, {'step': 524, 'correct': False, 'hint_count': 0, 'response_time_ratio': 0.7069048872700406}, {'step': 525, 'correct': False, 'hint_count': 0, 'response_time_ratio': 1.0875460135437711}]",0.44,supported,supported=1,1,,['slipping'],[],['The student made an unexpected mistake on content they had previously understood well.'],The student made an unexpected mistake on content they had previously understood well.,[],"The student is practicing the skill 'pattern-finding'. Before these attempts, the student's cumulative accuracy on this skill was 44%. On attempt 1, the student answered incorrectly, used 1 hint, and took 0.65 times their own average response time. On attempt 2, the student answered correctly, used 1 hint, and took 1.31 times their own average response time. On attempt 3, the student answered incorrectly, used no hints, and took 0.71 times their own average response time. On attempt 4, the student answered incorrectly, used no hints, and took 1.09 times their own average response time.",slipping,False,False,0.0244903564453125,mDeBERTa-v3-base-mnli-xnli,fact,,,0.0244903564453125,FAIL_NLI,True
Q044,S3,This pattern may reflect an underlying struggle with sustaining attention during extended problem-solving activities.,pattern-finding,"[{'step': 522, 'correct': False, 'hint_count': 1, 'response_time_ratio': 0.6525276133464837}, {'step': 523, 'correct': True, 'hint_count': 1, 'response_time_ratio': 1.3050552005918632}, {'step': 524, 'correct': False, 'hint_count': 0, 'response_time_ratio': 0.7069048872700406}, {'step': 525, 'correct': False, 'hint_count': 0, 'response_time_ratio': 1.0875460135437711}]",0.44,supported,supported=1,1,,['slipping'],[],['The student made an unexpected mistake on content they had previously understood well.'],The student made an unexpected mistake on content they had previously understood well.,[],"The student is practicing the skill 'pattern-finding'. Before these attempts, the student's cumulative accuracy on this skill was 44%. On attempt 1, the student answered incorrectly, used 1 hint, and took 0.65 times their own average response time. On attempt 2, the student answered correctly, used 1 hint, and took 1.31 times their own average response time. On attempt 3, the student answered incorrectly, used no hints, and took 0.71 times their own average response time. On attempt 4, the student answered incorrectly, used no hints, and took 1.09 times their own average response time.",slipping,False,False,0.002105712890625,mDeBERTa-v3-base-mnli-xnli,fact,,,0.002105712890625,FAIL_NLI,True
Q059,S1,The student exhibits signs of overconfidence during the task.,square-root,"[{'step': 111, 'correct': False, 'hint_count': 2, 'response_time_ratio': 0.2572094225441758}, {'step': 112, 'correct': False, 'hint_count': 3, 'response_time_ratio': 0.192907078386103}, {'step': 113, 'correct': True, 'hint_count': 3, 'response_time_ratio': 0.192907078386103}, {'step': 114, 'correct': False, 'hint_count': 2, 'response_time_ratio': 0.1286047189240687}]",0.1818181818181818,supported,supported=1,1,,['overconfidence'],[],"['The student showed excessive confidence, higher than their actual level of understanding warranted. ']","The student showed excessive confidence, higher than their actual level of understanding warranted. ",[],"The student is practicing the skill 'square-root'. Before these attempts, the student's cumulative accuracy on this skill was 18%. On attempt 1, the student answered incorrectly, used 2 hints, and took 0.26 times their own average response time. On attempt 2, the student answered incorrectly, used 3 hints, and took 0.19 times their own average response time. On attempt 3, the student answered correctly, used 3 hints, and took 0.19 times their own average response time. On attempt 4, the student answered incorrectly, used 2 hints, and took 0.13 times their own average response time.",overconfidence,False,False,0.0755615234375,mDeBERTa-v3-base-mnli-xnli,fact,,,0.0755615234375,FAIL_NLI,True
Q059,S2,A high level of unproductive frustration is also observed.,square-root,"[{'step': 111, 'correct': False, 'hint_count': 2, 'response_time_ratio': 0.2572094225441758}, {'step': 112, 'correct': False, 'hint_count': 3, 'response_time_ratio': 0.192907078386103}, {'step': 113, 'correct': True, 'hint_count': 3, 'response_time_ratio': 0.192907078386103}, {'step': 114, 'correct': False, 'hint_count': 2, 'response_time_ratio': 0.1286047189240687}]",0.1818181818181818,unsupported,unsupported=1,1,R2: 는 응답시간이 짧아 노력 흔적이 없음,['unproductive_frustration'],[],['The student experienced unproductive frustration amid repeated failures or difficulty.'],The student experienced unproductive frustration amid repeated failures or difficulty.,[],"The student is practicing the skill 'square-root'. Before these attempts, the student's cumulative accuracy on this skill was 18%. On attempt 1, the student answered incorrectly, used 2 hints, and took 0.26 times their own average response time. On attempt 2, the student answered incorrectly, used 3 hints, and took 0.19 times their own average response time. On attempt 3, the student answered correctly, used 3 hints, and took 0.19 times their own average response time. On attempt 4, the student answered incorrectly, used 2 hints, and took 0.13 times their own average response time.",unproductive_frustration,False,False,0.0026187896728515,mDeBERTa-v3-base-mnli-xnli,fact,,,0.0026187896728515,FAIL_NLI,True
Q059,S3,"Additionally, there is evidence of slipping in performance.",square-root,"[{'step': 111, 'correct': False, 'hint_count': 2, 'response_time_ratio': 0.2572094225441758}, {'step': 112, 'correct': False, 'hint_count': 3, 'response_time_ratio': 0.192907078386103}, {'step': 113, 'correct': True, 'hint_count': 3, 'response_time_ratio': 0.192907078386103}, {'step': 114, 'correct': False, 'hint_count': 2, 'response_time_ratio': 0.1286047189240687}]",0.1818181818181818,unsupported,unsupported=1,1,R2: 역시 직전까지 오답률이 높이 이번에 slipping했다고 보기 어려움,['slipping'],[],['The student made an unexpected mistake on content they had previously understood well. '],The student made an unexpected mistake on content they had previously understood well. ,[],"The student is practicing the skill 'square-root'. Before these attempts, the student's cumulative accuracy on this skill was 18%. On attempt 1, the student answered incorrectly, used 2 hints, and took 0.26 times their own average response time. On attempt 2, the student answered incorrectly, used 3 hints, and took 0.19 times their own average response time. On attempt 3, the student answered correctly, used 3 hints, and took 0.19 times their own average response time. On attempt 4, the student answered incorrectly, used 2 hints, and took 0.13 times their own average response time.",slipping,False,False,0.0040626525878906,mDeBERTa-v3-base-mnli-xnli,fact,,,0.0040626525878906,FAIL_NLI,True
Q089,S1,The student demonstrates a strong sense of confidence in their abilities.,measurement,"[{'step': 421, 'correct': True, 'hint_count': 3, 'response_time_ratio': 0.2237819714480415}, {'step': 422, 'correct': False, 'hint_count': 1, 'response_time_ratio': 0.1790255685652059}, {'step': 423, 'correct': True, 'hint_count': 1, 'response_time_ratio': 0.2014037539614571}, {'step': 424, 'correct': False, 'hint_count': 0, 'response_time_ratio': 0.2014037699618673}]",0.2105263157894736,supported,supported=1,1,,['overconfidence'],[],"['The student showed excessive confidence, higher than their actual level of understanding warranted. ']","The student showed excessive confidence, higher than their actual level of understanding warranted. ",[],"The student is practicing the skill 'measurement'. Before these attempts, the student's cumulative accuracy on this skill was 21%. On attempt 1, the student answered correctly, used 3 hints, and took 0.22 times their own average response time. On attempt 2, the student answered incorrectly, used 1 hint, and took 0.18 times their own average response time. On attempt 3, the student answered correctly, used 1 hint, and took 0.20 times their own average response time. On attempt 4, the student answered incorrectly, used no hints, and took 0.20 times their own average response time.",overconfidence,False,False,0.2442626953125,mDeBERTa-v3-base-mnli-xnli,fact,,,0.2442626953125,FAIL_NLI,True
Q089,S2,The student also shows signs of inconsistency in maintaining focus during tasks.,measurement,"[{'step': 421, 'correct': True, 'hint_count': 3, 'response_time_ratio': 0.2237819714480415}, {'step': 422, 'correct': False, 'hint_count': 1, 'response_time_ratio': 0.1790255685652059}, {'step': 423, 'correct': True, 'hint_count': 1, 'response_time_ratio': 0.2014037539614571}, {'step': 424, 'correct': False, 'hint_count': 0, 'response_time_ratio': 0.2014037699618673}]",0.2105263157894736,partial,partial=1,1,,['slipping'],[],['The student made an unexpected mistake on content they had previously understood well. '],The student made an unexpected mistake on content they had previously understood well. ,[],"The student is practicing the skill 'measurement'. Before these attempts, the student's cumulative accuracy on this skill was 21%. On attempt 1, the student answered correctly, used 3 hints, and took 0.22 times their own average response time. On attempt 2, the student answered incorrectly, used 1 hint, and took 0.18 times their own average response time. On attempt 3, the student answered correctly, used 1 hint, and took 0.20 times their own average response time. On attempt 4, the student answered incorrectly, used no hints, and took 0.20 times their own average response time.",slipping,False,False,0.0053558349609375,mDeBERTa-v3-base-mnli-xnli,fact,,,0.0053558349609375,FAIL_NLI,True
Q045,S1,"The student exhibits overconfident tendencies during exponent problems, often dismissing alternative approaches without thorough consideration.",exponents,"[{'step': 550, 'correct': False, 'hint_count': 0, 'response_time_ratio': 0.5518478372582316}, {'step': 551, 'correct': False, 'hint_count': 0, 'response_time_ratio': 0.2365062186144305}, {'step': 552, 'correct': True, 'hint_count': 0, 'response_time_ratio': 0.7095185619503303}, {'step': 604, 'correct': False, 'hint_count': 0, 'response_time_ratio': 1.0248601804364603}]",0.3,unsupported,unsupported=2;partial=2;supported=1,5,"R2: 대안적인 접근 방법은 이 기록들로는 판별이 어려움 / R4: overconfidence 지표가 강하게 드러나지만, 깊은 생각 없이 대안을 고려하지 않는 다는 문장 뒷부분은 뒷받침되지 않음",['overconfidence'],[],"['The student showed excessive confidence, higher than their actual level of understanding warranted.']","The student showed excessive confidence, higher than their actual level of understanding warranted.",[],"The student is practicing the skill 'exponents'. Before these attempts, the student's cumulative accuracy on this skill was 30%. On attempt 1, the student answered incorrectly, used no hints, and took 0.55 times their own average response time. On attempt 2, the student answered incorrectly, used no hints, and took 0.24 times their own average response time. On attempt 3, the student answered correctly, used no hints, and took 0.71 times their own average response time. On attempt 4, the student answered incorrectly, used no hints, and took 1.02 times their own average response time.",overconfidence,True,False,0.0017671585083007,mDeBERTa-v3-base-mnli-xnli,fact,,,0.0017671585083007,FAIL_NLI,True
Q045,S2,"This behavior coincides with frequent expressions of frustration, indicating difficulty in resolving complex steps within the skill domain.",exponents,"[{'step': 550, 'correct': False, 'hint_count': 0, 'response_time_ratio': 0.5518478372582316}, {'step': 551, 'correct': False, 'hint_count': 0, 'response_time_ratio': 0.2365062186144305}, {'step': 552, 'correct': True, 'hint_count': 0, 'response_time_ratio': 0.7095185619503303}, {'step': 604, 'correct': False, 'hint_count': 0, 'response_time_ratio': 1.0248601804364603}]",0.3,unsupported,unsupported=5,5,"R2: 이 문항들로는 감정 파악 확인 어려움 / R4: unproductive frustration은 높은 노력에도 반복 오답을 보이는 것인데, 힌트를 모두 미사용하고 응시간이 짧은 편인 것을 보아 높은 노력이라 보기 어렵고, 복잡한 문제에 대한 어려움인지 판단 또한 불가능함",['unproductive_frustration'],[],['The student experienced unproductive frustration amid repeated failures or difficulty.'],The student experienced unproductive frustration amid repeated failures or difficulty.,[],"The student is practicing the skill 'exponents'. Before these attempts, the student's cumulative accuracy on this skill was 30%. On attempt 1, the student answered incorrectly, used no hints, and took 0.55 times their own average response time. On attempt 2, the student answered incorrectly, used no hints, and took 0.24 times their own average response time. On attempt 3, the student answered correctly, used no hints, and took 0.71 times their own average response time. On attempt 4, the student answered incorrectly, used no hints, and took 1.02 times their own average response time.",unproductive_frustration,True,False,0.023895263671875,mDeBERTa-v3-base-mnli-xnli,fact,,,0.023895263671875,FAIL_NLI,True
Q082,S1,"The student provided a correct response without requiring assistance, indicating some level of mastery or understanding.",multiplication,"[{'step': 289, 'correct': True, 'hint_count': 0, 'response_time_ratio': 0.8471774814026038}]",,partial,partial=1,1,"R4: 힌트를 사용하지 않고 정답을 맞췄다는 점에서 어느 정도 방향성은 일치하나, 문항 하나에 대해서만 정보가 주어져있고 이전 정답률 정보가 없는 등 정보가 제한적이라는 점에서 확신할 수는 없음",['confidence_triad'],[],"['The status of this indicator (confidence_triad) is AMBIGUOUS. The student answered correctly without using a hint, but the current data cannot structurally distinguish whether this reflects a correct answer despite low confidence (underconfidence), a correct answer after productive struggle (productive_struggle), or a lucky guess (lucky_guess). (Note: confidence is high, so the signal leans slightly toward productive struggle.)']","The status of this indicator (confidence_triad) is AMBIGUOUS. The student answered correctly without using a hint, but the current data cannot structurally distinguish whether this reflects a correct answer despite low confidence (underconfidence), a correct answer after productive struggle (productive_struggle), or a lucky guess (lucky_guess). (Note: confidence is high, so the signal leans slightly toward productive struggle.)",[],"The student is practicing the skill 'multiplication'. Before these attempts, the student's cumulative accuracy on this skill was nan%. On attempt 1, the student answered correctly, used no hints, and took 0.85 times their own average response time.",confidence_triad,False,False,0.52587890625,mDeBERTa-v3-base-mnli-xnli,fact,,,0.52587890625,PASS,True
Q082,S2,"This outcome may reflect a combination of factors including prior knowledge, strategic guessing, or effective problem-solving strategies.",multiplication,"[{'step': 289, 'correct': True, 'hint_count': 0, 'response_time_ratio': 0.8471774814026038}]",,unsupported,unsupported=1,1,R4: 행동 기록 만으로는 파악할 수 없음,['confidence_triad'],[],"['The status of this indicator (confidence_triad) is AMBIGUOUS. The student answered correctly without using a hint, but the current data cannot structurally distinguish whether this reflects a correct answer despite low confidence (underconfidence), a correct answer after productive struggle (productive_struggle), or a lucky guess (lucky_guess). (Note: confidence is high, so the signal leans slightly toward productive struggle.)']","The status of this indicator (confidence_triad) is AMBIGUOUS. The student answered correctly without using a hint, but the current data cannot structurally distinguish whether this reflects a correct answer despite low confidence (underconfidence), a correct answer after productive struggle (productive_struggle), or a lucky guess (lucky_guess). (Note: confidence is high, so the signal leans slightly toward productive struggle.)",[],"The student is practicing the skill 'multiplication'. Before these attempts, the student's cumulative accuracy on this skill was nan%. On attempt 1, the student answered correctly, used no hints, and took 0.85 times their own average response time.",confidence_triad,False,False,0.51611328125,mDeBERTa-v3-base-mnli-xnli,fact,,,0.51611328125,PASS,True
Q082,S3,The available data does not allow for a clear determination of the exact contributing factors behind the correct answer.,multiplication,"[{'step': 289, 'correct': True, 'hint_count': 0, 'response_time_ratio': 0.8471774814026038}]",,supported,supported=1,1,,['confidence_triad'],[],"['The status of this indicator (confidence_triad) is AMBIGUOUS. The student answered correctly without using a hint, but the current data cannot structurally distinguish whether this reflects a correct answer despite low confidence (underconfidence), a correct answer after productive struggle (productive_struggle), or a lucky guess (lucky_guess). (Note: confidence is high, so the signal leans slightly toward productive struggle.)']","The status of this indicator (confidence_triad) is AMBIGUOUS. The student answered correctly without using a hint, but the current data cannot structurally distinguish whether this reflects a correct answer despite low confidence (underconfidence), a correct answer after productive struggle (productive_struggle), or a lucky guess (lucky_guess). (Note: confidence is high, so the signal leans slightly toward productive struggle.)",[],"The student is practicing the skill 'multiplication'. Before these attempts, the student's cumulative accuracy on this skill was nan%. On attempt 1, the student answered correctly, used no hints, and took 0.85 times their own average response time.",confidence_triad,False,False,0.95166015625,mDeBERTa-v3-base-mnli-xnli,fact,,,0.95166015625,PASS,True
Q069,S1,The student exhibits signs of overconfidence during the task.,substitution,"[{'step': 753, 'correct': False, 'hint_count': 11, 'response_time_ratio': 0.0524382348239535}, {'step': 754, 'correct': True, 'hint_count': 11, 'response_time_ratio': 0.2097530016973285}, {'step': 771, 'correct': False, 'hint_count': 0, 'response_time_ratio': 0.8914501790020005}, {'step': 772, 'correct': False, 'hint_count': 1, 'response_time_ratio': 0.10487648212821}]",0.1875,unsupported,unsupported=1,1,"R4: 이 학생은 overconfidence보다 cognitive avoidance에 가깝다고 판단됨. 따라서 과신의 징후를 보기 어려우며, 자신감과 문제해결 전략 사이 균형에 대해 시사한다고 볼 수 없음",['overconfidence'],[],"['The student showed excessive confidence, higher than their actual level of understanding warranted.']","The student showed excessive confidence, higher than their actual level of understanding warranted.",[],"The student is practicing the skill 'substitution'. Before these attempts, the student's cumulative accuracy on this skill was 19%. On attempt 1, the student answered incorrectly, used 11 hints, and took 0.05 times their own average response time. On attempt 2, the student answered correctly, used 11 hints, and took 0.21 times their own average response time. On attempt 3, the student answered incorrectly, used no hints, and took 0.89 times their own average response time. On attempt 4, the student answered incorrectly, used 1 hint, and took 0.10 times their own average response time.",overconfidence,False,False,0.0755615234375,mDeBERTa-v3-base-mnli-xnli,fact,,,0.0755615234375,FAIL_NLI,True
Q069,S2,"They also display unproductive frustration, indicating difficulty in managing their approach.",substitution,"[{'step': 753, 'correct': False, 'hint_count': 11, 'response_time_ratio': 0.0524382348239535}, {'step': 754, 'correct': True, 'hint_count': 11, 'response_time_ratio': 0.2097530016973285}, {'step': 771, 'correct': False, 'hint_count': 0, 'response_time_ratio': 0.8914501790020005}, {'step': 772, 'correct': False, 'hint_count': 1, 'response_time_ratio': 0.10487648212821}]",0.1875,supported,supported=1,1,,['unproductive_frustration'],[],['The student experienced unproductive frustration amid repeated failures or difficulty.'],The student experienced unproductive frustration amid repeated failures or difficulty.,[],"The student is practicing the skill 'substitution'. Before these attempts, the student's cumulative accuracy on this skill was 19%. On attempt 1, the student answered incorrectly, used 11 hints, and took 0.05 times their own average response time. On attempt 2, the student answered correctly, used 11 hints, and took 0.21 times their own average response time. On attempt 3, the student answered incorrectly, used no hints, and took 0.89 times their own average response time. On attempt 4, the student answered incorrectly, used 1 hint, and took 0.10 times their own average response time.",unproductive_frustration,False,False,0.0155105590820312,mDeBERTa-v3-base-mnli-xnli,fact,,,0.0155105590820312,FAIL_NLI,True
Q069,S3,This combination may suggest a struggle to balance confidence with effective problem-solving strategies.,substitution,"[{'step': 753, 'correct': False, 'hint_count': 11, 'response_time_ratio': 0.0524382348239535}, {'step': 754, 'correct': True, 'hint_count': 11, 'response_time_ratio': 0.2097530016973285}, {'step': 771, 'correct': False, 'hint_count': 0, 'response_time_ratio': 0.8914501790020005}, {'step': 772, 'correct': False, 'hint_count': 1, 'response_time_ratio': 0.10487648212821}]",0.1875,unsupported,unsupported=1,1,"R4: 이 학생은 overconfidence보다 cognitive avoidance에 가깝다고 판단됨. 따라서 과신의 징후를 보기 어려우며, 자신감과 문제해결 전략 사이 균형에 대해 시사한다고 볼 수 없음",['overconfidence'],[],"['The student showed excessive confidence, higher than their actual level of understanding warranted.']","The student showed excessive confidence, higher than their actual level of understanding warranted.",[],"The student is practicing the skill 'substitution'. Before these attempts, the student's cumulative accuracy on this skill was 19%. On attempt 1, the student answered incorrectly, used 11 hints, and took 0.05 times their own average response time. On attempt 2, the student answered correctly, used 11 hints, and took 0.21 times their own average response time. On attempt 3, the student answered incorrectly, used no hints, and took 0.89 times their own average response time. On attempt 4, the student answered incorrectly, used 1 hint, and took 0.10 times their own average response time.",overconfidence,False,False,0.0013046264648437,mDeBERTa-v3-base-mnli-xnli,fact,,,0.0013046264648437,FAIL_NLI,True
Q025,S1,The student exhibits signs of unproductive frustration during the task.,linear-area-volume-conversion,"[{'step': 868, 'correct': False, 'hint_count': 1, 'response_time_ratio': 0.2920342840762628}, {'step': 869, 'correct': False, 'hint_count': 2, 'response_time_ratio': 0.1460171159740731}, {'step': 870, 'correct': False, 'hint_count': 3, 'response_time_ratio': 0.949111366775728}, {'step': 871, 'correct': False, 'hint_count': 3, 'response_time_ratio': 0.0}]",0.2,supported,supported=1,1,,['unproductive_frustration'],[],['The student experienced unproductive frustration amid repeated failures or difficulty.'],The student experienced unproductive frustration amid repeated failures or difficulty.,[],"The student is practicing the skill 'linear-area-volume-conversion'. Before these attempts, the student's cumulative accuracy on this skill was 20%. On attempt 1, the student answered incorrectly, used 1 hint, and took 0.29 times their own average response time. On attempt 2, the student answered incorrectly, used 2 hints, and took 0.15 times their own average response time. On attempt 3, the student answered incorrectly, used 3 hints, and took 0.95 times their own average response time. On attempt 4, the student answered incorrectly, used 3 hints, and took 0.00 times their own average response time.",unproductive_frustration,False,False,0.9609375,mDeBERTa-v3-base-mnli-xnli,fact,,,0.9609375,PASS,True
Q025,S2,This indicates a struggle with understanding the material.,linear-area-volume-conversion,"[{'step': 868, 'correct': False, 'hint_count': 1, 'response_time_ratio': 0.2920342840762628}, {'step': 869, 'correct': False, 'hint_count': 2, 'response_time_ratio': 0.1460171159740731}, {'step': 870, 'correct': False, 'hint_count': 3, 'response_time_ratio': 0.949111366775728}, {'step': 871, 'correct': False, 'hint_count': 3, 'response_time_ratio': 0.0}]",0.2,supported,supported=1,1,,['unproductive_frustration'],[],['The student experienced unproductive frustration amid repeated failures or difficulty.'],The student experienced unproductive frustration amid repeated failures or difficulty.,[],"The student is practicing the skill 'linear-area-volume-conversion'. Before these attempts, the student's cumulative accuracy on this skill was 20%. On attempt 1, the student answered incorrectly, used 1 hint, and took 0.29 times their own average response time. On attempt 2, the student answered incorrectly, used 2 hints, and took 0.15 times their own average response time. On attempt 3, the student answered incorrectly, used 3 hints, and took 0.95 times their own average response time. On attempt 4, the student answered incorrectly, used 3 hints, and took 0.00 times their own average response time.",unproductive_frustration,False,False,0.004547119140625,mDeBERTa-v3-base-mnli-xnli,fact,,,0.004547119140625,FAIL_NLI,True
Q051,S1,The student exhibits clear signs of avoiding challenging tasks.,rate,"[{'step': 28, 'correct': False, 'hint_count': 0, 'response_time_ratio': 3.415819261531822}, {'step': 29, 'correct': False, 'hint_count': 0, 'response_time_ratio': 1.321698914360537}, {'step': 30, 'correct': False, 'hint_count': 0, 'response_time_ratio': 0.8754109665232307}, {'step': 31, 'correct': False, 'hint_count': 0, 'response_time_ratio': 1.1328847760869527}]",0.0,unsupported,unsupported=5,5,R2: 회피가 아니라 실패하는 상황(응답시간이 짧지 않음.) / R3: 을 보았을 때 도전적인 문항에도 계속 도전하는 것으로 보입니다 / R4: 28번 문항 등 전반적인 문항에서 높은 응답 시간을 기록하며 힌트 없이 문제를 해결하기 위해 노력을 한 것으로 보임. 도전적인 과제를 피한다고 보기 어려움,['cognitive_avoidance'],[],['The student showed a tendency to avoid difficult problems or avoid asking for help.'],The student showed a tendency to avoid difficult problems or avoid asking for help.,[],"The student is practicing the skill 'rate'. Before these attempts, the student's cumulative accuracy on this skill was 0%. On attempt 1, the student answered incorrectly, used no hints, and took 3.42 times their own average response time. On attempt 2, the student answered incorrectly, used no hints, and took 1.32 times their own average response time. On attempt 3, the student answered incorrectly, used no hints, and took 0.88 times their own average response time. On attempt 4, the student answered incorrectly, used no hints, and took 1.13 times their own average response time.",cognitive_avoidance,True,False,0.95849609375,mDeBERTa-v3-base-mnli-xnli,fact,,,0.95849609375,PASS,True
Q051,S2,"The behavior appears to be persistent, indicating a strong inclination to steer clear of complex situations.",rate,"[{'step': 28, 'correct': False, 'hint_count': 0, 'response_time_ratio': 3.415819261531822}, {'step': 29, 'correct': False, 'hint_count': 0, 'response_time_ratio': 1.321698914360537}, {'step': 30, 'correct': False, 'hint_count': 0, 'response_time_ratio': 0.8754109665232307}, {'step': 31, 'correct': False, 'hint_count': 0, 'response_time_ratio': 1.1328847760869527}]",0.0,unsupported,unsupported=3;partial=2,5,"R2: 회피가 아니라 실패하는 상황(응답시간이 짧지 않음.) / R4: 이 행동이 전반적인 문항에 나타나는 것으로 보아 지속적으로 보인다는 판단은 옳으나, 복잡한 상황을 피하려는 경향성이 있는지 판단하기는 어려움",['cognitive_avoidance'],[],['The student showed a tendency to avoid difficult problems or avoid asking for help.'],The student showed a tendency to avoid difficult problems or avoid asking for help.,[],"The student is practicing the skill 'rate'. Before these attempts, the student's cumulative accuracy on this skill was 0%. On attempt 1, the student answered incorrectly, used no hints, and took 3.42 times their own average response time. On attempt 2, the student answered incorrectly, used no hints, and took 1.32 times their own average response time. On attempt 3, the student answered incorrectly, used no hints, and took 0.88 times their own average response time. On attempt 4, the student answered incorrectly, used no hints, and took 1.13 times their own average response time.",cognitive_avoidance,True,False,0.9541015625,mDeBERTa-v3-base-mnli-xnli,fact,,,0.9541015625,PASS,True
Q051,S3,This trend may suggest a reluctance to engage deeply with difficult material.,rate,"[{'step': 28, 'correct': False, 'hint_count': 0, 'response_time_ratio': 3.415819261531822}, {'step': 29, 'correct': False, 'hint_count': 0, 'response_time_ratio': 1.321698914360537}, {'step': 30, 'correct': False, 'hint_count': 0, 'response_time_ratio': 0.8754109665232307}, {'step': 31, 'correct': False, 'hint_count': 0, 'response_time_ratio': 1.1328847760869527}]",0.0,unsupported,unsupported=3;supported=1;partial=1,5,R2: 회피가 아니라 실패하는 상황(응답시간이 짧지 않음.) / R4: 계속되는 오답에서 힌트를 전혀 사용하지 않았다는 점에서 깊이 소통하려는 의지가 다소 부족하다는 판단도 가능함. 하지만 28번 문항같이 긴 응답 시간을 보내며 문제와 소통하려 했다는 점에서 이 문장을 확신하긴 어려움,['cognitive_avoidance'],[],['The student showed a tendency to avoid difficult problems or avoid asking for help.'],The student showed a tendency to avoid difficult problems or avoid asking for help.,[],"The student is practicing the skill 'rate'. Before these attempts, the student's cumulative accuracy on this skill was 0%. On attempt 1, the student answered incorrectly, used no hints, and took 3.42 times their own average response time. On attempt 2, the student answered incorrectly, used no hints, and took 1.32 times their own average response time. On attempt 3, the student answered incorrectly, used no hints, and took 0.88 times their own average response time. On attempt 4, the student answered incorrectly, used no hints, and took 1.13 times their own average response time.",cognitive_avoidance,True,False,0.02398681640625,mDeBERTa-v3-base-mnli-xnli,fact,,,0.02398681640625,FAIL_NLI,True
Q137,S1,The student may have avoided engaging deeply with the graph material.,reading-graph,"[{'step': 141, 'correct': False, 'hint_count': 0, 'response_time_ratio': 2.156646764306762}, {'step': 142, 'correct': False, 'hint_count': 0, 'response_time_ratio': 0.7842351998535801}]",0.0,unsupported,unsupported=1,1,,['cognitive_avoidance'],[],['The student showed a tendency to avoid difficult problems or avoid asking for help.'],The student showed a tendency to avoid difficult problems or avoid asking for help.,[],"The student is practicing the skill 'reading-graph'. Before these attempts, the student's cumulative accuracy on this skill was 0%. On attempt 1, the student answered incorrectly, used no hints, and took 2.16 times their own average response time. On attempt 2, the student answered incorrectly, used no hints, and took 0.78 times their own average response time.",cognitive_avoidance,False,False,0.0018091201782226,mDeBERTa-v3-base-mnli-xnli,fact,,,0.0018091201782226,FAIL_NLI,True
Q137,S2,There appears to be a likelihood of errors or omissions in completing tasks related to interpreting the graph.,reading-graph,"[{'step': 141, 'correct': False, 'hint_count': 0, 'response_time_ratio': 2.156646764306762}, {'step': 142, 'correct': False, 'hint_count': 0, 'response_time_ratio': 0.7842351998535801}]",0.0,supported,supported=1,1,,['slipping'],[],['The student made an unexpected mistake on content they had previously understood well.'],The student made an unexpected mistake on content they had previously understood well.,[],"The student is practicing the skill 'reading-graph'. Before these attempts, the student's cumulative accuracy on this skill was 0%. On attempt 1, the student answered incorrectly, used no hints, and took 2.16 times their own average response time. On attempt 2, the student answered incorrectly, used no hints, and took 0.78 times their own average response time.",slipping,False,False,0.0020751953125,mDeBERTa-v3-base-mnli-xnli,fact,,,0.0020751953125,FAIL_NLI,True
Q095,S1,"The student demonstrated a strong engagement with the task, making independent judgments despite receiving hints.",perimeter,"[{'step': 199, 'correct': False, 'hint_count': 1, 'response_time_ratio': 0.5462785150658129}, {'step': 200, 'correct': False, 'hint_count': 2, 'response_time_ratio': 0.2521285160614105}, {'step': 201, 'correct': False, 'hint_count': 2, 'response_time_ratio': 0.4622356495269869}, {'step': 202, 'correct': True, 'hint_count': 2, 'response_time_ratio': 0.2101071134213576}]",0.25,partial,partial=1,1,,['productive_struggle'],[],"['The student struggled with difficulty while using hints, but ultimately solved the problem through productive effort. productive_struggle is dominant (independent judgment is possible since a hint was used).']","The student struggled with difficulty while using hints, but ultimately solved the problem through productive effort. productive_struggle is dominant (independent judgment is possible since a hint was used).",[],"The student is practicing the skill 'perimeter'. Before these attempts, the student's cumulative accuracy on this skill was 25%. On attempt 1, the student answered incorrectly, used 1 hint, and took 0.55 times their own average response time. On attempt 2, the student answered incorrectly, used 2 hints, and took 0.25 times their own average response time. On attempt 3, the student answered incorrectly, used 2 hints, and took 0.46 times their own average response time. On attempt 4, the student answered correctly, used 2 hints, and took 0.21 times their own average response time.",productive_struggle,False,False,0.274658203125,mDeBERTa-v3-base-mnli-xnli,fact,,,0.274658203125,FAIL_NLI,True
Q095,S2,"The student also showed a clear inclination to avoid deeper cognitive effort, indicating a preference for less challenging paths.",perimeter,"[{'step': 199, 'correct': False, 'hint_count': 1, 'response_time_ratio': 0.5462785150658129}, {'step': 200, 'correct': False, 'hint_count': 2, 'response_time_ratio': 0.2521285160614105}, {'step': 201, 'correct': False, 'hint_count': 2, 'response_time_ratio': 0.4622356495269869}, {'step': 202, 'correct': True, 'hint_count': 2, 'response_time_ratio': 0.2101071134213576}]",0.25,partial,partial=1,1,,['cognitive_avoidance'],[],['The student showed a tendency to avoid difficult problems or avoid asking for help.'],The student showed a tendency to avoid difficult problems or avoid asking for help.,[],"The student is practicing the skill 'perimeter'. Before these attempts, the student's cumulative accuracy on this skill was 25%. On attempt 1, the student answered incorrectly, used 1 hint, and took 0.55 times their own average response time. On attempt 2, the student answered incorrectly, used 2 hints, and took 0.25 times their own average response time. On attempt 3, the student answered incorrectly, used 2 hints, and took 0.46 times their own average response time. On attempt 4, the student answered correctly, used 2 hints, and took 0.21 times their own average response time.",cognitive_avoidance,False,False,0.06524658203125,mDeBERTa-v3-base-mnli-xnli,fact,,,0.06524658203125,FAIL_NLI,True
Q095,S3,This combination suggests a complex interaction between persistence and avoidance tendencies.,perimeter,"[{'step': 199, 'correct': False, 'hint_count': 1, 'response_time_ratio': 0.5462785150658129}, {'step': 200, 'correct': False, 'hint_count': 2, 'response_time_ratio': 0.2521285160614105}, {'step': 201, 'correct': False, 'hint_count': 2, 'response_time_ratio': 0.4622356495269869}, {'step': 202, 'correct': True, 'hint_count': 2, 'response_time_ratio': 0.2101071134213576}]",0.25,supported,supported=1,1,,"['productive_struggle', 'cognitive_avoidance']",[],"['The student struggled with difficulty while using hints, but ultimately solved the problem through productive effort. productive_struggle is dominant (independent judgment is possible since a hint was used).', 'The student showed a tendency to avoid difficult problems or avoid asking for help.']","The student struggled with difficulty while using hints, but ultimately solved the problem through productive effort. productive_struggle is dominant (independent judgment is possible since a hint was used).
The student showed a tendency to avoid difficult problems or avoid asking for help.",[],"The student is practicing the skill 'perimeter'. Before these attempts, the student's cumulative accuracy on this skill was 25%. On attempt 1, the student answered incorrectly, used 1 hint, and took 0.55 times their own average response time. On attempt 2, the student answered incorrectly, used 2 hints, and took 0.25 times their own average response time. On attempt 3, the student answered incorrectly, used 2 hints, and took 0.46 times their own average response time. On attempt 4, the student answered correctly, used 2 hints, and took 0.21 times their own average response time.",,False,False,0.0247039794921875,mDeBERTa-v3-base-mnli-xnli,fact,,,0.0247039794921875,FAIL_NLI,True
Q033,S1,The student exhibits clear signs of avoiding challenging tasks.,noskill,"[{'step': 151, 'correct': False, 'hint_count': 1, 'response_time_ratio': 0.528634352791632}, {'step': 152, 'correct': False, 'hint_count': 2, 'response_time_ratio': 0.0528634361249781}, {'step': 153, 'correct': False, 'hint_count': 2, 'response_time_ratio': 0.3171806252080188}, {'step': 154, 'correct': False, 'hint_count': 3, 'response_time_ratio': 0.6343612250415883}]",0.4901960784313725,partial,partial=1,1,,['cognitive_avoidance'],[],['The student showed a tendency to avoid difficult problems or avoid asking for help.'],The student showed a tendency to avoid difficult problems or avoid asking for help.,[],"The student is practicing the skill 'noskill'. Before these attempts, the student's cumulative accuracy on this skill was 49%. On attempt 1, the student answered incorrectly, used 1 hint, and took 0.53 times their own average response time. On attempt 2, the student answered incorrectly, used 2 hints, and took 0.05 times their own average response time. On attempt 3, the student answered incorrectly, used 2 hints, and took 0.32 times their own average response time. On attempt 4, the student answered incorrectly, used 3 hints, and took 0.63 times their own average response time.",cognitive_avoidance,False,False,0.95849609375,mDeBERTa-v3-base-mnli-xnli,fact,,,0.95849609375,PASS,True
Q114,S1,The student exhibits signs of avoiding challenging tasks.,discount,"[{'step': 80, 'correct': False, 'hint_count': 0, 'response_time_ratio': 0.7702702735671507}, {'step': 81, 'correct': False, 'hint_count': 1, 'response_time_ratio': 0.0270270238126928}, {'step': 82, 'correct': True, 'hint_count': 1, 'response_time_ratio': 1.0405405373697545}, {'step': 83, 'correct': False, 'hint_count': 0, 'response_time_ratio': 0.2027027092033042}]",0.2307692307692307,partial,partial=3;supported=2,5,"R4: 대체적으로 응답 시간이 짧고 특히 81, 83은 문제를 풀었다고 보기엔 매우 짧은 응답 시간이 기록됨. 회피하는 징후가 보이지만 82에서는 힌트 사용 후 적당한 시간을 사용하여 정답을 맞추어서 부분적으로 지지함",['cognitive_avoidance'],[],['The student showed a tendency to avoid difficult problems or avoid asking for help.'],The student showed a tendency to avoid difficult problems or avoid asking for help.,[],"The student is practicing the skill 'discount'. Before these attempts, the student's cumulative accuracy on this skill was 23%. On attempt 1, the student answered incorrectly, used no hints, and took 0.77 times their own average response time. On attempt 2, the student answered incorrectly, used 1 hint, and took 0.03 times their own average response time. On attempt 3, the student answered correctly, used 1 hint, and took 1.04 times their own average response time. On attempt 4, the student answered incorrectly, used no hints, and took 0.20 times their own average response time.",cognitive_avoidance,True,False,0.9970703125,mDeBERTa-v3-base-mnli-xnli,fact,,,0.9970703125,PASS,True
Q114,S2,There is also a noticeable pattern of errors occurring during task execution.,discount,"[{'step': 80, 'correct': False, 'hint_count': 0, 'response_time_ratio': 0.7702702735671507}, {'step': 81, 'correct': False, 'hint_count': 1, 'response_time_ratio': 0.0270270238126928}, {'step': 82, 'correct': True, 'hint_count': 1, 'response_time_ratio': 1.0405405373697545}, {'step': 83, 'correct': False, 'hint_count': 0, 'response_time_ratio': 0.2027027092033042}]",0.2307692307692307,partial,partial=2;supported=2;unsupported=1,5,R3: 에서 오류가 바생하는 뚜렷한 패턴을 확인할 수는 없음,['slipping'],[],['The student made an unexpected mistake on content they had previously understood well.'],The student made an unexpected mistake on content they had previously understood well.,[],"The student is practicing the skill 'discount'. Before these attempts, the student's cumulative accuracy on this skill was 23%. On attempt 1, the student answered incorrectly, used no hints, and took 0.77 times their own average response time. On attempt 2, the student answered incorrectly, used 1 hint, and took 0.03 times their own average response time. On attempt 3, the student answered correctly, used 1 hint, and took 1.04 times their own average response time. On attempt 4, the student answered incorrectly, used no hints, and took 0.20 times their own average response time.",slipping,True,False,0.0059585571289062,mDeBERTa-v3-base-mnli-xnli,fact,,,0.0059585571289062,FAIL_NLI,True
Q086,S1,The student exhibits signs of avoiding challenging aspects of the task.,sum-of-interior-angles-triangle,"[{'step': 47, 'correct': False, 'hint_count': 0, 'response_time_ratio': 0.3522719437826334}, {'step': 50, 'correct': True, 'hint_count': 0, 'response_time_ratio': 3.1433496386653466}, {'step': 190, 'correct': False, 'hint_count': 0, 'response_time_ratio': 3.143349652214268}, {'step': 201, 'correct': False, 'hint_count': 0, 'response_time_ratio': 0.108391360868447}]",0.3333333333333333,partial,partial=3;supported=1;unsupported=1,5,"R4: 47, 201 문항이 응답시간이 짧고 오답이지만, 50, 190문항에서 꽤 긴 응답시간을 쓰며 힌트 없이 문제를 해결하려고 했다는 점에서 도전을 피하려는 징후라기 보단 도전해서 좌절된 결과로 보는 것이 더 적합함",['cognitive_avoidance'],[],['The student showed a tendency to avoid difficult problems or avoid asking for help.'],The student showed a tendency to avoid difficult problems or avoid asking for help.,[],"The student is practicing the skill 'sum-of-interior-angles-triangle'. Before these attempts, the student's cumulative accuracy on this skill was 33%. On attempt 1, the student answered incorrectly, used no hints, and took 0.35 times their own average response time. On attempt 2, the student answered correctly, used no hints, and took 3.14 times their own average response time. On attempt 3, the student answered incorrectly, used no hints, and took 3.14 times their own average response time. On attempt 4, the student answered incorrectly, used no hints, and took 0.11 times their own average response time.",cognitive_avoidance,True,False,0.99365234375,mDeBERTa-v3-base-mnli-xnli,fact,,,0.99365234375,PASS,True
Q086,S2,The student also shows frustration without effective problem-solving strategies.,sum-of-interior-angles-triangle,"[{'step': 47, 'correct': False, 'hint_count': 0, 'response_time_ratio': 0.3522719437826334}, {'step': 50, 'correct': True, 'hint_count': 0, 'response_time_ratio': 3.1433496386653466}, {'step': 190, 'correct': False, 'hint_count': 0, 'response_time_ratio': 3.143349652214268}, {'step': 201, 'correct': False, 'hint_count': 0, 'response_time_ratio': 0.108391360868447}]",0.3333333333333333,unsupported,unsupported=3;partial=1;supported=1,5,,['unproductive_frustration'],[],['The student experienced unproductive frustration amid repeated failures or difficulty.'],The student experienced unproductive frustration amid repeated failures or difficulty.,[],"The student is practicing the skill 'sum-of-interior-angles-triangle'. Before these attempts, the student's cumulative accuracy on this skill was 33%. On attempt 1, the student answered incorrectly, used no hints, and took 0.35 times their own average response time. On attempt 2, the student answered correctly, used no hints, and took 3.14 times their own average response time. On attempt 3, the student answered incorrectly, used no hints, and took 3.14 times their own average response time. On attempt 4, the student answered incorrectly, used no hints, and took 0.11 times their own average response time.",unproductive_frustration,True,False,0.0182037353515625,mDeBERTa-v3-base-mnli-xnli,fact,,,0.0182037353515625,FAIL_NLI,True
Q032,S1,The student may have overestimated their ability to interpret the number line correctly.,interpreting-numberline,"[{'step': 1416, 'correct': False, 'hint_count': 6, 'response_time_ratio': 2.297430455551834}, {'step': 1417, 'correct': False, 'hint_count': 7, 'response_time_ratio': 0.7220495717448621}, {'step': 1418, 'correct': False, 'hint_count': 8, 'response_time_ratio': 0.787690426149677}, {'step': 1419, 'correct': False, 'hint_count': 9, 'response_time_ratio': 2.2317896169008278}]",0.0,supported,supported=1,1,R3: 는 모두 자신의 실력을 높게 평가하고 있는 느낌이나 힌트 횟수와 소요 시간은 그렇지 않은 것으로 판단할 수 있음,['overconfidence'],[],"['The student showed excessive confidence, higher than their actual level of understanding warranted.']","The student showed excessive confidence, higher than their actual level of understanding warranted.",[],"The student is practicing the skill 'interpreting-numberline'. Before these attempts, the student's cumulative accuracy on this skill was 0%. On attempt 1, the student answered incorrectly, used 6 hints, and took 2.30 times their own average response time. On attempt 2, the student answered incorrectly, used 7 hints, and took 0.72 times their own average response time. On attempt 3, the student answered incorrectly, used 8 hints, and took 0.79 times their own average response time. On attempt 4, the student answered incorrectly, used 9 hints, and took 2.23 times their own average response time.",overconfidence,False,False,0.0008635520935058,mDeBERTa-v3-base-mnli-xnli,fact,,,0.0008635520935058,FAIL_NLI,True
Q032,S2,This indicates a potential lack of awareness regarding their actual skill level in this task.,interpreting-numberline,"[{'step': 1416, 'correct': False, 'hint_count': 6, 'response_time_ratio': 2.297430455551834}, {'step': 1417, 'correct': False, 'hint_count': 7, 'response_time_ratio': 0.7220495717448621}, {'step': 1418, 'correct': False, 'hint_count': 8, 'response_time_ratio': 0.787690426149677}, {'step': 1419, 'correct': False, 'hint_count': 9, 'response_time_ratio': 2.2317896169008278}]",0.0,supported,supported=1,1,,['overconfidence'],[],"['The student showed excessive confidence, higher than their actual level of understanding warranted.']","The student showed excessive confidence, higher than their actual level of understanding warranted.",[],"The student is practicing the skill 'interpreting-numberline'. Before these attempts, the student's cumulative accuracy on this skill was 0%. On attempt 1, the student answered incorrectly, used 6 hints, and took 2.30 times their own average response time. On attempt 2, the student answered incorrectly, used 7 hints, and took 0.72 times their own average response time. On attempt 3, the student answered incorrectly, used 8 hints, and took 0.79 times their own average response time. On attempt 4, the student answered incorrectly, used 9 hints, and took 2.23 times their own average response time.",overconfidence,False,False,0.0293731689453125,mDeBERTa-v3-base-mnli-xnli,fact,,,0.0293731689453125,FAIL_NLI,True
Q129,S1,The student demonstrates a strong sense of certainty in their responses.,interpreting-numberline,"[{'step': 794, 'correct': False, 'hint_count': 1, 'response_time_ratio': 0.8671894183763823}, {'step': 795, 'correct': False, 'hint_count': 3, 'response_time_ratio': 0.3153416185649657}, {'step': 796, 'correct': False, 'hint_count': 4, 'response_time_ratio': 0.157670781138245}, {'step': 797, 'correct': False, 'hint_count': 2, 'response_time_ratio': 0.5518477808909207}]",0.25,supported,supported=1,1,,['overconfidence'],[],"['The student showed excessive confidence, higher than their actual level of understanding warranted.']","The student showed excessive confidence, higher than their actual level of understanding warranted.",[],"The student is practicing the skill 'interpreting-numberline'. Before these attempts, the student's cumulative accuracy on this skill was 25%. On attempt 1, the student answered incorrectly, used 1 hint, and took 0.87 times their own average response time. On attempt 2, the student answered incorrectly, used 3 hints, and took 0.32 times their own average response time. On attempt 3, the student answered incorrectly, used 4 hints, and took 0.16 times their own average response time. On attempt 4, the student answered incorrectly, used 2 hints, and took 0.55 times their own average response time.",overconfidence,False,False,0.73583984375,mDeBERTa-v3-base-mnli-xnli,fact,,,0.73583984375,PASS,True
Q129,S2,This confidence appears to be consistently high throughout the task.,interpreting-numberline,"[{'step': 794, 'correct': False, 'hint_count': 1, 'response_time_ratio': 0.8671894183763823}, {'step': 795, 'correct': False, 'hint_count': 3, 'response_time_ratio': 0.3153416185649657}, {'step': 796, 'correct': False, 'hint_count': 4, 'response_time_ratio': 0.157670781138245}, {'step': 797, 'correct': False, 'hint_count': 2, 'response_time_ratio': 0.5518477808909207}]",0.25,partial,partial=1,1,,['overconfidence'],[],"['The student showed excessive confidence, higher than their actual level of understanding warranted.']","The student showed excessive confidence, higher than their actual level of understanding warranted.",[],"The student is practicing the skill 'interpreting-numberline'. Before these attempts, the student's cumulative accuracy on this skill was 25%. On attempt 1, the student answered incorrectly, used 1 hint, and took 0.87 times their own average response time. On attempt 2, the student answered incorrectly, used 3 hints, and took 0.32 times their own average response time. On attempt 3, the student answered incorrectly, used 4 hints, and took 0.16 times their own average response time. On attempt 4, the student answered incorrectly, used 2 hints, and took 0.55 times their own average response time.",overconfidence,False,False,0.0014476776123046,mDeBERTa-v3-base-mnli-xnli,fact,,,0.0014476776123046,FAIL_NLI,True
Q129,S3,There is no indication of hesitation or doubt in their approach.,interpreting-numberline,"[{'step': 794, 'correct': False, 'hint_count': 1, 'response_time_ratio': 0.8671894183763823}, {'step': 795, 'correct': False, 'hint_count': 3, 'response_time_ratio': 0.3153416185649657}, {'step': 796, 'correct': False, 'hint_count': 4, 'response_time_ratio': 0.157670781138245}, {'step': 797, 'correct': False, 'hint_count': 2, 'response_time_ratio': 0.5518477808909207}]",0.25,unsupported,unsupported=1,1,,['overconfidence'],[],"['The student showed excessive confidence, higher than their actual level of understanding warranted.']","The student showed excessive confidence, higher than their actual level of understanding warranted.",[],"The student is practicing the skill 'interpreting-numberline'. Before these attempts, the student's cumulative accuracy on this skill was 25%. On attempt 1, the student answered incorrectly, used 1 hint, and took 0.87 times their own average response time. On attempt 2, the student answered incorrectly, used 3 hints, and took 0.32 times their own average response time. On attempt 3, the student answered incorrectly, used 4 hints, and took 0.16 times their own average response time. On attempt 4, the student answered incorrectly, used 2 hints, and took 0.55 times their own average response time.",overconfidence,False,False,0.260009765625,mDeBERTa-v3-base-mnli-xnli,fact,,,0.260009765625,FAIL_NLI,True
Q034,S1,"The student exhibits signs of avoiding challenging tasks related to converting fractions, decimals, and percentages.",equivalent-fractions-decimals-percents,"[{'step': 100, 'correct': False, 'hint_count': 0, 'response_time_ratio': 1.6025033635238013}, {'step': 102, 'correct': True, 'hint_count': 0, 'response_time_ratio': 0.3373691291629055}, {'step': 104, 'correct': True, 'hint_count': 0, 'response_time_ratio': 0.0421711511820947}, {'step': 261, 'correct': False, 'hint_count': 0, 'response_time_ratio': 2.4880973275764284}]",0.6666666666666666,unsupported,unsupported=1,1,R2: 짧게 끝난 문제는 정답이였고 오답은 오히려 오랜 시간을 들여 풀음,['cognitive_avoidance'],[],['The student showed a tendency to avoid difficult problems or avoid asking for help.'],The student showed a tendency to avoid difficult problems or avoid asking for help.,[],"The student is practicing the skill 'equivalent-fractions-decimals-percents'. Before these attempts, the student's cumulative accuracy on this skill was 67%. On attempt 1, the student answered incorrectly, used no hints, and took 1.60 times their own average response time. On attempt 2, the student answered correctly, used no hints, and took 0.34 times their own average response time. On attempt 3, the student answered correctly, used no hints, and took 0.04 times their own average response time. On attempt 4, the student answered incorrectly, used no hints, and took 2.49 times their own average response time.",cognitive_avoidance,False,False,0.0009713172912597,mDeBERTa-v3-base-mnli-xnli,fact,,,0.0009713172912597,FAIL_NLI,True
Q034,S2,The student also shows frustration during attempts to solve problems involving these concepts.,equivalent-fractions-decimals-percents,"[{'step': 100, 'correct': False, 'hint_count': 0, 'response_time_ratio': 1.6025033635238013}, {'step': 102, 'correct': True, 'hint_count': 0, 'response_time_ratio': 0.3373691291629055}, {'step': 104, 'correct': True, 'hint_count': 0, 'response_time_ratio': 0.0421711511820947}, {'step': 261, 'correct': False, 'hint_count': 0, 'response_time_ratio': 2.4880973275764284}]",0.6666666666666666,partial,partial=1,1,,['unproductive_frustration'],[],['The student experienced unproductive frustration amid repeated failures or difficulty.'],The student experienced unproductive frustration amid repeated failures or difficulty.,[],"The student is practicing the skill 'equivalent-fractions-decimals-percents'. Before these attempts, the student's cumulative accuracy on this skill was 67%. On attempt 1, the student answered incorrectly, used no hints, and took 1.60 times their own average response time. On attempt 2, the student answered correctly, used no hints, and took 0.34 times their own average response time. On attempt 3, the student answered correctly, used no hints, and took 0.04 times their own average response time. On attempt 4, the student answered incorrectly, used no hints, and took 2.49 times their own average response time.",unproductive_frustration,False,False,0.0010786056518554,mDeBERTa-v3-base-mnli-xnli,fact,,,0.0010786056518554,FAIL_NLI,True
Q121,S1,The student exhibits signs of unproductive frustration during the task.,sum-of-interior-angles-more-than-3-sides,"[{'step': 2, 'correct': True, 'hint_count': 0, 'response_time_ratio': 1.531136172224411}, {'step': 3, 'correct': False, 'hint_count': 1, 'response_time_ratio': 1.083573287111774}, {'step': 4, 'correct': True, 'hint_count': 1, 'response_time_ratio': 1.1777970455550242}, {'step': 541, 'correct': False, 'hint_count': 1, 'response_time_ratio': 3.180052038262815}]",0.5,partial,partial=1,1,"R5: 정답률 50%로, 높은 노력에도 반복 오답이라는 전형적인 Unproductive Frustration패턴은 아니여서 부분 지지",['unproductive_frustration'],[],['The student experienced unproductive frustration amid repeated failures or difficulty.'],The student experienced unproductive frustration amid repeated failures or difficulty.,[],"The student is practicing the skill 'sum-of-interior-angles-more-than-3-sides'. Before these attempts, the student's cumulative accuracy on this skill was 50%. On attempt 1, the student answered correctly, used no hints, and took 1.53 times their own average response time. On attempt 2, the student answered incorrectly, used 1 hint, and took 1.08 times their own average response time. On attempt 3, the student answered correctly, used 1 hint, and took 1.18 times their own average response time. On attempt 4, the student answered incorrectly, used 1 hint, and took 3.18 times their own average response time.",unproductive_frustration,False,False,0.9609375,mDeBERTa-v3-base-mnli-xnli,fact,,,0.9609375,PASS,True
Q121,S2,This indicates a struggle with understanding the concept being taught.,sum-of-interior-angles-more-than-3-sides,"[{'step': 2, 'correct': True, 'hint_count': 0, 'response_time_ratio': 1.531136172224411}, {'step': 3, 'correct': False, 'hint_count': 1, 'response_time_ratio': 1.083573287111774}, {'step': 4, 'correct': True, 'hint_count': 1, 'response_time_ratio': 1.1777970455550242}, {'step': 541, 'correct': False, 'hint_count': 1, 'response_time_ratio': 3.180052038262815}]",0.5,partial,partial=1,1,"R5: 정답률 50%, 힌트 없이 정답, 힌트 사용해서 정답 맞히기도 하였으므로, 개념 이해 부족인지, 계산 실수 인지, 문제 특성인지 위 데이터만으로 확신하기 어렵다고 판단하여 부분 지지",['unproductive_frustration'],[],['The student experienced unproductive frustration amid repeated failures or difficulty.'],The student experienced unproductive frustration amid repeated failures or difficulty.,[],"The student is practicing the skill 'sum-of-interior-angles-more-than-3-sides'. Before these attempts, the student's cumulative accuracy on this skill was 50%. On attempt 1, the student answered correctly, used no hints, and took 1.53 times their own average response time. On attempt 2, the student answered incorrectly, used 1 hint, and took 1.08 times their own average response time. On attempt 3, the student answered correctly, used 1 hint, and took 1.18 times their own average response time. On attempt 4, the student answered incorrectly, used 1 hint, and took 3.18 times their own average response time.",unproductive_frustration,False,False,0.0047607421875,mDeBERTa-v3-base-mnli-xnli,fact,,,0.0047607421875,FAIL_NLI,True
Q111,S1,The student demonstrates a strong sense of certainty in their responses despite potential inaccuracies.,probability,"[{'step': 533, 'correct': False, 'hint_count': 0, 'response_time_ratio': 0.9850392376045634}, {'step': 534, 'correct': False, 'hint_count': 1, 'response_time_ratio': 0.2626771186014282}, {'step': 535, 'correct': False, 'hint_count': 2, 'response_time_ratio': 0.0656692991869689}, {'step': 536, 'correct': False, 'hint_count': 3, 'response_time_ratio': 0.0656692991869689}]",0.3548387096774194,supported,supported=1,1,,['overconfidence'],[],"['The student showed excessive confidence, higher than their actual level of understanding warranted.']","The student showed excessive confidence, higher than their actual level of understanding warranted.",[],"The student is practicing the skill 'probability'. Before these attempts, the student's cumulative accuracy on this skill was 35%. On attempt 1, the student answered incorrectly, used no hints, and took 0.99 times their own average response time. On attempt 2, the student answered incorrectly, used 1 hint, and took 0.26 times their own average response time. On attempt 3, the student answered incorrectly, used 2 hints, and took 0.07 times their own average response time. On attempt 4, the student answered incorrectly, used 3 hints, and took 0.07 times their own average response time.",overconfidence,False,False,0.1697998046875,mDeBERTa-v3-base-mnli-xnli,fact,,,0.1697998046875,FAIL_NLI,True
Q111,S2,The level of confidence appears elevated compared to typical expectations.,probability,"[{'step': 533, 'correct': False, 'hint_count': 0, 'response_time_ratio': 0.9850392376045634}, {'step': 534, 'correct': False, 'hint_count': 1, 'response_time_ratio': 0.2626771186014282}, {'step': 535, 'correct': False, 'hint_count': 2, 'response_time_ratio': 0.0656692991869689}, {'step': 536, 'correct': False, 'hint_count': 3, 'response_time_ratio': 0.0656692991869689}]",0.3548387096774194,supported,supported=1,1,,['overconfidence'],[],"['The student showed excessive confidence, higher than their actual level of understanding warranted.']","The student showed excessive confidence, higher than their actual level of understanding warranted.",[],"The student is practicing the skill 'probability'. Before these attempts, the student's cumulative accuracy on this skill was 35%. On attempt 1, the student answered incorrectly, used no hints, and took 0.99 times their own average response time. On attempt 2, the student answered incorrectly, used 1 hint, and took 0.26 times their own average response time. On attempt 3, the student answered incorrectly, used 2 hints, and took 0.07 times their own average response time. On attempt 4, the student answered incorrectly, used 3 hints, and took 0.07 times their own average response time.",overconfidence,False,False,0.9638671875,mDeBERTa-v3-base-mnli-xnli,fact,,,0.9638671875,PASS,True
Q111,S3,This may indicate a tendency to overestimate their understanding of the material.,probability,"[{'step': 533, 'correct': False, 'hint_count': 0, 'response_time_ratio': 0.9850392376045634}, {'step': 534, 'correct': False, 'hint_count': 1, 'response_time_ratio': 0.2626771186014282}, {'step': 535, 'correct': False, 'hint_count': 2, 'response_time_ratio': 0.0656692991869689}, {'step': 536, 'correct': False, 'hint_count': 3, 'response_time_ratio': 0.0656692991869689}]",0.3548387096774194,supported,supported=1,1,,['overconfidence'],[],"['The student showed excessive confidence, higher than their actual level of understanding warranted.']","The student showed excessive confidence, higher than their actual level of understanding warranted.",[],"The student is practicing the skill 'probability'. Before these attempts, the student's cumulative accuracy on this skill was 35%. On attempt 1, the student answered incorrectly, used no hints, and took 0.99 times their own average response time. On attempt 2, the student answered incorrectly, used 1 hint, and took 0.26 times their own average response time. On attempt 3, the student answered incorrectly, used 2 hints, and took 0.07 times their own average response time. On attempt 4, the student answered incorrectly, used 3 hints, and took 0.07 times their own average response time.",overconfidence,False,False,0.0075340270996093,mDeBERTa-v3-base-mnli-xnli,fact,,,0.0075340270996093,FAIL_NLI,True
Q112,S1,The student may have avoided engaging deeply with the problem-solving process.,combinatorics,"[{'step': 770, 'correct': False, 'hint_count': 0, 'response_time_ratio': 1.171328386187258}, {'step': 771, 'correct': False, 'hint_count': 0, 'response_time_ratio': 0.2788876977219111}, {'step': 772, 'correct': True, 'hint_count': 0, 'response_time_ratio': 1.8964364615525904}, {'step': 773, 'correct': False, 'hint_count': 0, 'response_time_ratio': 0.3904427821206976}]",0.375,partial,partial=5,5,"R4: 771, 773에서는 서술문이 부합한 것으로 보이나 나머지 두 문항에서는 긴 소요 시간을 보내고 오답/정답을 낸 것으로 보아 일부만 지지되는 것으로 보임",['cognitive_avoidance'],[],['The student showed a tendency to avoid difficult problems or avoid asking for help.'],The student showed a tendency to avoid difficult problems or avoid asking for help.,[],"The student is practicing the skill 'combinatorics'. Before these attempts, the student's cumulative accuracy on this skill was 38%. On attempt 1, the student answered incorrectly, used no hints, and took 1.17 times their own average response time. On attempt 2, the student answered incorrectly, used no hints, and took 0.28 times their own average response time. On attempt 3, the student answered correctly, used no hints, and took 1.90 times their own average response time. On attempt 4, the student answered incorrectly, used no hints, and took 0.39 times their own average response time.",cognitive_avoidance,True,False,0.3671875,mDeBERTa-v3-base-mnli-xnli,fact,,,0.3671875,FAIL_NLI,True
Q112,S2,There appears to be a significant likelihood of errors occurring during task execution.,combinatorics,"[{'step': 770, 'correct': False, 'hint_count': 0, 'response_time_ratio': 1.171328386187258}, {'step': 771, 'correct': False, 'hint_count': 0, 'response_time_ratio': 0.2788876977219111}, {'step': 772, 'correct': True, 'hint_count': 0, 'response_time_ratio': 1.8964364615525904}, {'step': 773, 'correct': False, 'hint_count': 0, 'response_time_ratio': 0.3904427821206976}]",0.375,supported,supported=3;partial=2,5,,['slipping'],[],['The student made an unexpected mistake on content they had previously understood well.'],The student made an unexpected mistake on content they had previously understood well.,[],"The student is practicing the skill 'combinatorics'. Before these attempts, the student's cumulative accuracy on this skill was 38%. On attempt 1, the student answered incorrectly, used no hints, and took 1.17 times their own average response time. On attempt 2, the student answered incorrectly, used no hints, and took 0.28 times their own average response time. On attempt 3, the student answered correctly, used no hints, and took 1.90 times their own average response time. On attempt 4, the student answered incorrectly, used no hints, and took 0.39 times their own average response time.",slipping,True,False,0.058258056640625,mDeBERTa-v3-base-mnli-xnli,fact,,,0.058258056640625,FAIL_NLI,True
Q130,S1,The student exhibits signs of overconfidence.,noskill,"[{'step': 215, 'correct': False, 'hint_count': 0, 'response_time_ratio': 1.7084794719832086}, {'step': 216, 'correct': False, 'hint_count': 0, 'response_time_ratio': 0.5069114916873256}, {'step': 217, 'correct': False, 'hint_count': 1, 'response_time_ratio': 0.0375489949159154}, {'step': 218, 'correct': False, 'hint_count': 1, 'response_time_ratio': 0.9762739884962848}]",0.3425925925925926,partial,partial=3;supported=2,5,R3: 에서 일부 문항에서는 높은 시간 투자를 보여줌 / R5: 과,['overconfidence'],[],"['The student showed excessive confidence, higher than their actual level of understanding warranted. ']","The student showed excessive confidence, higher than their actual level of understanding warranted. ",[],"The student is practicing the skill 'noskill'. Before these attempts, the student's cumulative accuracy on this skill was 34%. On attempt 1, the student answered incorrectly, used no hints, and took 1.71 times their own average response time. On attempt 2, the student answered incorrectly, used no hints, and took 0.51 times their own average response time. On attempt 3, the student answered incorrectly, used 1 hint, and took 0.04 times their own average response time. On attempt 4, the student answered incorrectly, used 1 hint, and took 0.98 times their own average response time.",overconfidence,True,False,0.9931640625,mDeBERTa-v3-base-mnli-xnli,fact,,,0.9931640625,PASS,True
Q130,S2,The student also shows indications of slipping.,noskill,"[{'step': 215, 'correct': False, 'hint_count': 0, 'response_time_ratio': 1.7084794719832086}, {'step': 216, 'correct': False, 'hint_count': 0, 'response_time_ratio': 0.5069114916873256}, {'step': 217, 'correct': False, 'hint_count': 1, 'response_time_ratio': 0.0375489949159154}, {'step': 218, 'correct': False, 'hint_count': 1, 'response_time_ratio': 0.9762739884962848}]",0.3425925925925926,unsupported,unsupported=4;partial=1,5,"R2: 정답률 34%에 정답 기록 없어 실수로 볼 근거 없음 / R4: 낮은 정답률을 통해 실수라고 보긴 어려움 / R5: 모두 일부 빠른 오답으로 뒷받침되나, 문항별 응답시간의 편차가 커 일관된 overconfidence 또는 slipping 패턴으로 단정하기에는 근거가 부족함",['slipping'],[],['The student made an unexpected mistake on content they had previously understood well. '],The student made an unexpected mistake on content they had previously understood well. ,[],"The student is practicing the skill 'noskill'. Before these attempts, the student's cumulative accuracy on this skill was 34%. On attempt 1, the student answered incorrectly, used no hints, and took 1.71 times their own average response time. On attempt 2, the student answered incorrectly, used no hints, and took 0.51 times their own average response time. On attempt 3, the student answered incorrectly, used 1 hint, and took 0.04 times their own average response time. On attempt 4, the student answered incorrectly, used 1 hint, and took 0.98 times their own average response time.",slipping,True,False,0.0027656555175781,mDeBERTa-v3-base-mnli-xnli,fact,,,0.0027656555175781,FAIL_NLI,True
Q039,S1,"The student engaged in independent problem-solving despite the availability of hints, indicating a strong capacity for self-directed effort.",multiplying-decimals,"[{'step': 36, 'correct': False, 'hint_count': 1, 'response_time_ratio': 0.2092563290845222}, {'step': 37, 'correct': False, 'hint_count': 1, 'response_time_ratio': 0.1255537974507133}, {'step': 38, 'correct': False, 'hint_count': 1, 'response_time_ratio': 1.12998417705642}, {'step': 39, 'correct': True, 'hint_count': 1, 'response_time_ratio': 0.8370253062937851}]",0.0512820512820512,unsupported,unsupported=4;partial=1,5,R2: 모든 문항에 힌트를 사용함 / R3: 의 자기주도적 노력에 대한 강한 능력에 정답률은 고려하지 않는지? / R4: 오히려 cognitive avoidance에 가까워 보임,['productive_struggle'],[],"['The student struggled with difficulty while using hints, but ultimately solved the problem through productive effort. productive_struggle is dominant (independent judgment is possible since a hint was used).']","The student struggled with difficulty while using hints, but ultimately solved the problem through productive effort. productive_struggle is dominant (independent judgment is possible since a hint was used).",[],"The student is practicing the skill 'multiplying-decimals'. Before these attempts, the student's cumulative accuracy on this skill was 5%. On attempt 1, the student answered incorrectly, used 1 hint, and took 0.21 times their own average response time. On attempt 2, the student answered incorrectly, used 1 hint, and took 0.13 times their own average response time. On attempt 3, the student answered incorrectly, used 1 hint, and took 1.13 times their own average response time. On attempt 4, the student answered correctly, used 1 hint, and took 0.84 times their own average response time.",productive_struggle,True,False,0.51416015625,mDeBERTa-v3-base-mnli-xnli,fact,,,0.51416015625,PASS,True
Q057,S1,The student may have avoided engaging deeply with the problem-solving process.,pythagorean-theorem,"[{'step': 298, 'correct': False, 'hint_count': 1, 'response_time_ratio': 0.1937441643794186}, {'step': 299, 'correct': False, 'hint_count': 2, 'response_time_ratio': 0.0645813881264728}, {'step': 300, 'correct': True, 'hint_count': 2, 'response_time_ratio': 0.3874883365086037}, {'step': 301, 'correct': False, 'hint_count': 0, 'response_time_ratio': 0.8072673360813777}]",0.0952380952380952,supported,supported=3;partial=2,5,R5: 빠른 오답은 Overconfidence(빠른 응답 + 오답) 쪽 근거로 보는 것이 더 타당함,['cognitive_avoidance'],[],['The student showed a tendency to avoid difficult problems or avoid asking for help.'],The student showed a tendency to avoid difficult problems or avoid asking for help.,[],"The student is practicing the skill 'pythagorean-theorem'. Before these attempts, the student's cumulative accuracy on this skill was 10%. On attempt 1, the student answered incorrectly, used 1 hint, and took 0.19 times their own average response time. On attempt 2, the student answered incorrectly, used 2 hints, and took 0.06 times their own average response time. On attempt 3, the student answered correctly, used 2 hints, and took 0.39 times their own average response time. On attempt 4, the student answered incorrectly, used no hints, and took 0.81 times their own average response time.",cognitive_avoidance,True,False,0.3671875,mDeBERTa-v3-base-mnli-xnli,fact,,,0.3671875,FAIL_NLI,True
Q043,S1,"The student demonstrated a strong inclination toward independent problem-solving despite receiving hints, indicating a significant level of engagement with the task.",transversals,"[{'step': 32, 'correct': False, 'hint_count': 5, 'response_time_ratio': 0.8278188528067704}, {'step': 33, 'correct': False, 'hint_count': 5, 'response_time_ratio': 0.2956496286296619}, {'step': 34, 'correct': False, 'hint_count': 5, 'response_time_ratio': 0.1773897320498421}, {'step': 35, 'correct': True, 'hint_count': 5, 'response_time_ratio': 0.236519694412673}]",0.0,supported,supported=1,1,,['productive_struggle'],[],"['The student struggled with difficulty while using hints, but ultimately solved the problem through productive effort. productive_struggle is dominant (independent judgment is possible since a hint was used).']","The student struggled with difficulty while using hints, but ultimately solved the problem through productive effort. productive_struggle is dominant (independent judgment is possible since a hint was used).",[],"The student is practicing the skill 'transversals'. Before these attempts, the student's cumulative accuracy on this skill was 0%. On attempt 1, the student answered incorrectly, used 5 hints, and took 0.83 times their own average response time. On attempt 2, the student answered incorrectly, used 5 hints, and took 0.30 times their own average response time. On attempt 3, the student answered incorrectly, used 5 hints, and took 0.18 times their own average response time. On attempt 4, the student answered correctly, used 5 hints, and took 0.24 times their own average response time.",productive_struggle,False,False,0.611328125,mDeBERTa-v3-base-mnli-xnli,fact,,,0.611328125,PASS,True
Q043,S2,"The student also showed a notable resistance to engaging deeply with challenging aspects of the material, suggesting a preference for avoiding complex thinking.",transversals,"[{'step': 32, 'correct': False, 'hint_count': 5, 'response_time_ratio': 0.8278188528067704}, {'step': 33, 'correct': False, 'hint_count': 5, 'response_time_ratio': 0.2956496286296619}, {'step': 34, 'correct': False, 'hint_count': 5, 'response_time_ratio': 0.1773897320498421}, {'step': 35, 'correct': True, 'hint_count': 5, 'response_time_ratio': 0.236519694412673}]",0.0,supported,supported=1,1,,['cognitive_avoidance'],[],['The student showed a tendency to avoid difficult problems or avoid asking for help.'],The student showed a tendency to avoid difficult problems or avoid asking for help.,[],"The student is practicing the skill 'transversals'. Before these attempts, the student's cumulative accuracy on this skill was 0%. On attempt 1, the student answered incorrectly, used 5 hints, and took 0.83 times their own average response time. On attempt 2, the student answered incorrectly, used 5 hints, and took 0.30 times their own average response time. On attempt 3, the student answered incorrectly, used 5 hints, and took 0.18 times their own average response time. On attempt 4, the student answered correctly, used 5 hints, and took 0.24 times their own average response time.",cognitive_avoidance,False,False,0.02496337890625,mDeBERTa-v3-base-mnli-xnli,fact,,,0.02496337890625,FAIL_NLI,True
Q043,S3,This combination indicates a complex interaction between effortful engagement and avoidance tendencies.,transversals,"[{'step': 32, 'correct': False, 'hint_count': 5, 'response_time_ratio': 0.8278188528067704}, {'step': 33, 'correct': False, 'hint_count': 5, 'response_time_ratio': 0.2956496286296619}, {'step': 34, 'correct': False, 'hint_count': 5, 'response_time_ratio': 0.1773897320498421}, {'step': 35, 'correct': True, 'hint_count': 5, 'response_time_ratio': 0.236519694412673}]",0.0,supported,supported=1,1,,"['cognitive_avoidance', 'productive_struggle']",[],"['The student showed a tendency to avoid difficult problems or avoid asking for help.', 'The student struggled with difficulty while using hints, but ultimately solved the problem through productive effort. productive_struggle is dominant (independent judgment is possible since a hint was used).']","The student showed a tendency to avoid difficult problems or avoid asking for help.
The student struggled with difficulty while using hints, but ultimately solved the problem through productive effort. productive_struggle is dominant (independent judgment is possible since a hint was used).",[],"The student is practicing the skill 'transversals'. Before these attempts, the student's cumulative accuracy on this skill was 0%. On attempt 1, the student answered incorrectly, used 5 hints, and took 0.83 times their own average response time. On attempt 2, the student answered incorrectly, used 5 hints, and took 0.30 times their own average response time. On attempt 3, the student answered incorrectly, used 5 hints, and took 0.18 times their own average response time. On attempt 4, the student answered correctly, used 5 hints, and took 0.24 times their own average response time.",,False,False,0.038299560546875,mDeBERTa-v3-base-mnli-xnli,fact,,,0.038299560546875,FAIL_NLI,True
Q006,S1,The student exhibits signs of avoiding challenging tasks related to multiplying decimals.,multiplying-decimals,"[{'step': 182, 'correct': False, 'hint_count': 0, 'response_time_ratio': 3.7362658843838097}, {'step': 183, 'correct': False, 'hint_count': 0, 'response_time_ratio': 0.4187194525602545}, {'step': 184, 'correct': True, 'hint_count': 0, 'response_time_ratio': 0.9662756597544336}, {'step': 185, 'correct': False, 'hint_count': 0, 'response_time_ratio': 3.285337243165074}]",0.3333333333333333,unsupported,unsupported=1,1,,['cognitive_avoidance'],[],['The student showed a tendency to avoid difficult problems or avoid asking for help.'],The student showed a tendency to avoid difficult problems or avoid asking for help.,[],"The student is practicing the skill 'multiplying-decimals'. Before these attempts, the student's cumulative accuracy on this skill was 33%. On attempt 1, the student answered incorrectly, used no hints, and took 3.74 times their own average response time. On attempt 2, the student answered incorrectly, used no hints, and took 0.42 times their own average response time. On attempt 3, the student answered correctly, used no hints, and took 0.97 times their own average response time. On attempt 4, the student answered incorrectly, used no hints, and took 3.29 times their own average response time.",cognitive_avoidance,False,False,0.0005230903625488,mDeBERTa-v3-base-mnli-xnli,fact,,,0.0005230903625488,FAIL_NLI,True
Q006,S2,The student also shows unproductive frustration during the skill practice.,multiplying-decimals,"[{'step': 182, 'correct': False, 'hint_count': 0, 'response_time_ratio': 3.7362658843838097}, {'step': 183, 'correct': False, 'hint_count': 0, 'response_time_ratio': 0.4187194525602545}, {'step': 184, 'correct': True, 'hint_count': 0, 'response_time_ratio': 0.9662756597544336}, {'step': 185, 'correct': False, 'hint_count': 0, 'response_time_ratio': 3.285337243165074}]",0.3333333333333333,unsupported,unsupported=1,1,,['unproductive_frustration'],[],['The student experienced unproductive frustration amid repeated failures or difficulty.'],The student experienced unproductive frustration amid repeated failures or difficulty.,[],"The student is practicing the skill 'multiplying-decimals'. Before these attempts, the student's cumulative accuracy on this skill was 33%. On attempt 1, the student answered incorrectly, used no hints, and took 3.74 times their own average response time. On attempt 2, the student answered incorrectly, used no hints, and took 0.42 times their own average response time. On attempt 3, the student answered correctly, used no hints, and took 0.97 times their own average response time. On attempt 4, the student answered incorrectly, used no hints, and took 3.29 times their own average response time.",unproductive_frustration,False,False,0.0006570816040039,mDeBERTa-v3-base-mnli-xnli,fact,,,0.0006570816040039,FAIL_NLI,True
Q006,S3,This may indicate difficulty in engaging with the material.,multiplying-decimals,"[{'step': 182, 'correct': False, 'hint_count': 0, 'response_time_ratio': 3.7362658843838097}, {'step': 183, 'correct': False, 'hint_count': 0, 'response_time_ratio': 0.4187194525602545}, {'step': 184, 'correct': True, 'hint_count': 0, 'response_time_ratio': 0.9662756597544336}, {'step': 185, 'correct': False, 'hint_count': 0, 'response_time_ratio': 3.285337243165074}]",0.3333333333333333,supported,supported=1,1,,"['unproductive_frustration', 'cognitive_avoidance']",[],"['The student experienced unproductive frustration amid repeated failures or difficulty.', 'The student showed a tendency to avoid difficult problems or avoid asking for help.']","The student experienced unproductive frustration amid repeated failures or difficulty.
The student showed a tendency to avoid difficult problems or avoid asking for help.",[],"The student is practicing the skill 'multiplying-decimals'. Before these attempts, the student's cumulative accuracy on this skill was 33%. On attempt 1, the student answered incorrectly, used no hints, and took 3.74 times their own average response time. On attempt 2, the student answered incorrectly, used no hints, and took 0.42 times their own average response time. On attempt 3, the student answered correctly, used no hints, and took 0.97 times their own average response time. On attempt 4, the student answered incorrectly, used no hints, and took 3.29 times their own average response time.",,False,False,0.0052490234375,mDeBERTa-v3-base-mnli-xnli,fact,,,0.0052490234375,FAIL_NLI,True
Q001,S1,"The student may have avoided engaging deeply with complex tasks, indicating a possible reluctance to confront challenging material.",pattern-finding,"[{'step': 58, 'correct': False, 'hint_count': 1, 'response_time_ratio': 4.621759260306644}, {'step': 59, 'correct': False, 'hint_count': 2, 'response_time_ratio': 0.4138888889826845}, {'step': 60, 'correct': True, 'hint_count': 2, 'response_time_ratio': 1.3796296133867263}, {'step': 61, 'correct': False, 'hint_count': 0, 'response_time_ratio': 0.8967592925735943}]",0.2941176470588235,unsupported,unsupported=1,1,,['cognitive_avoidance'],[],['The student showed a tendency to avoid difficult problems or avoid asking for help.'],The student showed a tendency to avoid difficult problems or avoid asking for help.,[],"The student is practicing the skill 'pattern-finding'. Before these attempts, the student's cumulative accuracy on this skill was 29%. On attempt 1, the student answered incorrectly, used 1 hint, and took 4.62 times their own average response time. On attempt 2, the student answered incorrectly, used 2 hints, and took 0.41 times their own average response time. On attempt 3, the student answered correctly, used 2 hints, and took 1.38 times their own average response time. On attempt 4, the student answered incorrectly, used no hints, and took 0.90 times their own average response time.",cognitive_avoidance,False,False,0.92236328125,mDeBERTa-v3-base-mnli-xnli,fact,,,0.92236328125,PASS,True
Q001,S2,"There is also a likelihood of inconsistent performance, suggesting difficulty maintaining focus or applying knowledge consistently.",pattern-finding,"[{'step': 58, 'correct': False, 'hint_count': 1, 'response_time_ratio': 4.621759260306644}, {'step': 59, 'correct': False, 'hint_count': 2, 'response_time_ratio': 0.4138888889826845}, {'step': 60, 'correct': True, 'hint_count': 2, 'response_time_ratio': 1.3796296133867263}, {'step': 61, 'correct': False, 'hint_count': 0, 'response_time_ratio': 0.8967592925735943}]",0.2941176470588235,partial,partial=1,1,,['slipping'],[],['The student made an unexpected mistake on content they had previously understood well.'],The student made an unexpected mistake on content they had previously understood well.,[],"The student is practicing the skill 'pattern-finding'. Before these attempts, the student's cumulative accuracy on this skill was 29%. On attempt 1, the student answered incorrectly, used 1 hint, and took 4.62 times their own average response time. On attempt 2, the student answered incorrectly, used 2 hints, and took 0.41 times their own average response time. On attempt 3, the student answered correctly, used 2 hints, and took 1.38 times their own average response time. On attempt 4, the student answered incorrectly, used no hints, and took 0.90 times their own average response time.",slipping,False,False,0.0145339965820312,mDeBERTa-v3-base-mnli-xnli,fact,,,0.0145339965820312,FAIL_NLI,True
Q116,S1,The student may have avoided engaging deeply with the problem-solving process.,pythagorean-theorem,"[{'step': 248, 'correct': False, 'hint_count': 1, 'response_time_ratio': 1.618490239336147}, {'step': 249, 'correct': False, 'hint_count': 1, 'response_time_ratio': 1.785920284879476}, {'step': 250, 'correct': True, 'hint_count': 1, 'response_time_ratio': 0.2511450248669015}, {'step': 251, 'correct': False, 'hint_count': 0, 'response_time_ratio': 0.6697201018069028}]",0.3846153846153846,unsupported,unsupported=4;partial=1,5,R2: 둘다 힌트도 들이고 작업시간도 사용함 / R4: 뒤의 두 문항에 대해 매우 짧은 응답시간을 가진 것으로 보아 그럴 가능성이 어느정도 있으나 위의 두 문항은 이와 반대되기 때문에 과장된 표현으로 느껴짐 / R5: 긴 응답시간 + 힌트 사용으로 깊이 있게 참여했다고 판단 가능,['cognitive_avoidance'],[],['The student showed a tendency to avoid difficult problems or avoid asking for help.'],The student showed a tendency to avoid difficult problems or avoid asking for help.,[],"The student is practicing the skill 'pythagorean-theorem'. Before these attempts, the student's cumulative accuracy on this skill was 38%. On attempt 1, the student answered incorrectly, used 1 hint, and took 1.62 times their own average response time. On attempt 2, the student answered incorrectly, used 1 hint, and took 1.79 times their own average response time. On attempt 3, the student answered correctly, used 1 hint, and took 0.25 times their own average response time. On attempt 4, the student answered incorrectly, used no hints, and took 0.67 times their own average response time.",cognitive_avoidance,True,False,0.3671875,mDeBERTa-v3-base-mnli-xnli,fact,,,0.3671875,FAIL_NLI,True
Q116,S2,This could indicate a reluctance to confront challenging aspects of the task.,pythagorean-theorem,"[{'step': 248, 'correct': False, 'hint_count': 1, 'response_time_ratio': 1.618490239336147}, {'step': 249, 'correct': False, 'hint_count': 1, 'response_time_ratio': 1.785920284879476}, {'step': 250, 'correct': True, 'hint_count': 1, 'response_time_ratio': 0.2511450248669015}, {'step': 251, 'correct': False, 'hint_count': 0, 'response_time_ratio': 0.6697201018069028}]",0.3846153846153846,unsupported,unsupported=5,5,R2: 둘다 힌트도 들이고 작업시간도 사용함 / R4: 앞의 두 문항에 대해 오랜 시간에 걸쳐 힌트를 사용하며 문제를 해결하려고 하는 모습을 보임. 이는 서술과는 반대로 오히려 어려운 문제를 직면하려고 시도한 것으로 보임 / R5: 앞선 이유와 마찬가지로 어려운 태스크를 피한다고 보기 어려움,['cognitive_avoidance'],[],['The student showed a tendency to avoid difficult problems or avoid asking for help.'],The student showed a tendency to avoid difficult problems or avoid asking for help.,[],"The student is practicing the skill 'pythagorean-theorem'. Before these attempts, the student's cumulative accuracy on this skill was 38%. On attempt 1, the student answered incorrectly, used 1 hint, and took 1.62 times their own average response time. On attempt 2, the student answered incorrectly, used 1 hint, and took 1.79 times their own average response time. On attempt 3, the student answered correctly, used 1 hint, and took 0.25 times their own average response time. On attempt 4, the student answered incorrectly, used no hints, and took 0.67 times their own average response time.",cognitive_avoidance,True,False,0.68212890625,mDeBERTa-v3-base-mnli-xnli,fact,,,0.68212890625,PASS,True
Q048,S1,"The student demonstrated a strong engagement with the task, making independent judgments despite receiving hints.",properties-of-geometric-figures,"[{'step': 6, 'correct': False, 'hint_count': 2, 'response_time_ratio': 0.5691864053912147}, {'step': 7, 'correct': False, 'hint_count': 3, 'response_time_ratio': 0.3794576387572162}, {'step': 8, 'correct': False, 'hint_count': 1, 'response_time_ratio': 0.3162146864211643}, {'step': 9, 'correct': True, 'hint_count': 3, 'response_time_ratio': 0.4427005459378109}]",0.0,partial,partial=1,1,,['productive_struggle'],[],"['The student struggled with difficulty while using hints, but ultimately solved the problem through productive effort. productive_struggle is dominant (independent judgment is possible since a hint was used).']","The student struggled with difficulty while using hints, but ultimately solved the problem through productive effort. productive_struggle is dominant (independent judgment is possible since a hint was used).",[],"The student is practicing the skill 'properties-of-geometric-figures'. Before these attempts, the student's cumulative accuracy on this skill was 0%. On attempt 1, the student answered incorrectly, used 2 hints, and took 0.57 times their own average response time. On attempt 2, the student answered incorrectly, used 3 hints, and took 0.38 times their own average response time. On attempt 3, the student answered incorrectly, used 1 hint, and took 0.32 times their own average response time. On attempt 4, the student answered correctly, used 3 hints, and took 0.44 times their own average response time.",productive_struggle,False,False,0.274658203125,mDeBERTa-v3-base-mnli-xnli,fact,,,0.274658203125,FAIL_NLI,True
Q048,S2,"The student also showed a clear inclination to avoid deeper cognitive effort, indicating a preference for less challenging paths.",properties-of-geometric-figures,"[{'step': 6, 'correct': False, 'hint_count': 2, 'response_time_ratio': 0.5691864053912147}, {'step': 7, 'correct': False, 'hint_count': 3, 'response_time_ratio': 0.3794576387572162}, {'step': 8, 'correct': False, 'hint_count': 1, 'response_time_ratio': 0.3162146864211643}, {'step': 9, 'correct': True, 'hint_count': 3, 'response_time_ratio': 0.4427005459378109}]",0.0,unsupported,unsupported=1,1,,['cognitive_avoidance'],[],['The student showed a tendency to avoid difficult problems or avoid asking for help.'],The student showed a tendency to avoid difficult problems or avoid asking for help.,[],"The student is practicing the skill 'properties-of-geometric-figures'. Before these attempts, the student's cumulative accuracy on this skill was 0%. On attempt 1, the student answered incorrectly, used 2 hints, and took 0.57 times their own average response time. On attempt 2, the student answered incorrectly, used 3 hints, and took 0.38 times their own average response time. On attempt 3, the student answered incorrectly, used 1 hint, and took 0.32 times their own average response time. On attempt 4, the student answered correctly, used 3 hints, and took 0.44 times their own average response time.",cognitive_avoidance,False,False,0.06524658203125,mDeBERTa-v3-base-mnli-xnli,fact,,,0.06524658203125,FAIL_NLI,True
Q048,S3,This combination suggests a complex interaction between persistence and avoidance tendencies.,properties-of-geometric-figures,"[{'step': 6, 'correct': False, 'hint_count': 2, 'response_time_ratio': 0.5691864053912147}, {'step': 7, 'correct': False, 'hint_count': 3, 'response_time_ratio': 0.3794576387572162}, {'step': 8, 'correct': False, 'hint_count': 1, 'response_time_ratio': 0.3162146864211643}, {'step': 9, 'correct': True, 'hint_count': 3, 'response_time_ratio': 0.4427005459378109}]",0.0,unsupported,unsupported=1,1,,"['cognitive_avoidance', 'productive_struggle']",[],"['The student showed a tendency to avoid difficult problems or avoid asking for help.', 'The student struggled with difficulty while using hints, but ultimately solved the problem through productive effort. productive_struggle is dominant (independent judgment is possible since a hint was used).']","The student showed a tendency to avoid difficult problems or avoid asking for help.
The student struggled with difficulty while using hints, but ultimately solved the problem through productive effort. productive_struggle is dominant (independent judgment is possible since a hint was used).",[],"The student is practicing the skill 'properties-of-geometric-figures'. Before these attempts, the student's cumulative accuracy on this skill was 0%. On attempt 1, the student answered incorrectly, used 2 hints, and took 0.57 times their own average response time. On attempt 2, the student answered incorrectly, used 3 hints, and took 0.38 times their own average response time. On attempt 3, the student answered incorrectly, used 1 hint, and took 0.32 times their own average response time. On attempt 4, the student answered correctly, used 3 hints, and took 0.44 times their own average response time.",,False,False,0.0247039794921875,mDeBERTa-v3-base-mnli-xnli,fact,,,0.0247039794921875,FAIL_NLI,True
Q073,S1,The student provided a correct response without requiring assistance.,of-means-multiply,"[{'step': 63, 'correct': False, 'hint_count': 0, 'response_time_ratio': 0.3143073809429861}, {'step': 64, 'correct': True, 'hint_count': 0, 'response_time_ratio': 0.1676306058516823}]",0.0,partial,partial=1,1,,['confidence_triad'],[],"['The status of this indicator (confidence_triad) is AMBIGUOUS. The student answered correctly without using a hint, but the current data cannot structurally distinguish whether this reflects a correct answer despite low confidence (underconfidence), a correct answer after productive struggle (productive_struggle), or a lucky guess (lucky_guess). (Note: confidence is high, so the signal leans slightly toward productive struggle.)']","The status of this indicator (confidence_triad) is AMBIGUOUS. The student answered correctly without using a hint, but the current data cannot structurally distinguish whether this reflects a correct answer despite low confidence (underconfidence), a correct answer after productive struggle (productive_struggle), or a lucky guess (lucky_guess). (Note: confidence is high, so the signal leans slightly toward productive struggle.)",[],"The student is practicing the skill 'of-means-multiply'. Before these attempts, the student's cumulative accuracy on this skill was 0%. On attempt 1, the student answered incorrectly, used no hints, and took 0.31 times their own average response time. On attempt 2, the student answered correctly, used no hints, and took 0.17 times their own average response time.",confidence_triad,False,False,0.9658203125,mDeBERTa-v3-base-mnli-xnli,fact,,,0.9658203125,PASS,True
Q073,S2,This outcome could indicate either a well-reasoned solution following some form of effort or a chance occurrence.,of-means-multiply,"[{'step': 63, 'correct': False, 'hint_count': 0, 'response_time_ratio': 0.3143073809429861}, {'step': 64, 'correct': True, 'hint_count': 0, 'response_time_ratio': 0.1676306058516823}]",0.0,supported,supported=1,1,"R3: 의 경우 우연이였거나, 필연이라는 진술을 하고 있는데 이는 어떤 문장에나 해당되는 말인 듯 하다",['confidence_triad'],[],"['The status of this indicator (confidence_triad) is AMBIGUOUS. The student answered correctly without using a hint, but the current data cannot structurally distinguish whether this reflects a correct answer despite low confidence (underconfidence), a correct answer after productive struggle (productive_struggle), or a lucky guess (lucky_guess). (Note: confidence is high, so the signal leans slightly toward productive struggle.)']","The status of this indicator (confidence_triad) is AMBIGUOUS. The student answered correctly without using a hint, but the current data cannot structurally distinguish whether this reflects a correct answer despite low confidence (underconfidence), a correct answer after productive struggle (productive_struggle), or a lucky guess (lucky_guess). (Note: confidence is high, so the signal leans slightly toward productive struggle.)",[],"The student is practicing the skill 'of-means-multiply'. Before these attempts, the student's cumulative accuracy on this skill was 0%. On attempt 1, the student answered incorrectly, used no hints, and took 0.31 times their own average response time. On attempt 2, the student answered correctly, used no hints, and took 0.17 times their own average response time.",confidence_triad,False,False,0.6298828125,mDeBERTa-v3-base-mnli-xnli,fact,,,0.6298828125,PASS,True
Q073,S3,The available information does not definitively clarify the nature of the student’s approach.,of-means-multiply,"[{'step': 63, 'correct': False, 'hint_count': 0, 'response_time_ratio': 0.3143073809429861}, {'step': 64, 'correct': True, 'hint_count': 0, 'response_time_ratio': 0.1676306058516823}]",0.0,unsupported,unsupported=1,1,,['confidence_triad'],[],"['The status of this indicator (confidence_triad) is AMBIGUOUS. The student answered correctly without using a hint, but the current data cannot structurally distinguish whether this reflects a correct answer despite low confidence (underconfidence), a correct answer after productive struggle (productive_struggle), or a lucky guess (lucky_guess). (Note: confidence is high, so the signal leans slightly toward productive struggle.)']","The status of this indicator (confidence_triad) is AMBIGUOUS. The student answered correctly without using a hint, but the current data cannot structurally distinguish whether this reflects a correct answer despite low confidence (underconfidence), a correct answer after productive struggle (productive_struggle), or a lucky guess (lucky_guess). (Note: confidence is high, so the signal leans slightly toward productive struggle.)",[],"The student is practicing the skill 'of-means-multiply'. Before these attempts, the student's cumulative accuracy on this skill was 0%. On attempt 1, the student answered incorrectly, used no hints, and took 0.31 times their own average response time. On attempt 2, the student answered correctly, used no hints, and took 0.17 times their own average response time.",confidence_triad,False,False,0.97998046875,mDeBERTa-v3-base-mnli-xnli,fact,,,0.97998046875,PASS,True
Q003,S1,"The student demonstrated a strong indication of avoiding challenging tasks, as evidenced by the high cognitive avoidance score.",probability,"[{'step': 378, 'correct': True, 'hint_count': 0, 'response_time_ratio': 0.4802145579273173}, {'step': 379, 'correct': True, 'hint_count': 0, 'response_time_ratio': 1.3720415940780497}, {'step': 380, 'correct': True, 'hint_count': 0, 'response_time_ratio': 0.4116124617589157}]",1.0,unsupported,unsupported=1,1,R2: 3문항 모두 정답이며 회피했다고 보기 어려움,['cognitive_avoidance'],[],['The student showed a tendency to avoid difficult problems or avoid asking for help.'],The student showed a tendency to avoid difficult problems or avoid asking for help.,[],"The student is practicing the skill 'probability'. Before these attempts, the student's cumulative accuracy on this skill was 100%. On attempt 1, the student answered correctly, used no hints, and took 0.48 times their own average response time. On attempt 2, the student answered correctly, used no hints, and took 1.37 times their own average response time. On attempt 3, the student answered correctly, used no hints, and took 0.41 times their own average response time.",cognitive_avoidance,False,False,0.0034065246582031,mDeBERTa-v3-base-mnli-xnli,fact,,,0.0034065246582031,FAIL_NLI,True
Q003,S2,"The response to the question could not be definitively categorized due to insufficient data to determine if the correct answer resulted from understanding, luck, or lack of confidence.",probability,"[{'step': 378, 'correct': True, 'hint_count': 0, 'response_time_ratio': 0.4802145579273173}, {'step': 379, 'correct': True, 'hint_count': 0, 'response_time_ratio': 1.3720415940780497}, {'step': 380, 'correct': True, 'hint_count': 0, 'response_time_ratio': 0.4116124617589157}]",1.0,partial,partial=1,1,,['confidence_triad'],[],"['The status of this indicator (confidence_triad) is AMBIGUOUS. The student answered correctly without using a hint, but the current data cannot structurally distinguish whether this reflects a correct answer despite low confidence (underconfidence), a correct answer after productive struggle (productive_struggle), or a lucky guess (lucky_guess). (Note: confidence is high, so the signal leans slightly toward productive struggle.)']","The status of this indicator (confidence_triad) is AMBIGUOUS. The student answered correctly without using a hint, but the current data cannot structurally distinguish whether this reflects a correct answer despite low confidence (underconfidence), a correct answer after productive struggle (productive_struggle), or a lucky guess (lucky_guess). (Note: confidence is high, so the signal leans slightly toward productive struggle.)",[],"The student is practicing the skill 'probability'. Before these attempts, the student's cumulative accuracy on this skill was 100%. On attempt 1, the student answered correctly, used no hints, and took 0.48 times their own average response time. On attempt 2, the student answered correctly, used no hints, and took 1.37 times their own average response time. On attempt 3, the student answered correctly, used no hints, and took 0.41 times their own average response time.",confidence_triad,False,False,0.9736328125,mDeBERTa-v3-base-mnli-xnli,fact,,,0.9736328125,PASS,True
Q003,S3,"There appears to be a potential conflict between the high confidence level and the tendency to avoid difficult work, though this remains uncertain.",probability,"[{'step': 378, 'correct': True, 'hint_count': 0, 'response_time_ratio': 0.4802145579273173}, {'step': 379, 'correct': True, 'hint_count': 0, 'response_time_ratio': 1.3720415940780497}, {'step': 380, 'correct': True, 'hint_count': 0, 'response_time_ratio': 0.4116124617589157}]",1.0,unsupported,unsupported=1,1,R2: 3문항 모두 정답이며 회피했다고 보기 어려움,['confidence_triad'],[],"['The status of this indicator (confidence_triad) is AMBIGUOUS. The student answered correctly without using a hint, but the current data cannot structurally distinguish whether this reflects a correct answer despite low confidence (underconfidence), a correct answer after productive struggle (productive_struggle), or a lucky guess (lucky_guess). (Note: confidence is high, so the signal leans slightly toward productive struggle.)']","The status of this indicator (confidence_triad) is AMBIGUOUS. The student answered correctly without using a hint, but the current data cannot structurally distinguish whether this reflects a correct answer despite low confidence (underconfidence), a correct answer after productive struggle (productive_struggle), or a lucky guess (lucky_guess). (Note: confidence is high, so the signal leans slightly toward productive struggle.)",[],"The student is practicing the skill 'probability'. Before these attempts, the student's cumulative accuracy on this skill was 100%. On attempt 1, the student answered correctly, used no hints, and took 0.48 times their own average response time. On attempt 2, the student answered correctly, used no hints, and took 1.37 times their own average response time. On attempt 3, the student answered correctly, used no hints, and took 0.41 times their own average response time.",confidence_triad,False,False,0.42138671875,mDeBERTa-v3-base-mnli-xnli,fact,,,0.42138671875,FAIL_NLI,True
Q011,S1,The student exhibits signs of unproductive frustration during the task.,interpreting-linear-equations,"[{'step': 1062, 'correct': True, 'hint_count': 5, 'response_time_ratio': 0.3361713814741723}, {'step': 1063, 'correct': False, 'hint_count': 0, 'response_time_ratio': 0.3361713714730737}, {'step': 1064, 'correct': False, 'hint_count': 1, 'response_time_ratio': 0.084042845368543}, {'step': 1065, 'correct': False, 'hint_count': 2, 'response_time_ratio': 0.0420214326853701}]",0.1923076923076923,unsupported,unsupported=1,1,R2: 은 근거 없이 좌절 주장. 응답시간 오히려 감소,['unproductive_frustration'],[],['The student experienced unproductive frustration amid repeated failures or difficulty.'],The student experienced unproductive frustration amid repeated failures or difficulty.,[],"The student is practicing the skill 'interpreting-linear-equations'. Before these attempts, the student's cumulative accuracy on this skill was 19%. On attempt 1, the student answered correctly, used 5 hints, and took 0.34 times their own average response time. On attempt 2, the student answered incorrectly, used no hints, and took 0.34 times their own average response time. On attempt 3, the student answered incorrectly, used 1 hint, and took 0.08 times their own average response time. On attempt 4, the student answered incorrectly, used 2 hints, and took 0.04 times their own average response time.",unproductive_frustration,False,False,0.9609375,mDeBERTa-v3-base-mnli-xnli,fact,,,0.9609375,PASS,True
Q011,S2,This emotion appears to be persistent rather than fleeting.,interpreting-linear-equations,"[{'step': 1062, 'correct': True, 'hint_count': 5, 'response_time_ratio': 0.3361713814741723}, {'step': 1063, 'correct': False, 'hint_count': 0, 'response_time_ratio': 0.3361713714730737}, {'step': 1064, 'correct': False, 'hint_count': 1, 'response_time_ratio': 0.084042845368543}, {'step': 1065, 'correct': False, 'hint_count': 2, 'response_time_ratio': 0.0420214326853701}]",0.1923076923076923,unsupported,unsupported=1,1,R2: 감정관련 내용 없음,['unproductive_frustration'],[],['The student experienced unproductive frustration amid repeated failures or difficulty.'],The student experienced unproductive frustration amid repeated failures or difficulty.,[],"The student is practicing the skill 'interpreting-linear-equations'. Before these attempts, the student's cumulative accuracy on this skill was 19%. On attempt 1, the student answered correctly, used 5 hints, and took 0.34 times their own average response time. On attempt 2, the student answered incorrectly, used no hints, and took 0.34 times their own average response time. On attempt 3, the student answered incorrectly, used 1 hint, and took 0.08 times their own average response time. On attempt 4, the student answered incorrectly, used 2 hints, and took 0.04 times their own average response time.",unproductive_frustration,False,False,0.06787109375,mDeBERTa-v3-base-mnli-xnli,fact,,,0.06787109375,FAIL_NLI,True
Q011,S3,There is no clear indication of strategies being employed to resolve the issue.,interpreting-linear-equations,"[{'step': 1062, 'correct': True, 'hint_count': 5, 'response_time_ratio': 0.3361713814741723}, {'step': 1063, 'correct': False, 'hint_count': 0, 'response_time_ratio': 0.3361713714730737}, {'step': 1064, 'correct': False, 'hint_count': 1, 'response_time_ratio': 0.084042845368543}, {'step': 1065, 'correct': False, 'hint_count': 2, 'response_time_ratio': 0.0420214326853701}]",0.1923076923076923,partial,partial=1,1,,['unproductive_frustration'],[],['The student experienced unproductive frustration amid repeated failures or difficulty.'],The student experienced unproductive frustration amid repeated failures or difficulty.,[],"The student is practicing the skill 'interpreting-linear-equations'. Before these attempts, the student's cumulative accuracy on this skill was 19%. On attempt 1, the student answered correctly, used 5 hints, and took 0.34 times their own average response time. On attempt 2, the student answered incorrectly, used no hints, and took 0.34 times their own average response time. On attempt 3, the student answered incorrectly, used 1 hint, and took 0.08 times their own average response time. On attempt 4, the student answered incorrectly, used 2 hints, and took 0.04 times their own average response time.",unproductive_frustration,False,False,0.0032520294189453,mDeBERTa-v3-base-mnli-xnli,fact,,,0.0032520294189453,FAIL_NLI,True
Q090,S1,"The student may have avoided engaging deeply with the material, indicating a possible reluctance to confront challenging aspects of the skill.",area,"[{'step': 59, 'correct': False, 'hint_count': 0, 'response_time_ratio': 0.72120670966424}, {'step': 60, 'correct': False, 'hint_count': 1, 'response_time_ratio': 3.1983950066681426}, {'step': 61, 'correct': True, 'hint_count': 0, 'response_time_ratio': 0.438995393072098}, {'step': 63, 'correct': False, 'hint_count': 0, 'response_time_ratio': 0.6898498883477405}]",0.1666666666666666,unsupported,unsupported=1,1,"R3: 에서 충분히 많은 시간을 투자하였고, 힌트까지 참고한 문항이 있었음",['cognitive_avoidance'],[],['The student showed a tendency to avoid difficult problems or avoid asking for help.'],The student showed a tendency to avoid difficult problems or avoid asking for help.,[],"The student is practicing the skill 'area'. Before these attempts, the student's cumulative accuracy on this skill was 17%. On attempt 1, the student answered incorrectly, used no hints, and took 0.72 times their own average response time. On attempt 2, the student answered incorrectly, used 1 hint, and took 3.20 times their own average response time. On attempt 3, the student answered correctly, used no hints, and took 0.44 times their own average response time. On attempt 4, the student answered incorrectly, used no hints, and took 0.69 times their own average response time.",cognitive_avoidance,False,False,0.08197021484375,mDeBERTa-v3-base-mnli-xnli,fact,,,0.08197021484375,FAIL_NLI,True
Q090,S2,"There appears to be a noticeable inconsistency in performance, suggesting difficulty maintaining focus or accuracy over time.",area,"[{'step': 59, 'correct': False, 'hint_count': 0, 'response_time_ratio': 0.72120670966424}, {'step': 60, 'correct': False, 'hint_count': 1, 'response_time_ratio': 3.1983950066681426}, {'step': 61, 'correct': True, 'hint_count': 0, 'response_time_ratio': 0.438995393072098}, {'step': 63, 'correct': False, 'hint_count': 0, 'response_time_ratio': 0.6898498883477405}]",0.1666666666666666,unsupported,unsupported=1,1,,['slipping'],[],['The student made an unexpected mistake on content they had previously understood well.'],The student made an unexpected mistake on content they had previously understood well.,[],"The student is practicing the skill 'area'. Before these attempts, the student's cumulative accuracy on this skill was 17%. On attempt 1, the student answered incorrectly, used no hints, and took 0.72 times their own average response time. On attempt 2, the student answered incorrectly, used 1 hint, and took 3.20 times their own average response time. On attempt 3, the student answered correctly, used no hints, and took 0.44 times their own average response time. On attempt 4, the student answered incorrectly, used no hints, and took 0.69 times their own average response time.",slipping,False,False,0.0224456787109375,mDeBERTa-v3-base-mnli-xnli,fact,,,0.0224456787109375,FAIL_NLI,True
Q103,S1,The student may have overestimated their ability to handle the skill correctly.,least-common-multiple,"[{'step': 223, 'correct': False, 'hint_count': 1, 'response_time_ratio': 0.4056182855146712}, {'step': 224, 'correct': False, 'hint_count': 2, 'response_time_ratio': 0.0540824299021749}, {'step': 225, 'correct': False, 'hint_count': 3, 'response_time_ratio': 0.0270412246048023}, {'step': 226, 'correct': False, 'hint_count': 4, 'response_time_ratio': 0.0270412052703313}]",0.0,supported,supported=1,1,,['overconfidence'],[],"['The student showed excessive confidence, higher than their actual level of understanding warranted.']","The student showed excessive confidence, higher than their actual level of understanding warranted.",[],"The student is practicing the skill 'least-common-multiple'. Before these attempts, the student's cumulative accuracy on this skill was 0%. On attempt 1, the student answered incorrectly, used 1 hint, and took 0.41 times their own average response time. On attempt 2, the student answered incorrectly, used 2 hints, and took 0.05 times their own average response time. On attempt 3, the student answered incorrectly, used 3 hints, and took 0.03 times their own average response time. On attempt 4, the student answered incorrectly, used 4 hints, and took 0.03 times their own average response time.",overconfidence,False,False,0.00555419921875,mDeBERTa-v3-base-mnli-xnli,fact,,,0.00555419921875,FAIL_NLI,True
Q103,S2,"This appears to be, though this is not Certain, a sign of confidence beyond what is warranted.",least-common-multiple,"[{'step': 223, 'correct': False, 'hint_count': 1, 'response_time_ratio': 0.4056182855146712}, {'step': 224, 'correct': False, 'hint_count': 2, 'response_time_ratio': 0.0540824299021749}, {'step': 225, 'correct': False, 'hint_count': 3, 'response_time_ratio': 0.0270412246048023}, {'step': 226, 'correct': False, 'hint_count': 4, 'response_time_ratio': 0.0270412052703313}]",0.0,supported,supported=1,1,,['overconfidence'],[],"['The student showed excessive confidence, higher than their actual level of understanding warranted.']","The student showed excessive confidence, higher than their actual level of understanding warranted.",[],"The student is practicing the skill 'least-common-multiple'. Before these attempts, the student's cumulative accuracy on this skill was 0%. On attempt 1, the student answered incorrectly, used 1 hint, and took 0.41 times their own average response time. On attempt 2, the student answered incorrectly, used 2 hints, and took 0.05 times their own average response time. On attempt 3, the student answered incorrectly, used 3 hints, and took 0.03 times their own average response time. On attempt 4, the student answered incorrectly, used 4 hints, and took 0.03 times their own average response time.",overconfidence,False,False,0.80712890625,mDeBERTa-v3-base-mnli-xnli,fact,,,0.80712890625,PASS,True
Q103,S3,The level of overconfidence recorded suggests a potential disconnect between actual performance and perceived mastery.,least-common-multiple,"[{'step': 223, 'correct': False, 'hint_count': 1, 'response_time_ratio': 0.4056182855146712}, {'step': 224, 'correct': False, 'hint_count': 2, 'response_time_ratio': 0.0540824299021749}, {'step': 225, 'correct': False, 'hint_count': 3, 'response_time_ratio': 0.0270412246048023}, {'step': 226, 'correct': False, 'hint_count': 4, 'response_time_ratio': 0.0270412052703313}]",0.0,partial,partial=1,1,,['overconfidence'],[],"['The student showed excessive confidence, higher than their actual level of understanding warranted.']","The student showed excessive confidence, higher than their actual level of understanding warranted.",[],"The student is practicing the skill 'least-common-multiple'. Before these attempts, the student's cumulative accuracy on this skill was 0%. On attempt 1, the student answered incorrectly, used 1 hint, and took 0.41 times their own average response time. On attempt 2, the student answered incorrectly, used 2 hints, and took 0.05 times their own average response time. On attempt 3, the student answered incorrectly, used 3 hints, and took 0.03 times their own average response time. On attempt 4, the student answered incorrectly, used 4 hints, and took 0.03 times their own average response time.",overconfidence,False,False,0.0283966064453125,mDeBERTa-v3-base-mnli-xnli,fact,,,0.0283966064453125,FAIL_NLI,True
Q040,S1,"The response was correct without the need for hints, yet the available data does not provide enough clarity to determine whether this accuracy stemmed from genuine understanding, luck, or a lack of confidence.",noskill,"[{'step': 0, 'correct': False, 'hint_count': 1, 'response_time_ratio': 0.9978850896698224}, {'step': 1, 'correct': False, 'hint_count': 0, 'response_time_ratio': 0.1838209313208448}, {'step': 2, 'correct': True, 'hint_count': 0, 'response_time_ratio': 0.1313006822194815}]",0.0,supported,supported=1,1,,['confidence_triad'],[],"['The status of this indicator (confidence_triad) is AMBIGUOUS. The student answered correctly without using a hint, but the current data cannot structurally distinguish whether this reflects a correct answer despite low confidence (underconfidence), a correct answer after productive struggle (productive_struggle), or a lucky guess (lucky_guess). (Confidence is also mid-range, so even the direction of the signal is weak.)']","The status of this indicator (confidence_triad) is AMBIGUOUS. The student answered correctly without using a hint, but the current data cannot structurally distinguish whether this reflects a correct answer despite low confidence (underconfidence), a correct answer after productive struggle (productive_struggle), or a lucky guess (lucky_guess). (Confidence is also mid-range, so even the direction of the signal is weak.)",[],"The student is practicing the skill 'noskill'. Before these attempts, the student's cumulative accuracy on this skill was 0%. On attempt 1, the student answered incorrectly, used 1 hint, and took 1.00 times their own average response time. On attempt 2, the student answered incorrectly, used no hints, and took 0.18 times their own average response time. On attempt 3, the student answered correctly, used no hints, and took 0.13 times their own average response time.",confidence_triad,False,False,0.9912109375,mDeBERTa-v3-base-mnli-xnli,fact,,,0.9912109375,PASS,True
Q040,S2,There appears to be a complex interplay between the student’s approach to problem-solving and their perceived ability to handle difficult material.,noskill,"[{'step': 0, 'correct': False, 'hint_count': 1, 'response_time_ratio': 0.9978850896698224}, {'step': 1, 'correct': False, 'hint_count': 0, 'response_time_ratio': 0.1838209313208448}, {'step': 2, 'correct': True, 'hint_count': 0, 'response_time_ratio': 0.1313006822194815}]",0.0,unsupported,unsupported=1,1,,['confidence_triad'],[],"['The status of this indicator (confidence_triad) is AMBIGUOUS. The student answered correctly without using a hint, but the current data cannot structurally distinguish whether this reflects a correct answer despite low confidence (underconfidence), a correct answer after productive struggle (productive_struggle), or a lucky guess (lucky_guess). (Confidence is also mid-range, so even the direction of the signal is weak.)']","The status of this indicator (confidence_triad) is AMBIGUOUS. The student answered correctly without using a hint, but the current data cannot structurally distinguish whether this reflects a correct answer despite low confidence (underconfidence), a correct answer after productive struggle (productive_struggle), or a lucky guess (lucky_guess). (Confidence is also mid-range, so even the direction of the signal is weak.)",[],"The student is practicing the skill 'noskill'. Before these attempts, the student's cumulative accuracy on this skill was 0%. On attempt 1, the student answered incorrectly, used 1 hint, and took 1.00 times their own average response time. On attempt 2, the student answered incorrectly, used no hints, and took 0.18 times their own average response time. On attempt 3, the student answered correctly, used no hints, and took 0.13 times their own average response time.",confidence_triad,False,False,0.1016845703125,mDeBERTa-v3-base-mnli-xnli,fact,,,0.1016845703125,FAIL_NLI,True
Q077,S1,The student exhibits signs of overconfidence.,discount,"[{'step': 332, 'correct': True, 'hint_count': 0, 'response_time_ratio': 0.1975790909877041}, {'step': 333, 'correct': False, 'hint_count': 1, 'response_time_ratio': 0.9286217450015092}, {'step': 334, 'correct': False, 'hint_count': 2, 'response_time_ratio': 0.612495201381167}, {'step': 335, 'correct': False, 'hint_count': 3, 'response_time_ratio': 0.4346740152600889}]",0.25,partial,partial=1,1,,['overconfidence'],[],"['The student showed excessive confidence, higher than their actual level of understanding warranted. ']","The student showed excessive confidence, higher than their actual level of understanding warranted. ",[],"The student is practicing the skill 'discount'. Before these attempts, the student's cumulative accuracy on this skill was 25%. On attempt 1, the student answered correctly, used no hints, and took 0.20 times their own average response time. On attempt 2, the student answered incorrectly, used 1 hint, and took 0.93 times their own average response time. On attempt 3, the student answered incorrectly, used 2 hints, and took 0.61 times their own average response time. On attempt 4, the student answered incorrectly, used 3 hints, and took 0.43 times their own average response time.",overconfidence,False,False,0.9931640625,mDeBERTa-v3-base-mnli-xnli,fact,,,0.9931640625,PASS,True
Q077,S2,The student also shows indications of slipping.,discount,"[{'step': 332, 'correct': True, 'hint_count': 0, 'response_time_ratio': 0.1975790909877041}, {'step': 333, 'correct': False, 'hint_count': 1, 'response_time_ratio': 0.9286217450015092}, {'step': 334, 'correct': False, 'hint_count': 2, 'response_time_ratio': 0.612495201381167}, {'step': 335, 'correct': False, 'hint_count': 3, 'response_time_ratio': 0.4346740152600889}]",0.25,supported,supported=1,1,,['slipping'],[],['The student made an unexpected mistake on content they had previously understood well. '],The student made an unexpected mistake on content they had previously understood well. ,[],"The student is practicing the skill 'discount'. Before these attempts, the student's cumulative accuracy on this skill was 25%. On attempt 1, the student answered correctly, used no hints, and took 0.20 times their own average response time. On attempt 2, the student answered incorrectly, used 1 hint, and took 0.93 times their own average response time. On attempt 3, the student answered incorrectly, used 2 hints, and took 0.61 times their own average response time. On attempt 4, the student answered incorrectly, used 3 hints, and took 0.43 times their own average response time.",slipping,False,False,0.0027656555175781,mDeBERTa-v3-base-mnli-xnli,fact,,,0.0027656555175781,FAIL_NLI,True
Q133,S1,"The student demonstrated a strong engagement with challenging tasks, indicating a willingness to persist despite difficulty.",multiplication,"[{'step': 253, 'correct': False, 'hint_count': 1, 'response_time_ratio': 0.041814605611826}, {'step': 254, 'correct': False, 'hint_count': 2, 'response_time_ratio': 0.041814605611826}, {'step': 255, 'correct': False, 'hint_count': 3, 'response_time_ratio': 0.0418145857080784}, {'step': 256, 'correct': True, 'hint_count': 3, 'response_time_ratio': 0.2508875739597135}]",0.1818181818181818,unsupported,unsupported=5,5,R2: 응답시간이 지나치게 짧은 것으로 볼때 지속적 도전한다고 보기 어려움 / R3: 은 응답시간이 짧음에도 불구하고 지속적으로 도전하는 태도가 있다고 명시합니다 / R4: 힌트 사용 후 굉장히 짧은 응답 시간을 보인 것으로 보아 적극적으로 참여했다고 보기 어려움,['productive_struggle'],[],"['The student struggled with difficulty while using hints, but ultimately solved the problem through productive effort. productive_struggle is dominant (independent judgment is possible since a hint was used).']","The student struggled with difficulty while using hints, but ultimately solved the problem through productive effort. productive_struggle is dominant (independent judgment is possible since a hint was used).",[],"The student is practicing the skill 'multiplication'. Before these attempts, the student's cumulative accuracy on this skill was 18%. On attempt 1, the student answered incorrectly, used 1 hint, and took 0.04 times their own average response time. On attempt 2, the student answered incorrectly, used 2 hints, and took 0.04 times their own average response time. On attempt 3, the student answered incorrectly, used 3 hints, and took 0.04 times their own average response time. On attempt 4, the student answered correctly, used 3 hints, and took 0.25 times their own average response time.",productive_struggle,True,False,0.125,mDeBERTa-v3-base-mnli-xnli,fact,,,0.125,FAIL_NLI,True
Q133,S2,"The student also showed signs of avoiding more complex aspects of the task, suggesting a preference for simpler solutions.",multiplication,"[{'step': 253, 'correct': False, 'hint_count': 1, 'response_time_ratio': 0.041814605611826}, {'step': 254, 'correct': False, 'hint_count': 2, 'response_time_ratio': 0.041814605611826}, {'step': 255, 'correct': False, 'hint_count': 3, 'response_time_ratio': 0.0418145857080784}, {'step': 256, 'correct': True, 'hint_count': 3, 'response_time_ratio': 0.2508875739597135}]",0.1818181818181818,unsupported,unsupported=2;supported=2;partial=1,5,"R5: 매우 짧은 응답시간은 충분한 숙고가 이루어지지 않았을 가능성을 보여주지만, 복잡한 측면을 회피하거나 더 단순한 해결책을 선호했다는 직접적인 근거가 되기는 어려움",['cognitive_avoidance'],[],['The student showed a tendency to avoid difficult problems or avoid asking for help.'],The student showed a tendency to avoid difficult problems or avoid asking for help.,[],"The student is practicing the skill 'multiplication'. Before these attempts, the student's cumulative accuracy on this skill was 18%. On attempt 1, the student answered incorrectly, used 1 hint, and took 0.04 times their own average response time. On attempt 2, the student answered incorrectly, used 2 hints, and took 0.04 times their own average response time. On attempt 3, the student answered incorrectly, used 3 hints, and took 0.04 times their own average response time. On attempt 4, the student answered correctly, used 3 hints, and took 0.25 times their own average response time.",cognitive_avoidance,True,False,0.137939453125,mDeBERTa-v3-base-mnli-xnli,fact,,,0.137939453125,FAIL_NLI,True
Q125,S1,The student may have avoided engaging deeply with the task due to discomfort or uncertainty.,point-plotting,"[{'step': 494, 'correct': False, 'hint_count': 1, 'response_time_ratio': 0.0796473401057622}, {'step': 495, 'correct': False, 'hint_count': 2, 'response_time_ratio': 1.0885136481120838}, {'step': 496, 'correct': False, 'hint_count': 2, 'response_time_ratio': 1.115062755108884}, {'step': 497, 'correct': False, 'hint_count': 2, 'response_time_ratio': 0.4778840533781478}]",0.375,supported,supported=1,1,,['cognitive_avoidance'],[],['The student showed a tendency to avoid difficult problems or avoid asking for help.'],The student showed a tendency to avoid difficult problems or avoid asking for help.,[],"The student is practicing the skill 'point-plotting'. Before these attempts, the student's cumulative accuracy on this skill was 38%. On attempt 1, the student answered incorrectly, used 1 hint, and took 0.08 times their own average response time. On attempt 2, the student answered incorrectly, used 2 hints, and took 1.09 times their own average response time. On attempt 3, the student answered incorrectly, used 2 hints, and took 1.12 times their own average response time. On attempt 4, the student answered incorrectly, used 2 hints, and took 0.48 times their own average response time.",cognitive_avoidance,False,False,0.0243072509765625,mDeBERTa-v3-base-mnli-xnli,fact,,,0.0243072509765625,FAIL_NLI,True
Q125,S2,"There appears to be a noticeable inconsistency in performance, suggesting difficulty maintaining focus or accuracy.",point-plotting,"[{'step': 494, 'correct': False, 'hint_count': 1, 'response_time_ratio': 0.0796473401057622}, {'step': 495, 'correct': False, 'hint_count': 2, 'response_time_ratio': 1.0885136481120838}, {'step': 496, 'correct': False, 'hint_count': 2, 'response_time_ratio': 1.115062755108884}, {'step': 497, 'correct': False, 'hint_count': 2, 'response_time_ratio': 0.4778840533781478}]",0.375,unsupported,unsupported=1,1,,['slipping'],[],['The student made an unexpected mistake on content they had previously understood well.'],The student made an unexpected mistake on content they had previously understood well.,[],"The student is practicing the skill 'point-plotting'. Before these attempts, the student's cumulative accuracy on this skill was 38%. On attempt 1, the student answered incorrectly, used 1 hint, and took 0.08 times their own average response time. On attempt 2, the student answered incorrectly, used 2 hints, and took 1.09 times their own average response time. On attempt 3, the student answered incorrectly, used 2 hints, and took 1.12 times their own average response time. On attempt 4, the student answered incorrectly, used 2 hints, and took 0.48 times their own average response time.",slipping,False,False,0.030059814453125,mDeBERTa-v3-base-mnli-xnli,fact,,,0.030059814453125,FAIL_NLI,True
Q126,S1,"The student exhibits signs of avoiding challenging tasks, indicating a possible reluctance to engage deeply with material.",noskill,"[{'step': 65, 'correct': True, 'hint_count': 0, 'response_time_ratio': 0.5854043392393316}, {'step': 66, 'correct': True, 'hint_count': 0, 'response_time_ratio': 0.5435897435793793}, {'step': 67, 'correct': True, 'hint_count': 0, 'response_time_ratio': 0.9199211045189496}, {'step': 68, 'correct': False, 'hint_count': 0, 'response_time_ratio': 1.0453648914988063}]",0.4761904761904761,unsupported,unsupported=1,1,R2: 힌트 없이 3문제 저답은 도전적인 과제를 피하는 것이라 보기 어려움,['cognitive_avoidance'],[],['The student showed a tendency to avoid difficult problems or avoid asking for help.'],The student showed a tendency to avoid difficult problems or avoid asking for help.,[],"The student is practicing the skill 'noskill'. Before these attempts, the student's cumulative accuracy on this skill was 48%. On attempt 1, the student answered correctly, used no hints, and took 0.59 times their own average response time. On attempt 2, the student answered correctly, used no hints, and took 0.54 times their own average response time. On attempt 3, the student answered correctly, used no hints, and took 0.92 times their own average response time. On attempt 4, the student answered incorrectly, used no hints, and took 1.05 times their own average response time.",cognitive_avoidance,False,False,0.12249755859375,mDeBERTa-v3-base-mnli-xnli,fact,,,0.12249755859375,FAIL_NLI,True
Q126,S2,"The student also shows frustration that does not lead to productive actions, suggesting difficulty in managing task demands effectively.",noskill,"[{'step': 65, 'correct': True, 'hint_count': 0, 'response_time_ratio': 0.5854043392393316}, {'step': 66, 'correct': True, 'hint_count': 0, 'response_time_ratio': 0.5435897435793793}, {'step': 67, 'correct': True, 'hint_count': 0, 'response_time_ratio': 0.9199211045189496}, {'step': 68, 'correct': False, 'hint_count': 0, 'response_time_ratio': 1.0453648914988063}]",0.4761904761904761,unsupported,unsupported=1,1,R2: 응답시간도 평범하고 정답도 4문제중 3문제 맞힘,['unproductive_frustration'],[],['The student experienced unproductive frustration amid repeated failures or difficulty.'],The student experienced unproductive frustration amid repeated failures or difficulty.,[],"The student is practicing the skill 'noskill'. Before these attempts, the student's cumulative accuracy on this skill was 48%. On attempt 1, the student answered correctly, used no hints, and took 0.59 times their own average response time. On attempt 2, the student answered correctly, used no hints, and took 0.54 times their own average response time. On attempt 3, the student answered correctly, used no hints, and took 0.92 times their own average response time. On attempt 4, the student answered incorrectly, used no hints, and took 1.05 times their own average response time.",unproductive_frustration,False,False,0.01385498046875,mDeBERTa-v3-base-mnli-xnli,fact,,,0.01385498046875,FAIL_NLI,True
Q104,S1,"The student may have avoided engaging deeply with the material, indicating a possible reluctance to confront challenging aspects.",rate,"[{'step': 596, 'correct': True, 'hint_count': 0, 'response_time_ratio': 3.6990775905539257}, {'step': 601, 'correct': False, 'hint_count': 0, 'response_time_ratio': 2.867824189443171}, {'step': 602, 'correct': True, 'hint_count': 0, 'response_time_ratio': 0.5818773837700403}, {'step': 603, 'correct': False, 'hint_count': 0, 'response_time_ratio': 0.7065653625152752}]",0.6,unsupported,unsupported=5,5,"R1: 학생이 596단계를 풀때 3.70배의 응답시간, 601단계를 풀때 2.87배의 응답시간을 보이고 전체적으로 힌트를 미사용했으며, 정답률60퍼센트를 기록한 것으로 보아 어려운 측면에 직면하는 것을 회피하고자 한다고 볼 수는 없을 것 같습니다 / R2: 힌트 없이 오랜 시간 고민한 것을 볼때 깊이적으로 소통 안했다고 보기 어려움 / R3: 과 대비하였을 떄 각 문항에 충분한 시간을 투자한 것으로 보임 / R4: 문항 596, 601에서 긴 응답 시간을 보내며 문제를 해결하고자 하는 의지를 보임. 문제를 회피했다고 보기 어려움 / R5: Cognitive Avoidance를 뒷받침할 과도한 힌트 의존이나 반복 추측이 없음. 오히려 전 문항 힌트 미사용",['cognitive_avoidance'],[],['The student showed a tendency to avoid difficult problems or avoid asking for help.'],The student showed a tendency to avoid difficult problems or avoid asking for help.,[],"The student is practicing the skill 'rate'. Before these attempts, the student's cumulative accuracy on this skill was 60%. On attempt 1, the student answered correctly, used no hints, and took 3.70 times their own average response time. On attempt 2, the student answered incorrectly, used no hints, and took 2.87 times their own average response time. On attempt 3, the student answered correctly, used no hints, and took 0.58 times their own average response time. On attempt 4, the student answered incorrectly, used no hints, and took 0.71 times their own average response time.",cognitive_avoidance,True,False,0.047576904296875,mDeBERTa-v3-base-mnli-xnli,fact,,,0.047576904296875,FAIL_NLI,True
Q104,S2,"There is also a likelihood of errors occurring during task execution, suggesting instability in performance.",rate,"[{'step': 596, 'correct': True, 'hint_count': 0, 'response_time_ratio': 3.6990775905539257}, {'step': 601, 'correct': False, 'hint_count': 0, 'response_time_ratio': 2.867824189443171}, {'step': 602, 'correct': True, 'hint_count': 0, 'response_time_ratio': 0.5818773837700403}, {'step': 603, 'correct': False, 'hint_count': 0, 'response_time_ratio': 0.7065653625152752}]",0.6,supported,supported=4;partial=1,5,,['slipping'],[],['The student made an unexpected mistake on content they had previously understood well.'],The student made an unexpected mistake on content they had previously understood well.,[],"The student is practicing the skill 'rate'. Before these attempts, the student's cumulative accuracy on this skill was 60%. On attempt 1, the student answered correctly, used no hints, and took 3.70 times their own average response time. On attempt 2, the student answered incorrectly, used no hints, and took 2.87 times their own average response time. On attempt 3, the student answered correctly, used no hints, and took 0.58 times their own average response time. On attempt 4, the student answered incorrectly, used no hints, and took 0.71 times their own average response time.",slipping,True,False,0.00604248046875,mDeBERTa-v3-base-mnli-xnli,fact,,,0.00604248046875,FAIL_NLI,True
Q104,S3,"This combination appears to be present, though this is not certain.",rate,"[{'step': 596, 'correct': True, 'hint_count': 0, 'response_time_ratio': 3.6990775905539257}, {'step': 601, 'correct': False, 'hint_count': 0, 'response_time_ratio': 2.867824189443171}, {'step': 602, 'correct': True, 'hint_count': 0, 'response_time_ratio': 0.5818773837700403}, {'step': 603, 'correct': False, 'hint_count': 0, 'response_time_ratio': 0.7065653625152752}]",0.6,supported,supported=2;unsupported=2;partial=1,5,"R2: 조합이 무엇인지 알 수 없음 / R4: 맞는 말이긴 하지만, 의미있는 분석이 아님","['cognitive_avoidance', 'slipping']",[],"['The student showed a tendency to avoid difficult problems or avoid asking for help.', 'The student made an unexpected mistake on content they had previously understood well.']","The student showed a tendency to avoid difficult problems or avoid asking for help.
The student made an unexpected mistake on content they had previously understood well.",[],"The student is practicing the skill 'rate'. Before these attempts, the student's cumulative accuracy on this skill was 60%. On attempt 1, the student answered correctly, used no hints, and took 3.70 times their own average response time. On attempt 2, the student answered incorrectly, used no hints, and took 2.87 times their own average response time. On attempt 3, the student answered correctly, used no hints, and took 0.58 times their own average response time. On attempt 4, the student answered incorrectly, used no hints, and took 0.71 times their own average response time.",,True,False,0.003662109375,mDeBERTa-v3-base-mnli-xnli,fact,,,0.003662109375,FAIL_NLI,True
Q093,S1,The student may have been avoiding tasks that require critical thinking.,discount,"[{'step': 110, 'correct': False, 'hint_count': 17, 'response_time_ratio': 0.0431949774204515}, {'step': 111, 'correct': False, 'hint_count': 18, 'response_time_ratio': 0.04319494653605}, {'step': 112, 'correct': False, 'hint_count': 19, 'response_time_ratio': 0.0431949774204515}, {'step': 113, 'correct': True, 'hint_count': 19, 'response_time_ratio': 0.3887547145408461}]",0.0,supported,supported=4;partial=1,5,,['cognitive_avoidance'],[],['The student showed a tendency to avoid difficult problems or avoid asking for help.'],The student showed a tendency to avoid difficult problems or avoid asking for help.,[],"The student is practicing the skill 'discount'. Before these attempts, the student's cumulative accuracy on this skill was 0%. On attempt 1, the student answered incorrectly, used 17 hints, and took 0.04 times their own average response time. On attempt 2, the student answered incorrectly, used 18 hints, and took 0.04 times their own average response time. On attempt 3, the student answered incorrectly, used 19 hints, and took 0.04 times their own average response time. On attempt 4, the student answered correctly, used 19 hints, and took 0.39 times their own average response time.",cognitive_avoidance,True,False,0.09417724609375,mDeBERTa-v3-base-mnli-xnli,fact,,,0.09417724609375,FAIL_NLI,True
Q093,S3,The pattern indicates a potential inclination to bypass challenging aspects of work.,discount,"[{'step': 110, 'correct': False, 'hint_count': 17, 'response_time_ratio': 0.0431949774204515}, {'step': 111, 'correct': False, 'hint_count': 18, 'response_time_ratio': 0.04319494653605}, {'step': 112, 'correct': False, 'hint_count': 19, 'response_time_ratio': 0.0431949774204515}, {'step': 113, 'correct': True, 'hint_count': 19, 'response_time_ratio': 0.3887547145408461}]",0.0,supported,supported=5,5,,['cognitive_avoidance'],[],['The student showed a tendency to avoid difficult problems or avoid asking for help.'],The student showed a tendency to avoid difficult problems or avoid asking for help.,[],"The student is practicing the skill 'discount'. Before these attempts, the student's cumulative accuracy on this skill was 0%. On attempt 1, the student answered incorrectly, used 17 hints, and took 0.04 times their own average response time. On attempt 2, the student answered incorrectly, used 18 hints, and took 0.04 times their own average response time. On attempt 3, the student answered incorrectly, used 19 hints, and took 0.04 times their own average response time. On attempt 4, the student answered correctly, used 19 hints, and took 0.39 times their own average response time.",cognitive_avoidance,True,False,0.95751953125,mDeBERTa-v3-base-mnli-xnli,fact,,,0.95751953125,PASS,True
Q017,S1,"The student exhibits signs of overconfidence, indicated by a high status level.",mean,"[{'step': 305, 'correct': False, 'hint_count': 1, 'response_time_ratio': 7.718453916712557}, {'step': 308, 'correct': False, 'hint_count': 0, 'response_time_ratio': 2.2991139368706284}, {'step': 309, 'correct': False, 'hint_count': 2, 'response_time_ratio': 0.1642224180764479}, {'step': 310, 'correct': False, 'hint_count': 3, 'response_time_ratio': 0.3519052048181313}]",0.2307692307692307,supported,supported=1,1,,['overconfidence'],[],"['The student showed excessive confidence, higher than their actual level of understanding warranted. ']","The student showed excessive confidence, higher than their actual level of understanding warranted. ",[],"The student is practicing the skill 'mean'. Before these attempts, the student's cumulative accuracy on this skill was 23%. On attempt 1, the student answered incorrectly, used 1 hint, and took 7.72 times their own average response time. On attempt 2, the student answered incorrectly, used no hints, and took 2.30 times their own average response time. On attempt 3, the student answered incorrectly, used 2 hints, and took 0.16 times their own average response time. On attempt 4, the student answered incorrectly, used 3 hints, and took 0.35 times their own average response time.",overconfidence,False,False,0.94921875,mDeBERTa-v3-base-mnli-xnli,fact,,,0.94921875,PASS,True
Q017,S2,The student also shows a high degree of slipping.,mean,"[{'step': 305, 'correct': False, 'hint_count': 1, 'response_time_ratio': 7.718453916712557}, {'step': 308, 'correct': False, 'hint_count': 0, 'response_time_ratio': 2.2991139368706284}, {'step': 309, 'correct': False, 'hint_count': 2, 'response_time_ratio': 0.1642224180764479}, {'step': 310, 'correct': False, 'hint_count': 3, 'response_time_ratio': 0.3519052048181313}]",0.2307692307692307,supported,supported=1,1,,['slipping'],[],['The student made an unexpected mistake on content they had previously understood well. '],The student made an unexpected mistake on content they had previously understood well. ,[],"The student is practicing the skill 'mean'. Before these attempts, the student's cumulative accuracy on this skill was 23%. On attempt 1, the student answered incorrectly, used 1 hint, and took 7.72 times their own average response time. On attempt 2, the student answered incorrectly, used no hints, and took 2.30 times their own average response time. On attempt 3, the student answered incorrectly, used 2 hints, and took 0.16 times their own average response time. On attempt 4, the student answered incorrectly, used 3 hints, and took 0.35 times their own average response time.",slipping,False,False,0.0034465789794921,mDeBERTa-v3-base-mnli-xnli,fact,,,0.0034465789794921,FAIL_NLI,True
Q141,S1,"The student may have avoided engaging deeply with the material, indicating a possible reluctance to confront challenging aspects.",inducing-functions,"[{'step': 656, 'correct': False, 'hint_count': 6, 'response_time_ratio': 0.1038668373666322}, {'step': 657, 'correct': True, 'hint_count': 6, 'response_time_ratio': 9.03641484051032}, {'step': 658, 'correct': True, 'hint_count': 0, 'response_time_ratio': 0.6232010366638139}, {'step': 659, 'correct': False, 'hint_count': 0, 'response_time_ratio': 1.0386683487382813}]",0.2631578947368421,supported,supported=1,1,,['cognitive_avoidance'],[],['The student showed a tendency to avoid difficult problems or avoid asking for help.'],The student showed a tendency to avoid difficult problems or avoid asking for help.,[],"The student is practicing the skill 'inducing-functions'. Before these attempts, the student's cumulative accuracy on this skill was 26%. On attempt 1, the student answered incorrectly, used 6 hints, and took 0.10 times their own average response time. On attempt 2, the student answered correctly, used 6 hints, and took 9.04 times their own average response time. On attempt 3, the student answered correctly, used no hints, and took 0.62 times their own average response time. On attempt 4, the student answered incorrectly, used no hints, and took 1.04 times their own average response time.",cognitive_avoidance,False,False,0.047576904296875,mDeBERTa-v3-base-mnli-xnli,fact,,,0.047576904296875,FAIL_NLI,True
Q141,S2,"There is also a likelihood of errors occurring during task execution, suggesting instability in performance.",inducing-functions,"[{'step': 656, 'correct': False, 'hint_count': 6, 'response_time_ratio': 0.1038668373666322}, {'step': 657, 'correct': True, 'hint_count': 6, 'response_time_ratio': 9.03641484051032}, {'step': 658, 'correct': True, 'hint_count': 0, 'response_time_ratio': 0.6232010366638139}, {'step': 659, 'correct': False, 'hint_count': 0, 'response_time_ratio': 1.0386683487382813}]",0.2631578947368421,supported,supported=1,1,,['slipping'],[],['The student made an unexpected mistake on content they had previously understood well.'],The student made an unexpected mistake on content they had previously understood well.,[],"The student is practicing the skill 'inducing-functions'. Before these attempts, the student's cumulative accuracy on this skill was 26%. On attempt 1, the student answered incorrectly, used 6 hints, and took 0.10 times their own average response time. On attempt 2, the student answered correctly, used 6 hints, and took 9.04 times their own average response time. On attempt 3, the student answered correctly, used no hints, and took 0.62 times their own average response time. On attempt 4, the student answered incorrectly, used no hints, and took 1.04 times their own average response time.",slipping,False,False,0.00604248046875,mDeBERTa-v3-base-mnli-xnli,fact,,,0.00604248046875,FAIL_NLI,True
Q141,S3,"This combination appears to be present, though this is not certain.",inducing-functions,"[{'step': 656, 'correct': False, 'hint_count': 6, 'response_time_ratio': 0.1038668373666322}, {'step': 657, 'correct': True, 'hint_count': 6, 'response_time_ratio': 9.03641484051032}, {'step': 658, 'correct': True, 'hint_count': 0, 'response_time_ratio': 0.6232010366638139}, {'step': 659, 'correct': False, 'hint_count': 0, 'response_time_ratio': 1.0386683487382813}]",0.2631578947368421,supported,supported=1,1,,"['cognitive_avoidance', 'slipping']",[],"['The student showed a tendency to avoid difficult problems or avoid asking for help.', 'The student made an unexpected mistake on content they had previously understood well.']","The student showed a tendency to avoid difficult problems or avoid asking for help.
The student made an unexpected mistake on content they had previously understood well.",[],"The student is practicing the skill 'inducing-functions'. Before these attempts, the student's cumulative accuracy on this skill was 26%. On attempt 1, the student answered incorrectly, used 6 hints, and took 0.10 times their own average response time. On attempt 2, the student answered correctly, used 6 hints, and took 9.04 times their own average response time. On attempt 3, the student answered correctly, used no hints, and took 0.62 times their own average response time. On attempt 4, the student answered incorrectly, used no hints, and took 1.04 times their own average response time.",,False,False,0.003662109375,mDeBERTa-v3-base-mnli-xnli,fact,,,0.003662109375,FAIL_NLI,True
Q097,S1,"The student exhibits signs of avoiding engaging deeply with the task, indicating a possible reluctance to confront challenging aspects of the skill.",sum-of-interior-angles-more-than-3-sides,"[{'step': 439, 'correct': False, 'hint_count': 0, 'response_time_ratio': 0.4590163935082708}, {'step': 440, 'correct': False, 'hint_count': 0, 'response_time_ratio': 0.6229508276300771}, {'step': 502, 'correct': True, 'hint_count': 0, 'response_time_ratio': 4.852459017087434}, {'step': 518, 'correct': False, 'hint_count': 0, 'response_time_ratio': 3.2459016555461915}]",0.25,unsupported,unsupported=1,1,,['cognitive_avoidance'],[],['The student showed a tendency to avoid difficult problems or avoid asking for help.'],The student showed a tendency to avoid difficult problems or avoid asking for help.,[],"The student is practicing the skill 'sum-of-interior-angles-more-than-3-sides'. Before these attempts, the student's cumulative accuracy on this skill was 25%. On attempt 1, the student answered incorrectly, used no hints, and took 0.46 times their own average response time. On attempt 2, the student answered incorrectly, used no hints, and took 0.62 times their own average response time. On attempt 3, the student answered correctly, used no hints, and took 4.85 times their own average response time. On attempt 4, the student answered incorrectly, used no hints, and took 3.25 times their own average response time.",cognitive_avoidance,False,False,0.85302734375,mDeBERTa-v3-base-mnli-xnli,fact,,,0.85302734375,PASS,True
Q061,S1,The student may have been avoiding tasks related to calculating perimeters.,perimeter,"[{'step': 97, 'correct': False, 'hint_count': 0, 'response_time_ratio': 1.1346482148829695}, {'step': 98, 'correct': True, 'hint_count': 0, 'response_time_ratio': 0.8767736320316406}, {'step': 99, 'correct': False, 'hint_count': 0, 'response_time_ratio': 1.151839858690917}, {'step': 100, 'correct': False, 'hint_count': 0, 'response_time_ratio': 2.699087421470957}]",0.3333333333333333,unsupported,unsupported=1,1,R4: 긴 응답 시간을 소모한 것으로 보아 문제를 피하거나 소통하려는 의지가 없다고 보기 어려움,['cognitive_avoidance'],[],['The student showed a tendency to avoid difficult problems or avoid asking for help.'],The student showed a tendency to avoid difficult problems or avoid asking for help.,[],"The student is practicing the skill 'perimeter'. Before these attempts, the student's cumulative accuracy on this skill was 33%. On attempt 1, the student answered incorrectly, used no hints, and took 1.13 times their own average response time. On attempt 2, the student answered correctly, used no hints, and took 0.88 times their own average response time. On attempt 3, the student answered incorrectly, used no hints, and took 1.15 times their own average response time. On attempt 4, the student answered incorrectly, used no hints, and took 2.70 times their own average response time.",cognitive_avoidance,False,False,0.0006518363952636,mDeBERTa-v3-base-mnli-xnli,fact,,,0.0006518363952636,FAIL_NLI,True
Q061,S3,The behavior suggests a possible difficulty in applying the concept of perimeter.,perimeter,"[{'step': 97, 'correct': False, 'hint_count': 0, 'response_time_ratio': 1.1346482148829695}, {'step': 98, 'correct': True, 'hint_count': 0, 'response_time_ratio': 0.8767736320316406}, {'step': 99, 'correct': False, 'hint_count': 0, 'response_time_ratio': 1.151839858690917}, {'step': 100, 'correct': False, 'hint_count': 0, 'response_time_ratio': 2.699087421470957}]",0.3333333333333333,supported,supported=1,1,,['cognitive_avoidance'],[],['The student showed a tendency to avoid difficult problems or avoid asking for help.'],The student showed a tendency to avoid difficult problems or avoid asking for help.,[],"The student is practicing the skill 'perimeter'. Before these attempts, the student's cumulative accuracy on this skill was 33%. On attempt 1, the student answered incorrectly, used no hints, and took 1.13 times their own average response time. On attempt 2, the student answered correctly, used no hints, and took 0.88 times their own average response time. On attempt 3, the student answered incorrectly, used no hints, and took 1.15 times their own average response time. On attempt 4, the student answered incorrectly, used no hints, and took 2.70 times their own average response time.",cognitive_avoidance,False,False,0.003885269165039,mDeBERTa-v3-base-mnli-xnli,fact,,,0.003885269165039,FAIL_NLI,True
Q038,S1,The student exhibits signs of avoiding challenging tasks during the number line interpretation activity.,interpreting-numberline,"[{'step': 524, 'correct': True, 'hint_count': 0, 'response_time_ratio': 0.7413493710417345}, {'step': 525, 'correct': True, 'hint_count': 0, 'response_time_ratio': 0.4633433458735121}, {'step': 526, 'correct': True, 'hint_count': 0, 'response_time_ratio': 0.9266867249224088}, {'step': 573, 'correct': False, 'hint_count': 0, 'response_time_ratio': 0.5096776925911924}]",0.8571428571428571,unsupported,unsupported=1,1,"R1: 도전적인 과제를 피하는 징후를 보이는지 물었는데 해당 학생은 지금까지의 누적 정답율이 높고 4문제 중 3문제를 정답으로 맞추었고, 응답시간이 너무 빠른 기록은 없었기에 행동 기록과 맞지 않다고 생각됩니다",['cognitive_avoidance'],[],['The student showed a tendency to avoid difficult problems or avoid asking for help.'],The student showed a tendency to avoid difficult problems or avoid asking for help.,[],"The student is practicing the skill 'interpreting-numberline'. Before these attempts, the student's cumulative accuracy on this skill was 86%. On attempt 1, the student answered correctly, used no hints, and took 0.74 times their own average response time. On attempt 2, the student answered correctly, used no hints, and took 0.46 times their own average response time. On attempt 3, the student answered correctly, used no hints, and took 0.93 times their own average response time. On attempt 4, the student answered incorrectly, used no hints, and took 0.51 times their own average response time.",cognitive_avoidance,False,False,0.0006418228149414,mDeBERTa-v3-base-mnli-xnli,fact,,,0.0006418228149414,FAIL_NLI,True
Q038,S2,The student also shows frustration that does not lead to productive problem-solving efforts.,interpreting-numberline,"[{'step': 524, 'correct': True, 'hint_count': 0, 'response_time_ratio': 0.7413493710417345}, {'step': 525, 'correct': True, 'hint_count': 0, 'response_time_ratio': 0.4633433458735121}, {'step': 526, 'correct': True, 'hint_count': 0, 'response_time_ratio': 0.9266867249224088}, {'step': 573, 'correct': False, 'hint_count': 0, 'response_time_ratio': 0.5096776925911924}]",0.8571428571428571,unsupported,unsupported=1,1,R1: 지금까지의 높은 정답율처럼 4문제 중 3문제를 맞추었기에 문제 해결을 위한 노력으로 이어지지 않는 불만을 보인다고 판단할 수 없다,['unproductive_frustration'],[],['The student experienced unproductive frustration amid repeated failures or difficulty.'],The student experienced unproductive frustration amid repeated failures or difficulty.,[],"The student is practicing the skill 'interpreting-numberline'. Before these attempts, the student's cumulative accuracy on this skill was 86%. On attempt 1, the student answered correctly, used no hints, and took 0.74 times their own average response time. On attempt 2, the student answered correctly, used no hints, and took 0.46 times their own average response time. On attempt 3, the student answered correctly, used no hints, and took 0.93 times their own average response time. On attempt 4, the student answered incorrectly, used no hints, and took 0.51 times their own average response time.",unproductive_frustration,False,False,0.6181640625,mDeBERTa-v3-base-mnli-xnli,fact,,,0.6181640625,PASS,True
Q030,S1,The student exhibits signs of unproductive frustration during the task.,linear-area-volume-conversion,"[{'step': 147, 'correct': False, 'hint_count': 3, 'response_time_ratio': 0.1599364502230883}, {'step': 148, 'correct': False, 'hint_count': 3, 'response_time_ratio': 0.2199126094605595}, {'step': 149, 'correct': False, 'hint_count': 3, 'response_time_ratio': 0.099960290925641}, {'step': 150, 'correct': False, 'hint_count': 4, 'response_time_ratio': 0.0799682203534347}]",0.0,partial,partial=1,1,"R5: 반복 오답 + 높은 빈도로 힌트 사용 하지만, 다소 짧은 응답시간으로 높은 노력의 근거 부족. 오히려 Cognitive Avoidance로 보는 게 맞을지도",['unproductive_frustration'],[],['The student experienced unproductive frustration amid repeated failures or difficulty.'],The student experienced unproductive frustration amid repeated failures or difficulty.,[],"The student is practicing the skill 'linear-area-volume-conversion'. Before these attempts, the student's cumulative accuracy on this skill was 0%. On attempt 1, the student answered incorrectly, used 3 hints, and took 0.16 times their own average response time. On attempt 2, the student answered incorrectly, used 3 hints, and took 0.22 times their own average response time. On attempt 3, the student answered incorrectly, used 3 hints, and took 0.10 times their own average response time. On attempt 4, the student answered incorrectly, used 4 hints, and took 0.08 times their own average response time.",unproductive_frustration,False,False,0.9609375,mDeBERTa-v3-base-mnli-xnli,fact,,,0.9609375,PASS,True
Q030,S2,This indicates a struggle with understanding the material.,linear-area-volume-conversion,"[{'step': 147, 'correct': False, 'hint_count': 3, 'response_time_ratio': 0.1599364502230883}, {'step': 148, 'correct': False, 'hint_count': 3, 'response_time_ratio': 0.2199126094605595}, {'step': 149, 'correct': False, 'hint_count': 3, 'response_time_ratio': 0.099960290925641}, {'step': 150, 'correct': False, 'hint_count': 4, 'response_time_ratio': 0.0799682203534347}]",0.0,supported,supported=1,1,,['unproductive_frustration'],[],['The student experienced unproductive frustration amid repeated failures or difficulty.'],The student experienced unproductive frustration amid repeated failures or difficulty.,[],"The student is practicing the skill 'linear-area-volume-conversion'. Before these attempts, the student's cumulative accuracy on this skill was 0%. On attempt 1, the student answered incorrectly, used 3 hints, and took 0.16 times their own average response time. On attempt 2, the student answered incorrectly, used 3 hints, and took 0.22 times their own average response time. On attempt 3, the student answered incorrectly, used 3 hints, and took 0.10 times their own average response time. On attempt 4, the student answered incorrectly, used 4 hints, and took 0.08 times their own average response time.",unproductive_frustration,False,False,0.004547119140625,mDeBERTa-v3-base-mnli-xnli,fact,,,0.004547119140625,FAIL_NLI,True
Q050,S1,The student demonstrates a strong sense of certainty in their responses.,percent-of,"[{'step': 30, 'correct': False, 'hint_count': 1, 'response_time_ratio': 1.5956744583442204}, {'step': 37, 'correct': False, 'hint_count': 0, 'response_time_ratio': 1.693368812458221}]",0.0,unsupported,unsupported=5,5,R2: 오답인데다가 응답시간도 평균보다 김 / R2: 전제가 잘못되어있음 / R3: 에서 강한 확신은 짧은 응답시간을 근거로 하는 것으로 알고있지만 그렇지 아니함 / R4: 긴 응답시간을 사용하며 문제를 해결하고 오답을 도출해내고 힌트도 1회 사용한 것을 통해 높은 자신감을 가지고 있다기 보단 의심의 징후가 약간 보인다고 할 수 있음 / R5: ~,['overconfidence'],[],"['The student showed excessive confidence, higher than their actual level of understanding warranted.']","The student showed excessive confidence, higher than their actual level of understanding warranted.",[],"The student is practicing the skill 'percent-of'. Before these attempts, the student's cumulative accuracy on this skill was 0%. On attempt 1, the student answered incorrectly, used 1 hint, and took 1.60 times their own average response time. On attempt 2, the student answered incorrectly, used no hints, and took 1.69 times their own average response time.",overconfidence,True,False,0.73583984375,mDeBERTa-v3-base-mnli-xnli,fact,,,0.73583984375,PASS,True
Q050,S2,This confidence appears to be consistently maintained across multiple instances.,percent-of,"[{'step': 30, 'correct': False, 'hint_count': 1, 'response_time_ratio': 1.5956744583442204}, {'step': 37, 'correct': False, 'hint_count': 0, 'response_time_ratio': 1.693368812458221}]",0.0,unsupported,unsupported=5,5,R2: 전제가 잘못되어있음 / R4: 긴 응답시간을 사용하며 문제를 해결하고 오답을 도출해내고 힌트도 1회 사용한 것을 통해 높은 자신감을 가지고 있다기 보단 의심의 징후가 약간 보인다고 할 수 있음,['overconfidence'],[],"['The student showed excessive confidence, higher than their actual level of understanding warranted.']","The student showed excessive confidence, higher than their actual level of understanding warranted.",[],"The student is practicing the skill 'percent-of'. Before these attempts, the student's cumulative accuracy on this skill was 0%. On attempt 1, the student answered incorrectly, used 1 hint, and took 1.60 times their own average response time. On attempt 2, the student answered incorrectly, used no hints, and took 1.69 times their own average response time.",overconfidence,True,False,0.0011043548583984,mDeBERTa-v3-base-mnli-xnli,fact,,,0.0011043548583984,FAIL_NLI,True
Q050,S3,There is no indication of hesitation or doubt in their approach.,percent-of,"[{'step': 30, 'correct': False, 'hint_count': 1, 'response_time_ratio': 1.5956744583442204}, {'step': 37, 'correct': False, 'hint_count': 0, 'response_time_ratio': 1.693368812458221}]",0.0,unsupported,unsupported=5,5,"R1: 의심 징후가 전혀 보이지 않는 다고 하였는데 30단계에서 힌트를 1회 사용했기 때문에 맞지 않는 다고 생각되었다 / R2: 긴 고민시간을 통해 의심 징후가 강하게 드러남 / R4: 긴 응답시간을 사용하며 문제를 해결하고 오답을 도출해내고 힌트도 1회 사용한 것을 통해 높은 자신감을 가지고 있다기 보단 의심의 징후가 약간 보인다고 할 수 있음 / R5: 의 높은 확신 및 망설임 없음에 대한 주장은 행동 기록과 부합하지 않음. 두 문항 모두 오답이며 응답시간도 개인평균 대비 1.60배, 1.69배로 길어 높은 확신을 뒷받침하는 응답시간 패턴이 나타나지 않음",['overconfidence'],[],"['The student showed excessive confidence, higher than their actual level of understanding warranted.']","The student showed excessive confidence, higher than their actual level of understanding warranted.",[],"The student is practicing the skill 'percent-of'. Before these attempts, the student's cumulative accuracy on this skill was 0%. On attempt 1, the student answered incorrectly, used 1 hint, and took 1.60 times their own average response time. On attempt 2, the student answered incorrectly, used no hints, and took 1.69 times their own average response time.",overconfidence,True,False,0.260009765625,mDeBERTa-v3-base-mnli-xnli,fact,,,0.260009765625,FAIL_NLI,True
Q139,S1,"The student exhibits signs of overconfidence, indicating a strong belief in their abilities without sufficient justification.",measurement,"[{'step': 465, 'correct': False, 'hint_count': 1, 'response_time_ratio': 0.2230180328999946}, {'step': 466, 'correct': False, 'hint_count': 2, 'response_time_ratio': 13.693305891416484}, {'step': 467, 'correct': False, 'hint_count': 3, 'response_time_ratio': 0.0892072259255488}, {'step': 468, 'correct': False, 'hint_count': 3, 'response_time_ratio': 0.535243206488054}]",0.0,partial,partial=5,5,"R4: overconfidence가 확신 높음(응답시간 빠름) + 오답을 의미한다는 점에서 방향은 맞으나 466번 문항에서 많은 시간과 힌트를 쓰면서 풀기 위해 노력했다는 점이 반영되어 서술 될 필요가 있음 / R5: 응답 시간 빠름 + 오답이나, 다수의 힌트를 사용한 점에서 부분지지",['overconfidence'],[],"['The student showed excessive confidence, higher than their actual level of understanding warranted. ']","The student showed excessive confidence, higher than their actual level of understanding warranted. ",[],"The student is practicing the skill 'measurement'. Before these attempts, the student's cumulative accuracy on this skill was 0%. On attempt 1, the student answered incorrectly, used 1 hint, and took 0.22 times their own average response time. On attempt 2, the student answered incorrectly, used 2 hints, and took 13.69 times their own average response time. On attempt 3, the student answered incorrectly, used 3 hints, and took 0.09 times their own average response time. On attempt 4, the student answered incorrectly, used 3 hints, and took 0.54 times their own average response time.",overconfidence,True,False,0.857421875,mDeBERTa-v3-base-mnli-xnli,fact,,,0.857421875,PASS,True
Q139,S2,"The student also shows unproductive frustration, suggesting they become overly concerned with difficulties rather than addressing them effectively.",measurement,"[{'step': 465, 'correct': False, 'hint_count': 1, 'response_time_ratio': 0.2230180328999946}, {'step': 466, 'correct': False, 'hint_count': 2, 'response_time_ratio': 13.693305891416484}, {'step': 467, 'correct': False, 'hint_count': 3, 'response_time_ratio': 0.0892072259255488}, {'step': 468, 'correct': False, 'hint_count': 3, 'response_time_ratio': 0.535243206488054}]",0.0,partial,partial=3;supported=2,5,R5: 높은 노력에도 반복 오답패턴이지만  정서적 어려움이라고 확신하기엔 과한 해석,['unproductive_frustration'],[],['The student experienced unproductive frustration amid repeated failures or difficulty.'],The student experienced unproductive frustration amid repeated failures or difficulty.,[],"The student is practicing the skill 'measurement'. Before these attempts, the student's cumulative accuracy on this skill was 0%. On attempt 1, the student answered incorrectly, used 1 hint, and took 0.22 times their own average response time. On attempt 2, the student answered incorrectly, used 2 hints, and took 13.69 times their own average response time. On attempt 3, the student answered incorrectly, used 3 hints, and took 0.09 times their own average response time. On attempt 4, the student answered incorrectly, used 3 hints, and took 0.54 times their own average response time.",unproductive_frustration,True,False,0.0019416809082031,mDeBERTa-v3-base-mnli-xnli,fact,,,0.0019416809082031,FAIL_NLI,True
Q139,S3,"Additionally, there is evidence of slipping, meaning the student may struggle to maintain focus or consistency in tasks.",measurement,"[{'step': 465, 'correct': False, 'hint_count': 1, 'response_time_ratio': 0.2230180328999946}, {'step': 466, 'correct': False, 'hint_count': 2, 'response_time_ratio': 13.693305891416484}, {'step': 467, 'correct': False, 'hint_count': 3, 'response_time_ratio': 0.0892072259255488}, {'step': 468, 'correct': False, 'hint_count': 3, 'response_time_ratio': 0.535243206488054}]",0.0,unsupported,unsupported=5,5,"R2: 정답률 0%에 정답 기록 없어 slipping으로 보기 어려움 / R4: Slipping은 높은 확신에도 실수로 추정되는 오답을 의미하는데, 거의 모든 문항에서 힌트를 많이 쓴 것으로 보아 높은 확신을 가지고 있다고 보기 어렵고 실수보다는 몰라서 못 풀었을 가능성이 높다고 보임 / R5: 누적 정답률 + 다수의 힌트 사용 + 짧은 응답 시간을 봤을 때 Slipping으로 보기 어려움",['slipping'],[],['The student made an unexpected mistake on content they had previously understood well. '],The student made an unexpected mistake on content they had previously understood well. ,[],"The student is practicing the skill 'measurement'. Before these attempts, the student's cumulative accuracy on this skill was 0%. On attempt 1, the student answered incorrectly, used 1 hint, and took 0.22 times their own average response time. On attempt 2, the student answered incorrectly, used 2 hints, and took 13.69 times their own average response time. On attempt 3, the student answered incorrectly, used 3 hints, and took 0.09 times their own average response time. On attempt 4, the student answered incorrectly, used 3 hints, and took 0.54 times their own average response time.",slipping,True,False,0.0068168640136718,mDeBERTa-v3-base-mnli-xnli,fact,,,0.0068168640136718,FAIL_NLI,True
Q022,S1,The student may have overestimated their ability to handle complex problems.,algebraic-manipulation,"[{'step': 290, 'correct': False, 'hint_count': 1, 'response_time_ratio': 0.2048642881604764}, {'step': 291, 'correct': False, 'hint_count': 2, 'response_time_ratio': 0.204864297912017}, {'step': 292, 'correct': False, 'hint_count': 3, 'response_time_ratio': 0.0819457387088608}, {'step': 293, 'correct': False, 'hint_count': 4, 'response_time_ratio': 1.1882129180562129}]",0.0,unsupported,unsupported=2;partial=2;supported=1,5,R4: overconfidence라고 하기엔 힌트 사용이 점차적으로 늘어남,['overconfidence'],[],"['The student showed excessive confidence, higher than their actual level of understanding warranted.']","The student showed excessive confidence, higher than their actual level of understanding warranted.",[],"The student is practicing the skill 'algebraic-manipulation'. Before these attempts, the student's cumulative accuracy on this skill was 0%. On attempt 1, the student answered incorrectly, used 1 hint, and took 0.20 times their own average response time. On attempt 2, the student answered incorrectly, used 2 hints, and took 0.20 times their own average response time. On attempt 3, the student answered incorrectly, used 3 hints, and took 0.08 times their own average response time. On attempt 4, the student answered incorrectly, used 4 hints, and took 1.19 times their own average response time.",overconfidence,True,False,0.0036964416503906,mDeBERTa-v3-base-mnli-xnli,fact,,,0.0036964416503906,FAIL_NLI,True
Q022,S2,There is no clear indication of any specific strategy being consistently applied or avoided.,algebraic-manipulation,"[{'step': 290, 'correct': False, 'hint_count': 1, 'response_time_ratio': 0.2048642881604764}, {'step': 291, 'correct': False, 'hint_count': 2, 'response_time_ratio': 0.204864297912017}, {'step': 292, 'correct': False, 'hint_count': 3, 'response_time_ratio': 0.0819457387088608}, {'step': 293, 'correct': False, 'hint_count': 4, 'response_time_ratio': 1.1882129180562129}]",0.0,partial,partial=3;supported=1;unsupported=1,5,R4: 일관되게 힌트가 늘어나는 경향성이 다소 존재함,['overconfidence'],[],"['The student showed excessive confidence, higher than their actual level of understanding warranted.']","The student showed excessive confidence, higher than their actual level of understanding warranted.",[],"The student is practicing the skill 'algebraic-manipulation'. Before these attempts, the student's cumulative accuracy on this skill was 0%. On attempt 1, the student answered incorrectly, used 1 hint, and took 0.20 times their own average response time. On attempt 2, the student answered incorrectly, used 2 hints, and took 0.20 times their own average response time. On attempt 3, the student answered incorrectly, used 3 hints, and took 0.08 times their own average response time. On attempt 4, the student answered incorrectly, used 4 hints, and took 1.19 times their own average response time.",overconfidence,True,False,0.0093994140625,mDeBERTa-v3-base-mnli-xnli,fact,,,0.0093994140625,FAIL_NLI,True
Q022,S3,The level of confidence expressed does not seem to align with observable problem-solving actions.,algebraic-manipulation,"[{'step': 290, 'correct': False, 'hint_count': 1, 'response_time_ratio': 0.2048642881604764}, {'step': 291, 'correct': False, 'hint_count': 2, 'response_time_ratio': 0.204864297912017}, {'step': 292, 'correct': False, 'hint_count': 3, 'response_time_ratio': 0.0819457387088608}, {'step': 293, 'correct': False, 'hint_count': 4, 'response_time_ratio': 1.1882129180562129}]",0.0,supported,supported=3;partial=2,5,R4: overconfidence보다 cognitive avoidance일 가능성이 존재함,['overconfidence'],[],"['The student showed excessive confidence, higher than their actual level of understanding warranted.']","The student showed excessive confidence, higher than their actual level of understanding warranted.",[],"The student is practicing the skill 'algebraic-manipulation'. Before these attempts, the student's cumulative accuracy on this skill was 0%. On attempt 1, the student answered incorrectly, used 1 hint, and took 0.20 times their own average response time. On attempt 2, the student answered incorrectly, used 2 hints, and took 0.20 times their own average response time. On attempt 3, the student answered incorrectly, used 3 hints, and took 0.08 times their own average response time. On attempt 4, the student answered incorrectly, used 4 hints, and took 1.19 times their own average response time.",overconfidence,True,False,0.0045738220214843,mDeBERTa-v3-base-mnli-xnli,fact,,,0.0045738220214843,FAIL_NLI,True
Q005,S1,"The student demonstrated a strong engagement with the task, indicating they were actively working through challenges rather than relying solely on external guidance.",substitution,"[{'step': 53, 'correct': False, 'hint_count': 0, 'response_time_ratio': 0.3937434828178437}, {'step': 54, 'correct': False, 'hint_count': 0, 'response_time_ratio': 0.3937434828178437}, {'step': 55, 'correct': False, 'hint_count': 0, 'response_time_ratio': 0.5660062624568025}, {'step': 56, 'correct': True, 'hint_count': 1, 'response_time_ratio': 0.442961412263922}]",0.1428571428571428,partial,partial=1,1,,['productive_struggle'],[],"['The student struggled with difficulty while using hints, but ultimately solved the problem through productive effort. productive_struggle is dominant (independent judgment is possible since a hint was used).']","The student struggled with difficulty while using hints, but ultimately solved the problem through productive effort. productive_struggle is dominant (independent judgment is possible since a hint was used).",[],"The student is practicing the skill 'substitution'. Before these attempts, the student's cumulative accuracy on this skill was 14%. On attempt 1, the student answered incorrectly, used no hints, and took 0.39 times their own average response time. On attempt 2, the student answered incorrectly, used no hints, and took 0.39 times their own average response time. On attempt 3, the student answered incorrectly, used no hints, and took 0.57 times their own average response time. On attempt 4, the student answered correctly, used 1 hint, and took 0.44 times their own average response time.",productive_struggle,False,False,0.78076171875,mDeBERTa-v3-base-mnli-xnli,fact,,,0.78076171875,PASS,True
Q005,S2,The use of hints suggests the student was attempting to solve problems independently but still required some level of support.,substitution,"[{'step': 53, 'correct': False, 'hint_count': 0, 'response_time_ratio': 0.3937434828178437}, {'step': 54, 'correct': False, 'hint_count': 0, 'response_time_ratio': 0.3937434828178437}, {'step': 55, 'correct': False, 'hint_count': 0, 'response_time_ratio': 0.5660062624568025}, {'step': 56, 'correct': True, 'hint_count': 1, 'response_time_ratio': 0.442961412263922}]",0.1428571428571428,supported,supported=1,1,,['productive_struggle'],[],"['The student struggled with difficulty while using hints, but ultimately solved the problem through productive effort. productive_struggle is dominant (independent judgment is possible since a hint was used).']","The student struggled with difficulty while using hints, but ultimately solved the problem through productive effort. productive_struggle is dominant (independent judgment is possible since a hint was used).",[],"The student is practicing the skill 'substitution'. Before these attempts, the student's cumulative accuracy on this skill was 14%. On attempt 1, the student answered incorrectly, used no hints, and took 0.39 times their own average response time. On attempt 2, the student answered incorrectly, used no hints, and took 0.39 times their own average response time. On attempt 3, the student answered incorrectly, used no hints, and took 0.57 times their own average response time. On attempt 4, the student answered correctly, used 1 hint, and took 0.44 times their own average response time.",productive_struggle,False,False,0.09832763671875,mDeBERTa-v3-base-mnli-xnli,fact,,,0.09832763671875,FAIL_NLI,True
Q005,S3,"This indicates a willingness to persist despite difficulties, showing a proactive approach to learning.",substitution,"[{'step': 53, 'correct': False, 'hint_count': 0, 'response_time_ratio': 0.3937434828178437}, {'step': 54, 'correct': False, 'hint_count': 0, 'response_time_ratio': 0.3937434828178437}, {'step': 55, 'correct': False, 'hint_count': 0, 'response_time_ratio': 0.5660062624568025}, {'step': 56, 'correct': True, 'hint_count': 1, 'response_time_ratio': 0.442961412263922}]",0.1428571428571428,partial,partial=1,1,,['productive_struggle'],[],"['The student struggled with difficulty while using hints, but ultimately solved the problem through productive effort. productive_struggle is dominant (independent judgment is possible since a hint was used).']","The student struggled with difficulty while using hints, but ultimately solved the problem through productive effort. productive_struggle is dominant (independent judgment is possible since a hint was used).",[],"The student is practicing the skill 'substitution'. Before these attempts, the student's cumulative accuracy on this skill was 14%. On attempt 1, the student answered incorrectly, used no hints, and took 0.39 times their own average response time. On attempt 2, the student answered incorrectly, used no hints, and took 0.39 times their own average response time. On attempt 3, the student answered incorrectly, used no hints, and took 0.57 times their own average response time. On attempt 4, the student answered correctly, used 1 hint, and took 0.44 times their own average response time.",productive_struggle,False,False,0.2159423828125,mDeBERTa-v3-base-mnli-xnli,fact,,,0.2159423828125,FAIL_NLI,True
Q067,S1,"The student demonstrated a strong engagement with the task, making independent judgments despite using a hint.",square-root,"[{'step': 20, 'correct': False, 'hint_count': 1, 'response_time_ratio': 0.1306152491314644}, {'step': 21, 'correct': True, 'hint_count': 0, 'response_time_ratio': 0.1959228853546083}, {'step': 22, 'correct': True, 'hint_count': 0, 'response_time_ratio': 0.0979614504489119}, {'step': 23, 'correct': True, 'hint_count': 2, 'response_time_ratio': 0.1632690633572325}]",0.4285714285714285,unsupported,unsupported=1,1,"R4: 정답률을 높지만, 응답 시간이 짧아 강한 참여에 대한 여부를 판단할 수 없음. 또한 힌트 사용 시 독립적인 판단을 보였는지도 판단할 수 없음",['productive_struggle'],[],"['The student struggled with difficulty while using hints, but ultimately solved the problem through productive effort. productive_struggle is dominant (independent judgment is possible since a hint was used).']","The student struggled with difficulty while using hints, but ultimately solved the problem through productive effort. productive_struggle is dominant (independent judgment is possible since a hint was used).",[],"The student is practicing the skill 'square-root'. Before these attempts, the student's cumulative accuracy on this skill was 43%. On attempt 1, the student answered incorrectly, used 1 hint, and took 0.13 times their own average response time. On attempt 2, the student answered correctly, used no hints, and took 0.20 times their own average response time. On attempt 3, the student answered correctly, used no hints, and took 0.10 times their own average response time. On attempt 4, the student answered correctly, used 2 hints, and took 0.16 times their own average response time.",productive_struggle,False,False,0.29345703125,mDeBERTa-v3-base-mnli-xnli,fact,,,0.29345703125,FAIL_NLI,True
Q067,S2,"The student also showed a clear inclination to avoid deeper cognitive effort, indicating a preference for less challenging paths.",square-root,"[{'step': 20, 'correct': False, 'hint_count': 1, 'response_time_ratio': 0.1306152491314644}, {'step': 21, 'correct': True, 'hint_count': 0, 'response_time_ratio': 0.1959228853546083}, {'step': 22, 'correct': True, 'hint_count': 0, 'response_time_ratio': 0.0979614504489119}, {'step': 23, 'correct': True, 'hint_count': 2, 'response_time_ratio': 0.1632690633572325}]",0.4285714285714285,unsupported,unsupported=1,1,"R4: 응답시간이 짧긴 하지만, 헷갈리는 문항은 힌트도 사용하며 도전함",['cognitive_avoidance'],[],['The student showed a tendency to avoid difficult problems or avoid asking for help.'],The student showed a tendency to avoid difficult problems or avoid asking for help.,[],"The student is practicing the skill 'square-root'. Before these attempts, the student's cumulative accuracy on this skill was 43%. On attempt 1, the student answered incorrectly, used 1 hint, and took 0.13 times their own average response time. On attempt 2, the student answered correctly, used no hints, and took 0.20 times their own average response time. On attempt 3, the student answered correctly, used no hints, and took 0.10 times their own average response time. On attempt 4, the student answered correctly, used 2 hints, and took 0.16 times their own average response time.",cognitive_avoidance,False,False,0.06524658203125,mDeBERTa-v3-base-mnli-xnli,fact,,,0.06524658203125,FAIL_NLI,True
Q067,S3,This combination suggests a complex interaction between persistence and avoidance tendencies.,square-root,"[{'step': 20, 'correct': False, 'hint_count': 1, 'response_time_ratio': 0.1306152491314644}, {'step': 21, 'correct': True, 'hint_count': 0, 'response_time_ratio': 0.1959228853546083}, {'step': 22, 'correct': True, 'hint_count': 0, 'response_time_ratio': 0.0979614504489119}, {'step': 23, 'correct': True, 'hint_count': 2, 'response_time_ratio': 0.1632690633572325}]",0.4285714285714285,unsupported,unsupported=1,1,R4: 지속성과 회피성의 상호작용이라기 보다는 일관되게 지속적인 반응을 보임,"['cognitive_avoidance', 'productive_struggle']",[],"['The student showed a tendency to avoid difficult problems or avoid asking for help.', 'The student struggled with difficulty while using hints, but ultimately solved the problem through productive effort. productive_struggle is dominant (independent judgment is possible since a hint was used).']","The student showed a tendency to avoid difficult problems or avoid asking for help.
The student struggled with difficulty while using hints, but ultimately solved the problem through productive effort. productive_struggle is dominant (independent judgment is possible since a hint was used).",[],"The student is practicing the skill 'square-root'. Before these attempts, the student's cumulative accuracy on this skill was 43%. On attempt 1, the student answered incorrectly, used 1 hint, and took 0.13 times their own average response time. On attempt 2, the student answered correctly, used no hints, and took 0.20 times their own average response time. On attempt 3, the student answered correctly, used no hints, and took 0.10 times their own average response time. On attempt 4, the student answered correctly, used 2 hints, and took 0.16 times their own average response time.",,False,False,0.0247039794921875,mDeBERTa-v3-base-mnli-xnli,fact,,,0.0247039794921875,FAIL_NLI,True
Q041,S1,"The student provided a correct response without seeking assistance, indicating some level of engagement with the problem.",order-of-operations,"[{'step': 2, 'correct': True, 'hint_count': 0, 'response_time_ratio': 0.6968305391311681}, {'step': 4, 'correct': False, 'hint_count': 0, 'response_time_ratio': 0.623479956991263}, {'step': 5, 'correct': False, 'hint_count': 0, 'response_time_ratio': 0.9168822855508832}, {'step': 6, 'correct': True, 'hint_count': 0, 'response_time_ratio': 0.8435316770047687}]",0.25,supported,supported=1,1,,['confidence_triad'],[],"['The status of this indicator (confidence_triad) is AMBIGUOUS. The student answered correctly without using a hint, but the current data cannot structurally distinguish whether this reflects a correct answer despite low confidence (underconfidence), a correct answer after productive struggle (productive_struggle), or a lucky guess (lucky_guess). (Note: confidence is high, so the signal leans slightly toward productive struggle.)']","The status of this indicator (confidence_triad) is AMBIGUOUS. The student answered correctly without using a hint, but the current data cannot structurally distinguish whether this reflects a correct answer despite low confidence (underconfidence), a correct answer after productive struggle (productive_struggle), or a lucky guess (lucky_guess). (Note: confidence is high, so the signal leans slightly toward productive struggle.)",[],"The student is practicing the skill 'order-of-operations'. Before these attempts, the student's cumulative accuracy on this skill was 25%. On attempt 1, the student answered correctly, used no hints, and took 0.70 times their own average response time. On attempt 2, the student answered incorrectly, used no hints, and took 0.62 times their own average response time. On attempt 3, the student answered incorrectly, used no hints, and took 0.92 times their own average response time. On attempt 4, the student answered correctly, used no hints, and took 0.84 times their own average response time.",confidence_triad,False,False,0.5068359375,mDeBERTa-v3-base-mnli-xnli,fact,,,0.5068359375,PASS,True
Q041,S2,"This outcome could reflect either a successful resolution through effort or a chance occurrence, given the ambiguity in determining the exact nature of their approach.",order-of-operations,"[{'step': 2, 'correct': True, 'hint_count': 0, 'response_time_ratio': 0.6968305391311681}, {'step': 4, 'correct': False, 'hint_count': 0, 'response_time_ratio': 0.623479956991263}, {'step': 5, 'correct': False, 'hint_count': 0, 'response_time_ratio': 0.9168822855508832}, {'step': 6, 'correct': True, 'hint_count': 0, 'response_time_ratio': 0.8435316770047687}]",0.25,supported,supported=1,1,,['confidence_triad'],[],"['The status of this indicator (confidence_triad) is AMBIGUOUS. The student answered correctly without using a hint, but the current data cannot structurally distinguish whether this reflects a correct answer despite low confidence (underconfidence), a correct answer after productive struggle (productive_struggle), or a lucky guess (lucky_guess). (Note: confidence is high, so the signal leans slightly toward productive struggle.)']","The status of this indicator (confidence_triad) is AMBIGUOUS. The student answered correctly without using a hint, but the current data cannot structurally distinguish whether this reflects a correct answer despite low confidence (underconfidence), a correct answer after productive struggle (productive_struggle), or a lucky guess (lucky_guess). (Note: confidence is high, so the signal leans slightly toward productive struggle.)",[],"The student is practicing the skill 'order-of-operations'. Before these attempts, the student's cumulative accuracy on this skill was 25%. On attempt 1, the student answered correctly, used no hints, and took 0.70 times their own average response time. On attempt 2, the student answered incorrectly, used no hints, and took 0.62 times their own average response time. On attempt 3, the student answered incorrectly, used no hints, and took 0.92 times their own average response time. On attempt 4, the student answered correctly, used no hints, and took 0.84 times their own average response time.",confidence_triad,False,False,0.37060546875,mDeBERTa-v3-base-mnli-xnli,fact,,,0.37060546875,FAIL_NLI,True
Q041,S3,"The presence of high confidence suggests a possible alignment with productive struggle, although this remains uncertain.",order-of-operations,"[{'step': 2, 'correct': True, 'hint_count': 0, 'response_time_ratio': 0.6968305391311681}, {'step': 4, 'correct': False, 'hint_count': 0, 'response_time_ratio': 0.623479956991263}, {'step': 5, 'correct': False, 'hint_count': 0, 'response_time_ratio': 0.9168822855508832}, {'step': 6, 'correct': True, 'hint_count': 0, 'response_time_ratio': 0.8435316770047687}]",0.25,unsupported,unsupported=1,1,"R4: overconfidence는 약간 보일 수 있지만, productive struggle은 보인다고 하기 어려움",['confidence_triad'],[],"['The status of this indicator (confidence_triad) is AMBIGUOUS. The student answered correctly without using a hint, but the current data cannot structurally distinguish whether this reflects a correct answer despite low confidence (underconfidence), a correct answer after productive struggle (productive_struggle), or a lucky guess (lucky_guess). (Note: confidence is high, so the signal leans slightly toward productive struggle.)']","The status of this indicator (confidence_triad) is AMBIGUOUS. The student answered correctly without using a hint, but the current data cannot structurally distinguish whether this reflects a correct answer despite low confidence (underconfidence), a correct answer after productive struggle (productive_struggle), or a lucky guess (lucky_guess). (Note: confidence is high, so the signal leans slightly toward productive struggle.)",[],"The student is practicing the skill 'order-of-operations'. Before these attempts, the student's cumulative accuracy on this skill was 25%. On attempt 1, the student answered correctly, used no hints, and took 0.70 times their own average response time. On attempt 2, the student answered incorrectly, used no hints, and took 0.62 times their own average response time. On attempt 3, the student answered incorrectly, used no hints, and took 0.92 times their own average response time. On attempt 4, the student answered correctly, used no hints, and took 0.84 times their own average response time.",confidence_triad,False,False,0.90283203125,mDeBERTa-v3-base-mnli-xnli,fact,,,0.90283203125,PASS,True
Q070,S1,"The student may have avoided engaging deeply with the material, indicating a possible reluctance to confront challenging aspects of the task.",proportion,"[{'step': 193, 'correct': False, 'hint_count': 0, 'response_time_ratio': 0.3652048958877724}, {'step': 194, 'correct': False, 'hint_count': 1, 'response_time_ratio': 0.0608674814306124}, {'step': 195, 'correct': True, 'hint_count': 1, 'response_time_ratio': 0.2130361922503738}, {'step': 196, 'correct': False, 'hint_count': 0, 'response_time_ratio': 0.6391085550214306}]",0.5,partial,partial=1,1,,['cognitive_avoidance'],[],['The student showed a tendency to avoid difficult problems or avoid asking for help.'],The student showed a tendency to avoid difficult problems or avoid asking for help.,[],"The student is practicing the skill 'proportion'. Before these attempts, the student's cumulative accuracy on this skill was 50%. On attempt 1, the student answered incorrectly, used no hints, and took 0.37 times their own average response time. On attempt 2, the student answered incorrectly, used 1 hint, and took 0.06 times their own average response time. On attempt 3, the student answered correctly, used 1 hint, and took 0.21 times their own average response time. On attempt 4, the student answered incorrectly, used no hints, and took 0.64 times their own average response time.",cognitive_avoidance,False,False,0.0994873046875,mDeBERTa-v3-base-mnli-xnli,fact,,,0.0994873046875,FAIL_NLI,True
Q070,S2,"There is also a likelihood of errors occurring during practice, suggesting inconsistency in applying the skill.",proportion,"[{'step': 193, 'correct': False, 'hint_count': 0, 'response_time_ratio': 0.3652048958877724}, {'step': 194, 'correct': False, 'hint_count': 1, 'response_time_ratio': 0.0608674814306124}, {'step': 195, 'correct': True, 'hint_count': 1, 'response_time_ratio': 0.2130361922503738}, {'step': 196, 'correct': False, 'hint_count': 0, 'response_time_ratio': 0.6391085550214306}]",0.5,partial,partial=1,1,,['slipping'],[],['The student made an unexpected mistake on content they had previously understood well.'],The student made an unexpected mistake on content they had previously understood well.,[],"The student is practicing the skill 'proportion'. Before these attempts, the student's cumulative accuracy on this skill was 50%. On attempt 1, the student answered incorrectly, used no hints, and took 0.37 times their own average response time. On attempt 2, the student answered incorrectly, used 1 hint, and took 0.06 times their own average response time. On attempt 3, the student answered correctly, used 1 hint, and took 0.21 times their own average response time. On attempt 4, the student answered incorrectly, used no hints, and took 0.64 times their own average response time.",slipping,False,False,0.019287109375,mDeBERTa-v3-base-mnli-xnli,fact,,,0.019287109375,FAIL_NLI,True
Q088,S1,"The student engaged in independent problem-solving despite receiving a hint, indicating a strong capacity for productive struggle.",substitution,"[{'step': 12, 'correct': False, 'hint_count': 1, 'response_time_ratio': 0.4842233009173323}, {'step': 13, 'correct': False, 'hint_count': 1, 'response_time_ratio': 0.5606796115884901}, {'step': 14, 'correct': False, 'hint_count': 1, 'response_time_ratio': 1.274271838402791}, {'step': 15, 'correct': True, 'hint_count': 1, 'response_time_ratio': 1.0958737862865944}]",0.1111111111111111,unsupported,unsupported=1,1,,['productive_struggle'],[],"['The student struggled with difficulty while using hints, but ultimately solved the problem through productive effort. productive_struggle is dominant (independent judgment is possible since a hint was used).']","The student struggled with difficulty while using hints, but ultimately solved the problem through productive effort. productive_struggle is dominant (independent judgment is possible since a hint was used).",[],"The student is practicing the skill 'substitution'. Before these attempts, the student's cumulative accuracy on this skill was 11%. On attempt 1, the student answered incorrectly, used 1 hint, and took 0.48 times their own average response time. On attempt 2, the student answered incorrectly, used 1 hint, and took 0.56 times their own average response time. On attempt 3, the student answered incorrectly, used 1 hint, and took 1.27 times their own average response time. On attempt 4, the student answered correctly, used 1 hint, and took 1.10 times their own average response time.",productive_struggle,False,False,0.9462890625,mDeBERTa-v3-base-mnli-xnli,fact,,,0.9462890625,PASS,True
Q088,S2,This suggests the student was actively working through challenges rather than relying solely on external guidance.,substitution,"[{'step': 12, 'correct': False, 'hint_count': 1, 'response_time_ratio': 0.4842233009173323}, {'step': 13, 'correct': False, 'hint_count': 1, 'response_time_ratio': 0.5606796115884901}, {'step': 14, 'correct': False, 'hint_count': 1, 'response_time_ratio': 1.274271838402791}, {'step': 15, 'correct': True, 'hint_count': 1, 'response_time_ratio': 1.0958737862865944}]",0.1111111111111111,unsupported,unsupported=1,1,,['productive_struggle'],[],"['The student struggled with difficulty while using hints, but ultimately solved the problem through productive effort. productive_struggle is dominant (independent judgment is possible since a hint was used).']","The student struggled with difficulty while using hints, but ultimately solved the problem through productive effort. productive_struggle is dominant (independent judgment is possible since a hint was used).",[],"The student is practicing the skill 'substitution'. Before these attempts, the student's cumulative accuracy on this skill was 11%. On attempt 1, the student answered incorrectly, used 1 hint, and took 0.48 times their own average response time. On attempt 2, the student answered incorrectly, used 1 hint, and took 0.56 times their own average response time. On attempt 3, the student answered incorrectly, used 1 hint, and took 1.27 times their own average response time. On attempt 4, the student answered correctly, used 1 hint, and took 1.10 times their own average response time.",productive_struggle,False,False,0.32958984375,mDeBERTa-v3-base-mnli-xnli,fact,,,0.32958984375,FAIL_NLI,True
Q088,S3,"The level of engagement appears to be significant, though the exact nature of the struggle remains partially unclear.",substitution,"[{'step': 12, 'correct': False, 'hint_count': 1, 'response_time_ratio': 0.4842233009173323}, {'step': 13, 'correct': False, 'hint_count': 1, 'response_time_ratio': 0.5606796115884901}, {'step': 14, 'correct': False, 'hint_count': 1, 'response_time_ratio': 1.274271838402791}, {'step': 15, 'correct': True, 'hint_count': 1, 'response_time_ratio': 1.0958737862865944}]",0.1111111111111111,partial,partial=1,1,,['productive_struggle'],[],"['The student struggled with difficulty while using hints, but ultimately solved the problem through productive effort. productive_struggle is dominant (independent judgment is possible since a hint was used).']","The student struggled with difficulty while using hints, but ultimately solved the problem through productive effort. productive_struggle is dominant (independent judgment is possible since a hint was used).",[],"The student is practicing the skill 'substitution'. Before these attempts, the student's cumulative accuracy on this skill was 11%. On attempt 1, the student answered incorrectly, used 1 hint, and took 0.48 times their own average response time. On attempt 2, the student answered incorrectly, used 1 hint, and took 0.56 times their own average response time. On attempt 3, the student answered incorrectly, used 1 hint, and took 1.27 times their own average response time. On attempt 4, the student answered correctly, used 1 hint, and took 1.10 times their own average response time.",productive_struggle,False,False,0.17431640625,mDeBERTa-v3-base-mnli-xnli,fact,,,0.17431640625,FAIL_NLI,True
Q035,S1,"The student provided a correct response without seeking assistance, indicating some level of engagement with the problem.",divisibility,"[{'step': 63, 'correct': True, 'hint_count': 0, 'response_time_ratio': 0.3762660667438472}, {'step': 64, 'correct': False, 'hint_count': 0, 'response_time_ratio': 0.7723355914232521}, {'step': 65, 'correct': False, 'hint_count': 0, 'response_time_ratio': 0.5743008409656358}, {'step': 66, 'correct': True, 'hint_count': 0, 'response_time_ratio': 0.2178382369101806}]",0.25,supported,supported=3;partial=2,5,,['confidence_triad'],[],"['The status of this indicator (confidence_triad) is AMBIGUOUS. The student answered correctly without using a hint, but the current data cannot structurally distinguish whether this reflects a correct answer despite low confidence (underconfidence), a correct answer after productive struggle (productive_struggle), or a lucky guess (lucky_guess). (Note: confidence is high, so the signal leans slightly toward productive struggle.)']","The status of this indicator (confidence_triad) is AMBIGUOUS. The student answered correctly without using a hint, but the current data cannot structurally distinguish whether this reflects a correct answer despite low confidence (underconfidence), a correct answer after productive struggle (productive_struggle), or a lucky guess (lucky_guess). (Note: confidence is high, so the signal leans slightly toward productive struggle.)",[],"The student is practicing the skill 'divisibility'. Before these attempts, the student's cumulative accuracy on this skill was 25%. On attempt 1, the student answered correctly, used no hints, and took 0.38 times their own average response time. On attempt 2, the student answered incorrectly, used no hints, and took 0.77 times their own average response time. On attempt 3, the student answered incorrectly, used no hints, and took 0.57 times their own average response time. On attempt 4, the student answered correctly, used no hints, and took 0.22 times their own average response time.",confidence_triad,True,False,0.5068359375,mDeBERTa-v3-base-mnli-xnli,fact,,,0.5068359375,PASS,True
Q035,S2,"This outcome could reflect either a successful resolution through effort or a chance occurrence, given the ambiguity in determining the exact nature of their approach.",divisibility,"[{'step': 63, 'correct': True, 'hint_count': 0, 'response_time_ratio': 0.3762660667438472}, {'step': 64, 'correct': False, 'hint_count': 0, 'response_time_ratio': 0.7723355914232521}, {'step': 65, 'correct': False, 'hint_count': 0, 'response_time_ratio': 0.5743008409656358}, {'step': 66, 'correct': True, 'hint_count': 0, 'response_time_ratio': 0.2178382369101806}]",0.25,supported,supported=4;partial=1,5,,['confidence_triad'],[],"['The status of this indicator (confidence_triad) is AMBIGUOUS. The student answered correctly without using a hint, but the current data cannot structurally distinguish whether this reflects a correct answer despite low confidence (underconfidence), a correct answer after productive struggle (productive_struggle), or a lucky guess (lucky_guess). (Note: confidence is high, so the signal leans slightly toward productive struggle.)']","The status of this indicator (confidence_triad) is AMBIGUOUS. The student answered correctly without using a hint, but the current data cannot structurally distinguish whether this reflects a correct answer despite low confidence (underconfidence), a correct answer after productive struggle (productive_struggle), or a lucky guess (lucky_guess). (Note: confidence is high, so the signal leans slightly toward productive struggle.)",[],"The student is practicing the skill 'divisibility'. Before these attempts, the student's cumulative accuracy on this skill was 25%. On attempt 1, the student answered correctly, used no hints, and took 0.38 times their own average response time. On attempt 2, the student answered incorrectly, used no hints, and took 0.77 times their own average response time. On attempt 3, the student answered incorrectly, used no hints, and took 0.57 times their own average response time. On attempt 4, the student answered correctly, used no hints, and took 0.22 times their own average response time.",confidence_triad,True,False,0.37060546875,mDeBERTa-v3-base-mnli-xnli,fact,,,0.37060546875,FAIL_NLI,True
Q035,S3,"The presence of high confidence suggests a possible alignment with productive struggle, although this remains uncertain.",divisibility,"[{'step': 63, 'correct': True, 'hint_count': 0, 'response_time_ratio': 0.3762660667438472}, {'step': 64, 'correct': False, 'hint_count': 0, 'response_time_ratio': 0.7723355914232521}, {'step': 65, 'correct': False, 'hint_count': 0, 'response_time_ratio': 0.5743008409656358}, {'step': 66, 'correct': True, 'hint_count': 0, 'response_time_ratio': 0.2178382369101806}]",0.25,unsupported,unsupported=5,5,R2: 응답시간이 짧고 힌트 미사용으로 볼때 생산적 고난이라고 보기 어려움 / R4: productive struggle이라고 하기엔 응답 시간이 너무 짧음,['confidence_triad'],[],"['The status of this indicator (confidence_triad) is AMBIGUOUS. The student answered correctly without using a hint, but the current data cannot structurally distinguish whether this reflects a correct answer despite low confidence (underconfidence), a correct answer after productive struggle (productive_struggle), or a lucky guess (lucky_guess). (Note: confidence is high, so the signal leans slightly toward productive struggle.)']","The status of this indicator (confidence_triad) is AMBIGUOUS. The student answered correctly without using a hint, but the current data cannot structurally distinguish whether this reflects a correct answer despite low confidence (underconfidence), a correct answer after productive struggle (productive_struggle), or a lucky guess (lucky_guess). (Note: confidence is high, so the signal leans slightly toward productive struggle.)",[],"The student is practicing the skill 'divisibility'. Before these attempts, the student's cumulative accuracy on this skill was 25%. On attempt 1, the student answered correctly, used no hints, and took 0.38 times their own average response time. On attempt 2, the student answered incorrectly, used no hints, and took 0.77 times their own average response time. On attempt 3, the student answered incorrectly, used no hints, and took 0.57 times their own average response time. On attempt 4, the student answered correctly, used no hints, and took 0.22 times their own average response time.",confidence_triad,True,False,0.90283203125,mDeBERTa-v3-base-mnli-xnli,fact,,,0.90283203125,PASS,True
Q108,S1,"The student demonstrated a strong engagement with the task, making independent judgments despite receiving hints.",inducing-functions,"[{'step': 304, 'correct': True, 'hint_count': 0, 'response_time_ratio': 0.2463754617801709}, {'step': 305, 'correct': False, 'hint_count': 1, 'response_time_ratio': 0.1478252394613556}, {'step': 306, 'correct': False, 'hint_count': 2, 'response_time_ratio': 2.611579669377156}, {'step': 307, 'correct': True, 'hint_count': 2, 'response_time_ratio': 0.3449256018588649}]",0.3571428571428571,partial,partial=3;supported=2,5,"R4: 문항 305를 제외하고 나머지 문항은 오답이어도 긴 응답 시간 동안 고민하였거나 정답이므로 참여는 강한 편이라고 할 수 있으나, 독립적으로 판단했다는 행동 기록이 없음",['productive_struggle'],[],"['The student struggled with difficulty while using hints, but ultimately solved the problem through productive effort. productive_struggle is dominant (independent judgment is possible since a hint was used).']","The student struggled with difficulty while using hints, but ultimately solved the problem through productive effort. productive_struggle is dominant (independent judgment is possible since a hint was used).",[],"The student is practicing the skill 'inducing-functions'. Before these attempts, the student's cumulative accuracy on this skill was 36%. On attempt 1, the student answered correctly, used no hints, and took 0.25 times their own average response time. On attempt 2, the student answered incorrectly, used 1 hint, and took 0.15 times their own average response time. On attempt 3, the student answered incorrectly, used 2 hints, and took 2.61 times their own average response time. On attempt 4, the student answered correctly, used 2 hints, and took 0.34 times their own average response time.",productive_struggle,True,False,0.274658203125,mDeBERTa-v3-base-mnli-xnli,fact,,,0.274658203125,FAIL_NLI,True
Q108,S2,The student also showed a clear inclination to avoid challenging aspects of the work.,inducing-functions,"[{'step': 304, 'correct': True, 'hint_count': 0, 'response_time_ratio': 0.2463754617801709}, {'step': 305, 'correct': False, 'hint_count': 1, 'response_time_ratio': 0.1478252394613556}, {'step': 306, 'correct': False, 'hint_count': 2, 'response_time_ratio': 2.611579669377156}, {'step': 307, 'correct': True, 'hint_count': 2, 'response_time_ratio': 0.3449256018588649}]",0.3571428571428571,unsupported,unsupported=3;partial=2,5,R4: 문항 306의 경우 오답이긴 하지만 긴 응답 시간을 사용하며 고민한 흔적이 보이므로 회피 경향이 분명하지 않음,['cognitive_avoidance'],[],['The student showed a tendency to avoid difficult problems or avoid asking for help.'],The student showed a tendency to avoid difficult problems or avoid asking for help.,[],"The student is practicing the skill 'inducing-functions'. Before these attempts, the student's cumulative accuracy on this skill was 36%. On attempt 1, the student answered correctly, used no hints, and took 0.25 times their own average response time. On attempt 2, the student answered incorrectly, used 1 hint, and took 0.15 times their own average response time. On attempt 3, the student answered incorrectly, used 2 hints, and took 2.61 times their own average response time. On attempt 4, the student answered correctly, used 2 hints, and took 0.34 times their own average response time.",cognitive_avoidance,True,False,0.0037307739257812,mDeBERTa-v3-base-mnli-xnli,fact,,,0.0037307739257812,FAIL_NLI,True
Q108,S3,This combination indicates a complex interaction between effort and avoidance tendencies.,inducing-functions,"[{'step': 304, 'correct': True, 'hint_count': 0, 'response_time_ratio': 0.2463754617801709}, {'step': 305, 'correct': False, 'hint_count': 1, 'response_time_ratio': 0.1478252394613556}, {'step': 306, 'correct': False, 'hint_count': 2, 'response_time_ratio': 2.611579669377156}, {'step': 307, 'correct': True, 'hint_count': 2, 'response_time_ratio': 0.3449256018588649}]",0.3571428571428571,supported,supported=2;unsupported=2;partial=1,5,,"['cognitive_avoidance', 'productive_struggle']",[],"['The student showed a tendency to avoid difficult problems or avoid asking for help.', 'The student struggled with difficulty while using hints, but ultimately solved the problem through productive effort. productive_struggle is dominant (independent judgment is possible since a hint was used).']","The student showed a tendency to avoid difficult problems or avoid asking for help.
The student struggled with difficulty while using hints, but ultimately solved the problem through productive effort. productive_struggle is dominant (independent judgment is possible since a hint was used).",[],"The student is practicing the skill 'inducing-functions'. Before these attempts, the student's cumulative accuracy on this skill was 36%. On attempt 1, the student answered correctly, used no hints, and took 0.25 times their own average response time. On attempt 2, the student answered incorrectly, used 1 hint, and took 0.15 times their own average response time. On attempt 3, the student answered incorrectly, used 2 hints, and took 2.61 times their own average response time. On attempt 4, the student answered correctly, used 2 hints, and took 0.34 times their own average response time.",,True,False,0.032684326171875,mDeBERTa-v3-base-mnli-xnli,fact,,,0.032684326171875,FAIL_NLI,True
Q122,S1,The student exhibits clear signs of avoiding challenging tasks.,inducing-functions,"[{'step': 687, 'correct': False, 'hint_count': 0, 'response_time_ratio': 2.2462006253636466}, {'step': 688, 'correct': False, 'hint_count': 1, 'response_time_ratio': 0.2945836862542459}, {'step': 689, 'correct': False, 'hint_count': 2, 'response_time_ratio': 1.2519806577430348}, {'step': 690, 'correct': False, 'hint_count': 3, 'response_time_ratio': 0.1841148039089037}]",0.4516129032258064,unsupported,unsupported=1,1,,['cognitive_avoidance'],[],['The student showed a tendency to avoid difficult problems or avoid asking for help.'],The student showed a tendency to avoid difficult problems or avoid asking for help.,[],"The student is practicing the skill 'inducing-functions'. Before these attempts, the student's cumulative accuracy on this skill was 45%. On attempt 1, the student answered incorrectly, used no hints, and took 2.25 times their own average response time. On attempt 2, the student answered incorrectly, used 1 hint, and took 0.29 times their own average response time. On attempt 3, the student answered incorrectly, used 2 hints, and took 1.25 times their own average response time. On attempt 4, the student answered incorrectly, used 3 hints, and took 0.18 times their own average response time.",cognitive_avoidance,False,False,0.95849609375,mDeBERTa-v3-base-mnli-xnli,fact,,,0.95849609375,PASS,True
Q122,S3,The pattern indicates a consistent trend rather than random occurrences.,inducing-functions,"[{'step': 687, 'correct': False, 'hint_count': 0, 'response_time_ratio': 2.2462006253636466}, {'step': 688, 'correct': False, 'hint_count': 1, 'response_time_ratio': 0.2945836862542459}, {'step': 689, 'correct': False, 'hint_count': 2, 'response_time_ratio': 1.2519806577430348}, {'step': 690, 'correct': False, 'hint_count': 3, 'response_time_ratio': 0.1841148039089037}]",0.4516129032258064,supported,supported=1,1,,['cognitive_avoidance'],[],['The student showed a tendency to avoid difficult problems or avoid asking for help.'],The student showed a tendency to avoid difficult problems or avoid asking for help.,[],"The student is practicing the skill 'inducing-functions'. Before these attempts, the student's cumulative accuracy on this skill was 45%. On attempt 1, the student answered incorrectly, used no hints, and took 2.25 times their own average response time. On attempt 2, the student answered incorrectly, used 1 hint, and took 0.29 times their own average response time. On attempt 3, the student answered incorrectly, used 2 hints, and took 1.25 times their own average response time. On attempt 4, the student answered incorrectly, used 3 hints, and took 0.18 times their own average response time.",cognitive_avoidance,False,False,0.170166015625,mDeBERTa-v3-base-mnli-xnli,fact,,,0.170166015625,FAIL_NLI,True
Q018,S1,"The student provided a correct response without seeking assistance, indicating some level of mastery or understanding.",stem-and-leaf-plot,"[{'step': 2, 'correct': False, 'hint_count': 0, 'response_time_ratio': 1.620671834634955}, {'step': 3, 'correct': False, 'hint_count': 0, 'response_time_ratio': 0.9955555555614723}, {'step': 4, 'correct': False, 'hint_count': 0, 'response_time_ratio': 0.4862015503904865}, {'step': 5, 'correct': True, 'hint_count': 0, 'response_time_ratio': 0.1620671724197745}]",0.0,unsupported,unsupported=1,1,,['confidence_triad'],[],"['The status of this indicator (confidence_triad) is AMBIGUOUS. The student answered correctly without using a hint, but the current data cannot structurally distinguish whether this reflects a correct answer despite low confidence (underconfidence), a correct answer after productive struggle (productive_struggle), or a lucky guess (lucky_guess). (Note: confidence is high, so the signal leans slightly toward productive struggle.)']","The status of this indicator (confidence_triad) is AMBIGUOUS. The student answered correctly without using a hint, but the current data cannot structurally distinguish whether this reflects a correct answer despite low confidence (underconfidence), a correct answer after productive struggle (productive_struggle), or a lucky guess (lucky_guess). (Note: confidence is high, so the signal leans slightly toward productive struggle.)",[],"The student is practicing the skill 'stem-and-leaf-plot'. Before these attempts, the student's cumulative accuracy on this skill was 0%. On attempt 1, the student answered incorrectly, used no hints, and took 1.62 times their own average response time. On attempt 2, the student answered incorrectly, used no hints, and took 1.00 times their own average response time. On attempt 3, the student answered incorrectly, used no hints, and took 0.49 times their own average response time. On attempt 4, the student answered correctly, used no hints, and took 0.16 times their own average response time.",confidence_triad,False,False,0.370361328125,mDeBERTa-v3-base-mnli-xnli,fact,,,0.370361328125,FAIL_NLI,True
Q018,S2,This outcome may suggest the student arrived at the solution through thoughtful engagement rather than mere chance.,stem-and-leaf-plot,"[{'step': 2, 'correct': False, 'hint_count': 0, 'response_time_ratio': 1.620671834634955}, {'step': 3, 'correct': False, 'hint_count': 0, 'response_time_ratio': 0.9955555555614723}, {'step': 4, 'correct': False, 'hint_count': 0, 'response_time_ratio': 0.4862015503904865}, {'step': 5, 'correct': True, 'hint_count': 0, 'response_time_ratio': 0.1620671724197745}]",0.0,unsupported,unsupported=1,1,,['confidence_triad'],[],"['The status of this indicator (confidence_triad) is AMBIGUOUS. The student answered correctly without using a hint, but the current data cannot structurally distinguish whether this reflects a correct answer despite low confidence (underconfidence), a correct answer after productive struggle (productive_struggle), or a lucky guess (lucky_guess). (Note: confidence is high, so the signal leans slightly toward productive struggle.)']","The status of this indicator (confidence_triad) is AMBIGUOUS. The student answered correctly without using a hint, but the current data cannot structurally distinguish whether this reflects a correct answer despite low confidence (underconfidence), a correct answer after productive struggle (productive_struggle), or a lucky guess (lucky_guess). (Note: confidence is high, so the signal leans slightly toward productive struggle.)",[],"The student is practicing the skill 'stem-and-leaf-plot'. Before these attempts, the student's cumulative accuracy on this skill was 0%. On attempt 1, the student answered incorrectly, used no hints, and took 1.62 times their own average response time. On attempt 2, the student answered incorrectly, used no hints, and took 1.00 times their own average response time. On attempt 3, the student answered incorrectly, used no hints, and took 0.49 times their own average response time. On attempt 4, the student answered correctly, used no hints, and took 0.16 times their own average response time.",confidence_triad,False,False,0.0140304565429687,mDeBERTa-v3-base-mnli-xnli,fact,,,0.0140304565429687,FAIL_NLI,True
Q018,S3,The available information does not definitively clarify whether the accuracy resulted from sustained effort or inherent knowledge.,stem-and-leaf-plot,"[{'step': 2, 'correct': False, 'hint_count': 0, 'response_time_ratio': 1.620671834634955}, {'step': 3, 'correct': False, 'hint_count': 0, 'response_time_ratio': 0.9955555555614723}, {'step': 4, 'correct': False, 'hint_count': 0, 'response_time_ratio': 0.4862015503904865}, {'step': 5, 'correct': True, 'hint_count': 0, 'response_time_ratio': 0.1620671724197745}]",0.0,unsupported,unsupported=1,1,,['confidence_triad'],[],"['The status of this indicator (confidence_triad) is AMBIGUOUS. The student answered correctly without using a hint, but the current data cannot structurally distinguish whether this reflects a correct answer despite low confidence (underconfidence), a correct answer after productive struggle (productive_struggle), or a lucky guess (lucky_guess). (Note: confidence is high, so the signal leans slightly toward productive struggle.)']","The status of this indicator (confidence_triad) is AMBIGUOUS. The student answered correctly without using a hint, but the current data cannot structurally distinguish whether this reflects a correct answer despite low confidence (underconfidence), a correct answer after productive struggle (productive_struggle), or a lucky guess (lucky_guess). (Note: confidence is high, so the signal leans slightly toward productive struggle.)",[],"The student is practicing the skill 'stem-and-leaf-plot'. Before these attempts, the student's cumulative accuracy on this skill was 0%. On attempt 1, the student answered incorrectly, used no hints, and took 1.62 times their own average response time. On attempt 2, the student answered incorrectly, used no hints, and took 1.00 times their own average response time. On attempt 3, the student answered incorrectly, used no hints, and took 0.49 times their own average response time. On attempt 4, the student answered correctly, used no hints, and took 0.16 times their own average response time.",confidence_triad,False,False,0.89990234375,mDeBERTa-v3-base-mnli-xnli,fact,,,0.89990234375,PASS,True
Q115,S1,"The student exhibits signs of avoiding challenging tasks, indicating a possible reluctance to engage deeply with complex problems.",algebraic-manipulation,"[{'step': 338, 'correct': True, 'hint_count': 0, 'response_time_ratio': 0.2493760272326294}, {'step': 567, 'correct': True, 'hint_count': 0, 'response_time_ratio': 1.205317407171744}, {'step': 776, 'correct': True, 'hint_count': 0, 'response_time_ratio': 1.579381443157856}, {'step': 1121, 'correct': False, 'hint_count': 0, 'response_time_ratio': 1.246880096678611}]",0.4166666666666667,unsupported,unsupported=1,1,R4: 오히려 이 학생은 힌트를 사용하지 않고 시간을 들여 본인이 지속적으로 시도하는 productive struggle 지표를 보임,['cognitive_avoidance'],[],['The student showed a tendency to avoid difficult problems or avoid asking for help.'],The student showed a tendency to avoid difficult problems or avoid asking for help.,[],"The student is practicing the skill 'algebraic-manipulation'. Before these attempts, the student's cumulative accuracy on this skill was 42%. On attempt 1, the student answered correctly, used no hints, and took 0.25 times their own average response time. On attempt 2, the student answered correctly, used no hints, and took 1.21 times their own average response time. On attempt 3, the student answered correctly, used no hints, and took 1.58 times their own average response time. On attempt 4, the student answered incorrectly, used no hints, and took 1.25 times their own average response time.",cognitive_avoidance,False,False,0.98779296875,mDeBERTa-v3-base-mnli-xnli,fact,,,0.98779296875,PASS,True
Q115,S2,"The student also shows frustration that does not lead to effective problem-solving strategies, suggesting difficulty in managing emotional responses during task completion.",algebraic-manipulation,"[{'step': 338, 'correct': True, 'hint_count': 0, 'response_time_ratio': 0.2493760272326294}, {'step': 567, 'correct': True, 'hint_count': 0, 'response_time_ratio': 1.205317407171744}, {'step': 776, 'correct': True, 'hint_count': 0, 'response_time_ratio': 1.579381443157856}, {'step': 1121, 'correct': False, 'hint_count': 0, 'response_time_ratio': 1.246880096678611}]",0.4166666666666667,unsupported,unsupported=1,1,R4: 주어진 행동 기록을 통해 좌절감을 느끼는 부분을 찾을 수 없음,['unproductive_frustration'],[],['The student experienced unproductive frustration amid repeated failures or difficulty.'],The student experienced unproductive frustration amid repeated failures or difficulty.,[],"The student is practicing the skill 'algebraic-manipulation'. Before these attempts, the student's cumulative accuracy on this skill was 42%. On attempt 1, the student answered correctly, used no hints, and took 0.25 times their own average response time. On attempt 2, the student answered correctly, used no hints, and took 1.21 times their own average response time. On attempt 3, the student answered correctly, used no hints, and took 1.58 times their own average response time. On attempt 4, the student answered incorrectly, used no hints, and took 1.25 times their own average response time.",unproductive_frustration,False,False,0.0028667449951171,mDeBERTa-v3-base-mnli-xnli,fact,,,0.0028667449951171,FAIL_NLI,True
Q012,S1,"The student may have avoided engaging deeply with complex tasks, indicating a possible reluctance to confront challenging material.",pattern-finding,"[{'step': 461, 'correct': True, 'hint_count': 3, 'response_time_ratio': 0.1317331844911441}, {'step': 462, 'correct': False, 'hint_count': 0, 'response_time_ratio': 0.3512884919763845}, {'step': 463, 'correct': False, 'hint_count': 1, 'response_time_ratio': 0.1536887257124564}, {'step': 464, 'correct': False, 'hint_count': 1, 'response_time_ratio': 0.4610661404496773}]",0.4545454545454545,partial,partial=1,1,,['cognitive_avoidance'],[],['The student showed a tendency to avoid difficult problems or avoid asking for help.'],The student showed a tendency to avoid difficult problems or avoid asking for help.,[],"The student is practicing the skill 'pattern-finding'. Before these attempts, the student's cumulative accuracy on this skill was 45%. On attempt 1, the student answered correctly, used 3 hints, and took 0.13 times their own average response time. On attempt 2, the student answered incorrectly, used no hints, and took 0.35 times their own average response time. On attempt 3, the student answered incorrectly, used 1 hint, and took 0.15 times their own average response time. On attempt 4, the student answered incorrectly, used 1 hint, and took 0.46 times their own average response time.",cognitive_avoidance,False,False,0.92236328125,mDeBERTa-v3-base-mnli-xnli,fact,,,0.92236328125,PASS,True
Q012,S2,"There appears to be a noticeable inconsistency in performance across similar problems, suggesting difficulty maintaining focus or applying learned strategies consistently.",pattern-finding,"[{'step': 461, 'correct': True, 'hint_count': 3, 'response_time_ratio': 0.1317331844911441}, {'step': 462, 'correct': False, 'hint_count': 0, 'response_time_ratio': 0.3512884919763845}, {'step': 463, 'correct': False, 'hint_count': 1, 'response_time_ratio': 0.1536887257124564}, {'step': 464, 'correct': False, 'hint_count': 1, 'response_time_ratio': 0.4610661404496773}]",0.4545454545454545,unsupported,unsupported=1,1,,['slipping'],[],['The student made an unexpected mistake on content they had previously understood well.'],The student made an unexpected mistake on content they had previously understood well.,[],"The student is practicing the skill 'pattern-finding'. Before these attempts, the student's cumulative accuracy on this skill was 45%. On attempt 1, the student answered correctly, used 3 hints, and took 0.13 times their own average response time. On attempt 2, the student answered incorrectly, used no hints, and took 0.35 times their own average response time. On attempt 3, the student answered incorrectly, used 1 hint, and took 0.15 times their own average response time. On attempt 4, the student answered incorrectly, used 1 hint, and took 0.46 times their own average response time.",slipping,False,False,0.0274200439453125,mDeBERTa-v3-base-mnli-xnli,fact,,,0.0274200439453125,FAIL_NLI,True
Q064,S1,The student demonstrates a high level of overconfidence.,inequality-solving,"[{'step': 461, 'correct': False, 'hint_count': 3, 'response_time_ratio': 0.1531745684373509}, {'step': 462, 'correct': False, 'hint_count': 3, 'response_time_ratio': 0.3063491186469294}, {'step': 463, 'correct': False, 'hint_count': 4, 'response_time_ratio': 0.1531745684373509}, {'step': 464, 'correct': False, 'hint_count': 5, 'response_time_ratio': 0.1148809012265323}]",0.0,supported,supported=3;unsupported=2,5,"R1: 에서 과도한 자신감을 보인다고 하였는데 직전까지 해당 스킬 누적 정답률 0%이며, 4단계에서 모두 오답을 하였으며, 힌트도 여러차례 사용한 것으로 보아 자신감을 보인다고 할 수 없다",['overconfidence'],[],"['The student showed excessive confidence, higher than their actual level of understanding warranted.']","The student showed excessive confidence, higher than their actual level of understanding warranted.",[],"The student is practicing the skill 'inequality-solving'. Before these attempts, the student's cumulative accuracy on this skill was 0%. On attempt 1, the student answered incorrectly, used 3 hints, and took 0.15 times their own average response time. On attempt 2, the student answered incorrectly, used 3 hints, and took 0.31 times their own average response time. On attempt 3, the student answered incorrectly, used 4 hints, and took 0.15 times their own average response time. On attempt 4, the student answered incorrectly, used 5 hints, and took 0.11 times their own average response time.",overconfidence,True,False,0.99365234375,mDeBERTa-v3-base-mnli-xnli,fact,,,0.99365234375,PASS,True
Q101,S1,"The student exhibits signs of overconfidence, indicated by a high level of certainty in their responses.",pattern-finding,"[{'step': 1148, 'correct': True, 'hint_count': 0, 'response_time_ratio': 0.3162146864211643}, {'step': 1150, 'correct': True, 'hint_count': 0, 'response_time_ratio': 1.8972881185269856}, {'step': 1151, 'correct': True, 'hint_count': 0, 'response_time_ratio': 1.1383728559378865}, {'step': 1152, 'correct': False, 'hint_count': 0, 'response_time_ratio': 0.948644044085188}]",0.5666666666666667,unsupported,unsupported=1,1,R5: 마지막 오답의 응답시간이 개인 평균과 유사하여 overconfidence를 뒷받침하기 어려움,['overconfidence'],[],"['The student showed excessive confidence, higher than their actual level of understanding warranted. ']","The student showed excessive confidence, higher than their actual level of understanding warranted. ",[],"The student is practicing the skill 'pattern-finding'. Before these attempts, the student's cumulative accuracy on this skill was 57%. On attempt 1, the student answered correctly, used no hints, and took 0.32 times their own average response time. On attempt 2, the student answered correctly, used no hints, and took 1.90 times their own average response time. On attempt 3, the student answered correctly, used no hints, and took 1.14 times their own average response time. On attempt 4, the student answered incorrectly, used no hints, and took 0.95 times their own average response time.",overconfidence,False,False,0.71435546875,mDeBERTa-v3-base-mnli-xnli,fact,,,0.71435546875,PASS,True
Q101,S2,"The student also shows tendencies of slipping, suggesting occasional lapses in attention or focus.",pattern-finding,"[{'step': 1148, 'correct': True, 'hint_count': 0, 'response_time_ratio': 0.3162146864211643}, {'step': 1150, 'correct': True, 'hint_count': 0, 'response_time_ratio': 1.8972881185269856}, {'step': 1151, 'correct': True, 'hint_count': 0, 'response_time_ratio': 1.1383728559378865}, {'step': 1152, 'correct': False, 'hint_count': 0, 'response_time_ratio': 0.948644044085188}]",0.5666666666666667,partial,partial=1,1,"R5: 직전 연속 정답 후 오답이 나타나 slipping 가능성은 있으나, 이를 주의나 집중력 저하로 해석할 직접적인 근거는 부족",['slipping'],[],['The student made an unexpected mistake on content they had previously understood well. '],The student made an unexpected mistake on content they had previously understood well. ,[],"The student is practicing the skill 'pattern-finding'. Before these attempts, the student's cumulative accuracy on this skill was 57%. On attempt 1, the student answered correctly, used no hints, and took 0.32 times their own average response time. On attempt 2, the student answered correctly, used no hints, and took 1.90 times their own average response time. On attempt 3, the student answered correctly, used no hints, and took 1.14 times their own average response time. On attempt 4, the student answered incorrectly, used no hints, and took 0.95 times their own average response time.",slipping,False,False,0.0086441040039062,mDeBERTa-v3-base-mnli-xnli,fact,,,0.0086441040039062,FAIL_NLI,True
Q021,S1,The student may have avoided engaging deeply with the problem-solving process.,inequality-solving,"[{'step': 775, 'correct': False, 'hint_count': 0, 'response_time_ratio': 2.185831968767005}, {'step': 776, 'correct': False, 'hint_count': 0, 'response_time_ratio': 1.2677825479702192}, {'step': 777, 'correct': False, 'hint_count': 0, 'response_time_ratio': 0.4371664168357867}, {'step': 778, 'correct': False, 'hint_count': 1, 'response_time_ratio': 0.4371663854472394}]",0.0,supported,supported=3;partial=2,5,R4: unproductive frustration을 통해 마지막 문항에서는 깊은 숙고를 하지 않은 것으로 보임. 하지만 앞 문항에서는 깊은 숙고를 경험한 것으로 보여 부분 지지를 선택함,['cognitive_avoidance'],[],['The student showed a tendency to avoid difficult problems or avoid asking for help.'],The student showed a tendency to avoid difficult problems or avoid asking for help.,[],"The student is practicing the skill 'inequality-solving'. Before these attempts, the student's cumulative accuracy on this skill was 0%. On attempt 1, the student answered incorrectly, used no hints, and took 2.19 times their own average response time. On attempt 2, the student answered incorrectly, used no hints, and took 1.27 times their own average response time. On attempt 3, the student answered incorrectly, used no hints, and took 0.44 times their own average response time. On attempt 4, the student answered incorrectly, used 1 hint, and took 0.44 times their own average response time.",cognitive_avoidance,True,False,0.3671875,mDeBERTa-v3-base-mnli-xnli,fact,,,0.3671875,FAIL_NLI,True
Q021,S2,There appears to be a pattern of inconsistent performance during practice sessions.,inequality-solving,"[{'step': 775, 'correct': False, 'hint_count': 0, 'response_time_ratio': 2.185831968767005}, {'step': 776, 'correct': False, 'hint_count': 0, 'response_time_ratio': 1.2677825479702192}, {'step': 777, 'correct': False, 'hint_count': 0, 'response_time_ratio': 0.4371664168357867}, {'step': 778, 'correct': False, 'hint_count': 1, 'response_time_ratio': 0.4371663854472394}]",0.0,unsupported,unsupported=5,5,R2: 일관되지 않다고 나왔는데 일관되게 오답이 나옴 / R4: 일관되게 낮은 성능을 보이고 있음,['slipping'],[],['The student made an unexpected mistake on content they had previously understood well.'],The student made an unexpected mistake on content they had previously understood well.,[],"The student is practicing the skill 'inequality-solving'. Before these attempts, the student's cumulative accuracy on this skill was 0%. On attempt 1, the student answered incorrectly, used no hints, and took 2.19 times their own average response time. On attempt 2, the student answered incorrectly, used no hints, and took 1.27 times their own average response time. On attempt 3, the student answered incorrectly, used no hints, and took 0.44 times their own average response time. On attempt 4, the student answered incorrectly, used 1 hint, and took 0.44 times their own average response time.",slipping,True,False,0.053802490234375,mDeBERTa-v3-base-mnli-xnli,fact,,,0.053802490234375,FAIL_NLI,True
Q124,S1,"The student provided a correct response without requiring assistance, though the nature of this success remains unclear.",reading-graph,"[{'step': 366, 'correct': False, 'hint_count': 0, 'response_time_ratio': 0.1796431743188493}, {'step': 367, 'correct': True, 'hint_count': 0, 'response_time_ratio': 0.2395242847611855}, {'step': 377, 'correct': True, 'hint_count': 0, 'response_time_ratio': 0.4790485410189829}, {'step': 378, 'correct': True, 'hint_count': 0, 'response_time_ratio': 0.3592864057642372}]",0.375,supported,supported=3;partial=2,5,,['confidence_triad'],[],"['The status of this indicator (confidence_triad) is AMBIGUOUS. The student answered correctly without using a hint, but the current data cannot structurally distinguish whether this reflects a correct answer despite low confidence (underconfidence), a correct answer after productive struggle (productive_struggle), or a lucky guess (lucky_guess). (Note: confidence is high, so the signal leans slightly toward productive struggle.)']","The status of this indicator (confidence_triad) is AMBIGUOUS. The student answered correctly without using a hint, but the current data cannot structurally distinguish whether this reflects a correct answer despite low confidence (underconfidence), a correct answer after productive struggle (productive_struggle), or a lucky guess (lucky_guess). (Note: confidence is high, so the signal leans slightly toward productive struggle.)",[],"The student is practicing the skill 'reading-graph'. Before these attempts, the student's cumulative accuracy on this skill was 38%. On attempt 1, the student answered incorrectly, used no hints, and took 0.18 times their own average response time. On attempt 2, the student answered correctly, used no hints, and took 0.24 times their own average response time. On attempt 3, the student answered correctly, used no hints, and took 0.48 times their own average response time. On attempt 4, the student answered correctly, used no hints, and took 0.36 times their own average response time.",confidence_triad,True,False,0.94921875,mDeBERTa-v3-base-mnli-xnli,fact,,,0.94921875,PASS,True
Q124,S2,The student demonstrated a strong indication of avoiding challenging tasks.,reading-graph,"[{'step': 366, 'correct': False, 'hint_count': 0, 'response_time_ratio': 0.1796431743188493}, {'step': 367, 'correct': True, 'hint_count': 0, 'response_time_ratio': 0.2395242847611855}, {'step': 377, 'correct': True, 'hint_count': 0, 'response_time_ratio': 0.4790485410189829}, {'step': 378, 'correct': True, 'hint_count': 0, 'response_time_ratio': 0.3592864057642372}]",0.375,unsupported,unsupported=5,5,R2: 정반대. 힌트 없이 3회 연속 정답 / R4: 문제를 회피했다기 보단 문제를 빠르게 푼 것으로 해석됨,['cognitive_avoidance'],[],['The student showed a tendency to avoid difficult problems or avoid asking for help.'],The student showed a tendency to avoid difficult problems or avoid asking for help.,[],"The student is practicing the skill 'reading-graph'. Before these attempts, the student's cumulative accuracy on this skill was 38%. On attempt 1, the student answered incorrectly, used no hints, and took 0.18 times their own average response time. On attempt 2, the student answered correctly, used no hints, and took 0.24 times their own average response time. On attempt 3, the student answered correctly, used no hints, and took 0.48 times their own average response time. On attempt 4, the student answered correctly, used no hints, and took 0.36 times their own average response time.",cognitive_avoidance,True,False,0.9951171875,mDeBERTa-v3-base-mnli-xnli,fact,,,0.9951171875,PASS,True
Q074,S1,The student exhibits signs of avoiding challenging aspects of the task.,interpreting-linear-equations,"[{'step': 5, 'correct': False, 'hint_count': 0, 'response_time_ratio': 1.0825045523532968}, {'step': 6, 'correct': False, 'hint_count': 0, 'response_time_ratio': 0.98837371606603}, {'step': 7, 'correct': True, 'hint_count': 0, 'response_time_ratio': 1.011906429373734}, {'step': 383, 'correct': False, 'hint_count': 0, 'response_time_ratio': 1.011906429373734}]",0.25,unsupported,unsupported=4;partial=1,5,R2: 응답시간 평범함. 피하려는 모습 보이지 않음 / R4: 반복적인 오답에도 힌트를 전혀 사용하지 않는다는 점에서 약간의 회피 가능성이 보인다고 할 수 있음,['cognitive_avoidance'],[],['The student showed a tendency to avoid difficult problems or avoid asking for help.'],The student showed a tendency to avoid difficult problems or avoid asking for help.,[],"The student is practicing the skill 'interpreting-linear-equations'. Before these attempts, the student's cumulative accuracy on this skill was 25%. On attempt 1, the student answered incorrectly, used no hints, and took 1.08 times their own average response time. On attempt 2, the student answered incorrectly, used no hints, and took 0.99 times their own average response time. On attempt 3, the student answered correctly, used no hints, and took 1.01 times their own average response time. On attempt 4, the student answered incorrectly, used no hints, and took 1.01 times their own average response time.",cognitive_avoidance,True,False,0.99365234375,mDeBERTa-v3-base-mnli-xnli,fact,,,0.99365234375,PASS,True
Q074,S2,The student also shows frustration that does not lead to productive problem-solving.,interpreting-linear-equations,"[{'step': 5, 'correct': False, 'hint_count': 0, 'response_time_ratio': 1.0825045523532968}, {'step': 6, 'correct': False, 'hint_count': 0, 'response_time_ratio': 0.98837371606603}, {'step': 7, 'correct': True, 'hint_count': 0, 'response_time_ratio': 1.011906429373734}, {'step': 383, 'correct': False, 'hint_count': 0, 'response_time_ratio': 1.011906429373734}]",0.25,unsupported,unsupported=5,5,R2: 반복 오답도 없고 감정 판단할 수 있는 판단 근거도 없음 / R3: 의 제시된 학생의 불만을 알 수 없음 / R4: fustration 등의 어려움을 판단할 근거가 없음,['unproductive_frustration'],[],['The student experienced unproductive frustration amid repeated failures or difficulty.'],The student experienced unproductive frustration amid repeated failures or difficulty.,[],"The student is practicing the skill 'interpreting-linear-equations'. Before these attempts, the student's cumulative accuracy on this skill was 25%. On attempt 1, the student answered incorrectly, used no hints, and took 1.08 times their own average response time. On attempt 2, the student answered incorrectly, used no hints, and took 0.99 times their own average response time. On attempt 3, the student answered correctly, used no hints, and took 1.01 times their own average response time. On attempt 4, the student answered incorrectly, used no hints, and took 1.01 times their own average response time.",unproductive_frustration,True,False,0.81103515625,mDeBERTa-v3-base-mnli-xnli,fact,,,0.81103515625,PASS,True
Q120,S1,The student may have avoided engaging deeply with the problem-solving process.,equation-solving,"[{'step': 339, 'correct': True, 'hint_count': 3, 'response_time_ratio': 0.3529058450316398}, {'step': 350, 'correct': True, 'hint_count': 0, 'response_time_ratio': 0.5097528737877927}, {'step': 441, 'correct': False, 'hint_count': 0, 'response_time_ratio': 3.0977290116597165}, {'step': 442, 'correct': False, 'hint_count': 0, 'response_time_ratio': 0.1960587882782907}]",0.3076923076923077,partial,partial=1,1,,['cognitive_avoidance'],[],['The student showed a tendency to avoid difficult problems or avoid asking for help.'],The student showed a tendency to avoid difficult problems or avoid asking for help.,[],"The student is practicing the skill 'equation-solving'. Before these attempts, the student's cumulative accuracy on this skill was 31%. On attempt 1, the student answered correctly, used 3 hints, and took 0.35 times their own average response time. On attempt 2, the student answered correctly, used no hints, and took 0.51 times their own average response time. On attempt 3, the student answered incorrectly, used no hints, and took 3.10 times their own average response time. On attempt 4, the student answered incorrectly, used no hints, and took 0.20 times their own average response time.",cognitive_avoidance,False,False,0.3671875,mDeBERTa-v3-base-mnli-xnli,fact,,,0.3671875,FAIL_NLI,True
Q120,S2,There appears to be a likelihood of errors occurring during task execution.,equation-solving,"[{'step': 339, 'correct': True, 'hint_count': 3, 'response_time_ratio': 0.3529058450316398}, {'step': 350, 'correct': True, 'hint_count': 0, 'response_time_ratio': 0.5097528737877927}, {'step': 441, 'correct': False, 'hint_count': 0, 'response_time_ratio': 3.0977290116597165}, {'step': 442, 'correct': False, 'hint_count': 0, 'response_time_ratio': 0.1960587882782907}]",0.3076923076923077,partial,partial=1,1,,['slipping'],[],['The student made an unexpected mistake on content they had previously understood well.'],The student made an unexpected mistake on content they had previously understood well.,[],"The student is practicing the skill 'equation-solving'. Before these attempts, the student's cumulative accuracy on this skill was 31%. On attempt 1, the student answered correctly, used 3 hints, and took 0.35 times their own average response time. On attempt 2, the student answered correctly, used no hints, and took 0.51 times their own average response time. On attempt 3, the student answered incorrectly, used no hints, and took 3.10 times their own average response time. On attempt 4, the student answered incorrectly, used no hints, and took 0.20 times their own average response time.",slipping,False,False,0.52587890625,mDeBERTa-v3-base-mnli-xnli,fact,,,0.52587890625,PASS,True
Q015,S1,The student may have avoided engaging deeply with the number line task.,interpreting-numberline,"[{'step': 743, 'correct': False, 'hint_count': 12, 'response_time_ratio': 23.743312323735456}, {'step': 744, 'correct': False, 'hint_count': 11, 'response_time_ratio': 22.096878248825583}, {'step': 755, 'correct': False, 'hint_count': 13, 'response_time_ratio': 7.582262147178293}, {'step': 756, 'correct': False, 'hint_count': 15, 'response_time_ratio': 0.2599632736175414}]",0.1935483870967742,supported,supported=4;partial=1,5,,['cognitive_avoidance'],[],['The student showed a tendency to avoid difficult problems or avoid asking for help.'],The student showed a tendency to avoid difficult problems or avoid asking for help.,[],"The student is practicing the skill 'interpreting-numberline'. Before these attempts, the student's cumulative accuracy on this skill was 19%. On attempt 1, the student answered incorrectly, used 12 hints, and took 23.74 times their own average response time. On attempt 2, the student answered incorrectly, used 11 hints, and took 22.10 times their own average response time. On attempt 3, the student answered incorrectly, used 13 hints, and took 7.58 times their own average response time. On attempt 4, the student answered incorrectly, used 15 hints, and took 0.26 times their own average response time.",cognitive_avoidance,True,False,0.0010757446289062,mDeBERTa-v3-base-mnli-xnli,fact,,,0.0010757446289062,FAIL_NLI,True
Q118,S1,"The student provided a correct response without requiring assistance, indicating some level of mastery or understanding.",multiplication,"[{'step': 262, 'correct': True, 'hint_count': 0, 'response_time_ratio': 0.7801008616601919}, {'step': 263, 'correct': True, 'hint_count': 0, 'response_time_ratio': 0.1155704842419502}, {'step': 282, 'correct': True, 'hint_count': 0, 'response_time_ratio': 0.0866778735177991}, {'step': 294, 'correct': True, 'hint_count': 0, 'response_time_ratio': 0.9823492262674932}]",0.7692307692307693,supported,supported=5,5,,['confidence_triad'],[],"['The status of this indicator (confidence_triad) is AMBIGUOUS. The student answered correctly without using a hint, but the current data cannot structurally distinguish whether this reflects a correct answer despite low confidence (underconfidence), a correct answer after productive struggle (productive_struggle), or a lucky guess (lucky_guess). (Note: confidence is high, so the signal leans slightly toward productive struggle.)']","The status of this indicator (confidence_triad) is AMBIGUOUS. The student answered correctly without using a hint, but the current data cannot structurally distinguish whether this reflects a correct answer despite low confidence (underconfidence), a correct answer after productive struggle (productive_struggle), or a lucky guess (lucky_guess). (Note: confidence is high, so the signal leans slightly toward productive struggle.)",[],"The student is practicing the skill 'multiplication'. Before these attempts, the student's cumulative accuracy on this skill was 77%. On attempt 1, the student answered correctly, used no hints, and took 0.78 times their own average response time. On attempt 2, the student answered correctly, used no hints, and took 0.12 times their own average response time. On attempt 3, the student answered correctly, used no hints, and took 0.09 times their own average response time. On attempt 4, the student answered correctly, used no hints, and took 0.98 times their own average response time.",confidence_triad,True,False,0.52587890625,mDeBERTa-v3-base-mnli-xnli,fact,,,0.52587890625,PASS,True
Q118,S2,"This outcome could reflect either a confident and accurate solution or a chance occurrence, given the ambiguity in determining the exact nature of the response.",multiplication,"[{'step': 262, 'correct': True, 'hint_count': 0, 'response_time_ratio': 0.7801008616601919}, {'step': 263, 'correct': True, 'hint_count': 0, 'response_time_ratio': 0.1155704842419502}, {'step': 282, 'correct': True, 'hint_count': 0, 'response_time_ratio': 0.0866778735177991}, {'step': 294, 'correct': True, 'hint_count': 0, 'response_time_ratio': 0.9823492262674932}]",0.7692307692307693,partial,partial=3;unsupported=2,5,R4: 일관되게 빠른 응답 속도로 정답을 유출해냈으므로 우연으로 보기 힘듦,['confidence_triad'],[],"['The status of this indicator (confidence_triad) is AMBIGUOUS. The student answered correctly without using a hint, but the current data cannot structurally distinguish whether this reflects a correct answer despite low confidence (underconfidence), a correct answer after productive struggle (productive_struggle), or a lucky guess (lucky_guess). (Note: confidence is high, so the signal leans slightly toward productive struggle.)']","The status of this indicator (confidence_triad) is AMBIGUOUS. The student answered correctly without using a hint, but the current data cannot structurally distinguish whether this reflects a correct answer despite low confidence (underconfidence), a correct answer after productive struggle (productive_struggle), or a lucky guess (lucky_guess). (Note: confidence is high, so the signal leans slightly toward productive struggle.)",[],"The student is practicing the skill 'multiplication'. Before these attempts, the student's cumulative accuracy on this skill was 77%. On attempt 1, the student answered correctly, used no hints, and took 0.78 times their own average response time. On attempt 2, the student answered correctly, used no hints, and took 0.12 times their own average response time. On attempt 3, the student answered correctly, used no hints, and took 0.09 times their own average response time. On attempt 4, the student answered correctly, used no hints, and took 0.98 times their own average response time.",confidence_triad,True,False,0.85009765625,mDeBERTa-v3-base-mnli-xnli,fact,,,0.85009765625,PASS,True
Q118,S3,The presence of high confidence suggests the likelihood of a meaningful engagement with the problem rather than mere luck.,multiplication,"[{'step': 262, 'correct': True, 'hint_count': 0, 'response_time_ratio': 0.7801008616601919}, {'step': 263, 'correct': True, 'hint_count': 0, 'response_time_ratio': 0.1155704842419502}, {'step': 282, 'correct': True, 'hint_count': 0, 'response_time_ratio': 0.0866778735177991}, {'step': 294, 'correct': True, 'hint_count': 0, 'response_time_ratio': 0.9823492262674932}]",0.7692307692307693,supported,supported=4;partial=1,5,,['confidence_triad'],[],"['The status of this indicator (confidence_triad) is AMBIGUOUS. The student answered correctly without using a hint, but the current data cannot structurally distinguish whether this reflects a correct answer despite low confidence (underconfidence), a correct answer after productive struggle (productive_struggle), or a lucky guess (lucky_guess). (Note: confidence is high, so the signal leans slightly toward productive struggle.)']","The status of this indicator (confidence_triad) is AMBIGUOUS. The student answered correctly without using a hint, but the current data cannot structurally distinguish whether this reflects a correct answer despite low confidence (underconfidence), a correct answer after productive struggle (productive_struggle), or a lucky guess (lucky_guess). (Note: confidence is high, so the signal leans slightly toward productive struggle.)",[],"The student is practicing the skill 'multiplication'. Before these attempts, the student's cumulative accuracy on this skill was 77%. On attempt 1, the student answered correctly, used no hints, and took 0.78 times their own average response time. On attempt 2, the student answered correctly, used no hints, and took 0.12 times their own average response time. On attempt 3, the student answered correctly, used no hints, and took 0.09 times their own average response time. On attempt 4, the student answered correctly, used no hints, and took 0.98 times their own average response time.",confidence_triad,True,False,0.039886474609375,mDeBERTa-v3-base-mnli-xnli,fact,,,0.039886474609375,FAIL_NLI,True
Q042,S1,"The student provided a correct response without requiring assistance, indicating some level of understanding or insight.",pattern-finding,"[{'step': 16, 'correct': True, 'hint_count': 0, 'response_time_ratio': 0.2691798995470689}, {'step': 17, 'correct': False, 'hint_count': 0, 'response_time_ratio': 0.2691798995470689}, {'step': 18, 'correct': False, 'hint_count': 0, 'response_time_ratio': 0.2467482255493192}, {'step': 19, 'correct': True, 'hint_count': 0, 'response_time_ratio': 0.8075396878740108}]",0.5,supported,supported=1,1,,['confidence_triad'],[],"['The status of this indicator (confidence_triad) is AMBIGUOUS. The student answered correctly without using a hint, but the current data cannot structurally distinguish whether this reflects a correct answer despite low confidence (underconfidence), a correct answer after productive struggle (productive_struggle), or a lucky guess (lucky_guess). (Note: confidence is high, so the signal leans slightly toward productive struggle.)']","The status of this indicator (confidence_triad) is AMBIGUOUS. The student answered correctly without using a hint, but the current data cannot structurally distinguish whether this reflects a correct answer despite low confidence (underconfidence), a correct answer after productive struggle (productive_struggle), or a lucky guess (lucky_guess). (Note: confidence is high, so the signal leans slightly toward productive struggle.)",[],"The student is practicing the skill 'pattern-finding'. Before these attempts, the student's cumulative accuracy on this skill was 50%. On attempt 1, the student answered correctly, used no hints, and took 0.27 times their own average response time. On attempt 2, the student answered incorrectly, used no hints, and took 0.27 times their own average response time. On attempt 3, the student answered incorrectly, used no hints, and took 0.25 times their own average response time. On attempt 4, the student answered correctly, used no hints, and took 0.81 times their own average response time.",confidence_triad,False,False,0.90771484375,mDeBERTa-v3-base-mnli-xnli,fact,,,0.90771484375,PASS,True
Q042,S2,"This outcome could suggest the student arrived at the solution through thoughtful engagement rather than mere chance, although the exact nature of their process remains unclear.",pattern-finding,"[{'step': 16, 'correct': True, 'hint_count': 0, 'response_time_ratio': 0.2691798995470689}, {'step': 17, 'correct': False, 'hint_count': 0, 'response_time_ratio': 0.2691798995470689}, {'step': 18, 'correct': False, 'hint_count': 0, 'response_time_ratio': 0.2467482255493192}, {'step': 19, 'correct': True, 'hint_count': 0, 'response_time_ratio': 0.8075396878740108}]",0.5,supported,supported=1,1,,['confidence_triad'],[],"['The status of this indicator (confidence_triad) is AMBIGUOUS. The student answered correctly without using a hint, but the current data cannot structurally distinguish whether this reflects a correct answer despite low confidence (underconfidence), a correct answer after productive struggle (productive_struggle), or a lucky guess (lucky_guess). (Note: confidence is high, so the signal leans slightly toward productive struggle.)']","The status of this indicator (confidence_triad) is AMBIGUOUS. The student answered correctly without using a hint, but the current data cannot structurally distinguish whether this reflects a correct answer despite low confidence (underconfidence), a correct answer after productive struggle (productive_struggle), or a lucky guess (lucky_guess). (Note: confidence is high, so the signal leans slightly toward productive struggle.)",[],"The student is practicing the skill 'pattern-finding'. Before these attempts, the student's cumulative accuracy on this skill was 50%. On attempt 1, the student answered correctly, used no hints, and took 0.27 times their own average response time. On attempt 2, the student answered incorrectly, used no hints, and took 0.27 times their own average response time. On attempt 3, the student answered incorrectly, used no hints, and took 0.25 times their own average response time. On attempt 4, the student answered correctly, used no hints, and took 0.81 times their own average response time.",confidence_triad,False,False,0.0594482421875,mDeBERTa-v3-base-mnli-xnli,fact,,,0.0594482421875,FAIL_NLI,True
Q042,S3,There is a slight indication that the student may have engaged in meaningful problem-solving efforts leading to the correct answer.,pattern-finding,"[{'step': 16, 'correct': True, 'hint_count': 0, 'response_time_ratio': 0.2691798995470689}, {'step': 17, 'correct': False, 'hint_count': 0, 'response_time_ratio': 0.2691798995470689}, {'step': 18, 'correct': False, 'hint_count': 0, 'response_time_ratio': 0.2467482255493192}, {'step': 19, 'correct': True, 'hint_count': 0, 'response_time_ratio': 0.8075396878740108}]",0.5,supported,supported=1,1,,['confidence_triad'],[],"['The status of this indicator (confidence_triad) is AMBIGUOUS. The student answered correctly without using a hint, but the current data cannot structurally distinguish whether this reflects a correct answer despite low confidence (underconfidence), a correct answer after productive struggle (productive_struggle), or a lucky guess (lucky_guess). (Note: confidence is high, so the signal leans slightly toward productive struggle.)']","The status of this indicator (confidence_triad) is AMBIGUOUS. The student answered correctly without using a hint, but the current data cannot structurally distinguish whether this reflects a correct answer despite low confidence (underconfidence), a correct answer after productive struggle (productive_struggle), or a lucky guess (lucky_guess). (Note: confidence is high, so the signal leans slightly toward productive struggle.)",[],"The student is practicing the skill 'pattern-finding'. Before these attempts, the student's cumulative accuracy on this skill was 50%. On attempt 1, the student answered correctly, used no hints, and took 0.27 times their own average response time. On attempt 2, the student answered incorrectly, used no hints, and took 0.27 times their own average response time. On attempt 3, the student answered incorrectly, used no hints, and took 0.25 times their own average response time. On attempt 4, the student answered correctly, used no hints, and took 0.81 times their own average response time.",confidence_triad,False,False,0.11297607421875,mDeBERTa-v3-base-mnli-xnli,fact,,,0.11297607421875,FAIL_NLI,True
Q066,S1,The student may have been overly confident in their ability to solve problems related to multiplying decimals.,multiplying-decimals,"[{'step': 1296, 'correct': True, 'hint_count': 4, 'response_time_ratio': 0.0543972173720536}, {'step': 1297, 'correct': False, 'hint_count': 6, 'response_time_ratio': 0.3807804180320984}, {'step': 1298, 'correct': False, 'hint_count': 6, 'response_time_ratio': 0.108794408851038}, {'step': 1299, 'correct': False, 'hint_count': 6, 'response_time_ratio': 0.054397204425519}]",0.3925233644859813,unsupported,unsupported=1,1,R1: 과도하게 자신감을 가졌을 수도 있다라고 나와있는데 해당 학생은 여러차례 힌트를 확인하여 문제를 풀었기에 자신감이 있다고 단정지을 수는 없다고 생각됩니다,['overconfidence'],[],"['The student showed excessive confidence, higher than their actual level of understanding warranted.']","The student showed excessive confidence, higher than their actual level of understanding warranted.",[],"The student is practicing the skill 'multiplying-decimals'. Before these attempts, the student's cumulative accuracy on this skill was 39%. On attempt 1, the student answered correctly, used 4 hints, and took 0.05 times their own average response time. On attempt 2, the student answered incorrectly, used 6 hints, and took 0.38 times their own average response time. On attempt 3, the student answered incorrectly, used 6 hints, and took 0.11 times their own average response time. On attempt 4, the student answered incorrectly, used 6 hints, and took 0.05 times their own average response time.",overconfidence,False,False,0.0005011558532714,mDeBERTa-v3-base-mnli-xnli,fact,,,0.0005011558532714,FAIL_NLI,True
Q066,S2,"This confidence appears to be consistently high, though this is not certain.",multiplying-decimals,"[{'step': 1296, 'correct': True, 'hint_count': 4, 'response_time_ratio': 0.0543972173720536}, {'step': 1297, 'correct': False, 'hint_count': 6, 'response_time_ratio': 0.3807804180320984}, {'step': 1298, 'correct': False, 'hint_count': 6, 'response_time_ratio': 0.108794408851038}, {'step': 1299, 'correct': False, 'hint_count': 6, 'response_time_ratio': 0.054397204425519}]",0.3925233644859813,partial,partial=1,1,,['overconfidence'],[],"['The student showed excessive confidence, higher than their actual level of understanding warranted.']","The student showed excessive confidence, higher than their actual level of understanding warranted.",[],"The student is practicing the skill 'multiplying-decimals'. Before these attempts, the student's cumulative accuracy on this skill was 39%. On attempt 1, the student answered correctly, used 4 hints, and took 0.05 times their own average response time. On attempt 2, the student answered incorrectly, used 6 hints, and took 0.38 times their own average response time. On attempt 3, the student answered incorrectly, used 6 hints, and took 0.11 times their own average response time. On attempt 4, the student answered incorrectly, used 6 hints, and took 0.05 times their own average response time.",overconfidence,False,False,0.0065422058105468,mDeBERTa-v3-base-mnli-xnli,fact,,,0.0065422058105468,FAIL_NLI,True
Q066,S3,There is no clear indication of specific strategies being used to address challenges in this skill area.,multiplying-decimals,"[{'step': 1296, 'correct': True, 'hint_count': 4, 'response_time_ratio': 0.0543972173720536}, {'step': 1297, 'correct': False, 'hint_count': 6, 'response_time_ratio': 0.3807804180320984}, {'step': 1298, 'correct': False, 'hint_count': 6, 'response_time_ratio': 0.108794408851038}, {'step': 1299, 'correct': False, 'hint_count': 6, 'response_time_ratio': 0.054397204425519}]",0.3925233644859813,supported,supported=1,1,,['overconfidence'],[],"['The student showed excessive confidence, higher than their actual level of understanding warranted.']","The student showed excessive confidence, higher than their actual level of understanding warranted.",[],"The student is practicing the skill 'multiplying-decimals'. Before these attempts, the student's cumulative accuracy on this skill was 39%. On attempt 1, the student answered correctly, used 4 hints, and took 0.05 times their own average response time. On attempt 2, the student answered incorrectly, used 6 hints, and took 0.38 times their own average response time. On attempt 3, the student answered incorrectly, used 6 hints, and took 0.11 times their own average response time. On attempt 4, the student answered incorrectly, used 6 hints, and took 0.05 times their own average response time.",overconfidence,False,False,0.0069084167480468,mDeBERTa-v3-base-mnli-xnli,fact,,,0.0069084167480468,FAIL_NLI,True
Q110,S1,The student exhibits signs of avoiding challenging tasks.,noskill,"[{'step': 62, 'correct': True, 'hint_count': 0, 'response_time_ratio': 0.6203319438135694}, {'step': 63, 'correct': False, 'hint_count': 0, 'response_time_ratio': 1.0788381679384464}, {'step': 64, 'correct': True, 'hint_count': 0, 'response_time_ratio': 0.5394190936787667}, {'step': 65, 'correct': False, 'hint_count': 0, 'response_time_ratio': 0.4045643089312742}]",0.4615384615384615,unsupported,unsupported=5,5,R2: 응답시간 평범하고 정답률도 46% / R4: 63 문항은 틀리긴 했지만 오랜 시간 동안 도전했기에 회피하는 징후는 보이지 않음,['cognitive_avoidance'],[],['The student showed a tendency to avoid difficult problems or avoid asking for help.'],The student showed a tendency to avoid difficult problems or avoid asking for help.,[],"The student is practicing the skill 'noskill'. Before these attempts, the student's cumulative accuracy on this skill was 46%. On attempt 1, the student answered correctly, used no hints, and took 0.62 times their own average response time. On attempt 2, the student answered incorrectly, used no hints, and took 1.08 times their own average response time. On attempt 3, the student answered correctly, used no hints, and took 0.54 times their own average response time. On attempt 4, the student answered incorrectly, used no hints, and took 0.40 times their own average response time.",cognitive_avoidance,True,False,0.9970703125,mDeBERTa-v3-base-mnli-xnli,fact,,,0.9970703125,PASS,True
Q110,S2,There is also a noticeable pattern of errors occurring during task execution.,noskill,"[{'step': 62, 'correct': True, 'hint_count': 0, 'response_time_ratio': 0.6203319438135694}, {'step': 63, 'correct': False, 'hint_count': 0, 'response_time_ratio': 1.0788381679384464}, {'step': 64, 'correct': True, 'hint_count': 0, 'response_time_ratio': 0.5394190936787667}, {'step': 65, 'correct': False, 'hint_count': 0, 'response_time_ratio': 0.4045643089312742}]",0.4615384615384615,partial,partial=4;unsupported=1,5,"R4: 누적 정답률과 비슷한 정답률을 보인다는 점에서 어느 정도 일리가 있으나, 패턴을 알 수는 없음",['slipping'],[],['The student made an unexpected mistake on content they had previously understood well.'],The student made an unexpected mistake on content they had previously understood well.,[],"The student is practicing the skill 'noskill'. Before these attempts, the student's cumulative accuracy on this skill was 46%. On attempt 1, the student answered correctly, used no hints, and took 0.62 times their own average response time. On attempt 2, the student answered incorrectly, used no hints, and took 1.08 times their own average response time. On attempt 3, the student answered correctly, used no hints, and took 0.54 times their own average response time. On attempt 4, the student answered incorrectly, used no hints, and took 0.40 times their own average response time.",slipping,True,False,0.0059585571289062,mDeBERTa-v3-base-mnli-xnli,fact,,,0.0059585571289062,FAIL_NLI,True
Q062,S1,The student exhibits clear signs of avoiding challenging tasks related to multiplication.,multiplication,"[{'step': 323, 'correct': False, 'hint_count': 0, 'response_time_ratio': 0.3753976542201363}, {'step': 324, 'correct': True, 'hint_count': 0, 'response_time_ratio': 0.3217694416066552}, {'step': 429, 'correct': False, 'hint_count': 0, 'response_time_ratio': 0.6435388705570464}, {'step': 430, 'correct': False, 'hint_count': 1, 'response_time_ratio': 0.1072564762810448}]",0.6774193548387096,unsupported,unsupported=1,1,,['cognitive_avoidance'],[],['The student showed a tendency to avoid difficult problems or avoid asking for help.'],The student showed a tendency to avoid difficult problems or avoid asking for help.,[],"The student is practicing the skill 'multiplication'. Before these attempts, the student's cumulative accuracy on this skill was 68%. On attempt 1, the student answered incorrectly, used no hints, and took 0.38 times their own average response time. On attempt 2, the student answered correctly, used no hints, and took 0.32 times their own average response time. On attempt 3, the student answered incorrectly, used no hints, and took 0.64 times their own average response time. On attempt 4, the student answered incorrectly, used 1 hint, and took 0.11 times their own average response time.",cognitive_avoidance,False,False,0.0003557205200195,mDeBERTa-v3-base-mnli-xnli,fact,,,0.0003557205200195,FAIL_NLI,True
Q046,S1,"The student exhibits signs of avoiding challenging tasks, indicating a possible reluctance to engage deeply with material.",discount,"[{'step': 45, 'correct': False, 'hint_count': 0, 'response_time_ratio': 0.6994662333628795}, {'step': 46, 'correct': True, 'hint_count': 0, 'response_time_ratio': 3.147598039640964}, {'step': 47, 'correct': True, 'hint_count': 0, 'response_time_ratio': 1.0054826999671458}, {'step': 170, 'correct': False, 'hint_count': 0, 'response_time_ratio': 3.5847644669687444}]",0.6,unsupported,unsupported=1,1,R2: 장시간 문제를 풀었는데 도전적인 과제를 피한다고 보기 어려움,['cognitive_avoidance'],[],['The student showed a tendency to avoid difficult problems or avoid asking for help.'],The student showed a tendency to avoid difficult problems or avoid asking for help.,[],"The student is practicing the skill 'discount'. Before these attempts, the student's cumulative accuracy on this skill was 60%. On attempt 1, the student answered incorrectly, used no hints, and took 0.70 times their own average response time. On attempt 2, the student answered correctly, used no hints, and took 3.15 times their own average response time. On attempt 3, the student answered correctly, used no hints, and took 1.01 times their own average response time. On attempt 4, the student answered incorrectly, used no hints, and took 3.58 times their own average response time.",cognitive_avoidance,False,False,0.12249755859375,mDeBERTa-v3-base-mnli-xnli,fact,,,0.12249755859375,FAIL_NLI,True
Q046,S2,"The student also shows frustration that does not lead to productive actions, suggesting difficulty in managing task demands effectively.",discount,"[{'step': 45, 'correct': False, 'hint_count': 0, 'response_time_ratio': 0.6994662333628795}, {'step': 46, 'correct': True, 'hint_count': 0, 'response_time_ratio': 3.147598039640964}, {'step': 47, 'correct': True, 'hint_count': 0, 'response_time_ratio': 1.0054826999671458}, {'step': 170, 'correct': False, 'hint_count': 0, 'response_time_ratio': 3.5847644669687444}]",0.6,partial,partial=1,1,,['unproductive_frustration'],[],['The student experienced unproductive frustration amid repeated failures or difficulty.'],The student experienced unproductive frustration amid repeated failures or difficulty.,[],"The student is practicing the skill 'discount'. Before these attempts, the student's cumulative accuracy on this skill was 60%. On attempt 1, the student answered incorrectly, used no hints, and took 0.70 times their own average response time. On attempt 2, the student answered correctly, used no hints, and took 3.15 times their own average response time. On attempt 3, the student answered correctly, used no hints, and took 1.01 times their own average response time. On attempt 4, the student answered incorrectly, used no hints, and took 3.58 times their own average response time.",unproductive_frustration,False,False,0.01385498046875,mDeBERTa-v3-base-mnli-xnli,fact,,,0.01385498046875,FAIL_NLI,True
Q107,S1,The student demonstrated a strong inclination toward independent problem-solving despite receiving hints.,substitution,"[{'step': 113, 'correct': False, 'hint_count': 1, 'response_time_ratio': 0.2214759008709487}, {'step': 114, 'correct': False, 'hint_count': 1, 'response_time_ratio': 0.6644277026128461}, {'step': 115, 'correct': False, 'hint_count': 1, 'response_time_ratio': 2.851502209871221}, {'step': 116, 'correct': True, 'hint_count': 1, 'response_time_ratio': 1.1073795043547434}]",0.3333333333333333,unsupported,unsupported=1,1,,['productive_struggle'],[],"['The student struggled with difficulty while using hints, but ultimately solved the problem through productive effort. productive_struggle is dominant (independent judgment is possible since a hint was used).']","The student struggled with difficulty while using hints, but ultimately solved the problem through productive effort. productive_struggle is dominant (independent judgment is possible since a hint was used).",[],"The student is practicing the skill 'substitution'. Before these attempts, the student's cumulative accuracy on this skill was 33%. On attempt 1, the student answered incorrectly, used 1 hint, and took 0.22 times their own average response time. On attempt 2, the student answered incorrectly, used 1 hint, and took 0.66 times their own average response time. On attempt 3, the student answered incorrectly, used 1 hint, and took 2.85 times their own average response time. On attempt 4, the student answered correctly, used 1 hint, and took 1.11 times their own average response time.",productive_struggle,False,False,0.260986328125,mDeBERTa-v3-base-mnli-xnli,fact,,,0.260986328125,FAIL_NLI,True
Q107,S2,The student appeared capable of making judgments without direct guidance.,substitution,"[{'step': 113, 'correct': False, 'hint_count': 1, 'response_time_ratio': 0.2214759008709487}, {'step': 114, 'correct': False, 'hint_count': 1, 'response_time_ratio': 0.6644277026128461}, {'step': 115, 'correct': False, 'hint_count': 1, 'response_time_ratio': 2.851502209871221}, {'step': 116, 'correct': True, 'hint_count': 1, 'response_time_ratio': 1.1073795043547434}]",0.3333333333333333,unsupported,unsupported=1,1,,['productive_struggle'],[],"['The student struggled with difficulty while using hints, but ultimately solved the problem through productive effort. productive_struggle is dominant (independent judgment is possible since a hint was used).']","The student struggled with difficulty while using hints, but ultimately solved the problem through productive effort. productive_struggle is dominant (independent judgment is possible since a hint was used).",[],"The student is practicing the skill 'substitution'. Before these attempts, the student's cumulative accuracy on this skill was 33%. On attempt 1, the student answered incorrectly, used 1 hint, and took 0.22 times their own average response time. On attempt 2, the student answered incorrectly, used 1 hint, and took 0.66 times their own average response time. On attempt 3, the student answered incorrectly, used 1 hint, and took 2.85 times their own average response time. On attempt 4, the student answered correctly, used 1 hint, and took 1.11 times their own average response time.",productive_struggle,False,False,0.08172607421875,mDeBERTa-v3-base-mnli-xnli,fact,,,0.08172607421875,FAIL_NLI,True
Q107,S3,This indicates a level of confidence in applying knowledge autonomously.,substitution,"[{'step': 113, 'correct': False, 'hint_count': 1, 'response_time_ratio': 0.2214759008709487}, {'step': 114, 'correct': False, 'hint_count': 1, 'response_time_ratio': 0.6644277026128461}, {'step': 115, 'correct': False, 'hint_count': 1, 'response_time_ratio': 2.851502209871221}, {'step': 116, 'correct': True, 'hint_count': 1, 'response_time_ratio': 1.1073795043547434}]",0.3333333333333333,partial,partial=1,1,,['productive_struggle'],[],"['The student struggled with difficulty while using hints, but ultimately solved the problem through productive effort. productive_struggle is dominant (independent judgment is possible since a hint was used).']","The student struggled with difficulty while using hints, but ultimately solved the problem through productive effort. productive_struggle is dominant (independent judgment is possible since a hint was used).",[],"The student is practicing the skill 'substitution'. Before these attempts, the student's cumulative accuracy on this skill was 33%. On attempt 1, the student answered incorrectly, used 1 hint, and took 0.22 times their own average response time. On attempt 2, the student answered incorrectly, used 1 hint, and took 0.66 times their own average response time. On attempt 3, the student answered incorrectly, used 1 hint, and took 2.85 times their own average response time. On attempt 4, the student answered correctly, used 1 hint, and took 1.11 times their own average response time.",productive_struggle,False,False,0.03173828125,mDeBERTa-v3-base-mnli-xnli,fact,,,0.03173828125,FAIL_NLI,True
Q119,S1,The student may have avoided engaging deeply with the material.,interpreting-linear-equations,"[{'step': 149, 'correct': False, 'hint_count': 0, 'response_time_ratio': 1.156211352541625}, {'step': 150, 'correct': False, 'hint_count': 0, 'response_time_ratio': 1.0598603840146026}]",0.0,unsupported,unsupported=1,1,R4: 학생이 힌트 없이 꽤 긴 응답 시간을 각 문항에 보내며 고민하고 있는 것으로 보임. 문제와 소통하고 있고 주저한다기보단 의지를 가지고 해결하려고 하지만 지식이 부족한 것으로 판단됨,['cognitive_avoidance'],[],['The student showed a tendency to avoid difficult problems or avoid asking for help.'],The student showed a tendency to avoid difficult problems or avoid asking for help.,[],"The student is practicing the skill 'interpreting-linear-equations'. Before these attempts, the student's cumulative accuracy on this skill was 0%. On attempt 1, the student answered incorrectly, used no hints, and took 1.16 times their own average response time. On attempt 2, the student answered incorrectly, used no hints, and took 1.06 times their own average response time.",cognitive_avoidance,False,False,0.01348876953125,mDeBERTa-v3-base-mnli-xnli,fact,,,0.01348876953125,FAIL_NLI,True
Q119,S3,The pattern indicates a lack of commitment to mastering the skill.,interpreting-linear-equations,"[{'step': 149, 'correct': False, 'hint_count': 0, 'response_time_ratio': 1.156211352541625}, {'step': 150, 'correct': False, 'hint_count': 0, 'response_time_ratio': 1.0598603840146026}]",0.0,unsupported,unsupported=1,1,R4: 학생이 힌트 없이 꽤 긴 응답 시간을 각 문항에 보내며 고민하고 있는 것으로 보임. 문제와 소통하고 있고 주저한다기보단 의지를 가지고 해결하려고 하지만 지식이 부족한 것으로 판단됨,['cognitive_avoidance'],[],['The student showed a tendency to avoid difficult problems or avoid asking for help.'],The student showed a tendency to avoid difficult problems or avoid asking for help.,[],"The student is practicing the skill 'interpreting-linear-equations'. Before these attempts, the student's cumulative accuracy on this skill was 0%. On attempt 1, the student answered incorrectly, used no hints, and took 1.16 times their own average response time. On attempt 2, the student answered incorrectly, used no hints, and took 1.06 times their own average response time.",cognitive_avoidance,False,False,0.0118255615234375,mDeBERTa-v3-base-mnli-xnli,fact,,,0.0118255615234375,FAIL_NLI,True
Q100,S1,"The student provided a correct response without requiring assistance, indicating some level of understanding or insight.",percents,"[{'step': 96, 'correct': True, 'hint_count': 0, 'response_time_ratio': 3.9904156065994623}, {'step': 113, 'correct': False, 'hint_count': 0, 'response_time_ratio': 0.4464800678712685}, {'step': 114, 'correct': True, 'hint_count': 0, 'response_time_ratio': 0.4185750703265152}]",0.5,supported,supported=1,1,,['confidence_triad'],[],"['The status of this indicator (confidence_triad) is AMBIGUOUS. The student answered correctly without using a hint, but the current data cannot structurally distinguish whether this reflects a correct answer despite low confidence (underconfidence), a correct answer after productive struggle (productive_struggle), or a lucky guess (lucky_guess). (Note: confidence is high, so the signal leans slightly toward productive struggle.)']","The status of this indicator (confidence_triad) is AMBIGUOUS. The student answered correctly without using a hint, but the current data cannot structurally distinguish whether this reflects a correct answer despite low confidence (underconfidence), a correct answer after productive struggle (productive_struggle), or a lucky guess (lucky_guess). (Note: confidence is high, so the signal leans slightly toward productive struggle.)",[],"The student is practicing the skill 'percents'. Before these attempts, the student's cumulative accuracy on this skill was 50%. On attempt 1, the student answered correctly, used no hints, and took 3.99 times their own average response time. On attempt 2, the student answered incorrectly, used no hints, and took 0.45 times their own average response time. On attempt 3, the student answered correctly, used no hints, and took 0.42 times their own average response time.",confidence_triad,False,False,0.90771484375,mDeBERTa-v3-base-mnli-xnli,fact,,,0.90771484375,PASS,True
Q100,S2,"This outcome could suggest the student arrived at the solution through thoughtful engagement rather than mere chance, though the exact nature of their process remains unclear.",percents,"[{'step': 96, 'correct': True, 'hint_count': 0, 'response_time_ratio': 3.9904156065994623}, {'step': 113, 'correct': False, 'hint_count': 0, 'response_time_ratio': 0.4464800678712685}, {'step': 114, 'correct': True, 'hint_count': 0, 'response_time_ratio': 0.4185750703265152}]",0.5,partial,partial=1,1,,['confidence_triad'],[],"['The status of this indicator (confidence_triad) is AMBIGUOUS. The student answered correctly without using a hint, but the current data cannot structurally distinguish whether this reflects a correct answer despite low confidence (underconfidence), a correct answer after productive struggle (productive_struggle), or a lucky guess (lucky_guess). (Note: confidence is high, so the signal leans slightly toward productive struggle.)']","The status of this indicator (confidence_triad) is AMBIGUOUS. The student answered correctly without using a hint, but the current data cannot structurally distinguish whether this reflects a correct answer despite low confidence (underconfidence), a correct answer after productive struggle (productive_struggle), or a lucky guess (lucky_guess). (Note: confidence is high, so the signal leans slightly toward productive struggle.)",[],"The student is practicing the skill 'percents'. Before these attempts, the student's cumulative accuracy on this skill was 50%. On attempt 1, the student answered correctly, used no hints, and took 3.99 times their own average response time. On attempt 2, the student answered incorrectly, used no hints, and took 0.45 times their own average response time. On attempt 3, the student answered correctly, used no hints, and took 0.42 times their own average response time.",confidence_triad,False,False,0.0621337890625,mDeBERTa-v3-base-mnli-xnli,fact,,,0.0621337890625,FAIL_NLI,True
Q080,S1,The student demonstrates a strong sense of confidence in their understanding despite potential gaps in knowledge.,properties-of-geometric-figures,"[{'step': 87, 'correct': False, 'hint_count': 3, 'response_time_ratio': 0.1407125017580162}, {'step': 88, 'correct': False, 'hint_count': 4, 'response_time_ratio': 0.1407124514533088}, {'step': 89, 'correct': True, 'hint_count': 4, 'response_time_ratio': 0.2814249196514014}, {'step': 90, 'correct': False, 'hint_count': 1, 'response_time_ratio': 0.2110687022971388}]",0.2631578947368421,unsupported,unsupported=1,1,R4: 응답시간은 빠르나 힌트를 많이 썼다는 점에서 자신감을 가지고 있다고 보긴 힘듦,['overconfidence'],[],"['The student showed excessive confidence, higher than their actual level of understanding warranted. ']","The student showed excessive confidence, higher than their actual level of understanding warranted. ",[],"The student is practicing the skill 'properties-of-geometric-figures'. Before these attempts, the student's cumulative accuracy on this skill was 26%. On attempt 1, the student answered incorrectly, used 3 hints, and took 0.14 times their own average response time. On attempt 2, the student answered incorrectly, used 4 hints, and took 0.14 times their own average response time. On attempt 3, the student answered correctly, used 4 hints, and took 0.28 times their own average response time. On attempt 4, the student answered incorrectly, used 1 hint, and took 0.21 times their own average response time.",overconfidence,False,False,0.0709228515625,mDeBERTa-v3-base-mnli-xnli,fact,,,0.0709228515625,FAIL_NLI,True
Q080,S2,The student shows signs of frustration that does not lead to effective problem-solving strategies.,properties-of-geometric-figures,"[{'step': 87, 'correct': False, 'hint_count': 3, 'response_time_ratio': 0.1407125017580162}, {'step': 88, 'correct': False, 'hint_count': 4, 'response_time_ratio': 0.1407124514533088}, {'step': 89, 'correct': True, 'hint_count': 4, 'response_time_ratio': 0.2814249196514014}, {'step': 90, 'correct': False, 'hint_count': 1, 'response_time_ratio': 0.2110687022971388}]",0.2631578947368421,supported,supported=1,1,,['unproductive_frustration'],[],['The student experienced unproductive frustration amid repeated failures or difficulty.'],The student experienced unproductive frustration amid repeated failures or difficulty.,[],"The student is practicing the skill 'properties-of-geometric-figures'. Before these attempts, the student's cumulative accuracy on this skill was 26%. On attempt 1, the student answered incorrectly, used 3 hints, and took 0.14 times their own average response time. On attempt 2, the student answered incorrectly, used 4 hints, and took 0.14 times their own average response time. On attempt 3, the student answered correctly, used 4 hints, and took 0.28 times their own average response time. On attempt 4, the student answered incorrectly, used 1 hint, and took 0.21 times their own average response time.",unproductive_frustration,False,False,0.95361328125,mDeBERTa-v3-base-mnli-xnli,fact,,,0.95361328125,PASS,True
Q080,S3,The student makes errors in applying geometric concepts consistently throughout the task.,properties-of-geometric-figures,"[{'step': 87, 'correct': False, 'hint_count': 3, 'response_time_ratio': 0.1407125017580162}, {'step': 88, 'correct': False, 'hint_count': 4, 'response_time_ratio': 0.1407124514533088}, {'step': 89, 'correct': True, 'hint_count': 4, 'response_time_ratio': 0.2814249196514014}, {'step': 90, 'correct': False, 'hint_count': 1, 'response_time_ratio': 0.2110687022971388}]",0.2631578947368421,supported,supported=1,1,,['slipping'],[],['The student made an unexpected mistake on content they had previously understood well. '],The student made an unexpected mistake on content they had previously understood well. ,[],"The student is practicing the skill 'properties-of-geometric-figures'. Before these attempts, the student's cumulative accuracy on this skill was 26%. On attempt 1, the student answered incorrectly, used 3 hints, and took 0.14 times their own average response time. On attempt 2, the student answered incorrectly, used 4 hints, and took 0.14 times their own average response time. On attempt 3, the student answered correctly, used 4 hints, and took 0.28 times their own average response time. On attempt 4, the student answered incorrectly, used 1 hint, and took 0.21 times their own average response time.",slipping,False,False,0.0005249977111816,mDeBERTa-v3-base-mnli-xnli,fact,,,0.0005249977111816,FAIL_NLI,True
Q096,S1,"The student engaged in independent problem-solving despite receiving a hint, indicating a strong capacity for tackling challenges on their own.",inequality-solving,"[{'step': 595, 'correct': False, 'hint_count': 1, 'response_time_ratio': 0.214512939798569}, {'step': 596, 'correct': False, 'hint_count': 2, 'response_time_ratio': 0.1608847144215673}, {'step': 597, 'correct': False, 'hint_count': 3, 'response_time_ratio': 0.6435388705570464}, {'step': 598, 'correct': True, 'hint_count': 3, 'response_time_ratio': 0.5899106195457468}]",0.2222222222222222,unsupported,unsupported=3;partial=2,5,"R2: 힌트를 여러번 사용해서 독립적으로 해결했다고 보기 어려움 / R4: 짧은 응답시간, 힌트 사용의 증가 등으로 보아 독립적 문제 해결을 했다고 보기 어려움 / R5: 힌트 많이 사용하고, 마지막에 정답 맞혔지만 다소 짧은 응답시간이어서 Cognitive Avoidance로 해석가능한 여지가 있음. 따라서 부분지지",['productive_struggle'],[],"['The student struggled with difficulty while using hints, but ultimately solved the problem through productive effort. productive_struggle is dominant (independent judgment is possible since a hint was used).']","The student struggled with difficulty while using hints, but ultimately solved the problem through productive effort. productive_struggle is dominant (independent judgment is possible since a hint was used).",[],"The student is practicing the skill 'inequality-solving'. Before these attempts, the student's cumulative accuracy on this skill was 22%. On attempt 1, the student answered incorrectly, used 1 hint, and took 0.21 times their own average response time. On attempt 2, the student answered incorrectly, used 2 hints, and took 0.16 times their own average response time. On attempt 3, the student answered incorrectly, used 3 hints, and took 0.64 times their own average response time. On attempt 4, the student answered correctly, used 3 hints, and took 0.59 times their own average response time.",productive_struggle,True,False,0.383056640625,mDeBERTa-v3-base-mnli-xnli,fact,,,0.383056640625,FAIL_NLI,True
Q096,S2,"The student also showed signs of avoiding deeper engagement with the material, suggesting a potential reluctance to fully confront the task.",inequality-solving,"[{'step': 595, 'correct': False, 'hint_count': 1, 'response_time_ratio': 0.214512939798569}, {'step': 596, 'correct': False, 'hint_count': 2, 'response_time_ratio': 0.1608847144215673}, {'step': 597, 'correct': False, 'hint_count': 3, 'response_time_ratio': 0.6435388705570464}, {'step': 598, 'correct': True, 'hint_count': 3, 'response_time_ratio': 0.5899106195457468}]",0.2222222222222222,unsupported,unsupported=4;partial=1,5,"R2: 응답시간을 늘려 해결하는 것을 볼 때 회피했다고 보기 어려움 / R4: cognitive avoidance의 경향이 보이므로 서술문이 대부분 맞으나, 마지막에 정답이 나와 완전히 지지하기엔 부족함",['cognitive_avoidance'],[],['The student showed a tendency to avoid difficult problems or avoid asking for help.'],The student showed a tendency to avoid difficult problems or avoid asking for help.,[],"The student is practicing the skill 'inequality-solving'. Before these attempts, the student's cumulative accuracy on this skill was 22%. On attempt 1, the student answered incorrectly, used 1 hint, and took 0.21 times their own average response time. On attempt 2, the student answered incorrectly, used 2 hints, and took 0.16 times their own average response time. On attempt 3, the student answered incorrectly, used 3 hints, and took 0.64 times their own average response time. On attempt 4, the student answered correctly, used 3 hints, and took 0.59 times their own average response time.",cognitive_avoidance,True,False,0.0074272155761718,mDeBERTa-v3-base-mnli-xnli,fact,,,0.0074272155761718,FAIL_NLI,True
Q083,S1,"The student demonstrated a strong engagement with the problem, making independent judgments despite receiving hints.",combinatorics,"[{'step': 953, 'correct': False, 'hint_count': 1, 'response_time_ratio': 0.4310373947903254}, {'step': 954, 'correct': False, 'hint_count': 2, 'response_time_ratio': 0.0538796871721531}, {'step': 955, 'correct': False, 'hint_count': 3, 'response_time_ratio': 0.1077593358742188}, {'step': 956, 'correct': True, 'hint_count': 3, 'response_time_ratio': 0.3771577076181722}]",0.1875,unsupported,unsupported=1,1,,['productive_struggle'],[],"['The student struggled with difficulty while using hints, but ultimately solved the problem through productive effort. productive_struggle is dominant (independent judgment is possible since a hint was used).']","The student struggled with difficulty while using hints, but ultimately solved the problem through productive effort. productive_struggle is dominant (independent judgment is possible since a hint was used).",[],"The student is practicing the skill 'combinatorics'. Before these attempts, the student's cumulative accuracy on this skill was 19%. On attempt 1, the student answered incorrectly, used 1 hint, and took 0.43 times their own average response time. On attempt 2, the student answered incorrectly, used 2 hints, and took 0.05 times their own average response time. On attempt 3, the student answered incorrectly, used 3 hints, and took 0.11 times their own average response time. On attempt 4, the student answered correctly, used 3 hints, and took 0.38 times their own average response time.",productive_struggle,False,False,0.4169921875,mDeBERTa-v3-base-mnli-xnli,fact,,,0.4169921875,FAIL_NLI,True
Q083,S2,"The student also showed a clear inclination to avoid deeper cognitive effort, indicating a preference for less challenging tasks.",combinatorics,"[{'step': 953, 'correct': False, 'hint_count': 1, 'response_time_ratio': 0.4310373947903254}, {'step': 954, 'correct': False, 'hint_count': 2, 'response_time_ratio': 0.0538796871721531}, {'step': 955, 'correct': False, 'hint_count': 3, 'response_time_ratio': 0.1077593358742188}, {'step': 956, 'correct': True, 'hint_count': 3, 'response_time_ratio': 0.3771577076181722}]",0.1875,unsupported,unsupported=1,1,,['cognitive_avoidance'],[],['The student showed a tendency to avoid difficult problems or avoid asking for help.'],The student showed a tendency to avoid difficult problems or avoid asking for help.,[],"The student is practicing the skill 'combinatorics'. Before these attempts, the student's cumulative accuracy on this skill was 19%. On attempt 1, the student answered incorrectly, used 1 hint, and took 0.43 times their own average response time. On attempt 2, the student answered incorrectly, used 2 hints, and took 0.05 times their own average response time. On attempt 3, the student answered incorrectly, used 3 hints, and took 0.11 times their own average response time. On attempt 4, the student answered correctly, used 3 hints, and took 0.38 times their own average response time.",cognitive_avoidance,False,False,0.048828125,mDeBERTa-v3-base-mnli-xnli,fact,,,0.048828125,FAIL_NLI,True
Q083,S3,This combination suggests a complex interaction between persistence and avoidance tendencies.,combinatorics,"[{'step': 953, 'correct': False, 'hint_count': 1, 'response_time_ratio': 0.4310373947903254}, {'step': 954, 'correct': False, 'hint_count': 2, 'response_time_ratio': 0.0538796871721531}, {'step': 955, 'correct': False, 'hint_count': 3, 'response_time_ratio': 0.1077593358742188}, {'step': 956, 'correct': True, 'hint_count': 3, 'response_time_ratio': 0.3771577076181722}]",0.1875,unsupported,unsupported=1,1,,"['productive_struggle', 'cognitive_avoidance']",[],"['The student struggled with difficulty while using hints, but ultimately solved the problem through productive effort. productive_struggle is dominant (independent judgment is possible since a hint was used).', 'The student showed a tendency to avoid difficult problems or avoid asking for help.']","The student struggled with difficulty while using hints, but ultimately solved the problem through productive effort. productive_struggle is dominant (independent judgment is possible since a hint was used).
The student showed a tendency to avoid difficult problems or avoid asking for help.",[],"The student is practicing the skill 'combinatorics'. Before these attempts, the student's cumulative accuracy on this skill was 19%. On attempt 1, the student answered incorrectly, used 1 hint, and took 0.43 times their own average response time. On attempt 2, the student answered incorrectly, used 2 hints, and took 0.05 times their own average response time. On attempt 3, the student answered incorrectly, used 3 hints, and took 0.11 times their own average response time. On attempt 4, the student answered correctly, used 3 hints, and took 0.38 times their own average response time.",,False,False,0.0247039794921875,mDeBERTa-v3-base-mnli-xnli,fact,,,0.0247039794921875,FAIL_NLI,True
Q127,S1,The student demonstrated a strong sense of certainty in their responses.,proportion,"[{'step': 41, 'correct': False, 'hint_count': 2, 'response_time_ratio': 0.2083333581883618}, {'step': 42, 'correct': True, 'hint_count': 2, 'response_time_ratio': 1.041666641723059}, {'step': 639, 'correct': True, 'hint_count': 0, 'response_time_ratio': 1.0937499875592118}, {'step': 818, 'correct': False, 'hint_count': 1, 'response_time_ratio': 0.4166666542933902}]",0.4,partial,partial=1,1,,['overconfidence'],[],"['The student showed excessive confidence, higher than their actual level of understanding warranted.']","The student showed excessive confidence, higher than their actual level of understanding warranted.",[],"The student is practicing the skill 'proportion'. Before these attempts, the student's cumulative accuracy on this skill was 40%. On attempt 1, the student answered incorrectly, used 2 hints, and took 0.21 times their own average response time. On attempt 2, the student answered correctly, used 2 hints, and took 1.04 times their own average response time. On attempt 3, the student answered correctly, used no hints, and took 1.09 times their own average response time. On attempt 4, the student answered incorrectly, used 1 hint, and took 0.42 times their own average response time.",overconfidence,False,False,0.66259765625,mDeBERTa-v3-base-mnli-xnli,fact,,,0.66259765625,PASS,True
Q127,S2,The level of confidence indicated was maximal.,proportion,"[{'step': 41, 'correct': False, 'hint_count': 2, 'response_time_ratio': 0.2083333581883618}, {'step': 42, 'correct': True, 'hint_count': 2, 'response_time_ratio': 1.041666641723059}, {'step': 639, 'correct': True, 'hint_count': 0, 'response_time_ratio': 1.0937499875592118}, {'step': 818, 'correct': False, 'hint_count': 1, 'response_time_ratio': 0.4166666542933902}]",0.4,unsupported,unsupported=1,1,R2: 최대라고 볼 근거가 없음 응답시간이 압도적으로 빠르지고 다 정답이지도 않음,['overconfidence'],[],"['The student showed excessive confidence, higher than their actual level of understanding warranted.']","The student showed excessive confidence, higher than their actual level of understanding warranted.",[],"The student is practicing the skill 'proportion'. Before these attempts, the student's cumulative accuracy on this skill was 40%. On attempt 1, the student answered incorrectly, used 2 hints, and took 0.21 times their own average response time. On attempt 2, the student answered correctly, used 2 hints, and took 1.04 times their own average response time. On attempt 3, the student answered correctly, used no hints, and took 1.09 times their own average response time. On attempt 4, the student answered incorrectly, used 1 hint, and took 0.42 times their own average response time.",overconfidence,False,False,0.2340087890625,mDeBERTa-v3-base-mnli-xnli,fact,,,0.2340087890625,FAIL_NLI,True
Q127,S3,There appears to be no indication of doubt or hesitation in their approach.,proportion,"[{'step': 41, 'correct': False, 'hint_count': 2, 'response_time_ratio': 0.2083333581883618}, {'step': 42, 'correct': True, 'hint_count': 2, 'response_time_ratio': 1.041666641723059}, {'step': 639, 'correct': True, 'hint_count': 0, 'response_time_ratio': 1.0937499875592118}, {'step': 818, 'correct': False, 'hint_count': 1, 'response_time_ratio': 0.4166666542933902}]",0.4,unsupported,unsupported=1,1,R2: 힌트를 여러번 여는 등 망설임 징후가 있지 망설임 징후가 보이지 않는것이 아님,['overconfidence'],[],"['The student showed excessive confidence, higher than their actual level of understanding warranted.']","The student showed excessive confidence, higher than their actual level of understanding warranted.",[],"The student is practicing the skill 'proportion'. Before these attempts, the student's cumulative accuracy on this skill was 40%. On attempt 1, the student answered incorrectly, used 2 hints, and took 0.21 times their own average response time. On attempt 2, the student answered correctly, used 2 hints, and took 1.04 times their own average response time. On attempt 3, the student answered correctly, used no hints, and took 1.09 times their own average response time. On attempt 4, the student answered incorrectly, used 1 hint, and took 0.42 times their own average response time.",overconfidence,False,False,0.32958984375,mDeBERTa-v3-base-mnli-xnli,fact,,,0.32958984375,FAIL_NLI,True
Q047,S1,The student exhibits signs of unproductive frustration during the task.,sum-of-interior-angles-more-than-3-sides,"[{'step': 1305, 'correct': False, 'hint_count': 1, 'response_time_ratio': 0.1311499187555399}, {'step': 1306, 'correct': False, 'hint_count': 2, 'response_time_ratio': 0.2622998166582427}, {'step': 1307, 'correct': True, 'hint_count': 2, 'response_time_ratio': 1.0491993500443193}, {'step': 1308, 'correct': False, 'hint_count': 1, 'response_time_ratio': 3.016448152361405}]",0.1794871794871795,partial,partial=5,5,R4: 앞에서는 응답 시간이 짧지만 뒤로 갈수록 긴 응답시간과 힌트 사용을 통해 높은 노력을 보임. 어느 정도 unproductive frustration의 조건에 부합해보이나 frustration이라기엔 뒤로 갈수록 높은 응답시간을 보이며 문제를 해결하려는 의지를 보이는 것 같음,['unproductive_frustration'],[],['The student experienced unproductive frustration amid repeated failures or difficulty.'],The student experienced unproductive frustration amid repeated failures or difficulty.,[],"The student is practicing the skill 'sum-of-interior-angles-more-than-3-sides'. Before these attempts, the student's cumulative accuracy on this skill was 18%. On attempt 1, the student answered incorrectly, used 1 hint, and took 0.13 times their own average response time. On attempt 2, the student answered incorrectly, used 2 hints, and took 0.26 times their own average response time. On attempt 3, the student answered correctly, used 2 hints, and took 1.05 times their own average response time. On attempt 4, the student answered incorrectly, used 1 hint, and took 3.02 times their own average response time.",unproductive_frustration,True,False,0.9609375,mDeBERTa-v3-base-mnli-xnli,fact,,,0.9609375,PASS,True
Q047,S2,This indicates a struggle with understanding the concept being taught.,sum-of-interior-angles-more-than-3-sides,"[{'step': 1305, 'correct': False, 'hint_count': 1, 'response_time_ratio': 0.1311499187555399}, {'step': 1306, 'correct': False, 'hint_count': 2, 'response_time_ratio': 0.2622998166582427}, {'step': 1307, 'correct': True, 'hint_count': 2, 'response_time_ratio': 1.0491993500443193}, {'step': 1308, 'correct': False, 'hint_count': 1, 'response_time_ratio': 3.016448152361405}]",0.1794871794871795,supported,supported=4;partial=1,5,,['unproductive_frustration'],[],['The student experienced unproductive frustration amid repeated failures or difficulty.'],The student experienced unproductive frustration amid repeated failures or difficulty.,[],"The student is practicing the skill 'sum-of-interior-angles-more-than-3-sides'. Before these attempts, the student's cumulative accuracy on this skill was 18%. On attempt 1, the student answered incorrectly, used 1 hint, and took 0.13 times their own average response time. On attempt 2, the student answered incorrectly, used 2 hints, and took 0.26 times their own average response time. On attempt 3, the student answered correctly, used 2 hints, and took 1.05 times their own average response time. On attempt 4, the student answered incorrectly, used 1 hint, and took 3.02 times their own average response time.",unproductive_frustration,True,False,0.0047607421875,mDeBERTa-v3-base-mnli-xnli,fact,,,0.0047607421875,FAIL_NLI,True
Q047,S3,The level of frustration remains consistently high throughout the activity.,sum-of-interior-angles-more-than-3-sides,"[{'step': 1305, 'correct': False, 'hint_count': 1, 'response_time_ratio': 0.1311499187555399}, {'step': 1306, 'correct': False, 'hint_count': 2, 'response_time_ratio': 0.2622998166582427}, {'step': 1307, 'correct': True, 'hint_count': 2, 'response_time_ratio': 1.0491993500443193}, {'step': 1308, 'correct': False, 'hint_count': 1, 'response_time_ratio': 3.016448152361405}]",0.1794871794871795,unsupported,unsupported=5,5,R2: 응답 시간 차이가 큰데 일관된다는 것은 이상함 / R4: 오히려 뒤로 갈수록 문제에 많은 시간을 할애하는 것으로 보아 frustration이 일관되게 높다고 보기 어려움,['unproductive_frustration'],[],['The student experienced unproductive frustration amid repeated failures or difficulty.'],The student experienced unproductive frustration amid repeated failures or difficulty.,[],"The student is practicing the skill 'sum-of-interior-angles-more-than-3-sides'. Before these attempts, the student's cumulative accuracy on this skill was 18%. On attempt 1, the student answered incorrectly, used 1 hint, and took 0.13 times their own average response time. On attempt 2, the student answered incorrectly, used 2 hints, and took 0.26 times their own average response time. On attempt 3, the student answered correctly, used 2 hints, and took 1.05 times their own average response time. On attempt 4, the student answered incorrectly, used 1 hint, and took 3.02 times their own average response time.",unproductive_frustration,True,False,0.0114669799804687,mDeBERTa-v3-base-mnli-xnli,fact,,,0.0114669799804687,FAIL_NLI,True
Q068,S1,"The student provided a correct response without seeking assistance, indicating some level of engagement with the problem.",unit-conversion,"[{'step': 34, 'correct': True, 'hint_count': 0, 'response_time_ratio': 9.411223071343269}, {'step': 35, 'correct': False, 'hint_count': 0, 'response_time_ratio': 1.0255820013643304}, {'step': 37, 'correct': True, 'hint_count': 0, 'response_time_ratio': 0.3418606719477116}]",0.5,partial,partial=1,1,,['confidence_triad'],[],"['The status of this indicator (confidence_triad) is AMBIGUOUS. The student answered correctly without using a hint, but the current data cannot structurally distinguish whether this reflects a correct answer despite low confidence (underconfidence), a correct answer after productive struggle (productive_struggle), or a lucky guess (lucky_guess). (Note: confidence is high, so the signal leans slightly toward productive struggle.)']","The status of this indicator (confidence_triad) is AMBIGUOUS. The student answered correctly without using a hint, but the current data cannot structurally distinguish whether this reflects a correct answer despite low confidence (underconfidence), a correct answer after productive struggle (productive_struggle), or a lucky guess (lucky_guess). (Note: confidence is high, so the signal leans slightly toward productive struggle.)",[],"The student is practicing the skill 'unit-conversion'. Before these attempts, the student's cumulative accuracy on this skill was 50%. On attempt 1, the student answered correctly, used no hints, and took 9.41 times their own average response time. On attempt 2, the student answered incorrectly, used no hints, and took 1.03 times their own average response time. On attempt 3, the student answered correctly, used no hints, and took 0.34 times their own average response time.",confidence_triad,False,False,0.5068359375,mDeBERTa-v3-base-mnli-xnli,fact,,,0.5068359375,PASS,True
Q068,S3,"The presence of high confidence suggests a possible alignment with productive struggle, although this remains uncertain.",unit-conversion,"[{'step': 34, 'correct': True, 'hint_count': 0, 'response_time_ratio': 9.411223071343269}, {'step': 35, 'correct': False, 'hint_count': 0, 'response_time_ratio': 1.0255820013643304}, {'step': 37, 'correct': True, 'hint_count': 0, 'response_time_ratio': 0.3418606719477116}]",0.5,unsupported,unsupported=1,1,R5: high confidence는 제시된 행동 기록에서 확인되지 않아 productive struggle와의 관련성을 판단할 근거가 부족함,['confidence_triad'],[],"['The status of this indicator (confidence_triad) is AMBIGUOUS. The student answered correctly without using a hint, but the current data cannot structurally distinguish whether this reflects a correct answer despite low confidence (underconfidence), a correct answer after productive struggle (productive_struggle), or a lucky guess (lucky_guess). (Note: confidence is high, so the signal leans slightly toward productive struggle.)']","The status of this indicator (confidence_triad) is AMBIGUOUS. The student answered correctly without using a hint, but the current data cannot structurally distinguish whether this reflects a correct answer despite low confidence (underconfidence), a correct answer after productive struggle (productive_struggle), or a lucky guess (lucky_guess). (Note: confidence is high, so the signal leans slightly toward productive struggle.)",[],"The student is practicing the skill 'unit-conversion'. Before these attempts, the student's cumulative accuracy on this skill was 50%. On attempt 1, the student answered correctly, used no hints, and took 9.41 times their own average response time. On attempt 2, the student answered incorrectly, used no hints, and took 1.03 times their own average response time. On attempt 3, the student answered correctly, used no hints, and took 0.34 times their own average response time.",confidence_triad,False,False,0.90283203125,mDeBERTa-v3-base-mnli-xnli,fact,,,0.90283203125,PASS,True
Q106,S1,The student may have avoided engaging deeply with the task due to discomfort or uncertainty.,point-plotting,"[{'step': 0, 'correct': False, 'hint_count': 0, 'response_time_ratio': 3.5821248889417947}, {'step': 1, 'correct': False, 'hint_count': 2, 'response_time_ratio': 10.36006709832247}, {'step': 2, 'correct': False, 'hint_count': 0, 'response_time_ratio': 1.0886850321236825}]",0.0,partial,partial=1,1,,['cognitive_avoidance'],[],['The student showed a tendency to avoid difficult problems or avoid asking for help.'],The student showed a tendency to avoid difficult problems or avoid asking for help.,[],"The student is practicing the skill 'point-plotting'. Before these attempts, the student's cumulative accuracy on this skill was 0%. On attempt 1, the student answered incorrectly, used no hints, and took 3.58 times their own average response time. On attempt 2, the student answered incorrectly, used 2 hints, and took 10.36 times their own average response time. On attempt 3, the student answered incorrectly, used no hints, and took 1.09 times their own average response time.",cognitive_avoidance,False,False,0.0243072509765625,mDeBERTa-v3-base-mnli-xnli,fact,,,0.0243072509765625,FAIL_NLI,True
Q106,S3,The tendency indicates a possible lack of confidence in executing the step effectively.,point-plotting,"[{'step': 0, 'correct': False, 'hint_count': 0, 'response_time_ratio': 3.5821248889417947}, {'step': 1, 'correct': False, 'hint_count': 2, 'response_time_ratio': 10.36006709832247}, {'step': 2, 'correct': False, 'hint_count': 0, 'response_time_ratio': 1.0886850321236825}]",0.0,supported,supported=1,1,,['cognitive_avoidance'],[],['The student showed a tendency to avoid difficult problems or avoid asking for help.'],The student showed a tendency to avoid difficult problems or avoid asking for help.,[],"The student is practicing the skill 'point-plotting'. Before these attempts, the student's cumulative accuracy on this skill was 0%. On attempt 1, the student answered incorrectly, used no hints, and took 3.58 times their own average response time. On attempt 2, the student answered incorrectly, used 2 hints, and took 10.36 times their own average response time. On attempt 3, the student answered incorrectly, used no hints, and took 1.09 times their own average response time.",cognitive_avoidance,False,False,0.0049400329589843,mDeBERTa-v3-base-mnli-xnli,fact,,,0.0049400329589843,FAIL_NLI,True
Q140,S1,The student demonstrates a strong sense of certainty in their responses.,transversals,"[{'step': 62, 'correct': False, 'hint_count': 0, 'response_time_ratio': 1.983502206356488}, {'step': 63, 'correct': False, 'hint_count': 1, 'response_time_ratio': 0.5527792834531997}]",0.0,unsupported,unsupported=1,1,"R4: 문항 63에서는 응답시간이 빠르고 오답을 골랐으나, 힌트를 사용하였고 문항 64에서는 응답시간이 길고 고민 후에 오답을 고른 것으로 보아 자신감이 없었을 가능성이 높음",['overconfidence'],[],"['The student showed excessive confidence, higher than their actual level of understanding warranted.']","The student showed excessive confidence, higher than their actual level of understanding warranted.",[],"The student is practicing the skill 'transversals'. Before these attempts, the student's cumulative accuracy on this skill was 0%. On attempt 1, the student answered incorrectly, used no hints, and took 1.98 times their own average response time. On attempt 2, the student answered incorrectly, used 1 hint, and took 0.55 times their own average response time.",overconfidence,False,False,0.73583984375,mDeBERTa-v3-base-mnli-xnli,fact,,,0.73583984375,PASS,True
Q140,S2,Their confidence level appears elevated compared to typical performance expectations.,transversals,"[{'step': 62, 'correct': False, 'hint_count': 0, 'response_time_ratio': 1.983502206356488}, {'step': 63, 'correct': False, 'hint_count': 1, 'response_time_ratio': 0.5527792834531997}]",0.0,unsupported,unsupported=1,1,"R4: 문항 63에서는 응답시간이 빠르고 오답을 골랐으나, 힌트를 사용하였고 문항 64에서는 응답시간이 길고 고민 후에 오답을 고른 것으로 보아 자신감이 없었을 가능성이 높음",['overconfidence'],[],"['The student showed excessive confidence, higher than their actual level of understanding warranted.']","The student showed excessive confidence, higher than their actual level of understanding warranted.",[],"The student is practicing the skill 'transversals'. Before these attempts, the student's cumulative accuracy on this skill was 0%. On attempt 1, the student answered incorrectly, used no hints, and took 1.98 times their own average response time. On attempt 2, the student answered incorrectly, used 1 hint, and took 0.55 times their own average response time.",overconfidence,False,False,0.93994140625,mDeBERTa-v3-base-mnli-xnli,fact,,,0.93994140625,PASS,True
Q049,S1,"The student exhibits signs of avoiding challenging tasks, indicating a possible reluctance to engage deeply with complex problems.",combinatorics,"[{'step': 481, 'correct': False, 'hint_count': 0, 'response_time_ratio': 1.7952925160634077}, {'step': 482, 'correct': True, 'hint_count': 0, 'response_time_ratio': 0.4768745745793427}, {'step': 483, 'correct': True, 'hint_count': 0, 'response_time_ratio': 0.4207716767200142}, {'step': 484, 'correct': False, 'hint_count': 0, 'response_time_ratio': 0.5329774724386711}]",0.375,unsupported,unsupported=1,1,R4: 문항 481에서 제법 긴 응답 시간을 사용하였고 이 후 정답을 연속으로 2번 맞힌 것으로 보아 회피한다고 보기 어려움,['cognitive_avoidance'],[],['The student showed a tendency to avoid difficult problems or avoid asking for help.'],The student showed a tendency to avoid difficult problems or avoid asking for help.,[],"The student is practicing the skill 'combinatorics'. Before these attempts, the student's cumulative accuracy on this skill was 38%. On attempt 1, the student answered incorrectly, used no hints, and took 1.80 times their own average response time. On attempt 2, the student answered correctly, used no hints, and took 0.48 times their own average response time. On attempt 3, the student answered correctly, used no hints, and took 0.42 times their own average response time. On attempt 4, the student answered incorrectly, used no hints, and took 0.53 times their own average response time.",cognitive_avoidance,False,False,0.98779296875,mDeBERTa-v3-base-mnli-xnli,fact,,,0.98779296875,PASS,True
Q049,S2,The student also shows frustration that does not lead to productive problem-solving efforts.,combinatorics,"[{'step': 481, 'correct': False, 'hint_count': 0, 'response_time_ratio': 1.7952925160634077}, {'step': 482, 'correct': True, 'hint_count': 0, 'response_time_ratio': 0.4768745745793427}, {'step': 483, 'correct': True, 'hint_count': 0, 'response_time_ratio': 0.4207716767200142}, {'step': 484, 'correct': False, 'hint_count': 0, 'response_time_ratio': 0.5329774724386711}]",0.375,unsupported,unsupported=1,1,R4: 계속해서 오답을 내고 있지 않고 이후 응답시간이 눈에 띄게 짧아졌다고 보기도 어려우므로 unproductive frustration이라고 하기 힘듦,['unproductive_frustration'],[],['The student experienced unproductive frustration amid repeated failures or difficulty.'],The student experienced unproductive frustration amid repeated failures or difficulty.,[],"The student is practicing the skill 'combinatorics'. Before these attempts, the student's cumulative accuracy on this skill was 38%. On attempt 1, the student answered incorrectly, used no hints, and took 1.80 times their own average response time. On attempt 2, the student answered correctly, used no hints, and took 0.48 times their own average response time. On attempt 3, the student answered correctly, used no hints, and took 0.42 times their own average response time. On attempt 4, the student answered incorrectly, used no hints, and took 0.53 times their own average response time.",unproductive_frustration,False,False,0.6181640625,mDeBERTa-v3-base-mnli-xnli,fact,,,0.6181640625,PASS,True
Q049,S3,There is a noticeable pattern of errors occurring frequently during practice sessions.,combinatorics,"[{'step': 481, 'correct': False, 'hint_count': 0, 'response_time_ratio': 1.7952925160634077}, {'step': 482, 'correct': True, 'hint_count': 0, 'response_time_ratio': 0.4768745745793427}, {'step': 483, 'correct': True, 'hint_count': 0, 'response_time_ratio': 0.4207716767200142}, {'step': 484, 'correct': False, 'hint_count': 0, 'response_time_ratio': 0.5329774724386711}]",0.375,partial,partial=1,1,"R4: 누적 정답률 38%와 비슷한 정답률을 내긴 하지만, 뚜렷한 패턴이 존재한다고 보기엔 힘듦",['slipping'],[],['The student made an unexpected mistake on content they had previously understood well.'],The student made an unexpected mistake on content they had previously understood well.,[],"The student is practicing the skill 'combinatorics'. Before these attempts, the student's cumulative accuracy on this skill was 38%. On attempt 1, the student answered incorrectly, used no hints, and took 1.80 times their own average response time. On attempt 2, the student answered correctly, used no hints, and took 0.48 times their own average response time. On attempt 3, the student answered correctly, used no hints, and took 0.42 times their own average response time. On attempt 4, the student answered incorrectly, used no hints, and took 0.53 times their own average response time.",slipping,False,False,0.0053558349609375,mDeBERTa-v3-base-mnli-xnli,fact,,,0.0053558349609375,FAIL_NLI,True
Q052,S1,The student may have been avoiding engaging deeply with the problem-solving process.,equation-solving,"[{'step': 171, 'correct': True, 'hint_count': 3, 'response_time_ratio': 0.4062242034097088}, {'step': 317, 'correct': False, 'hint_count': 0, 'response_time_ratio': 0.8979692866165242}, {'step': 318, 'correct': False, 'hint_count': 1, 'response_time_ratio': 0.2138022225834055}, {'step': 319, 'correct': False, 'hint_count': 1, 'response_time_ratio': 0.7483077431231477}]",0.1,unsupported,unsupported=1,1,,['cognitive_avoidance'],[],['The student showed a tendency to avoid difficult problems or avoid asking for help.'],The student showed a tendency to avoid difficult problems or avoid asking for help.,[],"The student is practicing the skill 'equation-solving'. Before these attempts, the student's cumulative accuracy on this skill was 10%. On attempt 1, the student answered correctly, used 3 hints, and took 0.41 times their own average response time. On attempt 2, the student answered incorrectly, used no hints, and took 0.90 times their own average response time. On attempt 3, the student answered incorrectly, used 1 hint, and took 0.21 times their own average response time. On attempt 4, the student answered incorrectly, used 1 hint, and took 0.75 times their own average response time.",cognitive_avoidance,False,False,0.458251953125,mDeBERTa-v3-base-mnli-xnli,fact,,,0.458251953125,FAIL_NLI,True
Q052,S3,The level of avoidance indicates a possible lack of confidence or interest in tackling complex equations.,equation-solving,"[{'step': 171, 'correct': True, 'hint_count': 3, 'response_time_ratio': 0.4062242034097088}, {'step': 317, 'correct': False, 'hint_count': 0, 'response_time_ratio': 0.8979692866165242}, {'step': 318, 'correct': False, 'hint_count': 1, 'response_time_ratio': 0.2138022225834055}, {'step': 319, 'correct': False, 'hint_count': 1, 'response_time_ratio': 0.7483077431231477}]",0.1,unsupported,unsupported=1,1,,['cognitive_avoidance'],[],['The student showed a tendency to avoid difficult problems or avoid asking for help.'],The student showed a tendency to avoid difficult problems or avoid asking for help.,[],"The student is practicing the skill 'equation-solving'. Before these attempts, the student's cumulative accuracy on this skill was 10%. On attempt 1, the student answered correctly, used 3 hints, and took 0.41 times their own average response time. On attempt 2, the student answered incorrectly, used no hints, and took 0.90 times their own average response time. On attempt 3, the student answered incorrectly, used 1 hint, and took 0.21 times their own average response time. On attempt 4, the student answered incorrectly, used 1 hint, and took 0.75 times their own average response time.",cognitive_avoidance,False,False,0.0047492980957031,mDeBERTa-v3-base-mnli-xnli,fact,,,0.0047492980957031,FAIL_NLI,True
Q138,S1,The student may have avoided engaging deeply with the problem-solving process.,inequality-solving,"[{'step': 128, 'correct': True, 'hint_count': 3, 'response_time_ratio': 0.3730184158941285}, {'step': 129, 'correct': False, 'hint_count': 0, 'response_time_ratio': 1.865092148686284}, {'step': 130, 'correct': False, 'hint_count': 1, 'response_time_ratio': 0.1243394752527978}, {'step': 131, 'correct': False, 'hint_count': 1, 'response_time_ratio': 0.7460368415696291}]",0.15,supported,supported=1,1,,['cognitive_avoidance'],[],['The student showed a tendency to avoid difficult problems or avoid asking for help.'],The student showed a tendency to avoid difficult problems or avoid asking for help.,[],"The student is practicing the skill 'inequality-solving'. Before these attempts, the student's cumulative accuracy on this skill was 15%. On attempt 1, the student answered correctly, used 3 hints, and took 0.37 times their own average response time. On attempt 2, the student answered incorrectly, used no hints, and took 1.87 times their own average response time. On attempt 3, the student answered incorrectly, used 1 hint, and took 0.12 times their own average response time. On attempt 4, the student answered incorrectly, used 1 hint, and took 0.75 times their own average response time.",cognitive_avoidance,False,False,0.3671875,mDeBERTa-v3-base-mnli-xnli,fact,,,0.3671875,FAIL_NLI,True
Q138,S2,There appears to be a tendency to make errors during task execution.,inequality-solving,"[{'step': 128, 'correct': True, 'hint_count': 3, 'response_time_ratio': 0.3730184158941285}, {'step': 129, 'correct': False, 'hint_count': 0, 'response_time_ratio': 1.865092148686284}, {'step': 130, 'correct': False, 'hint_count': 1, 'response_time_ratio': 0.1243394752527978}, {'step': 131, 'correct': False, 'hint_count': 1, 'response_time_ratio': 0.7460368415696291}]",0.15,supported,supported=1,1,,['slipping'],[],['The student made an unexpected mistake on content they had previously understood well.'],The student made an unexpected mistake on content they had previously understood well.,[],"The student is practicing the skill 'inequality-solving'. Before these attempts, the student's cumulative accuracy on this skill was 15%. On attempt 1, the student answered correctly, used 3 hints, and took 0.37 times their own average response time. On attempt 2, the student answered incorrectly, used no hints, and took 1.87 times their own average response time. On attempt 3, the student answered incorrectly, used 1 hint, and took 0.12 times their own average response time. On attempt 4, the student answered incorrectly, used 1 hint, and took 0.75 times their own average response time.",slipping,False,False,0.269287109375,mDeBERTa-v3-base-mnli-xnli,fact,,,0.269287109375,FAIL_NLI,True
Q010,S1,The student exhibits signs of overconfidence.,discount,"[{'step': 104, 'correct': True, 'hint_count': 0, 'response_time_ratio': 0.1079506430395498}, {'step': 105, 'correct': False, 'hint_count': 1, 'response_time_ratio': 0.4318024691733106}, {'step': 106, 'correct': False, 'hint_count': 2, 'response_time_ratio': 0.2698765432333191}, {'step': 107, 'correct': False, 'hint_count': 3, 'response_time_ratio': 0.2698765432333191}]",0.2,supported,supported=3;unsupported=2,5,,['overconfidence'],[],"['The student showed excessive confidence, higher than their actual level of understanding warranted. ']","The student showed excessive confidence, higher than their actual level of understanding warranted. ",[],"The student is practicing the skill 'discount'. Before these attempts, the student's cumulative accuracy on this skill was 20%. On attempt 1, the student answered correctly, used no hints, and took 0.11 times their own average response time. On attempt 2, the student answered incorrectly, used 1 hint, and took 0.43 times their own average response time. On attempt 3, the student answered incorrectly, used 2 hints, and took 0.27 times their own average response time. On attempt 4, the student answered incorrectly, used 3 hints, and took 0.27 times their own average response time.",overconfidence,True,False,0.9931640625,mDeBERTa-v3-base-mnli-xnli,fact,,,0.9931640625,PASS,True
Q010,S2,The student also shows indications of slipping.,discount,"[{'step': 104, 'correct': True, 'hint_count': 0, 'response_time_ratio': 0.1079506430395498}, {'step': 105, 'correct': False, 'hint_count': 1, 'response_time_ratio': 0.4318024691733106}, {'step': 106, 'correct': False, 'hint_count': 2, 'response_time_ratio': 0.2698765432333191}, {'step': 107, 'correct': False, 'hint_count': 3, 'response_time_ratio': 0.2698765432333191}]",0.2,partial,partial=2;unsupported=2;supported=1,5,R2: slipping이라고 보기엔 직전까지 오답이 너무 많음 / R4: 누적정답률 20%와 힌트 누적 사용을 보아 실수로 오답을 냈다고 보기 어려움,['slipping'],[],['The student made an unexpected mistake on content they had previously understood well. '],The student made an unexpected mistake on content they had previously understood well. ,[],"The student is practicing the skill 'discount'. Before these attempts, the student's cumulative accuracy on this skill was 20%. On attempt 1, the student answered correctly, used no hints, and took 0.11 times their own average response time. On attempt 2, the student answered incorrectly, used 1 hint, and took 0.43 times their own average response time. On attempt 3, the student answered incorrectly, used 2 hints, and took 0.27 times their own average response time. On attempt 4, the student answered incorrectly, used 3 hints, and took 0.27 times their own average response time.",slipping,True,False,0.0027656555175781,mDeBERTa-v3-base-mnli-xnli,fact,,,0.0027656555175781,FAIL_NLI,True
Q102,S1,The student demonstrates a strong sense of certainty in their responses.,interpreting-numberline,"[{'step': 0, 'correct': True, 'hint_count': 0, 'response_time_ratio': 0.5385089712381173}, {'step': 107, 'correct': True, 'hint_count': 0, 'response_time_ratio': 0.1833222011024514}, {'step': 161, 'correct': False, 'hint_count': 0, 'response_time_ratio': 0.8822380900557146}]",1.0,supported,supported=5,5,,['overconfidence'],[],"['The student showed excessive confidence, higher than their actual level of understanding warranted.']","The student showed excessive confidence, higher than their actual level of understanding warranted.",[],"The student is practicing the skill 'interpreting-numberline'. Before these attempts, the student's cumulative accuracy on this skill was 100%. On attempt 1, the student answered correctly, used no hints, and took 0.54 times their own average response time. On attempt 2, the student answered correctly, used no hints, and took 0.18 times their own average response time. On attempt 3, the student answered incorrectly, used no hints, and took 0.88 times their own average response time.",overconfidence,True,False,0.73583984375,mDeBERTa-v3-base-mnli-xnli,fact,,,0.73583984375,PASS,True
Q102,S2,This indicates they may have less inclination to seek clarification or consider alternative perspectives.,interpreting-numberline,"[{'step': 0, 'correct': True, 'hint_count': 0, 'response_time_ratio': 0.5385089712381173}, {'step': 107, 'correct': True, 'hint_count': 0, 'response_time_ratio': 0.1833222011024514}, {'step': 161, 'correct': False, 'hint_count': 0, 'response_time_ratio': 0.8822380900557146}]",1.0,unsupported,unsupported=4;partial=1,5,"R2: 정답률이 높음으로 볼 때 힌트를  안쓴것은 불필요해서라서 볼 수 있음 / R3: 의 진술이 모호함 / R4: 해당 학생은 slipping, 높은 확신에도 실수로 추정되는 오답이 있는 것으로 보임. 서술된 두 개의 문장은 overconfidence 상태인 학생에 더 알맞은 설명으로 보임",['overconfidence'],[],"['The student showed excessive confidence, higher than their actual level of understanding warranted.']","The student showed excessive confidence, higher than their actual level of understanding warranted.",[],"The student is practicing the skill 'interpreting-numberline'. Before these attempts, the student's cumulative accuracy on this skill was 100%. On attempt 1, the student answered correctly, used no hints, and took 0.54 times their own average response time. On attempt 2, the student answered correctly, used no hints, and took 0.18 times their own average response time. On attempt 3, the student answered incorrectly, used no hints, and took 0.88 times their own average response time.",overconfidence,True,False,0.0043678283691406,mDeBERTa-v3-base-mnli-xnli,fact,,,0.0043678283691406,FAIL_NLI,True
Q102,S3,Their confidence level appears elevated compared to typical performance benchmarks.,interpreting-numberline,"[{'step': 0, 'correct': True, 'hint_count': 0, 'response_time_ratio': 0.5385089712381173}, {'step': 107, 'correct': True, 'hint_count': 0, 'response_time_ratio': 0.1833222011024514}, {'step': 161, 'correct': False, 'hint_count': 0, 'response_time_ratio': 0.8822380900557146}]",1.0,unsupported,unsupported=5,5,"R2: 비교기준이 제시된 적 없음 / R4: 해당 학생은 slipping, 높은 확신에도 실수로 추정되는 오답이 있는 것으로 보임. 서술된 두 개의 문장은 overconfidence 상태인 학생에 더 알맞은 설명으로 보임",['overconfidence'],[],"['The student showed excessive confidence, higher than their actual level of understanding warranted.']","The student showed excessive confidence, higher than their actual level of understanding warranted.",[],"The student is practicing the skill 'interpreting-numberline'. Before these attempts, the student's cumulative accuracy on this skill was 100%. On attempt 1, the student answered correctly, used no hints, and took 0.54 times their own average response time. On attempt 2, the student answered correctly, used no hints, and took 0.18 times their own average response time. On attempt 3, the student answered incorrectly, used no hints, and took 0.88 times their own average response time.",overconfidence,True,False,0.912109375,mDeBERTa-v3-base-mnli-xnli,fact,,,0.912109375,PASS,True
Q132,S1,"The student exhibits signs of avoiding challenging tasks, indicating a possible reluctance to engage deeply with complex problems.",equation-solving,"[{'step': 252, 'correct': True, 'hint_count': 0, 'response_time_ratio': 0.1768416112043915}, {'step': 253, 'correct': True, 'hint_count': 0, 'response_time_ratio': 0.1768416112043915}, {'step': 254, 'correct': True, 'hint_count': 0, 'response_time_ratio': 6.366297736091485}, {'step': 298, 'correct': False, 'hint_count': 0, 'response_time_ratio': 1.4736800278402908}]",0.6363636363636364,unsupported,unsupported=1,1,R3: 의 경우 응답시간과 정답 여부를 보았을 때 학생이 도전적인 과제 또한 적극적으로 도전함을 예측할 수 있음,['cognitive_avoidance'],[],['The student showed a tendency to avoid difficult problems or avoid asking for help.'],The student showed a tendency to avoid difficult problems or avoid asking for help.,[],"The student is practicing the skill 'equation-solving'. Before these attempts, the student's cumulative accuracy on this skill was 64%. On attempt 1, the student answered correctly, used no hints, and took 0.18 times their own average response time. On attempt 2, the student answered correctly, used no hints, and took 0.18 times their own average response time. On attempt 3, the student answered correctly, used no hints, and took 6.37 times their own average response time. On attempt 4, the student answered incorrectly, used no hints, and took 1.47 times their own average response time.",cognitive_avoidance,False,False,0.98779296875,mDeBERTa-v3-base-mnli-xnli,fact,,,0.98779296875,PASS,True
Q132,S2,"The student also shows frustration that does not lead to effective problem-solving strategies, suggesting difficulty in managing task demands.",equation-solving,"[{'step': 252, 'correct': True, 'hint_count': 0, 'response_time_ratio': 0.1768416112043915}, {'step': 253, 'correct': True, 'hint_count': 0, 'response_time_ratio': 0.1768416112043915}, {'step': 254, 'correct': True, 'hint_count': 0, 'response_time_ratio': 6.366297736091485}, {'step': 298, 'correct': False, 'hint_count': 0, 'response_time_ratio': 1.4736800278402908}]",0.6363636363636364,unsupported,unsupported=1,1,,['unproductive_frustration'],[],['The student experienced unproductive frustration amid repeated failures or difficulty.'],The student experienced unproductive frustration amid repeated failures or difficulty.,[],"The student is practicing the skill 'equation-solving'. Before these attempts, the student's cumulative accuracy on this skill was 64%. On attempt 1, the student answered correctly, used no hints, and took 0.18 times their own average response time. On attempt 2, the student answered correctly, used no hints, and took 0.18 times their own average response time. On attempt 3, the student answered correctly, used no hints, and took 6.37 times their own average response time. On attempt 4, the student answered incorrectly, used no hints, and took 1.47 times their own average response time.",unproductive_frustration,False,False,0.032684326171875,mDeBERTa-v3-base-mnli-xnli,fact,,,0.032684326171875,FAIL_NLI,True
Q020,S1,"The student may have avoided engaging deeply with complex tasks, indicating a possible reluctance to confront challenging material.",pattern-finding,"[{'step': 298, 'correct': True, 'hint_count': 0, 'response_time_ratio': 3.0374753452159147}, {'step': 299, 'correct': True, 'hint_count': 0, 'response_time_ratio': 1.4174885013768943}, {'step': 300, 'correct': True, 'hint_count': 0, 'response_time_ratio': 2.34319526630942}, {'step': 301, 'correct': False, 'hint_count': 0, 'response_time_ratio': 0.4628533859376632}]",0.5555555555555556,unsupported,unsupported=1,1,R2: 은 기록과 정반대,['cognitive_avoidance'],[],['The student showed a tendency to avoid difficult problems or avoid asking for help.'],The student showed a tendency to avoid difficult problems or avoid asking for help.,[],"The student is practicing the skill 'pattern-finding'. Before these attempts, the student's cumulative accuracy on this skill was 56%. On attempt 1, the student answered correctly, used no hints, and took 3.04 times their own average response time. On attempt 2, the student answered correctly, used no hints, and took 1.42 times their own average response time. On attempt 3, the student answered correctly, used no hints, and took 2.34 times their own average response time. On attempt 4, the student answered incorrectly, used no hints, and took 0.46 times their own average response time.",cognitive_avoidance,False,False,0.92236328125,mDeBERTa-v3-base-mnli-xnli,fact,,,0.92236328125,PASS,True
Q020,S2,"There appears to be a notable inconsistency in task completion, suggesting difficulty maintaining focus or accuracy over time.",pattern-finding,"[{'step': 298, 'correct': True, 'hint_count': 0, 'response_time_ratio': 3.0374753452159147}, {'step': 299, 'correct': True, 'hint_count': 0, 'response_time_ratio': 1.4174885013768943}, {'step': 300, 'correct': True, 'hint_count': 0, 'response_time_ratio': 2.34319526630942}, {'step': 301, 'correct': False, 'hint_count': 0, 'response_time_ratio': 0.4628533859376632}]",0.5555555555555556,partial,partial=1,1,,['slipping'],[],['The student made an unexpected mistake on content they had previously understood well.'],The student made an unexpected mistake on content they had previously understood well.,[],"The student is practicing the skill 'pattern-finding'. Before these attempts, the student's cumulative accuracy on this skill was 56%. On attempt 1, the student answered correctly, used no hints, and took 3.04 times their own average response time. On attempt 2, the student answered correctly, used no hints, and took 1.42 times their own average response time. On attempt 3, the student answered correctly, used no hints, and took 2.34 times their own average response time. On attempt 4, the student answered incorrectly, used no hints, and took 0.46 times their own average response time.",slipping,False,False,0.0187530517578125,mDeBERTa-v3-base-mnli-xnli,fact,,,0.0187530517578125,FAIL_NLI,True
Q002,S1,The student may have been overly confident in their understanding of the skill.,sum-of-interior-angles-more-than-3-sides,"[{'step': 474, 'correct': False, 'hint_count': 0, 'response_time_ratio': 0.2563735691555333}, {'step': 475, 'correct': False, 'hint_count': 0, 'response_time_ratio': 0.2563735283921358}, {'step': 476, 'correct': True, 'hint_count': 0, 'response_time_ratio': 0.170915753533753}, {'step': 477, 'correct': False, 'hint_count': 1, 'response_time_ratio': 0.1709156924313857}]",0.25,supported,supported=1,1,,['overconfidence'],[],"['The student showed excessive confidence, higher than their actual level of understanding warranted. ']","The student showed excessive confidence, higher than their actual level of understanding warranted. ",[],"The student is practicing the skill 'sum-of-interior-angles-more-than-3-sides'. Before these attempts, the student's cumulative accuracy on this skill was 25%. On attempt 1, the student answered incorrectly, used no hints, and took 0.26 times their own average response time. On attempt 2, the student answered incorrectly, used no hints, and took 0.26 times their own average response time. On attempt 3, the student answered correctly, used no hints, and took 0.17 times their own average response time. On attempt 4, the student answered incorrectly, used 1 hint, and took 0.17 times their own average response time.",overconfidence,False,False,0.0019159317016601,mDeBERTa-v3-base-mnli-xnli,fact,,,0.0019159317016601,FAIL_NLI,True
Q002,S2,The student may have shown signs of inconsistency in applying the knowledge correctly.,sum-of-interior-angles-more-than-3-sides,"[{'step': 474, 'correct': False, 'hint_count': 0, 'response_time_ratio': 0.2563735691555333}, {'step': 475, 'correct': False, 'hint_count': 0, 'response_time_ratio': 0.2563735283921358}, {'step': 476, 'correct': True, 'hint_count': 0, 'response_time_ratio': 0.170915753533753}, {'step': 477, 'correct': False, 'hint_count': 1, 'response_time_ratio': 0.1709156924313857}]",0.25,supported,supported=1,1,,['slipping'],[],['The student made an unexpected mistake on content they had previously understood well. '],The student made an unexpected mistake on content they had previously understood well. ,[],"The student is practicing the skill 'sum-of-interior-angles-more-than-3-sides'. Before these attempts, the student's cumulative accuracy on this skill was 25%. On attempt 1, the student answered incorrectly, used no hints, and took 0.26 times their own average response time. On attempt 2, the student answered incorrectly, used no hints, and took 0.26 times their own average response time. On attempt 3, the student answered correctly, used no hints, and took 0.17 times their own average response time. On attempt 4, the student answered incorrectly, used 1 hint, and took 0.17 times their own average response time.",slipping,False,False,0.75634765625,mDeBERTa-v3-base-mnli-xnli,fact,,,0.75634765625,PASS,True
