item_id,sentence_id,sentence_text,,record,rater_comments,counter_evidence,note
Q110,S1,The student exhibits signs of avoiding challenging tasks.,그 학생은 어려운 과제를 회피하는 모습을 보인다.,"The student is practicing the skill 'noskill'. Before these attempts, the student's cumulative accuracy on this skill was 46%. On attempt 1, the student answered correctly, used no hints, and took 0.62 times their own average response time. On attempt 2, the student answered incorrectly, used no hints, and took 1.08 times their own average response time. On attempt 3, the student answered correctly, used no hints, and took 0.54 times their own average response time. On attempt 4, the student answered incorrectly, used no hints, and took 0.40 times their own average response time.","R2: S1 응답시간 평범하고 정답률도 46% | R4: s1: 63 문항은 틀리긴 했지만 오랜 시간 동안 도전했기에 회피하는 징후는 보이지 않음. 
s2: 누적 정답률과 비슷한 정답률을 보인다는 점에서 어느 정도 일리가 있으나, 패턴을 알 수는 없음. ",yes,
Q075,S1,The student may have avoided engaging deeply with the problem-solving process.,그 학생은 문제 해결 과정에 깊이 관여하는 것을 회피했을 수도 있습니다.,"The student is practicing the skill 'combinatorics'. Before these attempts, the student's cumulative accuracy on this skill was 0%. On attempt 1, the student answered incorrectly, used no hints, and took 2.72 times their own average response time. On attempt 2, the student answered incorrectly, used 1 hint, and took 0.24 times their own average response time. On attempt 3, the student answered incorrectly, used 2 hints, and took 1.43 times their own average response time. On attempt 4, the student answered incorrectly, used 2 hints, and took 2.38 times their own average response time.","R2: S1 응답시간도 길고 힌트도 봄. S2 역시 응답시간도 길고 힌트도 봄. | R4: s1,2: 긴 응답시간을 소요하며 점차적으로 힌트도 사용하며 문제에 직면하고 해결하려는 모습을 보임. 서술문과 반대되는 행동 기록으로 보이며, unproductive frustration에 가까워 보임.  | R5: S1, S2- 힌트사용 + 나름 긴 응답 시간 등을 고려했을 때 회피 성향이 나타난다고 보기 어려움",yes,
Q037,S1,The student may have overestimated their ability to perform the task successfully.,학생은 자신이 그 과제를 성공적으로 수행할 수 있는 능력을 과대평가했을 수도 있습니다.,"The student is practicing the skill 'symbolization-articulation'. Before these attempts, the student's cumulative accuracy on this skill was 0%. On attempt 1, the student answered incorrectly, used 1 hint, and took 0.22 times their own average response time. On attempt 2, the student answered incorrectly, used 1 hint, and took 2.21 times their own average response time. On attempt 3, the student answered incorrectly, used 2 hints, and took 0.34 times their own average response time. On attempt 4, the student answered incorrectly, used 3 hints, and took 0.18 times their own average response time.","R2: S2 힌트를 쓴것은 어려움을 인식한 것임 S3 4문항 모두 힌트를 쓴 것을 볼때 이전 지식 의존이라고 보기 어려움 S4 힌트를 많이 사용한 것을 볼때 교정 지도를 적극 활용함 | R3: S4의 진술문이 행동기록으로 도출될 수 있는 것인지 모르겠습니다 | R4: s2: 전반적으로 overconfidence로 인식 부족이 있을 수 있으나, 힌트를 계속 사용하고 147문항에서 긴 응답시간을 보낸 것 등을 통해 학생이 어려움을 느끼고 인식했을 가능성 또한 볼 수 있음. 
s3, 4: 행동 기록에서 알 수 없음.",no,
Q038,S1,The student exhibits signs of avoiding challenging tasks during the number line interpretation activity.,학생은 수직선 해석 활동 중 어려운 과제를 회피하는 모습을 보입니다.,"The student is practicing the skill 'interpreting-numberline'. Before these attempts, the student's cumulative accuracy on this skill was 86%. On attempt 1, the student answered correctly, used no hints, and took 0.74 times their own average response time. On attempt 2, the student answered correctly, used no hints, and took 0.46 times their own average response time. On attempt 3, the student answered correctly, used no hints, and took 0.93 times their own average response time. On attempt 4, the student answered incorrectly, used no hints, and took 0.51 times their own average response time.","R1: s1  도전적인 과제를 피하는 징후를 보이는지 물었는데 해당 학생은 지금까지의 누적 정답율이 높고 4문제 중 3문제를 정답으로 맞추었고, 응답시간이 너무 빠른 기록은 없었기에 행동 기록과 맞지 않다고 생각됩니다. 
s2 지금까지의 높은 정답율처럼 4문제 중 3문제를 맞추었기에 문제 해결을 위한 노력으로 이어지지 않는 불만을 보인다고 판단할 수 없다.",yes,
Q066,S1,The student may have been overly confident in their ability to solve problems related to multiplying decimals.,그 학생은 소수 곱셈과 관련된 문제를 해결하는 능력에 지나치게 자신감을 가졌을지도 모릅니다.,"The student is practicing the skill 'multiplying-decimals'. Before these attempts, the student's cumulative accuracy on this skill was 39%. On attempt 1, the student answered correctly, used 4 hints, and took 0.05 times their own average response time. On attempt 2, the student answered incorrectly, used 6 hints, and took 0.38 times their own average response time. On attempt 3, the student answered incorrectly, used 6 hints, and took 0.11 times their own average response time. On attempt 4, the student answered incorrectly, used 6 hints, and took 0.05 times their own average response time.",R1: s1: 과도하게 자신감을 가졌을 수도 있다라고 나와있는데 해당 학생은 여러차례 힌트를 확인하여 문제를 풀었기에 자신감이 있다고 단정지을 수는 없다고 생각됩니다.,yes,
Q037,S2,This indicates a possible lack of awareness regarding the difficulty of the skill being practiced.,이는 연습 중인 기술의 난이도에 대한 인식이 부족할 가능성을 시사합니다.,"The student is practicing the skill 'symbolization-articulation'. Before these attempts, the student's cumulative accuracy on this skill was 0%. On attempt 1, the student answered incorrectly, used 1 hint, and took 0.22 times their own average response time. On attempt 2, the student answered incorrectly, used 1 hint, and took 2.21 times their own average response time. On attempt 3, the student answered incorrectly, used 2 hints, and took 0.34 times their own average response time. On attempt 4, the student answered incorrectly, used 3 hints, and took 0.18 times their own average response time.","R2: S2 힌트를 쓴것은 어려움을 인식한 것임 S3 4문항 모두 힌트를 쓴 것을 볼때 이전 지식 의존이라고 보기 어려움 S4 힌트를 많이 사용한 것을 볼때 교정 지도를 적극 활용함 | R3: S4의 진술문이 행동기록으로 도출될 수 있는 것인지 모르겠습니다 | R4: s2: 전반적으로 overconfidence로 인식 부족이 있을 수 있으나, 힌트를 계속 사용하고 147문항에서 긴 응답시간을 보낸 것 등을 통해 학생이 어려움을 느끼고 인식했을 가능성 또한 볼 수 있음. 
s3, 4: 행동 기록에서 알 수 없음.",yes,
Q074,S1,The student exhibits signs of avoiding challenging aspects of the task.,학생은 과제의 어려운 부분을 회피하는 경향을 보인다.,"The student is practicing the skill 'interpreting-linear-equations'. Before these attempts, the student's cumulative accuracy on this skill was 25%. On attempt 1, the student answered incorrectly, used no hints, and took 1.08 times their own average response time. On attempt 2, the student answered incorrectly, used no hints, and took 0.99 times their own average response time. On attempt 3, the student answered correctly, used no hints, and took 1.01 times their own average response time. On attempt 4, the student answered incorrectly, used no hints, and took 1.01 times their own average response time.","R2: S1 응답시간 평범함. 피하려는 모습 보이지 않음. S2 반복 오답도 없고 감정 판단할 수 있는 판단 근거도 없음. | R3: S2의 제시된 학생의 불만을 알 수 없음 | R4: s1: 반복적인 오답에도 힌트를 전혀 사용하지 않는다는 점에서 약간의 회피 가능성이 보인다고 할 수 있음. 
s2: fustration 등의 어려움을 판단할 근거가 없음. ",yes,"R2는 명백한 모순 지적, R4는 가능성이 있음. 평정자 간 의견 불일치"
Q079,S2,This avoidance could manifest through minimal effort or disengagement during the task.,이러한 회피는 과제 수행 중 최소한의 노력이나 무관심으로 나타날 수 있습니다.,"The student is practicing the skill 'equation-concept'. Before these attempts, the student's cumulative accuracy on this skill was 67%. On attempt 1, the student answered incorrectly, used no hints, and took 4.36 times their own average response time. On attempt 2, the student answered correctly, used no hints, and took 1.71 times their own average response time. On attempt 3, the student answered correctly, used no hints, and took 1.14 times their own average response time. On attempt 4, the student answered incorrectly, used no hints, and took 1.25 times their own average response time.","R4: s1: 힌트 사용 없이 높은 응답 시간을 소요하며 문제와 소통하려는 노력을 보이고 있음. 서술된 문장과 반대로 보임. 
s2: 모든 문항에서 꽤 긴 응답 시간을 소요하는 것으로 볼 때 노력을 안하거나 중단할 가능성은 낮아보임.",yes,
Q076,S3,"This combination appears to be present, though this is not certain.","이러한 조합이 존재하는 것으로 보이지만, 확실하지는 않습니다.","The student is practicing the skill 'area'. Before these attempts, the student's cumulative accuracy on this skill was 36%. On attempt 1, the student answered correctly, used no hints, and took 1.23 times their own average response time. On attempt 2, the student answered incorrectly, used no hints, and took 0.77 times their own average response time. On attempt 3, the student answered correctly, used no hints, and took 0.32 times their own average response time. On attempt 4, the student answered incorrectly, used no hints, and took 0.55 times their own average response time.","R1: [S1] 모든 문제에서 힌트를 사용하지 않았기 때문에 깊이있게 소통했을 가능성도 있으며, 14단계에서는 힌트를 쓰지 않고 평균 시간대비 오래 걸렸기에 깊이있는 소통을 하지 않았다고만 볼 수는 없다. | R2: S1 응답시간 평범하고 가장 짧은 시간 걸린것은 정답임 S3 회피쪽 전제가 성립하지 않음 | R4: s1: 전체적으로 문항 응답이 모두 짧은 것이 아니고 정답률도 50%이므로 회피라고 보기 어려움.
s3: 맞는 말이긴 하지만, 의미 있는 분석이 아님.  | R5: S3- 무슨 말을 하고 싶은 건지 모르겠음",yes,
Q122,S1,The student exhibits clear signs of avoiding challenging tasks.,그 학생은 어려운 과제를 회피하는 분명한 징후를 보인다.,"The student is practicing the skill 'inducing-functions'. Before these attempts, the student's cumulative accuracy on this skill was 45%. On attempt 1, the student answered incorrectly, used no hints, and took 2.25 times their own average response time. On attempt 2, the student answered incorrectly, used 1 hint, and took 0.29 times their own average response time. On attempt 3, the student answered incorrectly, used 2 hints, and took 1.25 times their own average response time. On attempt 4, the student answered incorrectly, used 3 hints, and took 0.18 times their own average response time.",(no comment),no,
Q041,S3,"The presence of high confidence suggests a possible alignment with productive struggle, although this remains uncertain.","높은 자신감의 존재는 생산적인 투쟁과의 연관성을 시사하지만, 이는 여전히 불확실하다.","The student is practicing the skill 'order-of-operations'. Before these attempts, the student's cumulative accuracy on this skill was 25%. On attempt 1, the student answered correctly, used no hints, and took 0.70 times their own average response time. On attempt 2, the student answered incorrectly, used no hints, and took 0.62 times their own average response time. On attempt 3, the student answered incorrectly, used no hints, and took 0.92 times their own average response time. On attempt 4, the student answered correctly, used no hints, and took 0.84 times their own average response time.","R4: s3: overconfidence는 약간 보일 수 있지만, productive struggle은 보인다고 하기 어려움.",yes,
Q013,S3,"Additionally, there is evidence of slipping in performance.",게다가 실적 저하의 징후도 나타나고 있습니다.,"The student is practicing the skill 'proportion'. Before these attempts, the student's cumulative accuracy on this skill was 22%. On attempt 1, the student answered incorrectly, used no hints, and took 0.12 times their own average response time. On attempt 2, the student answered correctly, used no hints, and took 0.06 times their own average response time. On attempt 3, the student answered incorrectly, used no hints, and took 0.12 times their own average response time. On attempt 4, the student answered incorrectly, used no hints, and took 0.18 times their own average response time.","R2: S2 응답시간 0.06~0.18배로 노력 흔적 없음 S3 기존 정답률이 23%로 이번에만 특히 낮았다고 보기 어려움 | R3: S2에서 좌절이라 하기에는 응답시간이 짧은 것으로 생각됨 | R4: s2: 매우 짧은 응답 시간을 보아 높은 노력을 기울였다고 보기 어려움. 
s3: 낮은 직전/현재 정답률을 통해 실수라고 보기 어려움.",yes,
Q051,S2,"The behavior appears to be persistent, indicating a strong inclination to steer clear of complex situations.","이러한 행동은 지속적으로 나타나는데, 이는 복잡한 상황을 회피하려는 강한 성향을 시사합니다.","The student is practicing the skill 'rate'. Before these attempts, the student's cumulative accuracy on this skill was 0%. On attempt 1, the student answered incorrectly, used no hints, and took 3.42 times their own average response time. On attempt 2, the student answered incorrectly, used no hints, and took 1.32 times their own average response time. On attempt 3, the student answered incorrectly, used no hints, and took 0.88 times their own average response time. On attempt 4, the student answered incorrectly, used no hints, and took 1.13 times their own average response time.","R2: S1, S2, S3 회피가 아니라 실패하는 상황(응답시간이 짧지 않음.) | R3: S1을 보았을 때 도전적인 문항에도 계속 도전하는 것으로 보입니다. | R4: s1: 28번 문항 등 전반적인 문항에서 높은 응답 시간을 기록하며 힌트 없이 문제를 해결하기 위해 노력을 한 것으로 보임. 도전적인 과제를 피한다고 보기 어려움. 
s2: 이 행동이 전반적인 문항에 나타나는 것으로 보아 지속적으로 보인다는 판단은 옳으나, 복잡한 상황을 피하려는 경향성이 있는지 판단하기는 어려움. 
s3: 계속되는 오답에서 힌트를 전혀 사용하지 않았다는 점에서 깊이 소통하려는 의지가 다소 부족하다는 판단도 가능함. 하지만 28번 문항같이 긴 응답 시간을 보내며 문제와 소통하려 했다는 점에서 이 문장을 확신하긴 어려움.",yes,
Q091,S1,The student exhibits signs of avoiding challenging aspects of the task.,학생은 과제의 어려운 부분을 회피하는 경향을 보인다.,"The student is practicing the skill 'triangle-inequality'. Before these attempts, the student's cumulative accuracy on this skill was 40%. On attempt 1, the student answered correctly, used no hints, and took 0.16 times their own average response time. On attempt 2, the student answered incorrectly, used no hints, and took 0.99 times their own average response time. On attempt 3, the student answered correctly, used no hints, and took 0.66 times their own average response time. On attempt 4, the student answered incorrectly, used no hints, and took 1.21 times their own average response time.",R2: S1 오답은 오히려 0.99·1.21배로 시간을 들임. S2 본문자료만으로는 판단 불가능한 문장임.,yes,
Q006,S2,The student also shows unproductive frustration during the skill practice.,학생은 기술 연습 중에도 비생산적인 좌절감을 드러냅니다.,"The student is practicing the skill 'multiplying-decimals'. Before these attempts, the student's cumulative accuracy on this skill was 33%. On attempt 1, the student answered incorrectly, used no hints, and took 3.74 times their own average response time. On attempt 2, the student answered incorrectly, used no hints, and took 0.42 times their own average response time. On attempt 3, the student answered correctly, used no hints, and took 0.97 times their own average response time. On attempt 4, the student answered incorrectly, used no hints, and took 3.29 times their own average response time.",(no comment),no,
Q047,S3,The level of frustration remains consistently high throughout the activity.,활동 전반에 걸쳐 좌절감의 정도가 지속적으로 높게 유지됩니다.,"The student is practicing the skill 'sum-of-interior-angles-more-than-3-sides'. Before these attempts, the student's cumulative accuracy on this skill was 18%. On attempt 1, the student answered incorrectly, used 1 hint, and took 0.13 times their own average response time. On attempt 2, the student answered incorrectly, used 2 hints, and took 0.26 times their own average response time. On attempt 3, the student answered correctly, used 2 hints, and took 1.05 times their own average response time. On attempt 4, the student answered incorrectly, used 1 hint, and took 3.02 times their own average response time.","R2: S3 응답 시간 차이가 큰데 일관된다는 것은 이상함. | R4: s1: 앞에서는 응답 시간이 짧지만 뒤로 갈수록 긴 응답시간과 힌트 사용을 통해 높은 노력을 보임. 어느 정도 unproductive frustration의 조건에 부합해보이나 frustration이라기엔 뒤로 갈수록 높은 응답시간을 보이며 문제를 해결하려는 의지를 보이는 것 같음. 
s3: 오히려 뒤로 갈수록 문제에 많은 시간을 할애하는 것으로 보아 frustration이 일관되게 높다고 보기 어려움.",yes,
Q104,S1,"The student may have avoided engaging deeply with the material, indicating a possible reluctance to confront challenging aspects.","학생은 학습 내용에 깊이 몰입하지 않았을 가능성이 있으며, 이는 어려운 측면에 직면하기를 꺼리는 태도를 나타내는 것일 수 있습니다.","The student is practicing the skill 'rate'. Before these attempts, the student's cumulative accuracy on this skill was 60%. On attempt 1, the student answered correctly, used no hints, and took 3.70 times their own average response time. On attempt 2, the student answered incorrectly, used no hints, and took 2.87 times their own average response time. On attempt 3, the student answered correctly, used no hints, and took 0.58 times their own average response time. On attempt 4, the student answered incorrectly, used no hints, and took 0.71 times their own average response time.","R1: s1: 학생이 596단계를 풀때 3.70배의 응답시간, 601단계를 풀때 2.87배의 응답시간을 보이고 전체적으로 힌트를 미사용했으며, 정답률60퍼센트를 기록한 것으로 보아 어려운 측면에 직면하는 것을 회피하고자 한다고 볼 수는 없을 것 같습니다.  | R2: S1 힌트 없이 오랜 시간 고민한 것을 볼때 깊이적으로 소통 안했다고 보기 어려움. S3 조합이 무엇인지 알 수 없음. | R3: S1과 대비하였을 떄 각 문항에 충분한 시간을 투자한 것으로 보임. | R4: s1: 문항 596, 601에서 긴 응답 시간을 보내며 문제를 해결하고자 하는 의지를 보임. 문제를 회피했다고 보기 어려움. 
s3: 맞는 말이긴 하지만, 의미있는 분석이 아님. | R5: S1- Cognitive Avoidance를 뒷받침할 과도한 힌트 의존이나 반복 추측이 없음. 오히려 전 문항 힌트 미사용",yes,
Q097,S1,"The student exhibits signs of avoiding engaging deeply with the task, indicating a possible reluctance to confront challenging aspects of the skill.","학생은 과제에 깊이 몰입하는 것을 회피하는 모습을 보이며, 이는 해당 기술의 어려운 측면에 직면하는 것을 꺼리는 경향이 있음을 시사합니다.","The student is practicing the skill 'sum-of-interior-angles-more-than-3-sides'. Before these attempts, the student's cumulative accuracy on this skill was 25%. On attempt 1, the student answered incorrectly, used no hints, and took 0.46 times their own average response time. On attempt 2, the student answered incorrectly, used no hints, and took 0.62 times their own average response time. On attempt 3, the student answered correctly, used no hints, and took 4.85 times their own average response time. On attempt 4, the student answered incorrectly, used no hints, and took 3.25 times their own average response time.",(no comment),no,
Q081,S1,The student exhibits signs of unproductive frustration.,학생은 비생산적인 좌절감을 나타내는 징후를 보인다.,"The student is practicing the skill 'noskill'. Before these attempts, the student's cumulative accuracy on this skill was 66%. On attempt 1, the student answered correctly, used no hints, and took 0.12 times their own average response time. On attempt 2, the student answered correctly, used no hints, and took 0.36 times their own average response time. On attempt 3, the student answered incorrectly, used no hints, and took 0.42 times their own average response time. On attempt 4, the student answered incorrectly, used no hints, and took 0.08 times their own average response time.","R2: S1은 근거 없이 비생산적 좌절을 주장 S2 감정관련 내용없음 | R3: S2의 감정의 문제를 판단할 수 있는지 모르겠음 | R4: S1: unproductive frustration은 높은 노력을 전제로 하는데 학생의 응답 시간이 4문항 모두 매우 짧은 것으로 보아 높은 노력을 했다고 보기 힘듦. 
S2: 높은 수준의 강도가 기록되지 않았음에도 기록되었다고 보고 그 것을 기반으로 판단함. | R5: S1- 힌트 미사용 + 다소 짧은 응답시간으로 unproductive frustration로 보기 어려움
S2- 강한 감정 수준은 제시된 행동 기록에서 확인되지 않음
S3- 기록만으로 alternative coping strategies 사용 여부 판단 불가함",yes,
Q045,S1,"The student exhibits overconfident tendencies during exponent problems, often dismissing alternative approaches without thorough consideration.","이 학생은 지수 문제 풀이 시 지나치게 자신감 있는 경향을 보이며, 충분한 고려 없이 다른 접근 방식을 종종 배제합니다.","The student is practicing the skill 'exponents'. Before these attempts, the student's cumulative accuracy on this skill was 30%. On attempt 1, the student answered incorrectly, used no hints, and took 0.55 times their own average response time. On attempt 2, the student answered incorrectly, used no hints, and took 0.24 times their own average response time. On attempt 3, the student answered correctly, used no hints, and took 0.71 times their own average response time. On attempt 4, the student answered incorrectly, used no hints, and took 1.02 times their own average response time.","R2: S1 대안적인 접근 방법은 이 기록들로는 판별이 어려움. S2 이 문항들로는 감정 파악 확인 어려움.  | R4: s1: overconfidence 지표가 강하게 드러나지만, 깊은 생각 없이 대안을 고려하지 않는 다는 문장 뒷부분은 뒷받침되지 않음. 
s2: unproductive frustration은 높은 노력에도 반복 오답을 보이는 것인데, 힌트를 모두 미사용하고 응시간이 짧은 편인 것을 보아 높은 노력이라 보기 어렵고, 복잡한 문제에 대한 어려움인지 판단 또한 불가능함.",no,
Q006,S1,The student exhibits signs of avoiding challenging tasks related to multiplying decimals.,해당 학생은 소수 곱셈과 관련된 어려운 문제를 회피하는 경향을 보입니다.,"The student is practicing the skill 'multiplying-decimals'. Before these attempts, the student's cumulative accuracy on this skill was 33%. On attempt 1, the student answered incorrectly, used no hints, and took 3.74 times their own average response time. On attempt 2, the student answered incorrectly, used no hints, and took 0.42 times their own average response time. On attempt 3, the student answered correctly, used no hints, and took 0.97 times their own average response time. On attempt 4, the student answered incorrectly, used no hints, and took 3.29 times their own average response time.",(no comment),no,
Q081,S2,"This emotion appears to be intense, given the high status level recorded.","기록된 높은 지위 수준을 고려할 때, 이 감정은 매우 강렬한 것으로 보입니다.","The student is practicing the skill 'noskill'. Before these attempts, the student's cumulative accuracy on this skill was 66%. On attempt 1, the student answered correctly, used no hints, and took 0.12 times their own average response time. On attempt 2, the student answered correctly, used no hints, and took 0.36 times their own average response time. On attempt 3, the student answered incorrectly, used no hints, and took 0.42 times their own average response time. On attempt 4, the student answered incorrectly, used no hints, and took 0.08 times their own average response time.","R2: S1은 근거 없이 비생산적 좌절을 주장 S2 감정관련 내용없음 | R3: S2의 감정의 문제를 판단할 수 있는지 모르겠음 | R4: S1: unproductive frustration은 높은 노력을 전제로 하는데 학생의 응답 시간이 4문항 모두 매우 짧은 것으로 보아 높은 노력을 했다고 보기 힘듦. 
S2: 높은 수준의 강도가 기록되지 않았음에도 기록되었다고 보고 그 것을 기반으로 판단함. | R5: S1- 힌트 미사용 + 다소 짧은 응답시간으로 unproductive frustration로 보기 어려움
S2- 강한 감정 수준은 제시된 행동 기록에서 확인되지 않음
S3- 기록만으로 alternative coping strategies 사용 여부 판단 불가함",no,
Q140,S2,Their confidence level appears elevated compared to typical performance expectations.,그들의 자신감 수준은 일반적인 성과 기대치에 비해 높아 보입니다.,"The student is practicing the skill 'transversals'. Before these attempts, the student's cumulative accuracy on this skill was 0%. On attempt 1, the student answered incorrectly, used no hints, and took 1.98 times their own average response time. On attempt 2, the student answered incorrectly, used 1 hint, and took 0.55 times their own average response time.","R4: s1, 2: 문항 63에서는 응답시간이 빠르고 오답을 골랐으나, 힌트를 사용하였고 문항 64에서는 응답시간이 길고 고민 후에 오답을 고른 것으로 보아 자신감이 없었을 가능성이 높음.",yes,
Q098,S1,"The student may have avoided engaging deeply with complex tasks, indicating a possible reluctance to confront challenging material.","학생은 복잡한 과제에 깊이 몰입하는 것을 회피했을 수 있으며, 이는 어려운 자료에 직면하는 것을 꺼리는 성향을 나타낼 수 있습니다.","The student is practicing the skill 'pattern-finding'. Before these attempts, the student's cumulative accuracy on this skill was 26%. On attempt 1, the student answered correctly, used no hints, and took 0.96 times their own average response time. On attempt 2, the student answered correctly, used no hints, and took 0.80 times their own average response time. On attempt 3, the student answered incorrectly, used no hints, and took 0.46 times their own average response time. On attempt 4, the student answered incorrectly, used no hints, and took 0.55 times their own average response time.",(no comment),no,
Q012,S2,"There appears to be a noticeable inconsistency in performance across similar problems, suggesting difficulty maintaining focus or applying learned strategies consistently.","유사한 문제들 사이에서도 수행 능력에 상당한 불일치가 나타나는데, 이는 집중력을 유지하거나 학습한 전략을 일관되게 적용하는 데 어려움이 있음을 시사합니다.","The student is practicing the skill 'pattern-finding'. Before these attempts, the student's cumulative accuracy on this skill was 45%. On attempt 1, the student answered correctly, used 3 hints, and took 0.13 times their own average response time. On attempt 2, the student answered incorrectly, used no hints, and took 0.35 times their own average response time. On attempt 3, the student answered incorrectly, used 1 hint, and took 0.15 times their own average response time. On attempt 4, the student answered incorrectly, used 1 hint, and took 0.46 times their own average response time.",(no comment),no,
Q051,S1,The student exhibits clear signs of avoiding challenging tasks.,그 학생은 어려운 과제를 회피하는 분명한 징후를 보인다.,"The student is practicing the skill 'rate'. Before these attempts, the student's cumulative accuracy on this skill was 0%. On attempt 1, the student answered incorrectly, used no hints, and took 3.42 times their own average response time. On attempt 2, the student answered incorrectly, used no hints, and took 1.32 times their own average response time. On attempt 3, the student answered incorrectly, used no hints, and took 0.88 times their own average response time. On attempt 4, the student answered incorrectly, used no hints, and took 1.13 times their own average response time.","R2: S1, S2, S3 회피가 아니라 실패하는 상황(응답시간이 짧지 않음.) | R3: S1을 보았을 때 도전적인 문항에도 계속 도전하는 것으로 보입니다. | R4: s1: 28번 문항 등 전반적인 문항에서 높은 응답 시간을 기록하며 힌트 없이 문제를 해결하기 위해 노력을 한 것으로 보임. 도전적인 과제를 피한다고 보기 어려움. 
s2: 이 행동이 전반적인 문항에 나타나는 것으로 보아 지속적으로 보인다는 판단은 옳으나, 복잡한 상황을 피하려는 경향성이 있는지 판단하기는 어려움. 
s3: 계속되는 오답에서 힌트를 전혀 사용하지 않았다는 점에서 깊이 소통하려는 의지가 다소 부족하다는 판단도 가능함. 하지만 28번 문항같이 긴 응답 시간을 보내며 문제와 소통하려 했다는 점에서 이 문장을 확신하긴 어려움.",yes,
Q083,S2,"The student also showed a clear inclination to avoid deeper cognitive effort, indicating a preference for less challenging tasks.","또한, 그 학생은 심도 있는 인지적 노력을 피하려는 분명한 경향을 보였으며, 이는 덜 어려운 과제를 선호함을 나타냅니다.","The student is practicing the skill 'combinatorics'. Before these attempts, the student's cumulative accuracy on this skill was 19%. On attempt 1, the student answered incorrectly, used 1 hint, and took 0.43 times their own average response time. On attempt 2, the student answered incorrectly, used 2 hints, and took 0.05 times their own average response time. On attempt 3, the student answered incorrectly, used 3 hints, and took 0.11 times their own average response time. On attempt 4, the student answered correctly, used 3 hints, and took 0.38 times their own average response time.",(no comment),no,
Q115,S2,"The student also shows frustration that does not lead to effective problem-solving strategies, suggesting difficulty in managing emotional responses during task completion.","또한 학생은 효과적인 문제 해결 전략으로 이어지지 않는 좌절감을 드러내는데, 이는 과제 수행 중 감정적 반응을 관리하는 데 어려움을 겪고 있음을 시사합니다.","The student is practicing the skill 'algebraic-manipulation'. Before these attempts, the student's cumulative accuracy on this skill was 42%. On attempt 1, the student answered correctly, used no hints, and took 0.25 times their own average response time. On attempt 2, the student answered correctly, used no hints, and took 1.21 times their own average response time. On attempt 3, the student answered correctly, used no hints, and took 1.58 times their own average response time. On attempt 4, the student answered incorrectly, used no hints, and took 1.25 times their own average response time.","R4: S1: 오히려 이 학생은 힌트를 사용하지 않고 시간을 들여 본인이 지속적으로 시도하는 productive struggle 지표를 보임.
s2: 주어진 행동 기록을 통해 좌절감을 느끼는 부분을 찾을 수 없음. ",no,
Q107,S1,The student demonstrated a strong inclination toward independent problem-solving despite receiving hints.,학생은 힌트를 받았음에도 불구하고 스스로 문제를 해결하려는 강한 성향을 보였다.,"The student is practicing the skill 'substitution'. Before these attempts, the student's cumulative accuracy on this skill was 33%. On attempt 1, the student answered incorrectly, used 1 hint, and took 0.22 times their own average response time. On attempt 2, the student answered incorrectly, used 1 hint, and took 0.66 times their own average response time. On attempt 3, the student answered incorrectly, used 1 hint, and took 2.85 times their own average response time. On attempt 4, the student answered correctly, used 1 hint, and took 1.11 times their own average response time.",(no comment),no,
Q011,S1,The student exhibits signs of unproductive frustration during the task.,학생은 과제 수행 중 비생산적인 좌절감을 보이는 징후를 나타냅니다.,"The student is practicing the skill 'interpreting-linear-equations'. Before these attempts, the student's cumulative accuracy on this skill was 19%. On attempt 1, the student answered correctly, used 5 hints, and took 0.34 times their own average response time. On attempt 2, the student answered incorrectly, used no hints, and took 0.34 times their own average response time. On attempt 3, the student answered incorrectly, used 1 hint, and took 0.08 times their own average response time. On attempt 4, the student answered incorrectly, used 2 hints, and took 0.04 times their own average response time.",R2: S1은 근거 없이 좌절 주장. 응답시간 오히려 감소. S2 감정관련 내용 없음,no,
Q128,S1,"The student engaged in independent problem-solving despite receiving a hint, indicating a strong capacity for productive struggle.","학생은 힌트를 받았음에도 불구하고 스스로 문제를 해결하려 노력했으며, 이는 생산적인 문제 해결 능력이 뛰어남을 보여줍니다.","The student is practicing the skill 'pattern-finding'. Before these attempts, the student's cumulative accuracy on this skill was 37%. On attempt 1, the student answered incorrectly, used 2 hints, and took 0.37 times their own average response time. On attempt 2, the student answered incorrectly, used 2 hints, and took 0.15 times their own average response time. On attempt 3, the student answered incorrectly, used 2 hints, and took 2.31 times their own average response time. On attempt 4, the student answered correctly, used 2 hints, and took 0.60 times their own average response time.",(no comment),no,
Q003,S3,"There appears to be a potential conflict between the high confidence level and the tendency to avoid difficult work, though this remains uncertain.","높은 자신감과 어려운 일을 회피하려는 경향 사이에 잠재적인 갈등이 있는 것으로 보이지만, 이는 아직 불확실하다.","The student is practicing the skill 'probability'. Before these attempts, the student's cumulative accuracy on this skill was 100%. On attempt 1, the student answered correctly, used no hints, and took 0.48 times their own average response time. On attempt 2, the student answered correctly, used no hints, and took 1.37 times their own average response time. On attempt 3, the student answered correctly, used no hints, and took 0.41 times their own average response time.",R2: S1 S3 3문항 모두 정답이며 회피했다고 보기 어려움.,yes,
Q053,S2,"The student demonstrated a strong inclination to avoid engaging deeply with challenging tasks, as evidenced by their frequent reluctance to attempt problems requiring sustained mental effort.","해당 학생은 지속적인 정신적 노력이 필요한 문제에 도전하기를 자주 꺼리는 모습에서 알 수 있듯이, 어려운 과제에 깊이 몰두하는 것을 회피하는 강한 성향을 보였다.","The student is practicing the skill 'noskill'. Before these attempts, the student's cumulative accuracy on this skill was 40%. On attempt 1, the student answered incorrectly, used no hints, and took 0.88 times their own average response time. On attempt 2, the student answered correctly, used no hints, and took 0.11 times their own average response time. On attempt 3, the student answered incorrectly, used no hints, and took 4.48 times their own average response time. On attempt 4, the student answered correctly, used no hints, and took 0.20 times their own average response time.","R5: S2- 어떤 문제가 challenging tasks인지 알 수 있는 근거가 없음. + 오히려 오답한 문제에서 긴 시간을 할애함
S3- 오히려 정답인 문제는 적은 시간 투여 + 오답은 많은 노력 투여 여서 notable connect 같음 (진짜 자신이 풀 수 없는 문제만 틀린 느낌)",yes,
Q050,S2,This confidence appears to be consistently maintained across multiple instances.,이러한 확신은 여러 사례에 걸쳐 일관되게 유지되는 것으로 보입니다.,"The student is practicing the skill 'percent-of'. Before these attempts, the student's cumulative accuracy on this skill was 0%. On attempt 1, the student answered incorrectly, used 1 hint, and took 1.60 times their own average response time. On attempt 2, the student answered incorrectly, used no hints, and took 1.69 times their own average response time.","R1: s3: 의심 징후가 전혀 보이지 않는 다고 하였는데 30단계에서 힌트를 1회 사용했기 때문에 맞지 않는 다고 생각되었다.  | R2: S1 오답인데다가 응답시간도 평균보다 김 S2 S1전제가 잘못되어있음 S3 긴 고민시간을 통해 의심 징후가 강하게 드러남. | R3: S1에서 강한 확신은 짧은 응답시간을 근거로 하는 것으로 알고있지만 그렇지 아니함 | R4: s1,2,3: 긴 응답시간을 사용하며 문제를 해결하고 오답을 도출해내고 힌트도 1회 사용한 것을 통해 높은 자신감을 가지고 있다기 보단 의심의 징후가 약간 보인다고 할 수 있음.  | R5: S1~S3의 높은 확신 및 망설임 없음에 대한 주장은 행동 기록과 부합하지 않음. 두 문항 모두 오답이며 응답시간도 개인평균 대비 1.60배, 1.69배로 길어 높은 확신을 뒷받침하는 응답시간 패턴이 나타나지 않음.",yes,
Q018,S1,"The student provided a correct response without seeking assistance, indicating some level of mastery or understanding.",학생은 도움을 요청하지 않고 정답을 제시하여 어느 정도 숙달 또는 이해도를 보여주었다.,"The student is practicing the skill 'stem-and-leaf-plot'. Before these attempts, the student's cumulative accuracy on this skill was 0%. On attempt 1, the student answered incorrectly, used no hints, and took 1.62 times their own average response time. On attempt 2, the student answered incorrectly, used no hints, and took 1.00 times their own average response time. On attempt 3, the student answered incorrectly, used no hints, and took 0.49 times their own average response time. On attempt 4, the student answered correctly, used no hints, and took 0.16 times their own average response time.",(no comment),no,
Q090,S2,"There appears to be a noticeable inconsistency in performance, suggesting difficulty maintaining focus or accuracy over time.","수행 능력에 상당한 일관성 부족이 나타나는데, 이는 시간이 지남에 따라 집중력이나 정확성을 유지하는 데 어려움을 겪는다는 것을 시사합니다.","The student is practicing the skill 'area'. Before these attempts, the student's cumulative accuracy on this skill was 17%. On attempt 1, the student answered incorrectly, used no hints, and took 0.72 times their own average response time. On attempt 2, the student answered incorrectly, used 1 hint, and took 3.20 times their own average response time. On attempt 3, the student answered correctly, used no hints, and took 0.44 times their own average response time. On attempt 4, the student answered incorrectly, used no hints, and took 0.69 times their own average response time.","R3: S1에서 충분히 많은 시간을 투자하였고, 힌트까지 참고한 문항이 있었음",no,
Q067,S3,This combination suggests a complex interaction between persistence and avoidance tendencies.,이러한 조합은 끈기와 회피 성향 사이의 복잡한 상호작용을 시사합니다.,"The student is practicing the skill 'square-root'. Before these attempts, the student's cumulative accuracy on this skill was 43%. On attempt 1, the student answered incorrectly, used 1 hint, and took 0.13 times their own average response time. On attempt 2, the student answered correctly, used no hints, and took 0.20 times their own average response time. On attempt 3, the student answered correctly, used no hints, and took 0.10 times their own average response time. On attempt 4, the student answered correctly, used 2 hints, and took 0.16 times their own average response time.","R4: s1: 정답률을 높지만, 응답 시간이 짧아 강한 참여에 대한 여부를 판단할 수 없음. 또한 힌트 사용 시 독립적인 판단을 보였는지도 판단할 수 없음. 
s2: 응답시간이 짧긴 하지만, 헷갈리는 문항은 힌트도 사용하며 도전함. 
s3: 지속성과 회피성의 상호작용이라기 보다는 일관되게 지속적인 반응을 보임. ",yes,
Q048,S3,This combination suggests a complex interaction between persistence and avoidance tendencies.,이러한 조합은 끈기와 회피 성향 사이의 복잡한 상호작용을 시사합니다.,"The student is practicing the skill 'properties-of-geometric-figures'. Before these attempts, the student's cumulative accuracy on this skill was 0%. On attempt 1, the student answered incorrectly, used 2 hints, and took 0.57 times their own average response time. On attempt 2, the student answered incorrectly, used 3 hints, and took 0.38 times their own average response time. On attempt 3, the student answered incorrectly, used 1 hint, and took 0.32 times their own average response time. On attempt 4, the student answered correctly, used 3 hints, and took 0.44 times their own average response time.",(no comment),no,
Q096,S1,"The student engaged in independent problem-solving despite receiving a hint, indicating a strong capacity for tackling challenges on their own.","학생은 힌트를 받았음에도 불구하고 스스로 문제를 해결하는 모습을 보였으며, 이는 스스로 도전 과제를 해결할 수 있는 뛰어난 능력을 보여준다.","The student is practicing the skill 'inequality-solving'. Before these attempts, the student's cumulative accuracy on this skill was 22%. On attempt 1, the student answered incorrectly, used 1 hint, and took 0.21 times their own average response time. On attempt 2, the student answered incorrectly, used 2 hints, and took 0.16 times their own average response time. On attempt 3, the student answered incorrectly, used 3 hints, and took 0.64 times their own average response time. On attempt 4, the student answered correctly, used 3 hints, and took 0.59 times their own average response time.","R2: S1 힌트를 여러번 사용해서 독립적으로 해결했다고 보기 어려움. S2 응답시간을 늘려 해결하는 것을 볼 때 회피했다고 보기 어려움. | R4: s1: 짧은 응답시간, 힌트 사용의 증가 등으로 보아 독립적 문제 해결을 했다고 보기 어려움.
s2: cognitive avoidance의 경향이 보이므로 서술문이 대부분 맞으나, 마지막에 정답이 나와 완전히 지지하기엔 부족함.  | R5: S1- 힌트 많이 사용하고, 마지막에 정답 맞혔지만 다소 짧은 응답시간이어서 Cognitive Avoidance로 해석가능한 여지가 있음. 따라서 부분지지",yes,
Q087,S2,This demonstrates an ability to persist through challenges without immediate external guidance.,이는 외부의 즉각적인 지시 없이도 어려움을 극복해 나갈 수 있는 능력을 보여줍니다.,"The student is practicing the skill 'pythagorean-theorem'. Before these attempts, the student's cumulative accuracy on this skill was 19%. On attempt 1, the student answered incorrectly, used 3 hints, and took 0.41 times their own average response time. On attempt 2, the student answered incorrectly, used 3 hints, and took 0.53 times their own average response time. On attempt 3, the student answered incorrectly, used 3 hints, and took 0.75 times their own average response time. On attempt 4, the student answered correctly, used 3 hints, and took 0.30 times their own average response time.","R4: s1: 힌트를 많이 사용했음에도 불구하고 오답인 경우가 많으며 문제당 할당한 소요 시간도 짧은 편인 것으로 보아 독립적인 문제 해결을 보이지 않았음. 
s2: 힌트 의존도가 높으며 힌트를 통해 문제를 해결하려 하기 보다 정답을 바로 제공 받기 원하는 것으로 판단됨. 외부 지도가 필요한 것으로 보임. 
s3: 참여 수준은 외부 지도가 필요한 수준임.",yes,
Q082,S2,"This outcome may reflect a combination of factors including prior knowledge, strategic guessing, or effective problem-solving strategies.","이러한 결과는 사전 지식, 전략적 추측 또는 효과적인 문제 해결 전략을 포함한 여러 요인의 복합적인 영향을 반영하는 것일 수 있습니다.","The student is practicing the skill 'multiplication'. Before these attempts, the student's cumulative accuracy on this skill was nan%. On attempt 1, the student answered correctly, used no hints, and took 0.85 times their own average response time.","R4: s1: 힌트를 사용하지 않고 정답을 맞췄다는 점에서 어느 정도 방향성은 일치하나, 문항 하나에 대해서만 정보가 주어져있고 이전 정답률 정보가 없는 등 정보가 제한적이라는 점에서 확신할 수는 없음.
s2: 행동 기록 만으로는 파악할 수 없음.",no,
Q062,S1,The student exhibits clear signs of avoiding challenging tasks related to multiplication.,이 학생은 곱셈과 관련된 어려운 문제를 회피하는 분명한 징후를 보인다.,"The student is practicing the skill 'multiplication'. Before these attempts, the student's cumulative accuracy on this skill was 68%. On attempt 1, the student answered incorrectly, used no hints, and took 0.38 times their own average response time. On attempt 2, the student answered correctly, used no hints, and took 0.32 times their own average response time. On attempt 3, the student answered incorrectly, used no hints, and took 0.64 times their own average response time. On attempt 4, the student answered incorrectly, used 1 hint, and took 0.11 times their own average response time.",(no comment),no,
Q052,S1,The student may have been avoiding engaging deeply with the problem-solving process.,그 학생은 문제 해결 과정에 깊이 관여하는 것을 회피했을 수도 있습니다.,"The student is practicing the skill 'equation-solving'. Before these attempts, the student's cumulative accuracy on this skill was 10%. On attempt 1, the student answered correctly, used 3 hints, and took 0.41 times their own average response time. On attempt 2, the student answered incorrectly, used no hints, and took 0.90 times their own average response time. On attempt 3, the student answered incorrectly, used 1 hint, and took 0.21 times their own average response time. On attempt 4, the student answered incorrectly, used 1 hint, and took 0.75 times their own average response time.",(no comment),no,
Q085,S1,"The student exhibits signs of overconfidence, indicated by a high status level.",그 학생은 높은 지위를 과시하는 모습에서 알 수 있듯이 지나친 자신감을 보인다.,"The student is practicing the skill 'substitution'. Before these attempts, the student's cumulative accuracy on this skill was 11%. On attempt 1, the student answered incorrectly, used 2 hints, and took 0.49 times their own average response time. On attempt 2, the student answered incorrectly, used 2 hints, and took 1.26 times their own average response time. On attempt 3, the student answered correctly, used 2 hints, and took 0.35 times their own average response time. On attempt 4, the student answered incorrectly, used no hints, and took 0.61 times their own average response time.",(no comment),no,
Q096,S2,"The student also showed signs of avoiding deeper engagement with the material, suggesting a potential reluctance to fully confront the task.","또한, 해당 학생은 자료에 대한 심층적인 탐구를 회피하는 모습을 보였는데, 이는 과제에 완전히 직면하는 것에 대한 잠재적인 꺼림을 시사합니다.","The student is practicing the skill 'inequality-solving'. Before these attempts, the student's cumulative accuracy on this skill was 22%. On attempt 1, the student answered incorrectly, used 1 hint, and took 0.21 times their own average response time. On attempt 2, the student answered incorrectly, used 2 hints, and took 0.16 times their own average response time. On attempt 3, the student answered incorrectly, used 3 hints, and took 0.64 times their own average response time. On attempt 4, the student answered correctly, used 3 hints, and took 0.59 times their own average response time.","R2: S1 힌트를 여러번 사용해서 독립적으로 해결했다고 보기 어려움. S2 응답시간을 늘려 해결하는 것을 볼 때 회피했다고 보기 어려움. | R4: s1: 짧은 응답시간, 힌트 사용의 증가 등으로 보아 독립적 문제 해결을 했다고 보기 어려움.
s2: cognitive avoidance의 경향이 보이므로 서술문이 대부분 맞으나, 마지막에 정답이 나와 완전히 지지하기엔 부족함.  | R5: S1- 힌트 많이 사용하고, 마지막에 정답 맞혔지만 다소 짧은 응답시간이어서 Cognitive Avoidance로 해석가능한 여지가 있음. 따라서 부분지지",yes,
Q031,S1,The student exhibits clear signs of avoiding challenging tasks.,그 학생은 어려운 과제를 회피하는 분명한 징후를 보인다.,"The student is practicing the skill 'pattern-finding'. Before these attempts, the student's cumulative accuracy on this skill was 62%. On attempt 1, the student answered correctly, used no hints, and took 0.59 times their own average response time. On attempt 2, the student answered correctly, used no hints, and took 0.11 times their own average response time. On attempt 3, the student answered incorrectly, used no hints, and took 0.68 times their own average response time. On attempt 4, the student answered incorrectly, used no hints, and took 0.09 times their own average response time.",(no comment),no,
Q001,S1,"The student may have avoided engaging deeply with complex tasks, indicating a possible reluctance to confront challenging material.","학생은 복잡한 과제에 깊이 몰입하는 것을 회피했을 수 있으며, 이는 어려운 자료에 직면하는 것을 꺼리는 성향을 나타낼 수 있습니다.","The student is practicing the skill 'pattern-finding'. Before these attempts, the student's cumulative accuracy on this skill was 29%. On attempt 1, the student answered incorrectly, used 1 hint, and took 4.62 times their own average response time. On attempt 2, the student answered incorrectly, used 2 hints, and took 0.41 times their own average response time. On attempt 3, the student answered correctly, used 2 hints, and took 1.38 times their own average response time. On attempt 4, the student answered incorrectly, used no hints, and took 0.90 times their own average response time.",(no comment),no,
Q083,S3,This combination suggests a complex interaction between persistence and avoidance tendencies.,이러한 조합은 끈기와 회피 성향 사이의 복잡한 상호작용을 시사합니다.,"The student is practicing the skill 'combinatorics'. Before these attempts, the student's cumulative accuracy on this skill was 19%. On attempt 1, the student answered incorrectly, used 1 hint, and took 0.43 times their own average response time. On attempt 2, the student answered incorrectly, used 2 hints, and took 0.05 times their own average response time. On attempt 3, the student answered incorrectly, used 3 hints, and took 0.11 times their own average response time. On attempt 4, the student answered correctly, used 3 hints, and took 0.38 times their own average response time.",(no comment),no,
Q115,S1,"The student exhibits signs of avoiding challenging tasks, indicating a possible reluctance to engage deeply with complex problems.","해당 학생은 어려운 과제를 회피하는 모습을 보이며, 이는 복잡한 문제에 깊이 몰두하는 것을 꺼리는 경향이 있음을 시사합니다.","The student is practicing the skill 'algebraic-manipulation'. Before these attempts, the student's cumulative accuracy on this skill was 42%. On attempt 1, the student answered correctly, used no hints, and took 0.25 times their own average response time. On attempt 2, the student answered correctly, used no hints, and took 1.21 times their own average response time. On attempt 3, the student answered correctly, used no hints, and took 1.58 times their own average response time. On attempt 4, the student answered incorrectly, used no hints, and took 1.25 times their own average response time.","R4: S1: 오히려 이 학생은 힌트를 사용하지 않고 시간을 들여 본인이 지속적으로 시도하는 productive struggle 지표를 보임.
s2: 주어진 행동 기록을 통해 좌절감을 느끼는 부분을 찾을 수 없음. ",yes,
Q107,S2,The student appeared capable of making judgments without direct guidance.,그 학생은 직접적인 지도 없이도 판단을 내릴 수 있는 능력을 갖춘 것처럼 보였다.,"The student is practicing the skill 'substitution'. Before these attempts, the student's cumulative accuracy on this skill was 33%. On attempt 1, the student answered incorrectly, used 1 hint, and took 0.22 times their own average response time. On attempt 2, the student answered incorrectly, used 1 hint, and took 0.66 times their own average response time. On attempt 3, the student answered incorrectly, used 1 hint, and took 2.85 times their own average response time. On attempt 4, the student answered correctly, used 1 hint, and took 1.11 times their own average response time.",(no comment),no,
Q021,S2,There appears to be a pattern of inconsistent performance during practice sessions.,연습 세션 동안 일관성 없는 경기력 패턴이 나타나는 것 같습니다.,"The student is practicing the skill 'inequality-solving'. Before these attempts, the student's cumulative accuracy on this skill was 0%. On attempt 1, the student answered incorrectly, used no hints, and took 2.19 times their own average response time. On attempt 2, the student answered incorrectly, used no hints, and took 1.27 times their own average response time. On attempt 3, the student answered incorrectly, used no hints, and took 0.44 times their own average response time. On attempt 4, the student answered incorrectly, used 1 hint, and took 0.44 times their own average response time.","R2: S2 일관되지 않다고 나왔는데 일관되게 오답이 나옴 | R4: s1: unproductive frustration을 통해 마지막 문항에서는 깊은 숙고를 하지 않은 것으로 보임. 하지만 앞 문항에서는 깊은 숙고를 경험한 것으로 보여 부분 지지를 선택함. 
s2: 일관되게 낮은 성능을 보이고 있음. ",yes,
Q102,S3,Their confidence level appears elevated compared to typical performance benchmarks.,그들의 자신감 수준은 일반적인 성과 기준치에 비해 높아 보입니다.,"The student is practicing the skill 'interpreting-numberline'. Before these attempts, the student's cumulative accuracy on this skill was 100%. On attempt 1, the student answered correctly, used no hints, and took 0.54 times their own average response time. On attempt 2, the student answered correctly, used no hints, and took 0.18 times their own average response time. On attempt 3, the student answered incorrectly, used no hints, and took 0.88 times their own average response time.","R2: S2 정답률이 높음으로 볼 때 힌트를  안쓴것은 불필요해서라서 볼 수 있음 S3 비교기준이 제시된 적 없음 | R3: S2의 진술이 모호함 | R4: s2, s3: 해당 학생은 slipping, 높은 확신에도 실수로 추정되는 오답이 있는 것으로 보임. 서술된 두 개의 문장은 overconfidence 상태인 학생에 더 알맞은 설명으로 보임. ",no,
Q018,S2,This outcome may suggest the student arrived at the solution through thoughtful engagement rather than mere chance.,이러한 결과는 학생이 단순한 우연이 아니라 심사숙고 끝에 해결책에 도달했음을 시사할 수 있습니다.,"The student is practicing the skill 'stem-and-leaf-plot'. Before these attempts, the student's cumulative accuracy on this skill was 0%. On attempt 1, the student answered incorrectly, used no hints, and took 1.62 times their own average response time. On attempt 2, the student answered incorrectly, used no hints, and took 1.00 times their own average response time. On attempt 3, the student answered incorrectly, used no hints, and took 0.49 times their own average response time. On attempt 4, the student answered correctly, used no hints, and took 0.16 times their own average response time.",(no comment),no,
Q016,S1,The student exhibits signs of unproductive frustration during the task.,학생은 과제 수행 중 비생산적인 좌절감을 보이는 징후를 나타냅니다.,"The student is practicing the skill 'pattern-finding'. Before these attempts, the student's cumulative accuracy on this skill was 50%. On attempt 1, the student answered correctly, used no hints, and took 2.23 times their own average response time. On attempt 2, the student answered incorrectly, used 1 hint, and took 0.32 times their own average response time. On attempt 3, the student answered incorrectly, used 2 hints, and took 0.04 times their own average response time. On attempt 4, the student answered incorrectly, used 1 hint, and took 0.00 times their own average response time.","R3: 감정, 대체전략 등 부정확한 용어가 다수 있음",no,
Q050,S1,The student demonstrates a strong sense of certainty in their responses.,학생은 답변에서 강한 확신을 보여줍니다.,"The student is practicing the skill 'percent-of'. Before these attempts, the student's cumulative accuracy on this skill was 0%. On attempt 1, the student answered incorrectly, used 1 hint, and took 1.60 times their own average response time. On attempt 2, the student answered incorrectly, used no hints, and took 1.69 times their own average response time.","R1: s3: 의심 징후가 전혀 보이지 않는 다고 하였는데 30단계에서 힌트를 1회 사용했기 때문에 맞지 않는 다고 생각되었다.  | R2: S1 오답인데다가 응답시간도 평균보다 김 S2 S1전제가 잘못되어있음 S3 긴 고민시간을 통해 의심 징후가 강하게 드러남. | R3: S1에서 강한 확신은 짧은 응답시간을 근거로 하는 것으로 알고있지만 그렇지 아니함 | R4: s1,2,3: 긴 응답시간을 사용하며 문제를 해결하고 오답을 도출해내고 힌트도 1회 사용한 것을 통해 높은 자신감을 가지고 있다기 보단 의심의 징후가 약간 보인다고 할 수 있음.  | R5: S1~S3의 높은 확신 및 망설임 없음에 대한 주장은 행동 기록과 부합하지 않음. 두 문항 모두 오답이며 응답시간도 개인평균 대비 1.60배, 1.69배로 길어 높은 확신을 뒷받침하는 응답시간 패턴이 나타나지 않음.",yes,
Q116,S2,This could indicate a reluctance to confront challenging aspects of the task.,이는 과제의 어려운 측면에 직면하기를 꺼리는 태도를 나타낼 수 있습니다.,"The student is practicing the skill 'pythagorean-theorem'. Before these attempts, the student's cumulative accuracy on this skill was 38%. On attempt 1, the student answered incorrectly, used 1 hint, and took 1.62 times their own average response time. On attempt 2, the student answered incorrectly, used 1 hint, and took 1.79 times their own average response time. On attempt 3, the student answered correctly, used 1 hint, and took 0.25 times their own average response time. On attempt 4, the student answered incorrectly, used no hints, and took 0.67 times their own average response time.","R2: S1 S2 둘다 힌트도 들이고 작업시간도 사용함.  | R4: s1: 뒤의 두 문항에 대해 매우 짧은 응답시간을 가진 것으로 보아 그럴 가능성이 어느정도 있으나 위의 두 문항은 이와 반대되기 때문에 과장된 표현으로 느껴짐.
s2: 앞의 두 문항에 대해 오랜 시간에 걸쳐 힌트를 사용하며 문제를 해결하려고 하는 모습을 보임. 이는 서술과는 반대로 오히려 어려운 문제를 직면하려고 시도한 것으로 보임. | R5: S1- 긴 응답시간 + 힌트 사용으로 깊이 있게 참여했다고 판단 가능
S2- 앞선 이유와 마찬가지로 어려운 태스크를 피한다고 보기 어려움",yes,
Q039,S1,"The student engaged in independent problem-solving despite the availability of hints, indicating a strong capacity for self-directed effort.","학생은 힌트가 제공되었음에도 불구하고 스스로 문제를 해결하는 데 참여했으며, 이는 자기 주도적 노력 능력이 뛰어남을 보여줍니다.","The student is practicing the skill 'multiplying-decimals'. Before these attempts, the student's cumulative accuracy on this skill was 5%. On attempt 1, the student answered incorrectly, used 1 hint, and took 0.21 times their own average response time. On attempt 2, the student answered incorrectly, used 1 hint, and took 0.13 times their own average response time. On attempt 3, the student answered incorrectly, used 1 hint, and took 1.13 times their own average response time. On attempt 4, the student answered correctly, used 1 hint, and took 0.84 times their own average response time.",R2: S1  모든 문항에 힌트를 사용함 | R3: S1의 자기주도적 노력에 대한 강한 능력에 정답률은 고려하지 않는지? | R4: s1: 오히려 cognitive avoidance에 가까워 보임. ,no,
Q011,S2,This emotion appears to be persistent rather than fleeting.,이 감정은 일시적인 것이 아니라 지속적인 것으로 보인다.,"The student is practicing the skill 'interpreting-linear-equations'. Before these attempts, the student's cumulative accuracy on this skill was 19%. On attempt 1, the student answered correctly, used 5 hints, and took 0.34 times their own average response time. On attempt 2, the student answered incorrectly, used no hints, and took 0.34 times their own average response time. On attempt 3, the student answered incorrectly, used 1 hint, and took 0.08 times their own average response time. On attempt 4, the student answered incorrectly, used 2 hints, and took 0.04 times their own average response time.",R2: S1은 근거 없이 좌절 주장. 응답시간 오히려 감소. S2 감정관련 내용 없음,yes,
Q073,S3,The available information does not definitively clarify the nature of the student’s approach.,입수 가능한 정보로는 학생의 접근 방식의 본질을 명확하게 밝힐 수 없습니다.,"The student is practicing the skill 'of-means-multiply'. Before these attempts, the student's cumulative accuracy on this skill was 0%. On attempt 1, the student answered incorrectly, used no hints, and took 0.31 times their own average response time. On attempt 2, the student answered correctly, used no hints, and took 0.17 times their own average response time.","R3: S2의 경우 우연이였거나, 필연이라는 진술을 하고 있는데 이는 어떤 문장에나 해당되는 말인 듯 하다.",no,
Q016,S3,There is no indication of alternative coping strategies being employed.,다른 대처 전략이 사용되고 있다는 징후는 없습니다.,"The student is practicing the skill 'pattern-finding'. Before these attempts, the student's cumulative accuracy on this skill was 50%. On attempt 1, the student answered correctly, used no hints, and took 2.23 times their own average response time. On attempt 2, the student answered incorrectly, used 1 hint, and took 0.32 times their own average response time. On attempt 3, the student answered incorrectly, used 2 hints, and took 0.04 times their own average response time. On attempt 4, the student answered incorrectly, used 1 hint, and took 0.00 times their own average response time.","R3: 감정, 대체전략 등 부정확한 용어가 다수 있음",yes,
Q038,S2,The student also shows frustration that does not lead to productive problem-solving efforts.,학생은 또한 생산적인 문제 해결 노력으로 이어지지 않는 좌절감을 드러냅니다.,"The student is practicing the skill 'interpreting-numberline'. Before these attempts, the student's cumulative accuracy on this skill was 86%. On attempt 1, the student answered correctly, used no hints, and took 0.74 times their own average response time. On attempt 2, the student answered correctly, used no hints, and took 0.46 times their own average response time. On attempt 3, the student answered correctly, used no hints, and took 0.93 times their own average response time. On attempt 4, the student answered incorrectly, used no hints, and took 0.51 times their own average response time.","R1: s1  도전적인 과제를 피하는 징후를 보이는지 물었는데 해당 학생은 지금까지의 누적 정답율이 높고 4문제 중 3문제를 정답으로 맞추었고, 응답시간이 너무 빠른 기록은 없었기에 행동 기록과 맞지 않다고 생각됩니다. 
s2 지금까지의 높은 정답율처럼 4문제 중 3문제를 맞추었기에 문제 해결을 위한 노력으로 이어지지 않는 불만을 보인다고 판단할 수 없다.",yes,
Q037,S3,There appears to be a tendency to rely on prior knowledge rather than current feedback.,최신 피드백보다는 기존 지식에 의존하는 경향이 있는 것 같습니다.,"The student is practicing the skill 'symbolization-articulation'. Before these attempts, the student's cumulative accuracy on this skill was 0%. On attempt 1, the student answered incorrectly, used 1 hint, and took 0.22 times their own average response time. On attempt 2, the student answered incorrectly, used 1 hint, and took 2.21 times their own average response time. On attempt 3, the student answered incorrectly, used 2 hints, and took 0.34 times their own average response time. On attempt 4, the student answered incorrectly, used 3 hints, and took 0.18 times their own average response time.","R2: S2 힌트를 쓴것은 어려움을 인식한 것임 S3 4문항 모두 힌트를 쓴 것을 볼때 이전 지식 의존이라고 보기 어려움 S4 힌트를 많이 사용한 것을 볼때 교정 지도를 적극 활용함 | R3: S4의 진술문이 행동기록으로 도출될 수 있는 것인지 모르겠습니다 | R4: s2: 전반적으로 overconfidence로 인식 부족이 있을 수 있으나, 힌트를 계속 사용하고 147문항에서 긴 응답시간을 보낸 것 등을 통해 학생이 어려움을 느끼고 인식했을 가능성 또한 볼 수 있음. 
s3, 4: 행동 기록에서 알 수 없음.",yes,
Q087,S1,"The student engaged in independent problem-solving despite receiving a hint, indicating a strong sense of initiative.","학생은 힌트를 받았음에도 불구하고 스스로 문제를 해결하는 모습을 보여주었으며, 이는 그의 강한 주도성을 나타낸다.","The student is practicing the skill 'pythagorean-theorem'. Before these attempts, the student's cumulative accuracy on this skill was 19%. On attempt 1, the student answered incorrectly, used 3 hints, and took 0.41 times their own average response time. On attempt 2, the student answered incorrectly, used 3 hints, and took 0.53 times their own average response time. On attempt 3, the student answered incorrectly, used 3 hints, and took 0.75 times their own average response time. On attempt 4, the student answered correctly, used 3 hints, and took 0.30 times their own average response time.","R4: s1: 힌트를 많이 사용했음에도 불구하고 오답인 경우가 많으며 문제당 할당한 소요 시간도 짧은 편인 것으로 보아 독립적인 문제 해결을 보이지 않았음. 
s2: 힌트 의존도가 높으며 힌트를 통해 문제를 해결하려 하기 보다 정답을 바로 제공 받기 원하는 것으로 판단됨. 외부 지도가 필요한 것으로 보임. 
s3: 참여 수준은 외부 지도가 필요한 수준임.",yes,
Q116,S1,The student may have avoided engaging deeply with the problem-solving process.,그 학생은 문제 해결 과정에 깊이 관여하는 것을 회피했을 수도 있습니다.,"The student is practicing the skill 'pythagorean-theorem'. Before these attempts, the student's cumulative accuracy on this skill was 38%. On attempt 1, the student answered incorrectly, used 1 hint, and took 1.62 times their own average response time. On attempt 2, the student answered incorrectly, used 1 hint, and took 1.79 times their own average response time. On attempt 3, the student answered correctly, used 1 hint, and took 0.25 times their own average response time. On attempt 4, the student answered incorrectly, used no hints, and took 0.67 times their own average response time.","R2: S1 S2 둘다 힌트도 들이고 작업시간도 사용함.  | R4: s1: 뒤의 두 문항에 대해 매우 짧은 응답시간을 가진 것으로 보아 그럴 가능성이 어느정도 있으나 위의 두 문항은 이와 반대되기 때문에 과장된 표현으로 느껴짐.
s2: 앞의 두 문항에 대해 오랜 시간에 걸쳐 힌트를 사용하며 문제를 해결하려고 하는 모습을 보임. 이는 서술과는 반대로 오히려 어려운 문제를 직면하려고 시도한 것으로 보임. | R5: S1- 긴 응답시간 + 힌트 사용으로 깊이 있게 참여했다고 판단 가능
S2- 앞선 이유와 마찬가지로 어려운 태스크를 피한다고 보기 어려움",yes,
Q127,S3,There appears to be no indication of doubt or hesitation in their approach.,그들의 접근 방식에는 의심이나 주저함의 기색이 전혀 보이지 않는다.,"The student is practicing the skill 'proportion'. Before these attempts, the student's cumulative accuracy on this skill was 40%. On attempt 1, the student answered incorrectly, used 2 hints, and took 0.21 times their own average response time. On attempt 2, the student answered correctly, used 2 hints, and took 1.04 times their own average response time. On attempt 3, the student answered correctly, used no hints, and took 1.09 times their own average response time. On attempt 4, the student answered incorrectly, used 1 hint, and took 0.42 times their own average response time.",R2: S2 최대라고 볼 근거가 없음 응답시간이 압도적으로 빠르지고 다 정답이지도 않음 S3 힌트를 여러번 여는 등 망설임 징후가 있지 망설임 징후가 보이지 않는것이 아님,yes,
Q035,S3,"The presence of high confidence suggests a possible alignment with productive struggle, although this remains uncertain.","높은 자신감의 존재는 생산적인 투쟁과의 연관성을 시사하지만, 이는 여전히 불확실하다.","The student is practicing the skill 'divisibility'. Before these attempts, the student's cumulative accuracy on this skill was 25%. On attempt 1, the student answered correctly, used no hints, and took 0.38 times their own average response time. On attempt 2, the student answered incorrectly, used no hints, and took 0.77 times their own average response time. On attempt 3, the student answered incorrectly, used no hints, and took 0.57 times their own average response time. On attempt 4, the student answered correctly, used no hints, and took 0.22 times their own average response time.",R2: S3 응답시간이 짧고 힌트 미사용으로 볼때 생산적 고난이라고 보기 어려움. | R4: s3: productive struggle이라고 하기엔 응답 시간이 너무 짧음. ,yes,
Q101,S1,"The student exhibits signs of overconfidence, indicated by a high level of certainty in their responses.",학생은 답변에서 높은 확신을 보이는 등 지나친 자신감의 징후를 나타냅니다.,"The student is practicing the skill 'pattern-finding'. Before these attempts, the student's cumulative accuracy on this skill was 57%. On attempt 1, the student answered correctly, used no hints, and took 0.32 times their own average response time. On attempt 2, the student answered correctly, used no hints, and took 1.90 times their own average response time. On attempt 3, the student answered correctly, used no hints, and took 1.14 times their own average response time. On attempt 4, the student answered incorrectly, used no hints, and took 0.95 times their own average response time.","R5: S1- 마지막 오답의 응답시간이 개인 평균과 유사하여 overconfidence를 뒷받침하기 어려움
S2- 직전 연속 정답 후 오답이 나타나 slipping 가능성은 있으나, 이를 주의나 집중력 저하로 해석할 직접적인 근거는 부족",yes,
Q090,S1,"The student may have avoided engaging deeply with the material, indicating a possible reluctance to confront challenging aspects of the skill.","학생이 해당 자료에 깊이 몰입하는 것을 회피했을 가능성이 있으며, 이는 해당 기술의 어려운 측면에 직면하는 것을 꺼리는 태도를 나타내는 것일 수 있습니다.","The student is practicing the skill 'area'. Before these attempts, the student's cumulative accuracy on this skill was 17%. On attempt 1, the student answered incorrectly, used no hints, and took 0.72 times their own average response time. On attempt 2, the student answered incorrectly, used 1 hint, and took 3.20 times their own average response time. On attempt 3, the student answered correctly, used no hints, and took 0.44 times their own average response time. On attempt 4, the student answered incorrectly, used no hints, and took 0.69 times their own average response time.","R3: S1에서 충분히 많은 시간을 투자하였고, 힌트까지 참고한 문항이 있었음",yes,
Q051,S3,This trend may suggest a reluctance to engage deeply with difficult material.,이러한 경향은 어려운 주제에 깊이 몰입하기를 꺼리는 것을 시사할 수 있습니다.,"The student is practicing the skill 'rate'. Before these attempts, the student's cumulative accuracy on this skill was 0%. On attempt 1, the student answered incorrectly, used no hints, and took 3.42 times their own average response time. On attempt 2, the student answered incorrectly, used no hints, and took 1.32 times their own average response time. On attempt 3, the student answered incorrectly, used no hints, and took 0.88 times their own average response time. On attempt 4, the student answered incorrectly, used no hints, and took 1.13 times their own average response time.","R2: S1, S2, S3 회피가 아니라 실패하는 상황(응답시간이 짧지 않음.) | R3: S1을 보았을 때 도전적인 문항에도 계속 도전하는 것으로 보입니다. | R4: s1: 28번 문항 등 전반적인 문항에서 높은 응답 시간을 기록하며 힌트 없이 문제를 해결하기 위해 노력을 한 것으로 보임. 도전적인 과제를 피한다고 보기 어려움. 
s2: 이 행동이 전반적인 문항에 나타나는 것으로 보아 지속적으로 보인다는 판단은 옳으나, 복잡한 상황을 피하려는 경향성이 있는지 판단하기는 어려움. 
s3: 계속되는 오답에서 힌트를 전혀 사용하지 않았다는 점에서 깊이 소통하려는 의지가 다소 부족하다는 판단도 가능함. 하지만 28번 문항같이 긴 응답 시간을 보내며 문제와 소통하려 했다는 점에서 이 문장을 확신하긴 어려움.",yes,
Q105,S1,"The student may have avoided engaging deeply with complex tasks, indicating a possible reluctance to confront challenging material.","학생은 복잡한 과제에 깊이 몰입하는 것을 회피했을 수 있으며, 이는 어려운 자료에 직면하는 것을 꺼리는 성향을 나타낼 수 있습니다.","The student is practicing the skill 'pattern-finding'. Before these attempts, the student's cumulative accuracy on this skill was 71%. On attempt 1, the student answered correctly, used no hints, and took 0.28 times their own average response time. On attempt 2, the student answered incorrectly, used no hints, and took 1.90 times their own average response time. On attempt 3, the student answered correctly, used no hints, and took 3.81 times their own average response time. On attempt 4, the student answered incorrectly, used no hints, and took 0.40 times their own average response time.",R2: S1 힌트 없이 3.81배 들여 시도한 문항이 있는 것으로 볼때 어려운 문항을 회피한다고 보기 어려움.,yes,
Q124,S2,The student demonstrated a strong indication of avoiding challenging tasks.,그 학생은 어려운 과제를 회피하려는 강한 성향을 보였다.,"The student is practicing the skill 'reading-graph'. Before these attempts, the student's cumulative accuracy on this skill was 38%. On attempt 1, the student answered incorrectly, used no hints, and took 0.18 times their own average response time. On attempt 2, the student answered correctly, used no hints, and took 0.24 times their own average response time. On attempt 3, the student answered correctly, used no hints, and took 0.48 times their own average response time. On attempt 4, the student answered correctly, used no hints, and took 0.36 times their own average response time.",R2: S2 정반대. 힌트 없이 3회 연속 정답 | R4: s2: 문제를 회피했다기 보단 문제를 빠르게 푼 것으로 해석됨. ,yes,
Q080,S1,The student demonstrates a strong sense of confidence in their understanding despite potential gaps in knowledge.,학생은 지식에 잠재적인 공백이 있음에도 불구하고 자신의 이해도에 대해 강한 자신감을 보여줍니다.,"The student is practicing the skill 'properties-of-geometric-figures'. Before these attempts, the student's cumulative accuracy on this skill was 26%. On attempt 1, the student answered incorrectly, used 3 hints, and took 0.14 times their own average response time. On attempt 2, the student answered incorrectly, used 4 hints, and took 0.14 times their own average response time. On attempt 3, the student answered correctly, used 4 hints, and took 0.28 times their own average response time. On attempt 4, the student answered incorrectly, used 1 hint, and took 0.21 times their own average response time.",R4: s1: 응답시간은 빠르나 힌트를 많이 썼다는 점에서 자신감을 가지고 있다고 보긴 힘듦. ,yes,
Q083,S1,"The student demonstrated a strong engagement with the problem, making independent judgments despite receiving hints.",해당 학생은 힌트를 받았음에도 불구하고 독립적인 판단을 내리는 등 문제에 대한 높은 참여도를 보였다.,"The student is practicing the skill 'combinatorics'. Before these attempts, the student's cumulative accuracy on this skill was 19%. On attempt 1, the student answered incorrectly, used 1 hint, and took 0.43 times their own average response time. On attempt 2, the student answered incorrectly, used 2 hints, and took 0.05 times their own average response time. On attempt 3, the student answered incorrectly, used 3 hints, and took 0.11 times their own average response time. On attempt 4, the student answered correctly, used 3 hints, and took 0.38 times their own average response time.",(no comment),no,
Q102,S2,This indicates they may have less inclination to seek clarification or consider alternative perspectives.,이는 그들이 해명을 요구하거나 대안적인 관점을 고려하려는 경향이 적을 수 있음을 시사합니다.,"The student is practicing the skill 'interpreting-numberline'. Before these attempts, the student's cumulative accuracy on this skill was 100%. On attempt 1, the student answered correctly, used no hints, and took 0.54 times their own average response time. On attempt 2, the student answered correctly, used no hints, and took 0.18 times their own average response time. On attempt 3, the student answered incorrectly, used no hints, and took 0.88 times their own average response time.","R2: S2 정답률이 높음으로 볼 때 힌트를  안쓴것은 불필요해서라서 볼 수 있음 S3 비교기준이 제시된 적 없음 | R3: S2의 진술이 모호함 | R4: s2, s3: 해당 학생은 slipping, 높은 확신에도 실수로 추정되는 오답이 있는 것으로 보임. 서술된 두 개의 문장은 overconfidence 상태인 학생에 더 알맞은 설명으로 보임. ",yes,
Q013,S2,A high level of unproductive frustration is also observed.,"또한, 비생산적인 좌절감이 높은 수준으로 나타나는 것도 관찰됩니다.","The student is practicing the skill 'proportion'. Before these attempts, the student's cumulative accuracy on this skill was 22%. On attempt 1, the student answered incorrectly, used no hints, and took 0.12 times their own average response time. On attempt 2, the student answered correctly, used no hints, and took 0.06 times their own average response time. On attempt 3, the student answered incorrectly, used no hints, and took 0.12 times their own average response time. On attempt 4, the student answered incorrectly, used no hints, and took 0.18 times their own average response time.","R2: S2 응답시간 0.06~0.18배로 노력 흔적 없음 S3 기존 정답률이 23%로 이번에만 특히 낮았다고 보기 어려움 | R3: S2에서 좌절이라 하기에는 응답시간이 짧은 것으로 생각됨 | R4: s2: 매우 짧은 응답 시간을 보아 높은 노력을 기울였다고 보기 어려움. 
s3: 낮은 직전/현재 정답률을 통해 실수라고 보기 어려움.",yes,
Q003,S1,"The student demonstrated a strong indication of avoiding challenging tasks, as evidenced by the high cognitive avoidance score.",학생은 인지적 회피 점수가 높게 나타난 것처럼 어려운 과제를 회피하려는 강한 성향을 보였다.,"The student is practicing the skill 'probability'. Before these attempts, the student's cumulative accuracy on this skill was 100%. On attempt 1, the student answered correctly, used no hints, and took 0.48 times their own average response time. On attempt 2, the student answered correctly, used no hints, and took 1.37 times their own average response time. On attempt 3, the student answered correctly, used no hints, and took 0.41 times their own average response time.",R2: S1 S3 3문항 모두 정답이며 회피했다고 보기 어려움.,yes,
Q016,S2,This emotion appears to persist without clear resolution.,이러한 감정은 명확한 해결책 없이 지속되는 것처럼 보입니다.,"The student is practicing the skill 'pattern-finding'. Before these attempts, the student's cumulative accuracy on this skill was 50%. On attempt 1, the student answered correctly, used no hints, and took 2.23 times their own average response time. On attempt 2, the student answered incorrectly, used 1 hint, and took 0.32 times their own average response time. On attempt 3, the student answered incorrectly, used 2 hints, and took 0.04 times their own average response time. On attempt 4, the student answered incorrectly, used 1 hint, and took 0.00 times their own average response time.","R3: 감정, 대체전략 등 부정확한 용어가 다수 있음",yes,
Q088,S1,"The student engaged in independent problem-solving despite receiving a hint, indicating a strong capacity for productive struggle.","학생은 힌트를 받았음에도 불구하고 스스로 문제를 해결하려 노력했으며, 이는 생산적인 문제 해결 능력이 뛰어남을 보여줍니다.","The student is practicing the skill 'substitution'. Before these attempts, the student's cumulative accuracy on this skill was 11%. On attempt 1, the student answered incorrectly, used 1 hint, and took 0.48 times their own average response time. On attempt 2, the student answered incorrectly, used 1 hint, and took 0.56 times their own average response time. On attempt 3, the student answered incorrectly, used 1 hint, and took 1.27 times their own average response time. On attempt 4, the student answered correctly, used 1 hint, and took 1.10 times their own average response time.",(no comment),no,
Q126,S2,"The student also shows frustration that does not lead to productive actions, suggesting difficulty in managing task demands effectively.","학생은 생산적인 행동으로 이어지지 않는 좌절감을 보이는데, 이는 과제 요구 사항을 효과적으로 관리하는 데 어려움을 겪고 있음을 시사합니다.","The student is practicing the skill 'noskill'. Before these attempts, the student's cumulative accuracy on this skill was 48%. On attempt 1, the student answered correctly, used no hints, and took 0.59 times their own average response time. On attempt 2, the student answered correctly, used no hints, and took 0.54 times their own average response time. On attempt 3, the student answered correctly, used no hints, and took 0.92 times their own average response time. On attempt 4, the student answered incorrectly, used no hints, and took 1.05 times their own average response time.",R2: S1 힌트 없이 3문제 저답은 도전적인 과제를 피하는 것이라 보기 어려움.  S2 응답시간도 평범하고 정답도 4문제중 3문제 맞힘.,yes,
Q074,S2,The student also shows frustration that does not lead to productive problem-solving.,학생은 또한 생산적인 문제 해결로 이어지지 않는 좌절감을 드러냅니다.,"The student is practicing the skill 'interpreting-linear-equations'. Before these attempts, the student's cumulative accuracy on this skill was 25%. On attempt 1, the student answered incorrectly, used no hints, and took 1.08 times their own average response time. On attempt 2, the student answered incorrectly, used no hints, and took 0.99 times their own average response time. On attempt 3, the student answered correctly, used no hints, and took 1.01 times their own average response time. On attempt 4, the student answered incorrectly, used no hints, and took 1.01 times their own average response time.","R2: S1 응답시간 평범함. 피하려는 모습 보이지 않음. S2 반복 오답도 없고 감정 판단할 수 있는 판단 근거도 없음. | R3: S2의 제시된 학생의 불만을 알 수 없음 | R4: s1: 반복적인 오답에도 힌트를 전혀 사용하지 않는다는 점에서 약간의 회피 가능성이 보인다고 할 수 있음. 
s2: fustration 등의 어려움을 판단할 근거가 없음. ",no,
Q069,S1,The student exhibits signs of overconfidence during the task.,학생은 과제 수행 중 지나친 자신감을 드러낸다.,"The student is practicing the skill 'substitution'. Before these attempts, the student's cumulative accuracy on this skill was 19%. On attempt 1, the student answered incorrectly, used 11 hints, and took 0.05 times their own average response time. On attempt 2, the student answered correctly, used 11 hints, and took 0.21 times their own average response time. On attempt 3, the student answered incorrectly, used no hints, and took 0.89 times their own average response time. On attempt 4, the student answered incorrectly, used 1 hint, and took 0.10 times their own average response time.","R4: s1, s3: 이 학생은 overconfidence보다 cognitive avoidance에 가깝다고 판단됨. 따라서 과신의 징후를 보기 어려우며, 자신감과 문제해결 전략 사이 균형에 대해 시사한다고 볼 수 없음.",yes,
Q128,S3,The high level of engagement in this process may reflect a deeper commitment to understanding the material.,이 과정에 대한 높은 참여도는 자료를 더 깊이 이해하려는 의지를 반영하는 것일 수 있습니다.,"The student is practicing the skill 'pattern-finding'. Before these attempts, the student's cumulative accuracy on this skill was 37%. On attempt 1, the student answered incorrectly, used 2 hints, and took 0.37 times their own average response time. On attempt 2, the student answered incorrectly, used 2 hints, and took 0.15 times their own average response time. On attempt 3, the student answered incorrectly, used 2 hints, and took 2.31 times their own average response time. On attempt 4, the student answered correctly, used 2 hints, and took 0.60 times their own average response time.",(no comment),no,
Q059,S2,A high level of unproductive frustration is also observed.,"또한, 비생산적인 좌절감이 높은 수준으로 나타나는 것도 관찰됩니다.","The student is practicing the skill 'square-root'. Before these attempts, the student's cumulative accuracy on this skill was 18%. On attempt 1, the student answered incorrectly, used 2 hints, and took 0.26 times their own average response time. On attempt 2, the student answered incorrectly, used 3 hints, and took 0.19 times their own average response time. On attempt 3, the student answered correctly, used 3 hints, and took 0.19 times their own average response time. On attempt 4, the student answered incorrectly, used 2 hints, and took 0.13 times their own average response time.",R2: S2는 응답시간이 짧아 노력 흔적이 없음. S3 역시 직전까지 오답률이 높이 이번에 slipping했다고 보기 어려움.,yes,
Q037,S4,The high level of confidence might lead to less attention given to corrective guidance.,높은 자신감은 시정 조치에 대한 관심 부족으로 이어질 수 있습니다.,"The student is practicing the skill 'symbolization-articulation'. Before these attempts, the student's cumulative accuracy on this skill was 0%. On attempt 1, the student answered incorrectly, used 1 hint, and took 0.22 times their own average response time. On attempt 2, the student answered incorrectly, used 1 hint, and took 2.21 times their own average response time. On attempt 3, the student answered incorrectly, used 2 hints, and took 0.34 times their own average response time. On attempt 4, the student answered incorrectly, used 3 hints, and took 0.18 times their own average response time.","R2: S2 힌트를 쓴것은 어려움을 인식한 것임 S3 4문항 모두 힌트를 쓴 것을 볼때 이전 지식 의존이라고 보기 어려움 S4 힌트를 많이 사용한 것을 볼때 교정 지도를 적극 활용함 | R3: S4의 진술문이 행동기록으로 도출될 수 있는 것인지 모르겠습니다 | R4: s2: 전반적으로 overconfidence로 인식 부족이 있을 수 있으나, 힌트를 계속 사용하고 147문항에서 긴 응답시간을 보낸 것 등을 통해 학생이 어려움을 느끼고 인식했을 가능성 또한 볼 수 있음. 
s3, 4: 행동 기록에서 알 수 없음.",no,
Q139,S3,"Additionally, there is evidence of slipping, meaning the student may struggle to maintain focus or consistency in tasks.","또한, 학습 부진의 징후가 나타나는데, 이는 학생이 과제 수행에 집중력이나 일관성을 유지하는 데 어려움을 겪을 수 있음을 의미합니다.","The student is practicing the skill 'measurement'. Before these attempts, the student's cumulative accuracy on this skill was 0%. On attempt 1, the student answered incorrectly, used 1 hint, and took 0.22 times their own average response time. On attempt 2, the student answered incorrectly, used 2 hints, and took 13.69 times their own average response time. On attempt 3, the student answered incorrectly, used 3 hints, and took 0.09 times their own average response time. On attempt 4, the student answered incorrectly, used 3 hints, and took 0.54 times their own average response time.","R2: S3 정답률 0%에 정답 기록 없어 slipping으로 보기 어려움. | R4: S1: overconfidence가 확신 높음(응답시간 빠름) + 오답을 의미한다는 점에서 방향은 맞으나 466번 문항에서 많은 시간과 힌트를 쓰면서 풀기 위해 노력했다는 점이 반영되어 서술 될 필요가 있음. 
S3: Slipping은 높은 확신에도 실수로 추정되는 오답을 의미하는데, 거의 모든 문항에서 힌트를 많이 쓴 것으로 보아 높은 확신을 가지고 있다고 보기 어렵고 실수보다는 몰라서 못 풀었을 가능성이 높다고 보임.  | R5: S1- 응답 시간 빠름 + 오답이나, 다수의 힌트를 사용한 점에서 부분지지
S2- 높은 노력에도 반복 오답패턴이지만  정서적 어려움이라고 확신하기엔 과한 해석
S3- 누적 정답률 + 다수의 힌트 사용 + 짧은 응답 시간을 봤을 때 Slipping으로 보기 어려움",yes,
Q059,S3,"Additionally, there is evidence of slipping in performance.",게다가 실적 저하의 징후도 나타나고 있습니다.,"The student is practicing the skill 'square-root'. Before these attempts, the student's cumulative accuracy on this skill was 18%. On attempt 1, the student answered incorrectly, used 2 hints, and took 0.26 times their own average response time. On attempt 2, the student answered incorrectly, used 3 hints, and took 0.19 times their own average response time. On attempt 3, the student answered correctly, used 3 hints, and took 0.19 times their own average response time. On attempt 4, the student answered incorrectly, used 2 hints, and took 0.13 times their own average response time.",R2: S2는 응답시간이 짧아 노력 흔적이 없음. S3 역시 직전까지 오답률이 높이 이번에 slipping했다고 보기 어려움.,yes,
Q086,S2,The student also shows frustration without effective problem-solving strategies.,학생은 효과적인 문제 해결 전략이 없어 좌절감을 느끼기도 합니다.,"The student is practicing the skill 'sum-of-interior-angles-triangle'. Before these attempts, the student's cumulative accuracy on this skill was 33%. On attempt 1, the student answered incorrectly, used no hints, and took 0.35 times their own average response time. On attempt 2, the student answered correctly, used no hints, and took 3.14 times their own average response time. On attempt 3, the student answered incorrectly, used no hints, and took 3.14 times their own average response time. On attempt 4, the student answered incorrectly, used no hints, and took 0.11 times their own average response time.","R4: s1: 47, 201 문항이 응답시간이 짧고 오답이지만, 50, 190문항에서 꽤 긴 응답시간을 쓰며 힌트 없이 문제를 해결하려고 했다는 점에서 도전을 피하려는 징후라기 보단 도전해서 좌절된 결과로 보는 것이 더 적합함. ",no,
Q068,S3,"The presence of high confidence suggests a possible alignment with productive struggle, although this remains uncertain.","높은 자신감의 존재는 생산적인 투쟁과의 연관성을 시사하지만, 이는 여전히 불확실하다.","The student is practicing the skill 'unit-conversion'. Before these attempts, the student's cumulative accuracy on this skill was 50%. On attempt 1, the student answered correctly, used no hints, and took 9.41 times their own average response time. On attempt 2, the student answered incorrectly, used no hints, and took 1.03 times their own average response time. On attempt 3, the student answered correctly, used no hints, and took 0.34 times their own average response time.",R5: S3- high confidence는 제시된 행동 기록에서 확인되지 않아 productive struggle와의 관련성을 판단할 근거가 부족함,no,
Q087,S3,The level of engagement suggests a willingness to tackle complex tasks on their own.,참여도는 복잡한 과제를 스스로 해결하려는 의지가 있음을 시사합니다.,"The student is practicing the skill 'pythagorean-theorem'. Before these attempts, the student's cumulative accuracy on this skill was 19%. On attempt 1, the student answered incorrectly, used 3 hints, and took 0.41 times their own average response time. On attempt 2, the student answered incorrectly, used 3 hints, and took 0.53 times their own average response time. On attempt 3, the student answered incorrectly, used 3 hints, and took 0.75 times their own average response time. On attempt 4, the student answered correctly, used 3 hints, and took 0.30 times their own average response time.","R4: s1: 힌트를 많이 사용했음에도 불구하고 오답인 경우가 많으며 문제당 할당한 소요 시간도 짧은 편인 것으로 보아 독립적인 문제 해결을 보이지 않았음. 
s2: 힌트 의존도가 높으며 힌트를 통해 문제를 해결하려 하기 보다 정답을 바로 제공 받기 원하는 것으로 판단됨. 외부 지도가 필요한 것으로 보임. 
s3: 참여 수준은 외부 지도가 필요한 수준임.",yes,
Q053,S3,There appears to be a notable disconnect between the student’s ability to produce accurate answers and their willingness to engage in the process of working through difficulties.,학생이 정확한 답을 내놓는 능력과 어려움을 해결하는 과정에 참여하려는 의지 사이에 상당한 괴리가 있는 것으로 보인다.,"The student is practicing the skill 'noskill'. Before these attempts, the student's cumulative accuracy on this skill was 40%. On attempt 1, the student answered incorrectly, used no hints, and took 0.88 times their own average response time. On attempt 2, the student answered correctly, used no hints, and took 0.11 times their own average response time. On attempt 3, the student answered incorrectly, used no hints, and took 4.48 times their own average response time. On attempt 4, the student answered correctly, used no hints, and took 0.20 times their own average response time.","R5: S2- 어떤 문제가 challenging tasks인지 알 수 있는 근거가 없음. + 오히려 오답한 문제에서 긴 시간을 할애함
S3- 오히려 정답인 문제는 적은 시간 투여 + 오답은 많은 노력 투여 여서 notable connect 같음 (진짜 자신이 풀 수 없는 문제만 틀린 느낌)",yes,
Q049,S1,"The student exhibits signs of avoiding challenging tasks, indicating a possible reluctance to engage deeply with complex problems.","해당 학생은 어려운 과제를 회피하는 모습을 보이며, 이는 복잡한 문제에 깊이 몰두하는 것을 꺼리는 경향이 있음을 시사합니다.","The student is practicing the skill 'combinatorics'. Before these attempts, the student's cumulative accuracy on this skill was 38%. On attempt 1, the student answered incorrectly, used no hints, and took 1.80 times their own average response time. On attempt 2, the student answered correctly, used no hints, and took 0.48 times their own average response time. On attempt 3, the student answered correctly, used no hints, and took 0.42 times their own average response time. On attempt 4, the student answered incorrectly, used no hints, and took 0.53 times their own average response time.","R4: s1: 문항 481에서 제법 긴 응답 시간을 사용하였고 이 후 정답을 연속으로 2번 맞힌 것으로 보아 회피한다고 보기 어려움. 
s2: 계속해서 오답을 내고 있지 않고 이후 응답시간이 눈에 띄게 짧아졌다고 보기도 어려우므로 unproductive frustration이라고 하기 힘듦. 
s3: 누적 정답률 38%와 비슷한 정답률을 내긴 하지만, 뚜렷한 패턴이 존재한다고 보기엔 힘듦.",yes,
Q131,S3,"At the same time, there appears to be a notable presence of unproductive frustration during problem-solving tasks.",동시에 문제 해결 과정에서 비생산적인 좌절감이 상당히 많이 나타나는 것으로 보인다.,"The student is practicing the skill 'probability'. Before these attempts, the student's cumulative accuracy on this skill was 0%. On attempt 1, the student answered incorrectly, used 1 hint, and took 0.45 times their own average response time. On attempt 2, the student answered incorrectly, used 1 hint, and took 0.58 times their own average response time.",R4: s3: 행동기록 모두 높은 자신감을 보이며 frustration을 보여주지 않음. ,yes,
Q128,S2,This suggests the student was actively working through challenges rather than relying solely on external guidance.,이는 학생이 외부의 지도에만 의존하기보다는 적극적으로 어려움을 해결해 나가고 있었음을 시사합니다.,"The student is practicing the skill 'pattern-finding'. Before these attempts, the student's cumulative accuracy on this skill was 37%. On attempt 1, the student answered incorrectly, used 2 hints, and took 0.37 times their own average response time. On attempt 2, the student answered incorrectly, used 2 hints, and took 0.15 times their own average response time. On attempt 3, the student answered incorrectly, used 2 hints, and took 2.31 times their own average response time. On attempt 4, the student answered correctly, used 2 hints, and took 0.60 times their own average response time.",(no comment),no,
Q132,S2,"The student also shows frustration that does not lead to effective problem-solving strategies, suggesting difficulty in managing task demands.","학생은 효과적인 문제 해결 전략으로 이어지지 않는 좌절감을 보이는데, 이는 과제 요구 사항을 관리하는 데 어려움을 겪고 있음을 시사합니다.","The student is practicing the skill 'equation-solving'. Before these attempts, the student's cumulative accuracy on this skill was 64%. On attempt 1, the student answered correctly, used no hints, and took 0.18 times their own average response time. On attempt 2, the student answered correctly, used no hints, and took 0.18 times their own average response time. On attempt 3, the student answered correctly, used no hints, and took 6.37 times their own average response time. On attempt 4, the student answered incorrectly, used no hints, and took 1.47 times their own average response time.",R3: S1의 경우 응답시간과 정답 여부를 보았을 때 학생이 도전적인 과제 또한 적극적으로 도전함을 예측할 수 있음,no,
Q119,S3,The pattern indicates a lack of commitment to mastering the skill.,이러한 양상은 해당 기술을 숙달하려는 의지가 부족함을 나타냅니다.,"The student is practicing the skill 'interpreting-linear-equations'. Before these attempts, the student's cumulative accuracy on this skill was 0%. On attempt 1, the student answered incorrectly, used no hints, and took 1.16 times their own average response time. On attempt 2, the student answered incorrectly, used no hints, and took 1.06 times their own average response time.","R4: s1,2,3: 학생이 힌트 없이 꽤 긴 응답 시간을 각 문항에 보내며 고민하고 있는 것으로 보임. 문제와 소통하고 있고 주저한다기보단 의지를 가지고 해결하려고 하지만 지식이 부족한 것으로 판단됨. ",yes,
Q133,S1,"The student demonstrated a strong engagement with challenging tasks, indicating a willingness to persist despite difficulty.","해당 학생은 어려운 과제에 적극적으로 참여하는 모습을 보였으며, 어려움에도 불구하고 끈기 있게 노력하려는 의지를 나타냈습니다.","The student is practicing the skill 'multiplication'. Before these attempts, the student's cumulative accuracy on this skill was 18%. On attempt 1, the student answered incorrectly, used 1 hint, and took 0.04 times their own average response time. On attempt 2, the student answered incorrectly, used 2 hints, and took 0.04 times their own average response time. On attempt 3, the student answered incorrectly, used 3 hints, and took 0.04 times their own average response time. On attempt 4, the student answered correctly, used 3 hints, and took 0.25 times their own average response time.","R2: S1 응답시간이 지나치게 짧은 것으로 볼때 지속적 도전한다고 보기 어려움. | R3: S1은 응답시간이 짧음에도 불구하고 지속적으로 도전하는 태도가 있다고 명시합니다. | R4: s1: 힌트 사용 후 굉장히 짧은 응답 시간을 보인 것으로 보아 적극적으로 참여했다고 보기 어려움. | R5: S2- 매우 짧은 응답시간은 충분한 숙고가 이루어지지 않았을 가능성을 보여주지만, 복잡한 측면을 회피하거나 더 단순한 해결책을 선호했다는 직접적인 근거가 되기는 어려움",yes,
Q079,S1,The student may have avoided engaging deeply with the concept being taught.,학생은 수업에서 가르치는 개념에 깊이 몰입하는 것을 피했을 수도 있습니다.,"The student is practicing the skill 'equation-concept'. Before these attempts, the student's cumulative accuracy on this skill was 67%. On attempt 1, the student answered incorrectly, used no hints, and took 4.36 times their own average response time. On attempt 2, the student answered correctly, used no hints, and took 1.71 times their own average response time. On attempt 3, the student answered correctly, used no hints, and took 1.14 times their own average response time. On attempt 4, the student answered incorrectly, used no hints, and took 1.25 times their own average response time.","R4: s1: 힌트 사용 없이 높은 응답 시간을 소요하며 문제와 소통하려는 노력을 보이고 있음. 서술된 문장과 반대로 보임. 
s2: 모든 문항에서 꽤 긴 응답 시간을 소요하는 것으로 볼 때 노력을 안하거나 중단할 가능성은 낮아보임.",yes,
Q067,S2,"The student also showed a clear inclination to avoid deeper cognitive effort, indicating a preference for less challenging paths.","또한, 그 학생은 심도 있는 인지적 노력을 피하려는 분명한 경향을 보였으며, 이는 덜 어려운 경로를 선호함을 나타냅니다.","The student is practicing the skill 'square-root'. Before these attempts, the student's cumulative accuracy on this skill was 43%. On attempt 1, the student answered incorrectly, used 1 hint, and took 0.13 times their own average response time. On attempt 2, the student answered correctly, used no hints, and took 0.20 times their own average response time. On attempt 3, the student answered correctly, used no hints, and took 0.10 times their own average response time. On attempt 4, the student answered correctly, used 2 hints, and took 0.16 times their own average response time.","R4: s1: 정답률을 높지만, 응답 시간이 짧아 강한 참여에 대한 여부를 판단할 수 없음. 또한 힌트 사용 시 독립적인 판단을 보였는지도 판단할 수 없음. 
s2: 응답시간이 짧긴 하지만, 헷갈리는 문항은 힌트도 사용하며 도전함. 
s3: 지속성과 회피성의 상호작용이라기 보다는 일관되게 지속적인 반응을 보임. ",yes,
Q018,S3,The available information does not definitively clarify whether the accuracy resulted from sustained effort or inherent knowledge.,입수 가능한 정보로는 해당 정확도가 지속적인 노력의 결과인지 아니면 타고난 지식의 결과인지 명확하게 밝힐 수 없습니다.,"The student is practicing the skill 'stem-and-leaf-plot'. Before these attempts, the student's cumulative accuracy on this skill was 0%. On attempt 1, the student answered incorrectly, used no hints, and took 1.62 times their own average response time. On attempt 2, the student answered incorrectly, used no hints, and took 1.00 times their own average response time. On attempt 3, the student answered incorrectly, used no hints, and took 0.49 times their own average response time. On attempt 4, the student answered correctly, used no hints, and took 0.16 times their own average response time.",(no comment),no,
Q045,S2,"This behavior coincides with frequent expressions of frustration, indicating difficulty in resolving complex steps within the skill domain.","이러한 행동은 좌절감을 자주 표현하는 것과 일치하며, 이는 해당 기술 영역 내의 복잡한 단계를 해결하는 데 어려움을 겪고 있음을 나타냅니다.","The student is practicing the skill 'exponents'. Before these attempts, the student's cumulative accuracy on this skill was 30%. On attempt 1, the student answered incorrectly, used no hints, and took 0.55 times their own average response time. On attempt 2, the student answered incorrectly, used no hints, and took 0.24 times their own average response time. On attempt 3, the student answered correctly, used no hints, and took 0.71 times their own average response time. On attempt 4, the student answered incorrectly, used no hints, and took 1.02 times their own average response time.","R2: S1 대안적인 접근 방법은 이 기록들로는 판별이 어려움. S2 이 문항들로는 감정 파악 확인 어려움.  | R4: s1: overconfidence 지표가 강하게 드러나지만, 깊은 생각 없이 대안을 고려하지 않는 다는 문장 뒷부분은 뒷받침되지 않음. 
s2: unproductive frustration은 높은 노력에도 반복 오답을 보이는 것인데, 힌트를 모두 미사용하고 응시간이 짧은 편인 것을 보아 높은 노력이라 보기 어렵고, 복잡한 문제에 대한 어려움인지 판단 또한 불가능함.",yes,
Q091,S2,The student also shows frustration that does not lead to productive problem-solving.,학생은 또한 생산적인 문제 해결로 이어지지 않는 좌절감을 드러냅니다.,"The student is practicing the skill 'triangle-inequality'. Before these attempts, the student's cumulative accuracy on this skill was 40%. On attempt 1, the student answered correctly, used no hints, and took 0.16 times their own average response time. On attempt 2, the student answered incorrectly, used no hints, and took 0.99 times their own average response time. On attempt 3, the student answered correctly, used no hints, and took 0.66 times their own average response time. On attempt 4, the student answered incorrectly, used no hints, and took 1.21 times their own average response time.",R2: S1 오답은 오히려 0.99·1.21배로 시간을 들임. S2 본문자료만으로는 판단 불가능한 문장임.,no,
Q108,S2,The student also showed a clear inclination to avoid challenging aspects of the work.,그 학생은 또한 업무의 어려운 부분을 회피하려는 분명한 경향을 보였다.,"The student is practicing the skill 'inducing-functions'. Before these attempts, the student's cumulative accuracy on this skill was 36%. On attempt 1, the student answered correctly, used no hints, and took 0.25 times their own average response time. On attempt 2, the student answered incorrectly, used 1 hint, and took 0.15 times their own average response time. On attempt 3, the student answered incorrectly, used 2 hints, and took 2.61 times their own average response time. On attempt 4, the student answered correctly, used 2 hints, and took 0.34 times their own average response time.","R4: s1: 문항 305를 제외하고 나머지 문항은 오답이어도 긴 응답 시간 동안 고민하였거나 정답이므로 참여는 강한 편이라고 할 수 있으나, 독립적으로 판단했다는 행동 기록이 없음. 
s2: 문항 306의 경우 오답이긴 하지만 긴 응답 시간을 사용하며 고민한 흔적이 보이므로 회피 경향이 분명하지 않음. ",yes,
Q040,S2,There appears to be a complex interplay between the student’s approach to problem-solving and their perceived ability to handle difficult material.,학생의 문제 해결 방식과 어려운 내용을 다루는 능력에 대한 인식 사이에는 복잡한 상호 작용이 있는 것으로 보인다.,"The student is practicing the skill 'noskill'. Before these attempts, the student's cumulative accuracy on this skill was 0%. On attempt 1, the student answered incorrectly, used 1 hint, and took 1.00 times their own average response time. On attempt 2, the student answered incorrectly, used no hints, and took 0.18 times their own average response time. On attempt 3, the student answered correctly, used no hints, and took 0.13 times their own average response time.",(no comment),no,
Q137,S1,The student may have avoided engaging deeply with the graph material.,학생은 그래프 자료를 깊이 있게 살펴보는 것을 피했을 수도 있습니다.,"The student is practicing the skill 'reading-graph'. Before these attempts, the student's cumulative accuracy on this skill was 0%. On attempt 1, the student answered incorrectly, used no hints, and took 2.16 times their own average response time. On attempt 2, the student answered incorrectly, used no hints, and took 0.78 times their own average response time.",(no comment),no,
Q113,S3,This combination may point to underlying struggles with task engagement and retention.,이러한 조합은 업무 참여 및 유지에 근본적인 어려움이 있음을 시사할 수 있습니다.,"The student is practicing the skill 'percent-of'. Before these attempts, the student's cumulative accuracy on this skill was 26%. On attempt 1, the student answered incorrectly, used 7 hints, and took 0.10 times their own average response time. On attempt 2, the student answered incorrectly, used 8 hints, and took 0.16 times their own average response time. On attempt 3, the student answered correctly, used 8 hints, and took 2.10 times their own average response time. On attempt 4, the student answered incorrectly, used no hints, and took 0.94 times their own average response time.",R2: S3 retention은 이 기록으로 판별이 어려움. | R4: s3: 과제에 대한 몰입 및 지속과 관련된 근본적인 어려움을 암시한다고 보기엔 어려움.,no,
Q125,S2,"There appears to be a noticeable inconsistency in performance, suggesting difficulty maintaining focus or accuracy.","수행 능력에 상당한 일관성 부족이 나타나는데, 이는 집중력이나 정확성을 유지하는 데 어려움을 겪고 있음을 시사합니다.","The student is practicing the skill 'point-plotting'. Before these attempts, the student's cumulative accuracy on this skill was 38%. On attempt 1, the student answered incorrectly, used 1 hint, and took 0.08 times their own average response time. On attempt 2, the student answered incorrectly, used 2 hints, and took 1.09 times their own average response time. On attempt 3, the student answered incorrectly, used 2 hints, and took 1.12 times their own average response time. On attempt 4, the student answered incorrectly, used 2 hints, and took 0.48 times their own average response time.",(no comment),no,
Q020,S1,"The student may have avoided engaging deeply with complex tasks, indicating a possible reluctance to confront challenging material.","학생은 복잡한 과제에 깊이 몰입하는 것을 회피했을 수 있으며, 이는 어려운 자료에 직면하는 것을 꺼리는 성향을 나타낼 수 있습니다.","The student is practicing the skill 'pattern-finding'. Before these attempts, the student's cumulative accuracy on this skill was 56%. On attempt 1, the student answered correctly, used no hints, and took 3.04 times their own average response time. On attempt 2, the student answered correctly, used no hints, and took 1.42 times their own average response time. On attempt 3, the student answered correctly, used no hints, and took 2.34 times their own average response time. On attempt 4, the student answered incorrectly, used no hints, and took 0.46 times their own average response time.",R2: S1은 기록과 정반대,yes,
Q052,S3,The level of avoidance indicates a possible lack of confidence or interest in tackling complex equations.,회피 성향은 복잡한 방정식을 푸는 데 대한 자신감이나 관심이 부족함을 나타낼 수 있습니다.,"The student is practicing the skill 'equation-solving'. Before these attempts, the student's cumulative accuracy on this skill was 10%. On attempt 1, the student answered correctly, used 3 hints, and took 0.41 times their own average response time. On attempt 2, the student answered incorrectly, used no hints, and took 0.90 times their own average response time. On attempt 3, the student answered incorrectly, used 1 hint, and took 0.21 times their own average response time. On attempt 4, the student answered incorrectly, used 1 hint, and took 0.75 times their own average response time.",(no comment),no,
Q076,S1,"The student may have avoided engaging deeply with the material, indicating a possible reluctance to confront challenging aspects of the skill.","학생이 해당 자료에 깊이 몰입하는 것을 회피했을 가능성이 있으며, 이는 해당 기술의 어려운 측면에 직면하는 것을 꺼리는 태도를 나타내는 것일 수 있습니다.","The student is practicing the skill 'area'. Before these attempts, the student's cumulative accuracy on this skill was 36%. On attempt 1, the student answered correctly, used no hints, and took 1.23 times their own average response time. On attempt 2, the student answered incorrectly, used no hints, and took 0.77 times their own average response time. On attempt 3, the student answered correctly, used no hints, and took 0.32 times their own average response time. On attempt 4, the student answered incorrectly, used no hints, and took 0.55 times their own average response time.","R1: [S1] 모든 문제에서 힌트를 사용하지 않았기 때문에 깊이있게 소통했을 가능성도 있으며, 14단계에서는 힌트를 쓰지 않고 평균 시간대비 오래 걸렸기에 깊이있는 소통을 하지 않았다고만 볼 수는 없다. | R2: S1 응답시간 평범하고 가장 짧은 시간 걸린것은 정답임 S3 회피쪽 전제가 성립하지 않음 | R4: s1: 전체적으로 문항 응답이 모두 짧은 것이 아니고 정답률도 50%이므로 회피라고 보기 어려움.
s3: 맞는 말이긴 하지만, 의미 있는 분석이 아님.  | R5: S3- 무슨 말을 하고 싶은 건지 모르겠음",yes,
Q140,S1,The student demonstrates a strong sense of certainty in their responses.,학생은 답변에서 강한 확신을 보여줍니다.,"The student is practicing the skill 'transversals'. Before these attempts, the student's cumulative accuracy on this skill was 0%. On attempt 1, the student answered incorrectly, used no hints, and took 1.98 times their own average response time. On attempt 2, the student answered incorrectly, used 1 hint, and took 0.55 times their own average response time.","R4: s1, 2: 문항 63에서는 응답시간이 빠르고 오답을 골랐으나, 힌트를 사용하였고 문항 64에서는 응답시간이 길고 고민 후에 오답을 고른 것으로 보아 자신감이 없었을 가능성이 높음.",yes,
Q061,S1,The student may have been avoiding tasks related to calculating perimeters.,그 학생은 둘레 계산과 관련된 과제를 회피했을 수도 있습니다.,"The student is practicing the skill 'perimeter'. Before these attempts, the student's cumulative accuracy on this skill was 33%. On attempt 1, the student answered incorrectly, used no hints, and took 1.13 times their own average response time. On attempt 2, the student answered correctly, used no hints, and took 0.88 times their own average response time. On attempt 3, the student answered incorrectly, used no hints, and took 1.15 times their own average response time. On attempt 4, the student answered incorrectly, used no hints, and took 2.70 times their own average response time.","R4: s1,2: 긴 응답 시간을 소모한 것으로 보아 문제를 피하거나 소통하려는 의지가 없다고 보기 어려움.",yes,
Q048,S2,"The student also showed a clear inclination to avoid deeper cognitive effort, indicating a preference for less challenging paths.","또한, 그 학생은 심도 있는 인지적 노력을 피하려는 분명한 경향을 보였으며, 이는 덜 어려운 경로를 선호함을 나타냅니다.","The student is practicing the skill 'properties-of-geometric-figures'. Before these attempts, the student's cumulative accuracy on this skill was 0%. On attempt 1, the student answered incorrectly, used 2 hints, and took 0.57 times their own average response time. On attempt 2, the student answered incorrectly, used 3 hints, and took 0.38 times their own average response time. On attempt 3, the student answered incorrectly, used 1 hint, and took 0.32 times their own average response time. On attempt 4, the student answered correctly, used 3 hints, and took 0.44 times their own average response time.",(no comment),no,
Q085,S2,"The student also shows slipping, marked by another high status level.",학생은 또한 높은 지위 수준에서 벗어나는 모습을 보인다.,"The student is practicing the skill 'substitution'. Before these attempts, the student's cumulative accuracy on this skill was 11%. On attempt 1, the student answered incorrectly, used 2 hints, and took 0.49 times their own average response time. On attempt 2, the student answered incorrectly, used 2 hints, and took 1.26 times their own average response time. On attempt 3, the student answered correctly, used 2 hints, and took 0.35 times their own average response time. On attempt 4, the student answered incorrectly, used no hints, and took 0.61 times their own average response time.",(no comment),no,
Q049,S2,The student also shows frustration that does not lead to productive problem-solving efforts.,학생은 또한 생산적인 문제 해결 노력으로 이어지지 않는 좌절감을 드러냅니다.,"The student is practicing the skill 'combinatorics'. Before these attempts, the student's cumulative accuracy on this skill was 38%. On attempt 1, the student answered incorrectly, used no hints, and took 1.80 times their own average response time. On attempt 2, the student answered correctly, used no hints, and took 0.48 times their own average response time. On attempt 3, the student answered correctly, used no hints, and took 0.42 times their own average response time. On attempt 4, the student answered incorrectly, used no hints, and took 0.53 times their own average response time.","R4: s1: 문항 481에서 제법 긴 응답 시간을 사용하였고 이 후 정답을 연속으로 2번 맞힌 것으로 보아 회피한다고 보기 어려움. 
s2: 계속해서 오답을 내고 있지 않고 이후 응답시간이 눈에 띄게 짧아졌다고 보기도 어려우므로 unproductive frustration이라고 하기 힘듦. 
s3: 누적 정답률 38%와 비슷한 정답률을 내긴 하지만, 뚜렷한 패턴이 존재한다고 보기엔 힘듦.",yes,
Q050,S3,There is no indication of hesitation or doubt in their approach.,그들의 접근 방식에는 주저함이나 의심의 기색이 전혀 보이지 않습니다.,"The student is practicing the skill 'percent-of'. Before these attempts, the student's cumulative accuracy on this skill was 0%. On attempt 1, the student answered incorrectly, used 1 hint, and took 1.60 times their own average response time. On attempt 2, the student answered incorrectly, used no hints, and took 1.69 times their own average response time.","R1: s3: 의심 징후가 전혀 보이지 않는 다고 하였는데 30단계에서 힌트를 1회 사용했기 때문에 맞지 않는 다고 생각되었다.  | R2: S1 오답인데다가 응답시간도 평균보다 김 S2 S1전제가 잘못되어있음 S3 긴 고민시간을 통해 의심 징후가 강하게 드러남. | R3: S1에서 강한 확신은 짧은 응답시간을 근거로 하는 것으로 알고있지만 그렇지 아니함 | R4: s1,2,3: 긴 응답시간을 사용하며 문제를 해결하고 오답을 도출해내고 힌트도 1회 사용한 것을 통해 높은 자신감을 가지고 있다기 보단 의심의 징후가 약간 보인다고 할 수 있음.  | R5: S1~S3의 높은 확신 및 망설임 없음에 대한 주장은 행동 기록과 부합하지 않음. 두 문항 모두 오답이며 응답시간도 개인평균 대비 1.60배, 1.69배로 길어 높은 확신을 뒷받침하는 응답시간 패턴이 나타나지 않음.",yes,
Q132,S1,"The student exhibits signs of avoiding challenging tasks, indicating a possible reluctance to engage deeply with complex problems.","해당 학생은 어려운 과제를 회피하는 모습을 보이며, 이는 복잡한 문제에 깊이 몰두하는 것을 꺼리는 경향이 있음을 시사합니다.","The student is practicing the skill 'equation-solving'. Before these attempts, the student's cumulative accuracy on this skill was 64%. On attempt 1, the student answered correctly, used no hints, and took 0.18 times their own average response time. On attempt 2, the student answered correctly, used no hints, and took 0.18 times their own average response time. On attempt 3, the student answered correctly, used no hints, and took 6.37 times their own average response time. On attempt 4, the student answered incorrectly, used no hints, and took 1.47 times their own average response time.",R3: S1의 경우 응답시간과 정답 여부를 보았을 때 학생이 도전적인 과제 또한 적극적으로 도전함을 예측할 수 있음,yes,
Q069,S3,This combination may suggest a struggle to balance confidence with effective problem-solving strategies.,이러한 조합은 자신감과 효과적인 문제 해결 전략 사이의 균형을 맞추는 데 어려움을 겪고 있음을 시사할 수 있습니다.,"The student is practicing the skill 'substitution'. Before these attempts, the student's cumulative accuracy on this skill was 19%. On attempt 1, the student answered incorrectly, used 11 hints, and took 0.05 times their own average response time. On attempt 2, the student answered correctly, used 11 hints, and took 0.21 times their own average response time. On attempt 3, the student answered incorrectly, used no hints, and took 0.89 times their own average response time. On attempt 4, the student answered incorrectly, used 1 hint, and took 0.10 times their own average response time.","R4: s1, s3: 이 학생은 overconfidence보다 cognitive avoidance에 가깝다고 판단됨. 따라서 과신의 징후를 보기 어려우며, 자신감과 문제해결 전략 사이 균형에 대해 시사한다고 볼 수 없음.",yes,
Q126,S1,"The student exhibits signs of avoiding challenging tasks, indicating a possible reluctance to engage deeply with material.","학생은 어려운 과제를 회피하는 모습을 보이며, 이는 학습 내용에 깊이 몰입하는 데 거부감이 있을 가능성을 시사합니다.","The student is practicing the skill 'noskill'. Before these attempts, the student's cumulative accuracy on this skill was 48%. On attempt 1, the student answered correctly, used no hints, and took 0.59 times their own average response time. On attempt 2, the student answered correctly, used no hints, and took 0.54 times their own average response time. On attempt 3, the student answered correctly, used no hints, and took 0.92 times their own average response time. On attempt 4, the student answered incorrectly, used no hints, and took 1.05 times their own average response time.",R2: S1 힌트 없이 3문제 저답은 도전적인 과제를 피하는 것이라 보기 어려움.  S2 응답시간도 평범하고 정답도 4문제중 3문제 맞힘.,yes,
Q123,S2,The tendency appears to be evident in their approach to tackling the task.,그들이 과제를 해결하는 방식에서 그러한 경향이 뚜렷하게 드러나는 것 같다.,"The student is practicing the skill 'interpreting-linear-equations'. Before these attempts, the student's cumulative accuracy on this skill was 12%. On attempt 1, the student answered incorrectly, used no hints, and took 0.14 times their own average response time. On attempt 2, the student answered incorrectly, used no hints, and took 1.57 times their own average response time. On attempt 3, the student answered incorrectly, used 1 hint, and took 0.25 times their own average response time. On attempt 4, the student answered incorrectly, used 1 hint, and took 0.80 times their own average response time.","R4: s1: 문항 70에서는 긴 응답 시간을 사용해 문제를 해결하려고 했음. 다른 문항에서는 전반적으로 짧은 응답시간과 정답률을 통해 회피 성향이 있을 수 있음을 판단함. 
s2: 하지만 분명하게 드러난다고 볼 수는 없음. (문항 70이 그 예)
s3: 응답 시간이 짧아 노력이 부족하다고도 볼 수 있으나, 점차적으로 힌트를 사용하는 것이 노력을 하는 것으로 판단될 수 있음. ",no,
Q034,S1,"The student exhibits signs of avoiding challenging tasks related to converting fractions, decimals, and percentages.","해당 학생은 분수, 소수, 백분율 변환과 관련된 어려운 문제를 회피하는 경향을 보입니다.","The student is practicing the skill 'equivalent-fractions-decimals-percents'. Before these attempts, the student's cumulative accuracy on this skill was 67%. On attempt 1, the student answered incorrectly, used no hints, and took 1.60 times their own average response time. On attempt 2, the student answered correctly, used no hints, and took 0.34 times their own average response time. On attempt 3, the student answered correctly, used no hints, and took 0.04 times their own average response time. On attempt 4, the student answered incorrectly, used no hints, and took 2.49 times their own average response time.",R2: S1 짧게 끝난 문제는 정답이였고 오답은 오히려 오랜 시간을 들여 풀음,yes,
Q094,S1,"The student engaged in independent problem-solving despite receiving a hint, indicating a strong capacity for tackling challenges on their own.","학생은 힌트를 받았음에도 불구하고 스스로 문제를 해결하는 모습을 보였으며, 이는 스스로 도전 과제를 해결할 수 있는 뛰어난 능력을 보여준다.","The student is practicing the skill 'equation-solving'. Before these attempts, the student's cumulative accuracy on this skill was 0%. On attempt 1, the student answered incorrectly, used 4 hints, and took 0.50 times their own average response time. On attempt 2, the student answered incorrectly, used 4 hints, and took 2.03 times their own average response time. On attempt 3, the student answered incorrectly, used 4 hints, and took 0.46 times their own average response time. On attempt 4, the student answered correctly, used 4 hints, and took 0.63 times their own average response time.","R2: S1 힌트를 다회 받음 | R3: S1에서 팁을 받고도 독립적으로 문제 해결에 참여한 것은 맞으나, 정답률을 보면 강한 능력은 보이지 않는 듯 하다. | R4: 독립적인 문제해결력은 볼 수 없으며, 오히려 cognitive avoidance에 가깝다고 보임. ",yes,
Q119,S1,The student may have avoided engaging deeply with the material.,그 학생은 학습 내용에 깊이 몰입하는 것을 피했을 수도 있습니다.,"The student is practicing the skill 'interpreting-linear-equations'. Before these attempts, the student's cumulative accuracy on this skill was 0%. On attempt 1, the student answered incorrectly, used no hints, and took 1.16 times their own average response time. On attempt 2, the student answered incorrectly, used no hints, and took 1.06 times their own average response time.","R4: s1,2,3: 학생이 힌트 없이 꽤 긴 응답 시간을 각 문항에 보내며 고민하고 있는 것으로 보임. 문제와 소통하고 있고 주저한다기보단 의지를 가지고 해결하려고 하지만 지식이 부족한 것으로 판단됨. ",yes,
Q133,S2,"The student also showed signs of avoiding more complex aspects of the task, suggesting a preference for simpler solutions.","또한, 그 학생은 과제의 복잡한 부분을 회피하는 모습을 보였는데, 이는 더 간단한 해결책을 선호하는 것을 시사합니다.","The student is practicing the skill 'multiplication'. Before these attempts, the student's cumulative accuracy on this skill was 18%. On attempt 1, the student answered incorrectly, used 1 hint, and took 0.04 times their own average response time. On attempt 2, the student answered incorrectly, used 2 hints, and took 0.04 times their own average response time. On attempt 3, the student answered incorrectly, used 3 hints, and took 0.04 times their own average response time. On attempt 4, the student answered correctly, used 3 hints, and took 0.25 times their own average response time.","R2: S1 응답시간이 지나치게 짧은 것으로 볼때 지속적 도전한다고 보기 어려움. | R3: S1은 응답시간이 짧음에도 불구하고 지속적으로 도전하는 태도가 있다고 명시합니다. | R4: s1: 힌트 사용 후 굉장히 짧은 응답 시간을 보인 것으로 보아 적극적으로 참여했다고 보기 어려움. | R5: S2- 매우 짧은 응답시간은 충분한 숙고가 이루어지지 않았을 가능성을 보여주지만, 복잡한 측면을 회피하거나 더 단순한 해결책을 선호했다는 직접적인 근거가 되기는 어려움",no,
Q127,S2,The level of confidence indicated was maximal.,표시된 신뢰 수준은 최고였습니다.,"The student is practicing the skill 'proportion'. Before these attempts, the student's cumulative accuracy on this skill was 40%. On attempt 1, the student answered incorrectly, used 2 hints, and took 0.21 times their own average response time. On attempt 2, the student answered correctly, used 2 hints, and took 1.04 times their own average response time. On attempt 3, the student answered correctly, used no hints, and took 1.09 times their own average response time. On attempt 4, the student answered incorrectly, used 1 hint, and took 0.42 times their own average response time.",R2: S2 최대라고 볼 근거가 없음 응답시간이 압도적으로 빠르지고 다 정답이지도 않음 S3 힌트를 여러번 여는 등 망설임 징후가 있지 망설임 징후가 보이지 않는것이 아님,yes,
Q022,S1,The student may have overestimated their ability to handle complex problems.,그 학생은 복잡한 문제를 해결할 수 있는 자신의 능력을 과대평가했을지도 모릅니다.,"The student is practicing the skill 'algebraic-manipulation'. Before these attempts, the student's cumulative accuracy on this skill was 0%. On attempt 1, the student answered incorrectly, used 1 hint, and took 0.20 times their own average response time. On attempt 2, the student answered incorrectly, used 2 hints, and took 0.20 times their own average response time. On attempt 3, the student answered incorrectly, used 3 hints, and took 0.08 times their own average response time. On attempt 4, the student answered incorrectly, used 4 hints, and took 1.19 times their own average response time.","R4: s1: overconfidence라고 하기엔 힌트 사용이 점차적으로 늘어남. 
s2: 일관되게 힌트가 늘어나는 경향성이 다소 존재함. 
s3: overconfidence보다 cognitive avoidance일 가능성이 존재함. ",yes,
Q130,S2,The student also shows indications of slipping.,학생은 또한 미끄러지는 기색을 보이고 있습니다.,"The student is practicing the skill 'noskill'. Before these attempts, the student's cumulative accuracy on this skill was 34%. On attempt 1, the student answered incorrectly, used no hints, and took 1.71 times their own average response time. On attempt 2, the student answered incorrectly, used no hints, and took 0.51 times their own average response time. On attempt 3, the student answered incorrectly, used 1 hint, and took 0.04 times their own average response time. On attempt 4, the student answered incorrectly, used 1 hint, and took 0.98 times their own average response time.","R2: S2 정답률 34%에 정답 기록 없어 실수로 볼 근거 없음. | R3: S1에서 일부 문항에서는 높은 시간 투자를 보여줌. | R4: s2: 낮은 정답률을 통해 실수라고 보긴 어려움.  | R5: S1과 S2 모두 일부 빠른 오답으로 뒷받침되나, 문항별 응답시간의 편차가 커 일관된 overconfidence 또는 slipping 패턴으로 단정하기에는 근거가 부족함",no,
Q067,S1,"The student demonstrated a strong engagement with the task, making independent judgments despite using a hint.",학생은 힌트를 사용했음에도 불구하고 독립적인 판단을 내리는 등 과제에 대한 높은 참여도를 보였다.,"The student is practicing the skill 'square-root'. Before these attempts, the student's cumulative accuracy on this skill was 43%. On attempt 1, the student answered incorrectly, used 1 hint, and took 0.13 times their own average response time. On attempt 2, the student answered correctly, used no hints, and took 0.20 times their own average response time. On attempt 3, the student answered correctly, used no hints, and took 0.10 times their own average response time. On attempt 4, the student answered correctly, used 2 hints, and took 0.16 times their own average response time.","R4: s1: 정답률을 높지만, 응답 시간이 짧아 강한 참여에 대한 여부를 판단할 수 없음. 또한 힌트 사용 시 독립적인 판단을 보였는지도 판단할 수 없음. 
s2: 응답시간이 짧긴 하지만, 헷갈리는 문항은 힌트도 사용하며 도전함. 
s3: 지속성과 회피성의 상호작용이라기 보다는 일관되게 지속적인 반응을 보임. ",no,
Q046,S1,"The student exhibits signs of avoiding challenging tasks, indicating a possible reluctance to engage deeply with material.","학생은 어려운 과제를 회피하는 모습을 보이며, 이는 학습 내용에 깊이 몰입하는 데 거부감이 있을 가능성을 시사합니다.","The student is practicing the skill 'discount'. Before these attempts, the student's cumulative accuracy on this skill was 60%. On attempt 1, the student answered incorrectly, used no hints, and took 0.70 times their own average response time. On attempt 2, the student answered correctly, used no hints, and took 3.15 times their own average response time. On attempt 3, the student answered correctly, used no hints, and took 1.01 times their own average response time. On attempt 4, the student answered incorrectly, used no hints, and took 3.58 times their own average response time.",R2: S1 장시간 문제를 풀었는데 도전적인 과제를 피한다고 보기 어려움.,yes,
Q129,S3,There is no indication of hesitation or doubt in their approach.,그들의 접근 방식에는 주저함이나 의심의 기색이 전혀 보이지 않습니다.,"The student is practicing the skill 'interpreting-numberline'. Before these attempts, the student's cumulative accuracy on this skill was 25%. On attempt 1, the student answered incorrectly, used 1 hint, and took 0.87 times their own average response time. On attempt 2, the student answered incorrectly, used 3 hints, and took 0.32 times their own average response time. On attempt 3, the student answered incorrectly, used 4 hints, and took 0.16 times their own average response time. On attempt 4, the student answered incorrectly, used 2 hints, and took 0.55 times their own average response time.",(no comment),no,
Q088,S2,This suggests the student was actively working through challenges rather than relying solely on external guidance.,이는 학생이 외부의 지도에만 의존하기보다는 적극적으로 어려움을 해결해 나가고 있었음을 시사합니다.,"The student is practicing the skill 'substitution'. Before these attempts, the student's cumulative accuracy on this skill was 11%. On attempt 1, the student answered incorrectly, used 1 hint, and took 0.48 times their own average response time. On attempt 2, the student answered incorrectly, used 1 hint, and took 0.56 times their own average response time. On attempt 3, the student answered incorrectly, used 1 hint, and took 1.27 times their own average response time. On attempt 4, the student answered correctly, used 1 hint, and took 1.10 times their own average response time.",(no comment),no,
