condition,group,label,ITEST_id,step_idx,skill,citation_required,stage1_used,stage3_used,truncated_in_thinking,n_sentences,faithfulness_rate,hallucination_rate,hedge_violation_rate,structural_violation_rate,conditional_faithfulness_rate,conditional_hallucination_rate,n_content_eligible
naive,baseline,Naive Prompting,6295,630,percent-of,False,False,True,False,4,0.0,1.0,0.0,,0.0,1.0,4.0
template,baseline,Template-only,6295,630,percent-of,True,True,True,False,2,1.0,0.0,0.0,0.0,1.0,0.0,2.0
full,baseline,MetaKT-Verba (Full),6295,630,percent-of,True,True,True,False,2,0.0,1.0,0.0,0.0,0.0,1.0,2.0
ablate_stage1,ablation,w/o Symbolic Grounding (Stage 1),6295,630,percent-of,True,False,True,False,3,0.0,1.0,0.0,0.0,0.0,1.0,3.0
ablate_citation,ablation,w/o Citation-Forcing Prompt,6295,630,percent-of,False,True,True,False,4,0.0,1.0,0.0,,0.0,1.0,4.0
ablate_stage3,ablation,w/o Auto Verification (Stage 3),6295,630,percent-of,True,True,False,False,2,,,,0.0,,,
naive,baseline,Naive Prompting,3002,580,scientific-notation,False,False,True,False,3,1.0,0.0,0.0,,1.0,0.0,3.0
template,baseline,Template-only,3002,580,scientific-notation,True,True,True,False,1,1.0,0.0,0.0,0.0,1.0,0.0,1.0
full,baseline,MetaKT-Verba (Full),3002,580,scientific-notation,True,True,True,False,1,1.0,0.0,0.0,0.0,1.0,0.0,1.0
ablate_stage1,ablation,w/o Symbolic Grounding (Stage 1),3002,580,scientific-notation,True,False,True,False,3,1.0,0.0,0.0,0.0,1.0,0.0,3.0
ablate_citation,ablation,w/o Citation-Forcing Prompt,3002,580,scientific-notation,False,True,True,False,4,1.0,0.0,0.0,,1.0,0.0,4.0
ablate_stage3,ablation,w/o Auto Verification (Stage 3),3002,580,scientific-notation,True,True,False,False,1,,,,0.0,,,
naive,baseline,Naive Prompting,3618,72,percent-of,False,False,True,False,4,0.0,1.0,0.0,,0.0,1.0,4.0
template,baseline,Template-only,3618,72,percent-of,True,True,True,False,2,1.0,0.0,0.0,0.0,1.0,0.0,2.0
full,baseline,MetaKT-Verba (Full),3618,72,percent-of,True,True,True,False,2,0.0,1.0,0.0,0.0,0.0,1.0,2.0
ablate_stage1,ablation,w/o Symbolic Grounding (Stage 1),3618,72,percent-of,True,False,True,False,2,0.0,1.0,0.0,0.0,0.0,1.0,2.0
ablate_citation,ablation,w/o Citation-Forcing Prompt,3618,72,percent-of,False,True,True,False,4,0.0,1.0,0.0,,0.0,1.0,4.0
ablate_stage3,ablation,w/o Auto Verification (Stage 3),3618,72,percent-of,True,True,False,False,2,,,,0.0,,,
naive,baseline,Naive Prompting,1989,117,perimeter,False,False,True,False,4,1.0,0.0,0.0,,1.0,0.0,4.0
template,baseline,Template-only,1989,117,perimeter,True,True,True,False,1,1.0,0.0,0.0,0.0,1.0,0.0,1.0
full,baseline,MetaKT-Verba (Full),1989,117,perimeter,True,True,True,False,1,1.0,0.0,0.0,0.0,1.0,0.0,1.0
ablate_stage1,ablation,w/o Symbolic Grounding (Stage 1),1989,117,perimeter,True,False,True,False,3,1.0,0.0,0.0,0.0,1.0,0.0,3.0
ablate_citation,ablation,w/o Citation-Forcing Prompt,1989,117,perimeter,False,True,True,False,4,1.0,0.0,0.0,,1.0,0.0,4.0
ablate_stage3,ablation,w/o Auto Verification (Stage 3),1989,117,perimeter,True,True,False,False,1,,,,0.0,,,
naive,baseline,Naive Prompting,3327,391,sum-of-interior-angles-more-than-3-sides,False,False,True,False,3,0.0,1.0,0.0,,0.0,1.0,3.0
template,baseline,Template-only,3327,391,sum-of-interior-angles-more-than-3-sides,True,True,True,False,1,1.0,0.0,0.0,0.0,1.0,0.0,1.0
full,baseline,MetaKT-Verba (Full),3327,391,sum-of-interior-angles-more-than-3-sides,True,True,True,False,1,0.0,1.0,0.0,0.0,0.0,1.0,1.0
ablate_stage1,ablation,w/o Symbolic Grounding (Stage 1),3327,391,sum-of-interior-angles-more-than-3-sides,True,False,True,False,4,0.0,1.0,0.0,0.0,0.0,1.0,4.0
ablate_citation,ablation,w/o Citation-Forcing Prompt,3327,391,sum-of-interior-angles-more-than-3-sides,False,True,True,False,4,0.0,1.0,0.0,,0.0,1.0,4.0
ablate_stage3,ablation,w/o Auto Verification (Stage 3),3327,391,sum-of-interior-angles-more-than-3-sides,True,True,False,False,1,,,,0.0,,,
naive,baseline,Naive Prompting,2513,262,reading-graph,False,False,True,False,4,0.0,1.0,0.0,,0.0,1.0,4.0
template,baseline,Template-only,2513,262,reading-graph,True,True,True,False,2,1.0,0.0,0.0,0.0,1.0,0.0,2.0
full,baseline,MetaKT-Verba (Full),2513,262,reading-graph,True,True,True,False,2,0.0,1.0,0.0,0.0,0.0,1.0,2.0
ablate_stage1,ablation,w/o Symbolic Grounding (Stage 1),2513,262,reading-graph,True,False,True,False,4,0.0,1.0,0.0,0.0,0.0,1.0,4.0
ablate_citation,ablation,w/o Citation-Forcing Prompt,2513,262,reading-graph,False,True,True,False,4,0.0,1.0,0.0,,0.0,1.0,4.0
ablate_stage3,ablation,w/o Auto Verification (Stage 3),2513,262,reading-graph,True,True,False,False,2,,,,0.0,,,
naive,baseline,Naive Prompting,7775,757,discount,False,False,True,False,4,0.0,1.0,0.0,,0.0,1.0,4.0
template,baseline,Template-only,7775,757,discount,True,True,True,False,2,1.0,0.0,0.0,0.0,1.0,0.0,2.0
full,baseline,MetaKT-Verba (Full),7775,757,discount,True,True,True,False,2,0.0,1.0,0.0,0.0,0.0,1.0,2.0
ablate_stage1,ablation,w/o Symbolic Grounding (Stage 1),7775,757,discount,True,False,True,False,3,0.0,1.0,0.0,0.0,0.0,1.0,3.0
ablate_citation,ablation,w/o Citation-Forcing Prompt,7775,757,discount,False,True,True,False,4,0.25,0.75,0.0,,0.25,0.75,4.0
ablate_stage3,ablation,w/o Auto Verification (Stage 3),7775,757,discount,True,True,False,False,2,,,,0.0,,,
naive,baseline,Naive Prompting,2421,264,pythagorean-theorem,False,False,True,False,3,0.0,1.0,0.0,,0.0,1.0,3.0
template,baseline,Template-only,2421,264,pythagorean-theorem,True,True,True,False,1,1.0,0.0,0.0,0.0,1.0,0.0,1.0
full,baseline,MetaKT-Verba (Full),2421,264,pythagorean-theorem,True,True,True,False,3,0.3333333333333333,0.6666666666666666,0.0,0.0,0.3333333333333333,0.6666666666666666,3.0
ablate_stage1,ablation,w/o Symbolic Grounding (Stage 1),2421,264,pythagorean-theorem,True,False,True,False,4,0.0,1.0,0.0,0.0,0.0,1.0,4.0
ablate_citation,ablation,w/o Citation-Forcing Prompt,2421,264,pythagorean-theorem,False,True,True,False,4,0.25,0.75,0.0,,0.25,0.75,4.0
ablate_stage3,ablation,w/o Auto Verification (Stage 3),2421,264,pythagorean-theorem,True,True,False,False,3,,,,0.0,,,
naive,baseline,Naive Prompting,35,558,noskill,False,False,True,False,4,0.0,1.0,0.0,,0.0,1.0,4.0
template,baseline,Template-only,35,558,noskill,True,True,True,False,2,1.0,0.0,0.0,0.0,1.0,0.0,2.0
full,baseline,MetaKT-Verba (Full),35,558,noskill,True,True,True,False,2,0.5,0.5,0.0,0.0,0.5,0.5,2.0
ablate_stage1,ablation,w/o Symbolic Grounding (Stage 1),35,558,noskill,True,False,True,False,3,0.0,1.0,0.0,0.0,0.0,1.0,3.0
ablate_citation,ablation,w/o Citation-Forcing Prompt,35,558,noskill,False,True,True,False,4,0.0,1.0,0.0,,0.0,1.0,4.0
ablate_stage3,ablation,w/o Auto Verification (Stage 3),35,558,noskill,True,True,False,False,2,,,,0.0,,,
naive,baseline,Naive Prompting,4551,36,reading-graph,False,False,True,False,3,0.0,1.0,0.0,,0.0,1.0,3.0
template,baseline,Template-only,4551,36,reading-graph,True,True,True,False,2,1.0,0.0,0.0,0.0,1.0,0.0,2.0
full,baseline,MetaKT-Verba (Full),4551,36,reading-graph,True,True,True,False,2,0.0,1.0,0.0,0.0,0.0,1.0,2.0
ablate_stage1,ablation,w/o Symbolic Grounding (Stage 1),4551,36,reading-graph,True,False,True,False,3,0.0,1.0,0.0,0.0,0.0,1.0,3.0
ablate_citation,ablation,w/o Citation-Forcing Prompt,4551,36,reading-graph,False,True,True,False,4,0.0,1.0,0.0,,0.0,1.0,4.0
ablate_stage3,ablation,w/o Auto Verification (Stage 3),4551,36,reading-graph,True,True,False,False,2,,,,0.0,,,
naive,baseline,Naive Prompting,4162,981,equation-solving,False,False,True,False,4,0.0,1.0,0.0,,0.0,1.0,4.0
template,baseline,Template-only,4162,981,equation-solving,True,True,True,False,1,1.0,0.0,0.0,0.0,1.0,0.0,1.0
full,baseline,MetaKT-Verba (Full),4162,981,equation-solving,True,True,True,False,3,0.3333333333333333,0.6666666666666666,0.0,0.0,0.3333333333333333,0.6666666666666666,3.0
ablate_stage1,ablation,w/o Symbolic Grounding (Stage 1),4162,981,equation-solving,True,False,True,False,3,0.0,1.0,0.0,0.0,0.0,1.0,3.0
ablate_citation,ablation,w/o Citation-Forcing Prompt,4162,981,equation-solving,False,True,True,False,4,0.0,1.0,0.0,,0.0,1.0,4.0
ablate_stage3,ablation,w/o Auto Verification (Stage 3),4162,981,equation-solving,True,True,False,False,3,,,,0.0,,,
naive,baseline,Naive Prompting,4255,31,reading-graph,False,False,True,False,4,0.25,0.75,0.0,,0.25,0.75,4.0
template,baseline,Template-only,4255,31,reading-graph,True,True,True,False,1,1.0,0.0,0.0,0.0,1.0,0.0,1.0
full,baseline,MetaKT-Verba (Full),4255,31,reading-graph,True,True,True,False,2,0.0,1.0,0.0,0.0,0.0,1.0,2.0
ablate_stage1,ablation,w/o Symbolic Grounding (Stage 1),4255,31,reading-graph,True,False,True,False,3,0.0,1.0,0.0,0.0,0.0,1.0,3.0
ablate_citation,ablation,w/o Citation-Forcing Prompt,4255,31,reading-graph,False,True,True,False,4,0.0,1.0,0.0,,0.0,1.0,4.0
ablate_stage3,ablation,w/o Auto Verification (Stage 3),4255,31,reading-graph,True,True,False,False,2,,,,0.0,,,
naive,baseline,Naive Prompting,7775,78,transversals,False,False,True,False,3,0.0,1.0,0.0,,0.0,1.0,3.0
template,baseline,Template-only,7775,78,transversals,True,True,True,False,2,1.0,0.0,0.0,0.0,1.0,0.0,2.0
full,baseline,MetaKT-Verba (Full),7775,78,transversals,True,True,True,False,2,0.0,1.0,0.0,0.0,0.0,1.0,2.0
ablate_stage1,ablation,w/o Symbolic Grounding (Stage 1),7775,78,transversals,True,False,True,False,3,0.0,1.0,0.0,0.0,0.0,1.0,3.0
ablate_citation,ablation,w/o Citation-Forcing Prompt,7775,78,transversals,False,True,True,False,4,0.0,1.0,0.0,,0.0,1.0,4.0
ablate_stage3,ablation,w/o Auto Verification (Stage 3),7775,78,transversals,True,True,False,False,2,,,,0.0,,,
naive,baseline,Naive Prompting,2421,542,substitution,False,False,True,False,4,0.0,1.0,0.0,,0.0,1.0,4.0
template,baseline,Template-only,2421,542,substitution,True,True,True,False,1,1.0,0.0,0.0,0.0,1.0,0.0,1.0
full,baseline,MetaKT-Verba (Full),2421,542,substitution,True,True,True,False,3,0.0,1.0,0.0,0.0,0.0,1.0,3.0
ablate_stage1,ablation,w/o Symbolic Grounding (Stage 1),2421,542,substitution,True,False,True,False,4,0.0,1.0,0.0,0.0,0.0,1.0,4.0
ablate_citation,ablation,w/o Citation-Forcing Prompt,2421,542,substitution,False,True,True,False,4,0.0,1.0,0.0,,0.0,1.0,4.0
ablate_stage3,ablation,w/o Auto Verification (Stage 3),2421,542,substitution,True,True,False,False,3,,,,0.0,,,
naive,baseline,Naive Prompting,6939,400,combinatorics,False,False,True,False,4,1.0,0.0,0.0,,1.0,0.0,4.0
template,baseline,Template-only,6939,400,combinatorics,True,True,True,False,1,1.0,0.0,0.0,0.0,1.0,0.0,1.0
full,baseline,MetaKT-Verba (Full),6939,400,combinatorics,True,True,True,False,1,1.0,0.0,0.0,0.0,1.0,0.0,1.0
ablate_stage1,ablation,w/o Symbolic Grounding (Stage 1),6939,400,combinatorics,True,False,True,False,3,1.0,0.0,0.0,0.0,1.0,0.0,3.0
ablate_citation,ablation,w/o Citation-Forcing Prompt,6939,400,combinatorics,False,True,True,False,4,1.0,0.0,0.0,,1.0,0.0,4.0
ablate_stage3,ablation,w/o Auto Verification (Stage 3),6939,400,combinatorics,True,True,False,False,1,,,,0.0,,,
naive,baseline,Naive Prompting,1922,581,fraction-division,False,False,True,False,4,0.0,1.0,0.0,,0.0,1.0,4.0
template,baseline,Template-only,1922,581,fraction-division,True,True,True,False,2,1.0,0.0,0.0,0.0,1.0,0.0,2.0
full,baseline,MetaKT-Verba (Full),1922,581,fraction-division,True,True,True,False,2,0.0,1.0,0.0,0.0,0.0,1.0,2.0
ablate_stage1,ablation,w/o Symbolic Grounding (Stage 1),1922,581,fraction-division,True,False,True,False,4,0.0,1.0,0.0,0.0,0.0,1.0,4.0
ablate_citation,ablation,w/o Citation-Forcing Prompt,1922,581,fraction-division,False,True,True,False,4,0.0,1.0,0.0,,0.0,1.0,4.0
ablate_stage3,ablation,w/o Auto Verification (Stage 3),1922,581,fraction-division,True,True,False,False,2,,,,0.0,,,
naive,baseline,Naive Prompting,1922,137,pattern-finding,False,False,True,False,2,0.0,1.0,0.0,,0.0,1.0,2.0
template,baseline,Template-only,1922,137,pattern-finding,True,True,True,False,2,1.0,0.0,0.0,0.0,1.0,0.0,2.0
full,baseline,MetaKT-Verba (Full),1922,137,pattern-finding,True,True,True,False,2,0.5,0.5,0.0,0.0,0.5,0.5,2.0
ablate_stage1,ablation,w/o Symbolic Grounding (Stage 1),1922,137,pattern-finding,True,False,True,False,3,0.0,1.0,0.0,0.0,0.0,1.0,3.0
ablate_citation,ablation,w/o Citation-Forcing Prompt,1922,137,pattern-finding,False,True,True,False,4,0.25,0.75,0.0,,0.25,0.75,4.0
ablate_stage3,ablation,w/o Auto Verification (Stage 3),1922,137,pattern-finding,True,True,False,False,2,,,,0.0,,,
naive,baseline,Naive Prompting,1240,609,probability,False,False,True,False,4,0.25,0.75,0.0,,0.25,0.75,4.0
template,baseline,Template-only,1240,609,probability,True,True,True,False,1,1.0,0.0,0.0,0.0,1.0,0.0,1.0
full,baseline,MetaKT-Verba (Full),1240,609,probability,True,True,True,False,3,0.0,0.6666666666666666,0.0,0.3333333333333333,0.0,1.0,2.0
ablate_stage1,ablation,w/o Symbolic Grounding (Stage 1),1240,609,probability,True,False,True,False,3,0.0,1.0,0.0,0.0,0.0,1.0,3.0
ablate_citation,ablation,w/o Citation-Forcing Prompt,1240,609,probability,False,True,True,False,4,0.25,0.75,0.0,,0.25,0.75,4.0
ablate_stage3,ablation,w/o Auto Verification (Stage 3),1240,609,probability,True,True,False,False,3,,,,0.3333333333333333,,,
naive,baseline,Naive Prompting,6410,34,square-root,False,False,True,False,3,1.0,0.0,0.0,,1.0,0.0,3.0
template,baseline,Template-only,6410,34,square-root,True,True,True,False,1,1.0,0.0,0.0,0.0,1.0,0.0,1.0
full,baseline,MetaKT-Verba (Full),6410,34,square-root,True,True,True,False,1,1.0,0.0,0.0,0.0,1.0,0.0,1.0
ablate_stage1,ablation,w/o Symbolic Grounding (Stage 1),6410,34,square-root,True,False,True,False,3,1.0,0.0,0.0,0.0,1.0,0.0,3.0
ablate_citation,ablation,w/o Citation-Forcing Prompt,6410,34,square-root,False,True,True,False,4,1.0,0.0,0.0,,1.0,0.0,4.0
ablate_stage3,ablation,w/o Auto Verification (Stage 3),6410,34,square-root,True,True,False,False,1,,,,0.0,,,
naive,baseline,Naive Prompting,1469,568,probability,False,False,True,False,4,0.0,1.0,0.0,,0.0,1.0,4.0
template,baseline,Template-only,1469,568,probability,True,True,True,False,1,1.0,0.0,0.0,0.0,1.0,0.0,1.0
full,baseline,MetaKT-Verba (Full),1469,568,probability,True,True,True,False,4,0.0,0.75,0.0,0.25,0.0,1.0,3.0
ablate_stage1,ablation,w/o Symbolic Grounding (Stage 1),1469,568,probability,True,False,True,False,3,0.0,1.0,0.0,0.0,0.0,1.0,3.0
ablate_citation,ablation,w/o Citation-Forcing Prompt,1469,568,probability,False,True,True,False,4,0.25,0.75,0.0,,0.25,0.75,4.0
ablate_stage3,ablation,w/o Auto Verification (Stage 3),1469,568,probability,True,True,False,False,4,,,,0.25,,,
naive,baseline,Naive Prompting,7355,90,unit-conversion,False,False,True,False,3,0.0,1.0,0.0,,0.0,1.0,3.0
template,baseline,Template-only,7355,90,unit-conversion,True,True,True,False,2,1.0,0.0,0.0,0.0,1.0,0.0,2.0
full,baseline,MetaKT-Verba (Full),7355,90,unit-conversion,True,True,True,False,2,0.0,1.0,0.0,0.0,0.0,1.0,2.0
ablate_stage1,ablation,w/o Symbolic Grounding (Stage 1),7355,90,unit-conversion,True,False,True,False,3,0.0,1.0,0.0,0.0,0.0,1.0,3.0
ablate_citation,ablation,w/o Citation-Forcing Prompt,7355,90,unit-conversion,False,True,True,False,4,0.0,1.0,0.0,,0.0,1.0,4.0
ablate_stage3,ablation,w/o Auto Verification (Stage 3),7355,90,unit-conversion,True,True,False,False,2,,,,0.0,,,
naive,baseline,Naive Prompting,6093,393,triangle-inequality,False,False,True,False,3,0.0,1.0,0.0,,0.0,1.0,3.0
template,baseline,Template-only,6093,393,triangle-inequality,True,True,True,False,2,1.0,0.0,0.0,0.0,1.0,0.0,2.0
full,baseline,MetaKT-Verba (Full),6093,393,triangle-inequality,True,True,True,False,2,0.0,1.0,0.0,0.0,0.0,1.0,2.0
ablate_stage1,ablation,w/o Symbolic Grounding (Stage 1),6093,393,triangle-inequality,True,False,True,False,3,0.0,1.0,0.0,0.0,0.0,1.0,3.0
ablate_citation,ablation,w/o Citation-Forcing Prompt,6093,393,triangle-inequality,False,True,True,False,4,0.0,1.0,0.0,,0.0,1.0,4.0
ablate_stage3,ablation,w/o Auto Verification (Stage 3),6093,393,triangle-inequality,True,True,False,False,2,,,,0.0,,,
naive,baseline,Naive Prompting,4621,642,noskill,False,False,True,False,3,0.0,1.0,0.0,,0.0,1.0,3.0
template,baseline,Template-only,4621,642,noskill,True,True,True,False,3,1.0,0.0,0.0,0.0,1.0,0.0,3.0
full,baseline,MetaKT-Verba (Full),4621,642,noskill,True,True,True,False,3,0.0,1.0,0.0,0.0,0.0,1.0,3.0
ablate_stage1,ablation,w/o Symbolic Grounding (Stage 1),4621,642,noskill,True,False,True,False,3,0.0,1.0,0.0,0.0,0.0,1.0,3.0
ablate_citation,ablation,w/o Citation-Forcing Prompt,4621,642,noskill,False,True,True,False,4,0.0,1.0,0.0,,0.0,1.0,4.0
ablate_stage3,ablation,w/o Auto Verification (Stage 3),4621,642,noskill,True,True,False,False,3,,,,0.0,,,
naive,baseline,Naive Prompting,1172,201,noskill,False,False,True,False,4,0.0,1.0,0.0,,0.0,1.0,4.0
template,baseline,Template-only,1172,201,noskill,True,True,True,False,2,1.0,0.0,0.0,0.0,1.0,0.0,2.0
full,baseline,MetaKT-Verba (Full),1172,201,noskill,True,True,True,False,2,0.0,1.0,0.0,0.0,0.0,1.0,2.0
ablate_stage1,ablation,w/o Symbolic Grounding (Stage 1),1172,201,noskill,True,False,True,False,3,0.0,1.0,0.0,0.0,0.0,1.0,3.0
ablate_citation,ablation,w/o Citation-Forcing Prompt,1172,201,noskill,False,True,True,False,2,0.0,1.0,0.0,,0.0,1.0,2.0
ablate_stage3,ablation,w/o Auto Verification (Stage 3),1172,201,noskill,True,True,False,False,2,,,,0.0,,,
naive,baseline,Naive Prompting,6476,304,multiplying-decimals,False,False,True,False,3,0.0,1.0,0.0,,0.0,1.0,3.0
template,baseline,Template-only,6476,304,multiplying-decimals,True,True,True,False,1,1.0,0.0,0.0,0.0,1.0,0.0,1.0
full,baseline,MetaKT-Verba (Full),6476,304,multiplying-decimals,True,True,True,False,1,0.0,1.0,0.0,0.0,0.0,1.0,1.0
ablate_stage1,ablation,w/o Symbolic Grounding (Stage 1),6476,304,multiplying-decimals,True,False,True,False,3,0.0,1.0,0.0,0.0,0.0,1.0,3.0
ablate_citation,ablation,w/o Citation-Forcing Prompt,6476,304,multiplying-decimals,False,True,True,False,4,0.0,1.0,0.0,,0.0,1.0,4.0
ablate_stage3,ablation,w/o Auto Verification (Stage 3),6476,304,multiplying-decimals,True,True,False,False,1,,,,0.0,,,
naive,baseline,Naive Prompting,3413,407,fraction-division,False,False,True,False,4,0.0,1.0,0.0,,0.0,1.0,4.0
template,baseline,Template-only,3413,407,fraction-division,True,True,True,False,2,1.0,0.0,0.0,0.0,1.0,0.0,2.0
full,baseline,MetaKT-Verba (Full),3413,407,fraction-division,True,True,True,False,2,0.0,1.0,0.0,0.0,0.0,1.0,2.0
ablate_stage1,ablation,w/o Symbolic Grounding (Stage 1),3413,407,fraction-division,True,False,True,False,3,0.0,1.0,0.0,0.0,0.0,1.0,3.0
ablate_citation,ablation,w/o Citation-Forcing Prompt,3413,407,fraction-division,False,True,True,False,4,0.0,1.0,0.0,,0.0,1.0,4.0
ablate_stage3,ablation,w/o Auto Verification (Stage 3),3413,407,fraction-division,True,True,False,False,2,,,,0.0,,,
naive,baseline,Naive Prompting,3069,1506,multiplication,False,False,True,False,3,0.0,1.0,0.0,,0.0,1.0,3.0
template,baseline,Template-only,3069,1506,multiplication,True,True,True,False,3,1.0,0.0,0.0,0.0,1.0,0.0,3.0
full,baseline,MetaKT-Verba (Full),3069,1506,multiplication,True,True,True,False,3,0.0,1.0,0.0,0.0,0.0,1.0,3.0
ablate_stage1,ablation,w/o Symbolic Grounding (Stage 1),3069,1506,multiplication,True,False,True,False,3,0.3333333333333333,0.6666666666666666,0.0,0.0,0.3333333333333333,0.6666666666666666,3.0
ablate_citation,ablation,w/o Citation-Forcing Prompt,3069,1506,multiplication,False,True,True,False,4,0.0,1.0,0.0,,0.0,1.0,4.0
ablate_stage3,ablation,w/o Auto Verification (Stage 3),3069,1506,multiplication,True,True,False,False,3,,,,0.0,,,
naive,baseline,Naive Prompting,1572,610,equation-solving,False,False,True,False,4,0.0,1.0,0.0,,0.0,1.0,4.0
template,baseline,Template-only,1572,610,equation-solving,True,True,True,False,1,1.0,0.0,0.0,0.0,1.0,0.0,1.0
full,baseline,MetaKT-Verba (Full),1572,610,equation-solving,True,True,True,False,3,0.0,1.0,0.0,0.0,0.0,1.0,3.0
ablate_stage1,ablation,w/o Symbolic Grounding (Stage 1),1572,610,equation-solving,True,False,True,False,3,0.0,1.0,0.0,0.0,0.0,1.0,3.0
ablate_citation,ablation,w/o Citation-Forcing Prompt,1572,610,equation-solving,False,True,True,False,4,0.0,1.0,0.0,,0.0,1.0,4.0
ablate_stage3,ablation,w/o Auto Verification (Stage 3),1572,610,equation-solving,True,True,False,False,3,,,,0.0,,,
naive,baseline,Naive Prompting,5422,68,application: isosceles triangle,False,False,True,False,3,0.0,1.0,0.0,,0.0,1.0,3.0
template,baseline,Template-only,5422,68,application: isosceles triangle,True,True,True,False,1,1.0,0.0,0.0,0.0,1.0,0.0,1.0
full,baseline,MetaKT-Verba (Full),5422,68,application: isosceles triangle,True,True,True,False,3,1.0,0.0,0.0,0.0,1.0,0.0,3.0
ablate_stage1,ablation,w/o Symbolic Grounding (Stage 1),5422,68,application: isosceles triangle,True,False,True,False,3,0.0,0.6666666666666666,0.3333333333333333,0.3333333333333333,0.0,0.6666666666666666,3.0
ablate_citation,ablation,w/o Citation-Forcing Prompt,5422,68,application: isosceles triangle,False,True,True,False,4,0.75,0.25,0.0,,0.75,0.25,4.0
ablate_stage3,ablation,w/o Auto Verification (Stage 3),5422,68,application: isosceles triangle,True,True,False,False,3,,,,0.0,,,
naive,baseline,Naive Prompting,1590,157,rate-with-distance-and-time,False,False,True,False,3,1.0,0.0,0.0,,1.0,0.0,3.0
template,baseline,Template-only,1590,157,rate-with-distance-and-time,True,True,True,False,1,1.0,0.0,0.0,0.0,1.0,0.0,1.0
full,baseline,MetaKT-Verba (Full),1590,157,rate-with-distance-and-time,True,True,True,False,1,1.0,0.0,0.0,0.0,1.0,0.0,1.0
ablate_stage1,ablation,w/o Symbolic Grounding (Stage 1),1590,157,rate-with-distance-and-time,True,False,True,False,3,1.0,0.0,0.0,0.0,1.0,0.0,3.0
ablate_citation,ablation,w/o Citation-Forcing Prompt,1590,157,rate-with-distance-and-time,False,True,True,False,4,1.0,0.0,0.0,,1.0,0.0,4.0
ablate_stage3,ablation,w/o Auto Verification (Stage 3),1590,157,rate-with-distance-and-time,True,True,False,False,1,,,,0.0,,,
naive,baseline,Naive Prompting,6461,223,properties-of-solids,False,False,True,False,2,0.0,1.0,0.0,,0.0,1.0,2.0
template,baseline,Template-only,6461,223,properties-of-solids,True,True,True,False,2,1.0,0.0,0.0,0.0,1.0,0.0,2.0
full,baseline,MetaKT-Verba (Full),6461,223,properties-of-solids,True,True,True,False,3,0.3333333333333333,0.6666666666666666,0.0,0.0,0.3333333333333333,0.6666666666666666,3.0
ablate_stage1,ablation,w/o Symbolic Grounding (Stage 1),6461,223,properties-of-solids,True,False,True,False,3,0.0,1.0,0.0,0.0,0.0,1.0,3.0
ablate_citation,ablation,w/o Citation-Forcing Prompt,6461,223,properties-of-solids,False,True,True,False,2,0.0,1.0,0.0,,0.0,1.0,2.0
ablate_stage3,ablation,w/o Auto Verification (Stage 3),6461,223,properties-of-solids,True,True,False,False,3,,,,0.0,,,
naive,baseline,Naive Prompting,3159,413,prime-number,False,False,True,False,4,0.0,1.0,0.0,,0.0,1.0,4.0
template,baseline,Template-only,3159,413,prime-number,True,True,True,False,1,1.0,0.0,0.0,0.0,1.0,0.0,1.0
full,baseline,MetaKT-Verba (Full),3159,413,prime-number,True,True,True,False,4,0.25,0.75,0.0,0.0,0.25,0.75,4.0
ablate_stage1,ablation,w/o Symbolic Grounding (Stage 1),3159,413,prime-number,True,False,True,False,3,0.0,1.0,0.0,0.0,0.0,1.0,3.0
ablate_citation,ablation,w/o Citation-Forcing Prompt,3159,413,prime-number,False,True,True,False,4,0.0,1.0,0.0,,0.0,1.0,4.0
ablate_stage3,ablation,w/o Auto Verification (Stage 3),3159,413,prime-number,True,True,False,False,4,,,,0.0,,,
naive,baseline,Naive Prompting,6694,1103,inducing-functions,False,False,True,False,4,0.25,0.75,0.0,,0.25,0.75,4.0
template,baseline,Template-only,6694,1103,inducing-functions,True,True,True,False,2,1.0,0.0,0.0,0.0,1.0,0.0,2.0
full,baseline,MetaKT-Verba (Full),6694,1103,inducing-functions,True,True,True,False,3,0.3333333333333333,0.6666666666666666,0.0,0.0,0.3333333333333333,0.6666666666666666,3.0
ablate_stage1,ablation,w/o Symbolic Grounding (Stage 1),6694,1103,inducing-functions,True,False,True,False,3,0.0,1.0,0.0,0.0,0.0,1.0,3.0
ablate_citation,ablation,w/o Citation-Forcing Prompt,6694,1103,inducing-functions,False,True,True,False,4,0.25,0.75,0.0,,0.25,0.75,4.0
ablate_stage3,ablation,w/o Auto Verification (Stage 3),6694,1103,inducing-functions,True,True,False,False,3,,,,0.0,,,
naive,baseline,Naive Prompting,4239,438,graph-shape,False,False,True,False,4,0.0,1.0,0.0,,0.0,1.0,4.0
template,baseline,Template-only,4239,438,graph-shape,True,True,True,False,1,1.0,0.0,0.0,0.0,1.0,0.0,1.0
full,baseline,MetaKT-Verba (Full),4239,438,graph-shape,True,True,True,False,3,0.0,1.0,0.0,0.0,0.0,1.0,3.0
ablate_stage1,ablation,w/o Symbolic Grounding (Stage 1),4239,438,graph-shape,True,False,True,False,3,0.3333333333333333,0.6666666666666666,0.0,0.0,0.3333333333333333,0.6666666666666666,3.0
ablate_citation,ablation,w/o Citation-Forcing Prompt,4239,438,graph-shape,False,True,True,False,4,0.0,1.0,0.0,,0.0,1.0,4.0
ablate_stage3,ablation,w/o Auto Verification (Stage 3),4239,438,graph-shape,True,True,False,False,3,,,,0.0,,,
naive,baseline,Naive Prompting,3413,381,algebraic-manipulation,False,False,True,False,4,0.0,1.0,0.0,,0.0,1.0,4.0
template,baseline,Template-only,3413,381,algebraic-manipulation,True,True,True,False,1,1.0,0.0,0.0,0.0,1.0,0.0,1.0
full,baseline,MetaKT-Verba (Full),3413,381,algebraic-manipulation,True,True,True,False,4,0.0,1.0,0.0,0.0,0.0,1.0,4.0
ablate_stage1,ablation,w/o Symbolic Grounding (Stage 1),3413,381,algebraic-manipulation,True,False,True,False,3,0.0,1.0,0.0,0.0,0.0,1.0,3.0
ablate_citation,ablation,w/o Citation-Forcing Prompt,3413,381,algebraic-manipulation,False,True,True,False,4,0.0,1.0,0.0,,0.0,1.0,4.0
ablate_stage3,ablation,w/o Auto Verification (Stage 3),3413,381,algebraic-manipulation,True,True,False,False,4,,,,0.0,,,
naive,baseline,Naive Prompting,7537,296,subtraction,False,False,True,False,3,0.0,1.0,0.0,,0.0,1.0,3.0
template,baseline,Template-only,7537,296,subtraction,True,True,True,False,1,1.0,0.0,0.0,0.0,1.0,0.0,1.0
full,baseline,MetaKT-Verba (Full),7537,296,subtraction,True,True,True,False,3,0.0,1.0,0.0,0.0,0.0,1.0,3.0
ablate_stage1,ablation,w/o Symbolic Grounding (Stage 1),7537,296,subtraction,True,False,True,False,3,0.0,1.0,0.0,0.0,0.0,1.0,3.0
ablate_citation,ablation,w/o Citation-Forcing Prompt,7537,296,subtraction,False,True,True,False,4,0.0,1.0,0.0,,0.0,1.0,4.0
ablate_stage3,ablation,w/o Auto Verification (Stage 3),7537,296,subtraction,True,True,False,False,3,,,,0.0,,,
naive,baseline,Naive Prompting,7531,21,application: isosceles triangle,False,False,True,False,4,1.0,0.0,0.0,,1.0,0.0,4.0
template,baseline,Template-only,7531,21,application: isosceles triangle,True,True,True,False,1,1.0,0.0,0.0,0.0,1.0,0.0,1.0
full,baseline,MetaKT-Verba (Full),7531,21,application: isosceles triangle,True,True,True,False,1,1.0,0.0,0.0,0.0,1.0,0.0,1.0
ablate_stage1,ablation,w/o Symbolic Grounding (Stage 1),7531,21,application: isosceles triangle,True,False,True,False,3,1.0,0.0,0.0,0.0,1.0,0.0,3.0
ablate_citation,ablation,w/o Citation-Forcing Prompt,7531,21,application: isosceles triangle,False,True,True,False,4,1.0,0.0,0.0,,1.0,0.0,4.0
ablate_stage3,ablation,w/o Auto Verification (Stage 3),7531,21,application: isosceles triangle,True,True,False,False,1,,,,0.0,,,
naive,baseline,Naive Prompting,6731,113,percent-of,False,False,True,False,3,0.0,1.0,0.0,,0.0,1.0,3.0
template,baseline,Template-only,6731,113,percent-of,True,True,True,False,3,1.0,0.0,0.0,0.0,1.0,0.0,3.0
full,baseline,MetaKT-Verba (Full),6731,113,percent-of,True,True,True,False,3,0.3333333333333333,0.6666666666666666,0.0,0.0,0.3333333333333333,0.6666666666666666,3.0
ablate_stage1,ablation,w/o Symbolic Grounding (Stage 1),6731,113,percent-of,True,False,True,False,3,0.3333333333333333,0.6666666666666666,0.0,0.0,0.3333333333333333,0.6666666666666666,3.0
ablate_citation,ablation,w/o Citation-Forcing Prompt,6731,113,percent-of,False,True,True,False,4,0.0,1.0,0.0,,0.0,1.0,4.0
ablate_stage3,ablation,w/o Auto Verification (Stage 3),6731,113,percent-of,True,True,False,False,3,,,,0.0,,,
naive,baseline,Naive Prompting,6057,1271,percent-of,False,False,True,False,4,0.0,1.0,0.0,,0.0,1.0,4.0
template,baseline,Template-only,6057,1271,percent-of,True,True,True,False,1,1.0,0.0,0.0,0.0,1.0,0.0,1.0
full,baseline,MetaKT-Verba (Full),6057,1271,percent-of,True,True,True,False,3,0.3333333333333333,0.6666666666666666,0.0,0.0,0.3333333333333333,0.6666666666666666,3.0
ablate_stage1,ablation,w/o Symbolic Grounding (Stage 1),6057,1271,percent-of,True,False,True,False,4,0.25,0.75,0.0,0.0,0.25,0.75,4.0
ablate_citation,ablation,w/o Citation-Forcing Prompt,6057,1271,percent-of,False,True,True,False,4,0.0,1.0,0.0,,0.0,1.0,4.0
ablate_stage3,ablation,w/o Auto Verification (Stage 3),6057,1271,percent-of,True,True,False,False,3,,,,0.0,,,
naive,baseline,Naive Prompting,1572,496,probability,False,False,True,False,4,0.0,1.0,0.0,,0.0,1.0,4.0
template,baseline,Template-only,1572,496,probability,True,True,True,False,2,1.0,0.0,0.0,0.0,1.0,0.0,2.0
full,baseline,MetaKT-Verba (Full),1572,496,probability,True,True,True,False,2,0.0,1.0,0.0,0.0,0.0,1.0,2.0
ablate_stage1,ablation,w/o Symbolic Grounding (Stage 1),1572,496,probability,True,False,True,False,3,0.0,1.0,0.0,0.0,0.0,1.0,3.0
ablate_citation,ablation,w/o Citation-Forcing Prompt,1572,496,probability,False,True,True,False,4,0.0,1.0,0.0,,0.0,1.0,4.0
ablate_stage3,ablation,w/o Auto Verification (Stage 3),1572,496,probability,True,True,False,False,2,,,,0.0,,,
naive,baseline,Naive Prompting,2819,666,equation-solving,False,False,True,False,4,0.0,1.0,0.0,,0.0,1.0,4.0
template,baseline,Template-only,2819,666,equation-solving,True,True,True,False,2,1.0,0.0,0.0,0.0,1.0,0.0,2.0
full,baseline,MetaKT-Verba (Full),2819,666,equation-solving,True,True,True,False,2,0.5,0.5,0.0,0.0,0.5,0.5,2.0
ablate_stage1,ablation,w/o Symbolic Grounding (Stage 1),2819,666,equation-solving,True,False,True,False,3,0.0,1.0,0.0,0.0,0.0,1.0,3.0
ablate_citation,ablation,w/o Citation-Forcing Prompt,2819,666,equation-solving,False,True,True,False,2,0.5,0.5,0.0,,0.5,0.5,2.0
ablate_stage3,ablation,w/o Auto Verification (Stage 3),2819,666,equation-solving,True,True,False,False,2,,,,0.0,,,
naive,baseline,Naive Prompting,1649,97,pattern-finding,False,False,True,False,4,1.0,0.0,0.0,,1.0,0.0,4.0
template,baseline,Template-only,1649,97,pattern-finding,True,True,True,False,1,1.0,0.0,0.0,0.0,1.0,0.0,1.0
full,baseline,MetaKT-Verba (Full),1649,97,pattern-finding,True,True,True,False,1,1.0,0.0,0.0,0.0,1.0,0.0,1.0
ablate_stage1,ablation,w/o Symbolic Grounding (Stage 1),1649,97,pattern-finding,True,False,True,False,3,1.0,0.0,0.0,0.0,1.0,0.0,3.0
ablate_citation,ablation,w/o Citation-Forcing Prompt,1649,97,pattern-finding,False,True,True,False,4,1.0,0.0,0.0,,1.0,0.0,4.0
ablate_stage3,ablation,w/o Auto Verification (Stage 3),1649,97,pattern-finding,True,True,False,False,1,,,,0.0,,,
naive,baseline,Naive Prompting,240,564,order-of-operations,False,False,True,False,3,0.0,1.0,0.0,,0.0,1.0,3.0
template,baseline,Template-only,240,564,order-of-operations,True,True,True,False,2,1.0,0.0,0.0,0.0,1.0,0.0,2.0
full,baseline,MetaKT-Verba (Full),240,564,order-of-operations,True,True,True,False,2,0.0,1.0,0.0,0.0,0.0,1.0,2.0
ablate_stage1,ablation,w/o Symbolic Grounding (Stage 1),240,564,order-of-operations,True,False,True,False,3,0.0,1.0,0.0,0.0,0.0,1.0,3.0
ablate_citation,ablation,w/o Citation-Forcing Prompt,240,564,order-of-operations,False,True,True,False,4,0.25,0.75,0.0,,0.25,0.75,4.0
ablate_stage3,ablation,w/o Auto Verification (Stage 3),240,564,order-of-operations,True,True,False,False,2,,,,0.0,,,
naive,baseline,Naive Prompting,5363,141,noskill,False,False,True,False,4,0.0,1.0,0.0,,0.0,1.0,4.0
template,baseline,Template-only,5363,141,noskill,True,True,True,False,2,1.0,0.0,0.0,0.0,1.0,0.0,2.0
full,baseline,MetaKT-Verba (Full),5363,141,noskill,True,True,True,False,3,0.3333333333333333,0.6666666666666666,0.0,0.0,0.3333333333333333,0.6666666666666666,3.0
ablate_stage1,ablation,w/o Symbolic Grounding (Stage 1),5363,141,noskill,True,False,True,False,3,0.0,1.0,0.0,0.0,0.0,1.0,3.0
ablate_citation,ablation,w/o Citation-Forcing Prompt,5363,141,noskill,False,True,True,False,4,0.0,1.0,0.0,,0.0,1.0,4.0
ablate_stage3,ablation,w/o Auto Verification (Stage 3),5363,141,noskill,True,True,False,False,3,,,,0.0,,,
naive,baseline,Naive Prompting,6235,376,inducing-functions,False,False,True,False,4,0.0,1.0,0.0,,0.0,1.0,4.0
template,baseline,Template-only,6235,376,inducing-functions,True,True,True,False,1,1.0,0.0,0.0,0.0,1.0,0.0,1.0
full,baseline,MetaKT-Verba (Full),6235,376,inducing-functions,True,True,True,False,3,0.3333333333333333,0.6666666666666666,0.0,0.0,0.3333333333333333,0.6666666666666666,3.0
ablate_stage1,ablation,w/o Symbolic Grounding (Stage 1),6235,376,inducing-functions,True,False,True,False,3,0.0,1.0,0.0,0.0,0.0,1.0,3.0
ablate_citation,ablation,w/o Citation-Forcing Prompt,6235,376,inducing-functions,False,True,True,False,4,0.0,1.0,0.0,,0.0,1.0,4.0
ablate_stage3,ablation,w/o Auto Verification (Stage 3),6235,376,inducing-functions,True,True,False,False,3,,,,0.0,,,
naive,baseline,Naive Prompting,6375,87,supplementary-angles,False,False,True,False,4,0.0,1.0,0.0,,0.0,1.0,4.0
template,baseline,Template-only,6375,87,supplementary-angles,True,True,True,False,3,1.0,0.0,0.0,0.0,1.0,0.0,3.0
full,baseline,MetaKT-Verba (Full),6375,87,supplementary-angles,True,True,True,False,3,0.3333333333333333,0.6666666666666666,0.0,0.0,0.3333333333333333,0.6666666666666666,3.0
ablate_stage1,ablation,w/o Symbolic Grounding (Stage 1),6375,87,supplementary-angles,True,False,True,False,3,0.0,1.0,0.0,0.0,0.0,1.0,3.0
ablate_citation,ablation,w/o Citation-Forcing Prompt,6375,87,supplementary-angles,False,True,True,False,4,0.0,1.0,0.0,,0.0,1.0,4.0
ablate_stage3,ablation,w/o Auto Verification (Stage 3),6375,87,supplementary-angles,True,True,False,False,3,,,,0.0,,,
naive,baseline,Naive Prompting,3687,357,equation-solving,False,False,True,False,4,1.0,0.0,0.0,,1.0,0.0,4.0
template,baseline,Template-only,3687,357,equation-solving,True,True,True,False,1,1.0,0.0,0.0,0.0,1.0,0.0,1.0
full,baseline,MetaKT-Verba (Full),3687,357,equation-solving,True,True,True,False,1,1.0,0.0,0.0,0.0,1.0,0.0,1.0
ablate_stage1,ablation,w/o Symbolic Grounding (Stage 1),3687,357,equation-solving,True,False,True,False,4,1.0,0.0,0.0,0.0,1.0,0.0,4.0
ablate_citation,ablation,w/o Citation-Forcing Prompt,3687,357,equation-solving,False,True,True,False,4,1.0,0.0,0.0,,1.0,0.0,4.0
ablate_stage3,ablation,w/o Auto Verification (Stage 3),3687,357,equation-solving,True,True,False,False,1,,,,0.0,,,
naive,baseline,Naive Prompting,684,822,algebra symbolization,False,False,True,False,3,0.0,1.0,0.0,,0.0,1.0,3.0
template,baseline,Template-only,684,822,algebra symbolization,True,True,True,False,1,1.0,0.0,0.0,0.0,1.0,0.0,1.0
full,baseline,MetaKT-Verba (Full),684,822,algebra symbolization,True,True,True,False,3,0.3333333333333333,0.6666666666666666,0.0,0.0,0.3333333333333333,0.6666666666666666,3.0
ablate_stage1,ablation,w/o Symbolic Grounding (Stage 1),684,822,algebra symbolization,True,False,True,False,3,0.0,1.0,0.0,0.0,0.0,1.0,3.0
ablate_citation,ablation,w/o Citation-Forcing Prompt,684,822,algebra symbolization,False,True,True,False,4,0.25,0.75,0.0,,0.25,0.75,4.0
ablate_stage3,ablation,w/o Auto Verification (Stage 3),684,822,algebra symbolization,True,True,False,False,3,,,,0.0,,,
naive,baseline,Naive Prompting,3435,123,equation-concept,False,False,True,False,4,1.0,0.0,0.0,,1.0,0.0,4.0
template,baseline,Template-only,3435,123,equation-concept,True,True,True,False,1,1.0,0.0,0.0,0.0,1.0,0.0,1.0
full,baseline,MetaKT-Verba (Full),3435,123,equation-concept,True,True,True,False,1,1.0,0.0,0.0,0.0,1.0,0.0,1.0
ablate_stage1,ablation,w/o Symbolic Grounding (Stage 1),3435,123,equation-concept,True,False,True,False,3,1.0,0.0,0.0,0.0,1.0,0.0,3.0
ablate_citation,ablation,w/o Citation-Forcing Prompt,3435,123,equation-concept,False,True,True,False,4,1.0,0.0,0.0,,1.0,0.0,4.0
ablate_stage3,ablation,w/o Auto Verification (Stage 3),3435,123,equation-concept,True,True,False,False,1,,,,0.0,,,
naive,baseline,Naive Prompting,1348,299,multiplication,False,False,True,False,4,0.0,1.0,0.0,,0.0,1.0,4.0
template,baseline,Template-only,1348,299,multiplication,True,True,True,False,2,1.0,0.0,0.0,0.0,1.0,0.0,2.0
full,baseline,MetaKT-Verba (Full),1348,299,multiplication,True,True,True,False,2,0.0,1.0,0.0,0.0,0.0,1.0,2.0
ablate_stage1,ablation,w/o Symbolic Grounding (Stage 1),1348,299,multiplication,True,False,True,False,3,0.0,1.0,0.0,0.0,0.0,1.0,3.0
ablate_citation,ablation,w/o Citation-Forcing Prompt,1348,299,multiplication,False,True,True,False,4,0.0,1.0,0.0,,0.0,1.0,4.0
ablate_stage3,ablation,w/o Auto Verification (Stage 3),1348,299,multiplication,True,True,False,False,2,,,,0.0,,,
naive,baseline,Naive Prompting,37,71,noskill,False,False,True,False,4,0.0,1.0,0.0,,0.0,1.0,4.0
template,baseline,Template-only,37,71,noskill,True,True,True,False,1,1.0,0.0,0.0,0.0,1.0,0.0,1.0
full,baseline,MetaKT-Verba (Full),37,71,noskill,True,True,True,False,3,0.0,1.0,0.0,0.0,0.0,1.0,3.0
ablate_stage1,ablation,w/o Symbolic Grounding (Stage 1),37,71,noskill,True,False,True,False,3,0.0,1.0,0.0,0.0,0.0,1.0,3.0
ablate_citation,ablation,w/o Citation-Forcing Prompt,37,71,noskill,False,True,True,False,4,0.0,1.0,0.0,,0.0,1.0,4.0
ablate_stage3,ablation,w/o Auto Verification (Stage 3),37,71,noskill,True,True,False,False,3,,,,0.0,,,
naive,baseline,Naive Prompting,1951,266,fraction-decimals-percents,False,False,True,False,4,0.0,1.0,0.0,,0.0,1.0,4.0
template,baseline,Template-only,1951,266,fraction-decimals-percents,True,True,True,False,2,1.0,0.0,0.0,0.0,1.0,0.0,2.0
full,baseline,MetaKT-Verba (Full),1951,266,fraction-decimals-percents,True,True,True,False,2,0.0,1.0,0.0,0.0,0.0,1.0,2.0
ablate_stage1,ablation,w/o Symbolic Grounding (Stage 1),1951,266,fraction-decimals-percents,True,False,True,False,3,0.3333333333333333,0.6666666666666666,0.0,0.0,0.3333333333333333,0.6666666666666666,3.0
ablate_citation,ablation,w/o Citation-Forcing Prompt,1951,266,fraction-decimals-percents,False,True,True,False,4,0.0,1.0,0.0,,0.0,1.0,4.0
ablate_stage3,ablation,w/o Auto Verification (Stage 3),1951,266,fraction-decimals-percents,True,True,False,False,2,,,,0.0,,,
naive,baseline,Naive Prompting,1470,49,unit-conversion,False,False,True,False,3,0.0,1.0,0.0,,0.0,1.0,3.0
template,baseline,Template-only,1470,49,unit-conversion,True,True,True,False,2,1.0,0.0,0.0,0.0,1.0,0.0,2.0
full,baseline,MetaKT-Verba (Full),1470,49,unit-conversion,True,True,True,False,3,0.3333333333333333,0.6666666666666666,0.0,0.0,0.3333333333333333,0.6666666666666666,3.0
ablate_stage1,ablation,w/o Symbolic Grounding (Stage 1),1470,49,unit-conversion,True,False,True,False,3,0.3333333333333333,0.6666666666666666,0.0,0.0,0.3333333333333333,0.6666666666666666,3.0
ablate_citation,ablation,w/o Citation-Forcing Prompt,1470,49,unit-conversion,False,True,True,False,4,0.0,1.0,0.0,,0.0,1.0,4.0
ablate_stage3,ablation,w/o Auto Verification (Stage 3),1470,49,unit-conversion,True,True,False,False,3,,,,0.0,,,
naive,baseline,Naive Prompting,6131,44,symbolization-articulation,False,False,True,False,4,0.0,1.0,0.0,,0.0,1.0,4.0
template,baseline,Template-only,6131,44,symbolization-articulation,True,True,True,False,1,1.0,0.0,0.0,0.0,1.0,0.0,1.0
full,baseline,MetaKT-Verba (Full),6131,44,symbolization-articulation,True,True,True,False,3,0.3333333333333333,0.6666666666666666,0.0,0.0,0.3333333333333333,0.6666666666666666,3.0
ablate_stage1,ablation,w/o Symbolic Grounding (Stage 1),6131,44,symbolization-articulation,True,False,True,False,3,0.3333333333333333,0.6666666666666666,0.0,0.0,0.3333333333333333,0.6666666666666666,3.0
ablate_citation,ablation,w/o Citation-Forcing Prompt,6131,44,symbolization-articulation,False,True,True,False,4,0.0,1.0,0.0,,0.0,1.0,4.0
ablate_stage3,ablation,w/o Auto Verification (Stage 3),6131,44,symbolization-articulation,True,True,False,False,3,,,,0.0,,,
naive,baseline,Naive Prompting,2570,539,combinatorics,False,False,True,False,4,0.0,1.0,0.0,,0.0,1.0,4.0
template,baseline,Template-only,2570,539,combinatorics,True,True,True,False,1,1.0,0.0,0.0,0.0,1.0,0.0,1.0
full,baseline,MetaKT-Verba (Full),2570,539,combinatorics,True,True,True,False,3,0.3333333333333333,0.6666666666666666,0.0,0.0,0.3333333333333333,0.6666666666666666,3.0
ablate_stage1,ablation,w/o Symbolic Grounding (Stage 1),2570,539,combinatorics,True,False,True,False,3,0.0,1.0,0.0,0.0,0.0,1.0,3.0
ablate_citation,ablation,w/o Citation-Forcing Prompt,2570,539,combinatorics,False,True,True,False,4,0.0,1.0,0.0,,0.0,1.0,4.0
ablate_stage3,ablation,w/o Auto Verification (Stage 3),2570,539,combinatorics,True,True,False,False,3,,,,0.0,,,
naive,baseline,Naive Prompting,6547,308,equivalent-fractions-decimals-percents,False,False,True,False,3,1.0,0.0,0.0,,1.0,0.0,3.0
template,baseline,Template-only,6547,308,equivalent-fractions-decimals-percents,True,True,True,False,1,1.0,0.0,0.0,0.0,1.0,0.0,1.0
full,baseline,MetaKT-Verba (Full),6547,308,equivalent-fractions-decimals-percents,True,True,True,False,1,1.0,0.0,0.0,0.0,1.0,0.0,1.0
ablate_stage1,ablation,w/o Symbolic Grounding (Stage 1),6547,308,equivalent-fractions-decimals-percents,True,False,True,False,4,1.0,0.0,0.0,0.0,1.0,0.0,4.0
ablate_citation,ablation,w/o Citation-Forcing Prompt,6547,308,equivalent-fractions-decimals-percents,False,True,True,False,4,1.0,0.0,0.0,,1.0,0.0,4.0
ablate_stage3,ablation,w/o Auto Verification (Stage 3),6547,308,equivalent-fractions-decimals-percents,True,True,False,False,1,,,,0.0,,,
naive,baseline,Naive Prompting,7023,258,inducing-functions,False,False,True,False,4,0.0,1.0,0.0,,0.0,1.0,4.0
template,baseline,Template-only,7023,258,inducing-functions,True,True,True,False,2,1.0,0.0,0.0,0.0,1.0,0.0,2.0
full,baseline,MetaKT-Verba (Full),7023,258,inducing-functions,True,True,True,False,2,0.0,1.0,0.0,0.0,0.0,1.0,2.0
ablate_stage1,ablation,w/o Symbolic Grounding (Stage 1),7023,258,inducing-functions,True,False,True,False,3,0.3333333333333333,0.6666666666666666,0.0,0.0,0.3333333333333333,0.6666666666666666,3.0
ablate_citation,ablation,w/o Citation-Forcing Prompt,7023,258,inducing-functions,False,True,True,False,4,0.25,0.75,0.0,,0.25,0.75,4.0
ablate_stage3,ablation,w/o Auto Verification (Stage 3),7023,258,inducing-functions,True,True,False,False,2,,,,0.0,,,
naive,baseline,Naive Prompting,5810,290,probability,False,False,True,False,3,1.0,0.0,0.0,,1.0,0.0,3.0
template,baseline,Template-only,5810,290,probability,True,True,True,False,1,1.0,0.0,0.0,0.0,1.0,0.0,1.0
full,baseline,MetaKT-Verba (Full),5810,290,probability,True,True,True,False,1,1.0,0.0,0.0,0.0,1.0,0.0,1.0
ablate_stage1,ablation,w/o Symbolic Grounding (Stage 1),5810,290,probability,True,False,True,False,3,1.0,0.0,0.0,0.0,1.0,0.0,3.0
ablate_citation,ablation,w/o Citation-Forcing Prompt,5810,290,probability,False,True,True,False,4,1.0,0.0,0.0,,1.0,0.0,4.0
ablate_stage3,ablation,w/o Auto Verification (Stage 3),5810,290,probability,True,True,False,False,1,,,,0.0,,,
naive,baseline,Naive Prompting,5122,10,discount,False,False,True,False,4,0.0,1.0,0.0,,0.0,1.0,4.0
template,baseline,Template-only,5122,10,discount,True,True,True,False,1,1.0,0.0,0.0,0.0,1.0,0.0,1.0
full,baseline,MetaKT-Verba (Full),5122,10,discount,True,True,True,False,3,0.3333333333333333,0.6666666666666666,0.0,0.0,0.3333333333333333,0.6666666666666666,3.0
ablate_stage1,ablation,w/o Symbolic Grounding (Stage 1),5122,10,discount,True,False,True,False,3,0.0,1.0,0.0,0.0,0.0,1.0,3.0
ablate_citation,ablation,w/o Citation-Forcing Prompt,5122,10,discount,False,True,True,False,4,0.0,1.0,0.0,,0.0,1.0,4.0
ablate_stage3,ablation,w/o Auto Verification (Stage 3),5122,10,discount,True,True,False,False,3,,,,0.0,,,
naive,baseline,Naive Prompting,291,394,inducing-functions,False,False,True,False,4,0.0,1.0,0.0,,0.0,1.0,4.0
template,baseline,Template-only,291,394,inducing-functions,True,True,True,False,2,1.0,0.0,0.0,0.0,1.0,0.0,2.0
full,baseline,MetaKT-Verba (Full),291,394,inducing-functions,True,True,True,False,2,0.5,0.5,0.0,0.0,0.5,0.5,2.0
ablate_stage1,ablation,w/o Symbolic Grounding (Stage 1),291,394,inducing-functions,True,False,True,False,3,0.3333333333333333,0.6666666666666666,0.0,0.0,0.3333333333333333,0.6666666666666666,3.0
ablate_citation,ablation,w/o Citation-Forcing Prompt,291,394,inducing-functions,False,True,True,False,4,0.0,1.0,0.0,,0.0,1.0,4.0
ablate_stage3,ablation,w/o Auto Verification (Stage 3),291,394,inducing-functions,True,True,False,False,2,,,,0.0,,,
naive,baseline,Naive Prompting,4209,807,addition,False,False,True,False,3,0.0,1.0,0.0,,0.0,1.0,3.0
template,baseline,Template-only,4209,807,addition,True,True,True,False,1,1.0,0.0,0.0,0.0,1.0,0.0,1.0
full,baseline,MetaKT-Verba (Full),4209,807,addition,True,True,True,False,3,0.0,1.0,0.0,0.0,0.0,1.0,3.0
ablate_stage1,ablation,w/o Symbolic Grounding (Stage 1),4209,807,addition,True,False,True,False,4,0.0,1.0,0.0,0.0,0.0,1.0,4.0
ablate_citation,ablation,w/o Citation-Forcing Prompt,4209,807,addition,False,True,True,False,4,0.0,1.0,0.0,,0.0,1.0,4.0
ablate_stage3,ablation,w/o Auto Verification (Stage 3),4209,807,addition,True,True,False,False,3,,,,0.0,,,
naive,baseline,Naive Prompting,2819,693,fractions,False,False,True,False,4,0.0,1.0,0.0,,0.0,1.0,4.0
template,baseline,Template-only,2819,693,fractions,True,True,True,False,2,1.0,0.0,0.0,0.0,1.0,0.0,2.0
full,baseline,MetaKT-Verba (Full),2819,693,fractions,True,True,True,False,2,0.0,1.0,0.0,0.0,0.0,1.0,2.0
ablate_stage1,ablation,w/o Symbolic Grounding (Stage 1),2819,693,fractions,True,False,True,False,3,0.0,1.0,0.0,0.0,0.0,1.0,3.0
ablate_citation,ablation,w/o Citation-Forcing Prompt,2819,693,fractions,False,True,True,False,4,0.0,1.0,0.0,,0.0,1.0,4.0
ablate_stage3,ablation,w/o Auto Verification (Stage 3),2819,693,fractions,True,True,False,False,2,,,,0.0,,,
naive,baseline,Naive Prompting,6731,165,area,False,False,True,False,4,0.0,1.0,0.0,,0.0,1.0,4.0
template,baseline,Template-only,6731,165,area,True,True,True,False,2,1.0,0.0,0.0,0.0,1.0,0.0,2.0
full,baseline,MetaKT-Verba (Full),6731,165,area,True,True,True,False,2,0.5,0.5,0.0,0.0,0.5,0.5,2.0
ablate_stage1,ablation,w/o Symbolic Grounding (Stage 1),6731,165,area,True,False,True,False,3,0.0,1.0,0.0,0.0,0.0,1.0,3.0
ablate_citation,ablation,w/o Citation-Forcing Prompt,6731,165,area,False,True,True,False,4,0.0,1.0,0.0,,0.0,1.0,4.0
ablate_stage3,ablation,w/o Auto Verification (Stage 3),6731,165,area,True,True,False,False,2,,,,0.0,,,
naive,baseline,Naive Prompting,2451,656,scientific-notation,False,False,True,False,3,0.0,1.0,0.0,,0.0,1.0,3.0
template,baseline,Template-only,2451,656,scientific-notation,True,True,True,False,1,1.0,0.0,0.0,0.0,1.0,0.0,1.0
full,baseline,MetaKT-Verba (Full),2451,656,scientific-notation,True,True,True,False,3,0.3333333333333333,0.6666666666666666,0.0,0.0,0.3333333333333333,0.6666666666666666,3.0
ablate_stage1,ablation,w/o Symbolic Grounding (Stage 1),2451,656,scientific-notation,True,False,True,False,3,0.0,1.0,0.0,0.0,0.0,1.0,3.0
ablate_citation,ablation,w/o Citation-Forcing Prompt,2451,656,scientific-notation,False,True,True,False,4,0.0,1.0,0.0,,0.0,1.0,4.0
ablate_stage3,ablation,w/o Auto Verification (Stage 3),2451,656,scientific-notation,True,True,False,False,3,,,,0.0,,,
naive,baseline,Naive Prompting,6605,377,discount,False,False,True,False,4,0.0,1.0,0.0,,0.0,1.0,4.0
template,baseline,Template-only,6605,377,discount,True,True,True,False,1,1.0,0.0,0.0,0.0,1.0,0.0,1.0
full,baseline,MetaKT-Verba (Full),6605,377,discount,True,True,True,False,3,0.0,1.0,0.0,0.0,0.0,1.0,3.0
ablate_stage1,ablation,w/o Symbolic Grounding (Stage 1),6605,377,discount,True,False,True,False,3,0.3333333333333333,0.6666666666666666,0.0,0.0,0.3333333333333333,0.6666666666666666,3.0
ablate_citation,ablation,w/o Citation-Forcing Prompt,6605,377,discount,False,True,True,False,4,0.25,0.75,0.0,,0.25,0.75,4.0
ablate_stage3,ablation,w/o Auto Verification (Stage 3),6605,377,discount,True,True,False,False,3,,,,0.0,,,
naive,baseline,Naive Prompting,473,202,multiplying-decimals,False,False,True,False,4,0.25,0.75,0.0,,0.25,0.75,4.0
template,baseline,Template-only,473,202,multiplying-decimals,True,True,True,False,2,1.0,0.0,0.0,0.0,1.0,0.0,2.0
full,baseline,MetaKT-Verba (Full),473,202,multiplying-decimals,True,True,True,False,2,0.0,1.0,0.0,0.0,0.0,1.0,2.0
ablate_stage1,ablation,w/o Symbolic Grounding (Stage 1),473,202,multiplying-decimals,True,False,True,False,3,0.3333333333333333,0.6666666666666666,0.0,0.0,0.3333333333333333,0.6666666666666666,3.0
ablate_citation,ablation,w/o Citation-Forcing Prompt,473,202,multiplying-decimals,False,True,True,False,4,0.5,0.5,0.0,,0.5,0.5,4.0
ablate_stage3,ablation,w/o Auto Verification (Stage 3),473,202,multiplying-decimals,True,True,False,False,2,,,,0.0,,,
naive,baseline,Naive Prompting,7093,308,interpreting-numberline,False,False,True,False,4,0.0,1.0,0.0,,0.0,1.0,4.0
template,baseline,Template-only,7093,308,interpreting-numberline,True,True,True,False,2,1.0,0.0,0.0,0.0,1.0,0.0,2.0
full,baseline,MetaKT-Verba (Full),7093,308,interpreting-numberline,True,True,True,False,4,0.0,0.75,0.0,0.25,0.0,1.0,3.0
ablate_stage1,ablation,w/o Symbolic Grounding (Stage 1),7093,308,interpreting-numberline,True,False,True,False,3,0.0,1.0,0.0,0.0,0.0,1.0,3.0
ablate_citation,ablation,w/o Citation-Forcing Prompt,7093,308,interpreting-numberline,False,True,True,False,4,0.0,1.0,0.0,,0.0,1.0,4.0
ablate_stage3,ablation,w/o Auto Verification (Stage 3),7093,308,interpreting-numberline,True,True,False,False,4,,,,0.25,,,
naive,baseline,Naive Prompting,6627,92,properties-of-geometric-figures,False,False,True,False,3,1.0,0.0,0.0,,1.0,0.0,3.0
template,baseline,Template-only,6627,92,properties-of-geometric-figures,True,True,True,False,1,1.0,0.0,0.0,0.0,1.0,0.0,1.0
full,baseline,MetaKT-Verba (Full),6627,92,properties-of-geometric-figures,True,True,True,False,1,1.0,0.0,0.0,0.0,1.0,0.0,1.0
ablate_stage1,ablation,w/o Symbolic Grounding (Stage 1),6627,92,properties-of-geometric-figures,True,False,True,False,4,1.0,0.0,0.0,0.0,1.0,0.0,4.0
ablate_citation,ablation,w/o Citation-Forcing Prompt,6627,92,properties-of-geometric-figures,False,True,True,False,4,1.0,0.0,0.0,,1.0,0.0,4.0
ablate_stage3,ablation,w/o Auto Verification (Stage 3),6627,92,properties-of-geometric-figures,True,True,False,False,1,,,,0.0,,,
naive,baseline,Naive Prompting,6914,631,inequality-solving,False,False,True,False,4,0.0,1.0,0.0,,0.0,1.0,4.0
template,baseline,Template-only,6914,631,inequality-solving,True,True,True,False,1,1.0,0.0,0.0,0.0,1.0,0.0,1.0
full,baseline,MetaKT-Verba (Full),6914,631,inequality-solving,True,True,True,False,3,0.0,1.0,0.0,0.0,0.0,1.0,3.0
ablate_stage1,ablation,w/o Symbolic Grounding (Stage 1),6914,631,inequality-solving,True,False,True,False,4,0.0,1.0,0.0,0.0,0.0,1.0,4.0
ablate_citation,ablation,w/o Citation-Forcing Prompt,6914,631,inequality-solving,False,True,True,False,4,0.0,1.0,0.0,,0.0,1.0,4.0
ablate_stage3,ablation,w/o Auto Verification (Stage 3),6914,631,inequality-solving,True,True,False,False,3,,,,0.0,,,
naive,baseline,Naive Prompting,542,444,percent-of,False,False,True,False,4,0.0,1.0,0.0,,0.0,1.0,4.0
template,baseline,Template-only,542,444,percent-of,True,True,True,False,2,1.0,0.0,0.0,0.0,1.0,0.0,2.0
full,baseline,MetaKT-Verba (Full),542,444,percent-of,True,True,True,False,2,0.0,1.0,0.0,0.0,0.0,1.0,2.0
ablate_stage1,ablation,w/o Symbolic Grounding (Stage 1),542,444,percent-of,True,False,True,False,3,0.0,1.0,0.0,0.0,0.0,1.0,3.0
ablate_citation,ablation,w/o Citation-Forcing Prompt,542,444,percent-of,False,True,True,False,4,0.25,0.75,0.0,,0.25,0.75,4.0
ablate_stage3,ablation,w/o Auto Verification (Stage 3),542,444,percent-of,True,True,False,False,2,,,,0.0,,,
naive,baseline,Naive Prompting,2607,1594,mode,False,False,True,False,3,0.0,1.0,0.0,,0.0,1.0,3.0
template,baseline,Template-only,2607,1594,mode,True,True,True,False,2,1.0,0.0,0.0,0.0,1.0,0.0,2.0
full,baseline,MetaKT-Verba (Full),2607,1594,mode,True,True,True,False,2,0.0,1.0,0.0,0.0,0.0,1.0,2.0
ablate_stage1,ablation,w/o Symbolic Grounding (Stage 1),2607,1594,mode,True,False,True,False,3,0.3333333333333333,0.6666666666666666,0.0,0.0,0.3333333333333333,0.6666666666666666,3.0
ablate_citation,ablation,w/o Citation-Forcing Prompt,2607,1594,mode,False,True,True,False,4,0.0,1.0,0.0,,0.0,1.0,4.0
ablate_stage3,ablation,w/o Auto Verification (Stage 3),2607,1594,mode,True,True,False,False,2,,,,0.0,,,
naive,baseline,Naive Prompting,2263,181,percent-of,False,False,True,False,4,0.0,1.0,0.0,,0.0,1.0,4.0
template,baseline,Template-only,2263,181,percent-of,True,True,True,False,1,1.0,0.0,0.0,0.0,1.0,0.0,1.0
full,baseline,MetaKT-Verba (Full),2263,181,percent-of,True,True,True,False,3,0.0,1.0,0.0,0.0,0.0,1.0,3.0
ablate_stage1,ablation,w/o Symbolic Grounding (Stage 1),2263,181,percent-of,True,False,True,False,4,0.0,1.0,0.0,0.0,0.0,1.0,4.0
ablate_citation,ablation,w/o Citation-Forcing Prompt,2263,181,percent-of,False,True,True,False,4,0.0,1.0,0.0,,0.0,1.0,4.0
ablate_stage3,ablation,w/o Auto Verification (Stage 3),2263,181,percent-of,True,True,False,False,3,,,,0.0,,,
naive,baseline,Naive Prompting,2895,915,least-common-multiple,False,False,True,False,4,0.0,1.0,0.0,,0.0,1.0,4.0
template,baseline,Template-only,2895,915,least-common-multiple,True,True,True,False,2,1.0,0.0,0.0,0.0,1.0,0.0,2.0
full,baseline,MetaKT-Verba (Full),2895,915,least-common-multiple,True,True,True,False,2,0.0,1.0,0.0,0.0,0.0,1.0,2.0
ablate_stage1,ablation,w/o Symbolic Grounding (Stage 1),2895,915,least-common-multiple,True,False,True,False,3,0.0,1.0,0.0,0.0,0.0,1.0,3.0
ablate_citation,ablation,w/o Citation-Forcing Prompt,2895,915,least-common-multiple,False,True,True,False,4,0.0,1.0,0.0,,0.0,1.0,4.0
ablate_stage3,ablation,w/o Auto Verification (Stage 3),2895,915,least-common-multiple,True,True,False,False,2,,,,0.0,,,
naive,baseline,Naive Prompting,828,882,probability,False,False,True,False,3,0.0,1.0,0.0,,0.0,1.0,3.0
template,baseline,Template-only,828,882,probability,True,True,True,False,1,1.0,0.0,0.0,0.0,1.0,0.0,1.0
full,baseline,MetaKT-Verba (Full),828,882,probability,True,True,True,False,3,0.3333333333333333,0.6666666666666666,0.0,0.0,0.3333333333333333,0.6666666666666666,3.0
ablate_stage1,ablation,w/o Symbolic Grounding (Stage 1),828,882,probability,True,False,True,False,3,0.0,1.0,0.0,0.0,0.0,1.0,3.0
ablate_citation,ablation,w/o Citation-Forcing Prompt,828,882,probability,False,True,True,False,4,0.0,1.0,0.0,,0.0,1.0,4.0
ablate_stage3,ablation,w/o Auto Verification (Stage 3),828,882,probability,True,True,False,False,3,,,,0.0,,,
naive,baseline,Naive Prompting,3890,754,interpreting-linear-equations,False,False,True,False,4,0.0,1.0,0.0,,0.0,1.0,4.0
template,baseline,Template-only,3890,754,interpreting-linear-equations,True,True,True,False,1,1.0,0.0,0.0,0.0,1.0,0.0,1.0
full,baseline,MetaKT-Verba (Full),3890,754,interpreting-linear-equations,True,True,True,False,3,0.0,1.0,0.0,0.0,0.0,1.0,3.0
ablate_stage1,ablation,w/o Symbolic Grounding (Stage 1),3890,754,interpreting-linear-equations,True,False,True,False,3,0.0,1.0,0.0,0.0,0.0,1.0,3.0
ablate_citation,ablation,w/o Citation-Forcing Prompt,3890,754,interpreting-linear-equations,False,True,True,False,4,0.0,1.0,0.0,,0.0,1.0,4.0
ablate_stage3,ablation,w/o Auto Verification (Stage 3),3890,754,interpreting-linear-equations,True,True,False,False,3,,,,0.0,,,
naive,baseline,Naive Prompting,1046,68,properties-of-geometric-figures,False,False,True,False,3,1.0,0.0,0.0,,1.0,0.0,3.0
template,baseline,Template-only,1046,68,properties-of-geometric-figures,True,True,True,False,1,1.0,0.0,0.0,0.0,1.0,0.0,1.0
full,baseline,MetaKT-Verba (Full),1046,68,properties-of-geometric-figures,True,True,True,False,1,1.0,0.0,0.0,0.0,1.0,0.0,1.0
ablate_stage1,ablation,w/o Symbolic Grounding (Stage 1),1046,68,properties-of-geometric-figures,True,False,True,False,4,1.0,0.0,0.0,0.0,1.0,0.0,4.0
ablate_citation,ablation,w/o Citation-Forcing Prompt,1046,68,properties-of-geometric-figures,False,True,True,False,4,1.0,0.0,0.0,,1.0,0.0,4.0
ablate_stage3,ablation,w/o Auto Verification (Stage 3),1046,68,properties-of-geometric-figures,True,True,False,False,1,,,,0.0,,,
naive,baseline,Naive Prompting,6695,864,reading-graph,False,False,True,False,4,1.0,0.0,0.0,,1.0,0.0,4.0
template,baseline,Template-only,6695,864,reading-graph,True,True,True,False,1,1.0,0.0,0.0,0.0,1.0,0.0,1.0
full,baseline,MetaKT-Verba (Full),6695,864,reading-graph,True,True,True,False,1,1.0,0.0,0.0,0.0,1.0,0.0,1.0
ablate_stage1,ablation,w/o Symbolic Grounding (Stage 1),6695,864,reading-graph,True,False,True,False,4,1.0,0.0,0.0,0.0,1.0,0.0,4.0
ablate_citation,ablation,w/o Citation-Forcing Prompt,6695,864,reading-graph,False,True,True,False,4,1.0,0.0,0.0,,1.0,0.0,4.0
ablate_stage3,ablation,w/o Auto Verification (Stage 3),6695,864,reading-graph,True,True,False,False,1,,,,0.0,,,
naive,baseline,Naive Prompting,1858,341,interpreting-numberline,False,False,True,False,3,0.0,1.0,0.0,,0.0,1.0,3.0
template,baseline,Template-only,1858,341,interpreting-numberline,True,True,True,False,2,1.0,0.0,0.0,0.0,1.0,0.0,2.0
full,baseline,MetaKT-Verba (Full),1858,341,interpreting-numberline,True,True,True,False,2,0.5,0.5,0.0,0.0,0.5,0.5,2.0
ablate_stage1,ablation,w/o Symbolic Grounding (Stage 1),1858,341,interpreting-numberline,True,False,True,False,3,0.0,1.0,0.0,0.0,0.0,1.0,3.0
ablate_citation,ablation,w/o Citation-Forcing Prompt,1858,341,interpreting-numberline,False,True,True,False,4,0.0,1.0,0.0,,0.0,1.0,4.0
ablate_stage3,ablation,w/o Auto Verification (Stage 3),1858,341,interpreting-numberline,True,True,False,False,2,,,,0.0,,,
naive,baseline,Naive Prompting,6225,682,inducing-functions,False,False,True,False,4,0.0,1.0,0.0,,0.0,1.0,4.0
template,baseline,Template-only,6225,682,inducing-functions,True,True,True,False,1,1.0,0.0,0.0,0.0,1.0,0.0,1.0
full,baseline,MetaKT-Verba (Full),6225,682,inducing-functions,True,True,True,False,3,0.3333333333333333,0.6666666666666666,0.0,0.0,0.3333333333333333,0.6666666666666666,3.0
ablate_stage1,ablation,w/o Symbolic Grounding (Stage 1),6225,682,inducing-functions,True,False,True,False,3,0.0,1.0,0.0,0.0,0.0,1.0,3.0
ablate_citation,ablation,w/o Citation-Forcing Prompt,6225,682,inducing-functions,False,True,True,False,4,0.25,0.75,0.0,,0.25,0.75,4.0
ablate_stage3,ablation,w/o Auto Verification (Stage 3),6225,682,inducing-functions,True,True,False,False,3,,,,0.0,,,
naive,baseline,Naive Prompting,1649,115,multiplying-decimals,False,False,True,False,4,0.0,1.0,0.0,,0.0,1.0,4.0
template,baseline,Template-only,1649,115,multiplying-decimals,True,True,True,False,1,1.0,0.0,0.0,0.0,1.0,0.0,1.0
full,baseline,MetaKT-Verba (Full),1649,115,multiplying-decimals,True,True,True,False,2,0.5,0.5,0.0,0.0,0.5,0.5,2.0
ablate_stage1,ablation,w/o Symbolic Grounding (Stage 1),1649,115,multiplying-decimals,True,False,True,False,3,0.3333333333333333,0.6666666666666666,0.0,0.0,0.3333333333333333,0.6666666666666666,3.0
ablate_citation,ablation,w/o Citation-Forcing Prompt,1649,115,multiplying-decimals,False,True,True,False,4,0.0,1.0,0.0,,0.0,1.0,4.0
ablate_stage3,ablation,w/o Auto Verification (Stage 3),1649,115,multiplying-decimals,True,True,False,False,2,,,,0.0,,,
naive,baseline,Naive Prompting,3408,1060,subtraction,False,False,True,False,3,0.0,1.0,0.0,,0.0,1.0,3.0
template,baseline,Template-only,3408,1060,subtraction,True,True,True,False,1,1.0,0.0,0.0,0.0,1.0,0.0,1.0
full,baseline,MetaKT-Verba (Full),3408,1060,subtraction,True,True,True,False,4,0.0,0.75,0.0,0.25,0.0,1.0,3.0
ablate_stage1,ablation,w/o Symbolic Grounding (Stage 1),3408,1060,subtraction,True,False,True,False,4,0.25,0.75,0.0,0.0,0.25,0.75,4.0
ablate_citation,ablation,w/o Citation-Forcing Prompt,3408,1060,subtraction,False,True,True,False,4,0.0,1.0,0.0,,0.0,1.0,4.0
ablate_stage3,ablation,w/o Auto Verification (Stage 3),3408,1060,subtraction,True,True,False,False,4,,,,0.25,,,
naive,baseline,Naive Prompting,6226,542,subtraction,False,False,True,False,7,0.0,1.0,0.0,,0.0,1.0,7.0
template,baseline,Template-only,6226,542,subtraction,True,True,True,False,1,1.0,0.0,0.0,0.0,1.0,0.0,1.0
full,baseline,MetaKT-Verba (Full),6226,542,subtraction,True,True,True,False,3,0.0,1.0,0.0,0.0,0.0,1.0,3.0
ablate_stage1,ablation,w/o Symbolic Grounding (Stage 1),6226,542,subtraction,True,False,True,False,3,0.0,1.0,0.0,0.0,0.0,1.0,3.0
ablate_citation,ablation,w/o Citation-Forcing Prompt,6226,542,subtraction,False,True,True,False,4,0.0,1.0,0.0,,0.0,1.0,4.0
ablate_stage3,ablation,w/o Auto Verification (Stage 3),6226,542,subtraction,True,True,False,False,3,,,,0.0,,,
naive,baseline,Naive Prompting,6964,452,mean,False,False,True,False,4,1.0,0.0,0.0,,1.0,0.0,4.0
template,baseline,Template-only,6964,452,mean,True,True,True,False,1,1.0,0.0,0.0,0.0,1.0,0.0,1.0
full,baseline,MetaKT-Verba (Full),6964,452,mean,True,True,True,False,1,1.0,0.0,0.0,0.0,1.0,0.0,1.0
ablate_stage1,ablation,w/o Symbolic Grounding (Stage 1),6964,452,mean,True,False,True,False,3,1.0,0.0,0.0,0.0,1.0,0.0,3.0
ablate_citation,ablation,w/o Citation-Forcing Prompt,6964,452,mean,False,True,True,False,4,1.0,0.0,0.0,,1.0,0.0,4.0
ablate_stage3,ablation,w/o Auto Verification (Stage 3),6964,452,mean,True,True,False,False,1,,,,0.0,,,
naive,baseline,Naive Prompting,3195,1119,n-number-sense-operations,False,False,True,False,4,0.0,1.0,0.0,,0.0,1.0,4.0
template,baseline,Template-only,3195,1119,n-number-sense-operations,True,True,True,False,2,1.0,0.0,0.0,0.0,1.0,0.0,2.0
full,baseline,MetaKT-Verba (Full),3195,1119,n-number-sense-operations,True,True,True,False,2,0.0,1.0,0.0,0.0,0.0,1.0,2.0
ablate_stage1,ablation,w/o Symbolic Grounding (Stage 1),3195,1119,n-number-sense-operations,True,False,True,False,3,0.0,1.0,0.0,0.0,0.0,1.0,3.0
ablate_citation,ablation,w/o Citation-Forcing Prompt,3195,1119,n-number-sense-operations,False,True,True,False,2,0.0,1.0,0.0,,0.0,1.0,2.0
ablate_stage3,ablation,w/o Auto Verification (Stage 3),3195,1119,n-number-sense-operations,True,True,False,False,2,,,,0.0,,,
naive,baseline,Naive Prompting,3371,345,equation-solving,False,False,True,False,3,0.3333333333333333,0.6666666666666666,0.0,,0.3333333333333333,0.6666666666666666,3.0
template,baseline,Template-only,3371,345,equation-solving,True,True,True,False,2,1.0,0.0,0.0,0.0,1.0,0.0,2.0
full,baseline,MetaKT-Verba (Full),3371,345,equation-solving,True,True,True,False,2,0.0,1.0,0.0,0.0,0.0,1.0,2.0
ablate_stage1,ablation,w/o Symbolic Grounding (Stage 1),3371,345,equation-solving,True,False,True,False,3,0.0,1.0,0.0,0.0,0.0,1.0,3.0
ablate_citation,ablation,w/o Citation-Forcing Prompt,3371,345,equation-solving,False,True,True,False,4,0.0,1.0,0.0,,0.0,1.0,4.0
ablate_stage3,ablation,w/o Auto Verification (Stage 3),3371,345,equation-solving,True,True,False,False,2,,,,0.0,,,
naive,baseline,Naive Prompting,1764,157,perimeter,False,False,True,False,4,0.0,1.0,0.0,,0.0,1.0,4.0
template,baseline,Template-only,1764,157,perimeter,True,True,True,False,2,1.0,0.0,0.0,0.0,1.0,0.0,2.0
full,baseline,MetaKT-Verba (Full),1764,157,perimeter,True,True,True,False,2,0.0,1.0,0.0,0.0,0.0,1.0,2.0
ablate_stage1,ablation,w/o Symbolic Grounding (Stage 1),1764,157,perimeter,True,False,True,False,3,0.0,1.0,0.0,0.0,0.0,1.0,3.0
ablate_citation,ablation,w/o Citation-Forcing Prompt,1764,157,perimeter,False,True,True,False,4,0.0,1.0,0.0,,0.0,1.0,4.0
ablate_stage3,ablation,w/o Auto Verification (Stage 3),1764,157,perimeter,True,True,False,False,2,,,,0.0,,,
naive,baseline,Naive Prompting,3609,1734,noskill,False,False,True,False,4,0.0,1.0,0.0,,0.0,1.0,4.0
template,baseline,Template-only,3609,1734,noskill,True,True,True,False,2,1.0,0.0,0.0,0.0,1.0,0.0,2.0
full,baseline,MetaKT-Verba (Full),3609,1734,noskill,True,True,True,False,3,0.0,1.0,0.0,0.0,0.0,1.0,3.0
ablate_stage1,ablation,w/o Symbolic Grounding (Stage 1),3609,1734,noskill,True,False,True,False,4,0.0,1.0,0.0,0.0,0.0,1.0,4.0
ablate_citation,ablation,w/o Citation-Forcing Prompt,3609,1734,noskill,False,True,True,False,4,0.0,1.0,0.0,,0.0,1.0,4.0
ablate_stage3,ablation,w/o Auto Verification (Stage 3),3609,1734,noskill,True,True,False,False,3,,,,0.0,,,
naive,baseline,Naive Prompting,5736,129,interpreting-linear-equations,False,False,True,False,3,0.0,1.0,0.0,,0.0,1.0,3.0
template,baseline,Template-only,5736,129,interpreting-linear-equations,True,True,True,False,2,1.0,0.0,0.0,0.0,1.0,0.0,2.0
full,baseline,MetaKT-Verba (Full),5736,129,interpreting-linear-equations,True,True,True,False,2,0.0,1.0,0.0,0.0,0.0,1.0,2.0
ablate_stage1,ablation,w/o Symbolic Grounding (Stage 1),5736,129,interpreting-linear-equations,True,False,True,False,3,0.0,1.0,0.0,0.0,0.0,1.0,3.0
ablate_citation,ablation,w/o Citation-Forcing Prompt,5736,129,interpreting-linear-equations,False,True,True,False,4,0.25,0.75,0.0,,0.25,0.75,4.0
ablate_stage3,ablation,w/o Auto Verification (Stage 3),5736,129,interpreting-linear-equations,True,True,False,False,2,,,,0.0,,,
naive,baseline,Naive Prompting,998,395,least-common-multiple,False,False,True,False,3,0.0,1.0,0.0,,0.0,1.0,3.0
template,baseline,Template-only,998,395,least-common-multiple,True,True,True,False,2,1.0,0.0,0.0,0.0,1.0,0.0,2.0
full,baseline,MetaKT-Verba (Full),998,395,least-common-multiple,True,True,True,False,2,0.0,1.0,0.0,0.0,0.0,1.0,2.0
ablate_stage1,ablation,w/o Symbolic Grounding (Stage 1),998,395,least-common-multiple,True,False,True,False,3,0.0,1.0,0.0,0.0,0.0,1.0,3.0
ablate_citation,ablation,w/o Citation-Forcing Prompt,998,395,least-common-multiple,False,True,True,False,4,0.0,1.0,0.0,,0.0,1.0,4.0
ablate_stage3,ablation,w/o Auto Verification (Stage 3),998,395,least-common-multiple,True,True,False,False,2,,,,0.0,,,
naive,baseline,Naive Prompting,1551,855,noskill,False,False,True,False,4,0.0,1.0,0.0,,0.0,1.0,4.0
template,baseline,Template-only,1551,855,noskill,True,True,True,False,1,1.0,0.0,0.0,0.0,1.0,0.0,1.0
full,baseline,MetaKT-Verba (Full),1551,855,noskill,True,True,True,False,3,0.0,1.0,0.0,0.0,0.0,1.0,3.0
ablate_stage1,ablation,w/o Symbolic Grounding (Stage 1),1551,855,noskill,True,False,True,False,3,0.3333333333333333,0.6666666666666666,0.0,0.0,0.3333333333333333,0.6666666666666666,3.0
ablate_citation,ablation,w/o Citation-Forcing Prompt,1551,855,noskill,False,True,True,False,4,0.0,1.0,0.0,,0.0,1.0,4.0
ablate_stage3,ablation,w/o Auto Verification (Stage 3),1551,855,noskill,True,True,False,False,3,,,,0.0,,,
naive,baseline,Naive Prompting,5711,989,order-of-operations,False,False,True,False,3,1.0,0.0,0.0,,1.0,0.0,3.0
template,baseline,Template-only,5711,989,order-of-operations,True,True,True,False,1,1.0,0.0,0.0,0.0,1.0,0.0,1.0
full,baseline,MetaKT-Verba (Full),5711,989,order-of-operations,True,True,True,False,1,1.0,0.0,0.0,0.0,1.0,0.0,1.0
ablate_stage1,ablation,w/o Symbolic Grounding (Stage 1),5711,989,order-of-operations,True,False,True,False,4,1.0,0.0,0.0,0.0,1.0,0.0,4.0
ablate_citation,ablation,w/o Citation-Forcing Prompt,5711,989,order-of-operations,False,True,True,False,4,1.0,0.0,0.0,,1.0,0.0,4.0
ablate_stage3,ablation,w/o Auto Verification (Stage 3),5711,989,order-of-operations,True,True,False,False,1,,,,0.0,,,
naive,baseline,Naive Prompting,3609,1394,noskill,False,False,True,False,3,0.0,1.0,0.0,,0.0,1.0,3.0
template,baseline,Template-only,3609,1394,noskill,True,True,True,False,2,1.0,0.0,0.0,0.0,1.0,0.0,2.0
full,baseline,MetaKT-Verba (Full),3609,1394,noskill,True,True,True,False,2,0.5,0.5,0.0,0.0,0.5,0.5,2.0
ablate_stage1,ablation,w/o Symbolic Grounding (Stage 1),3609,1394,noskill,True,False,True,False,3,0.0,1.0,0.0,0.0,0.0,1.0,3.0
ablate_citation,ablation,w/o Citation-Forcing Prompt,3609,1394,noskill,False,True,True,False,4,0.25,0.75,0.0,,0.25,0.75,4.0
ablate_stage3,ablation,w/o Auto Verification (Stage 3),3609,1394,noskill,True,True,False,False,2,,,,0.0,,,
naive,baseline,Naive Prompting,1055,394,combinatorics,False,False,True,False,4,0.0,1.0,0.0,,0.0,1.0,4.0
template,baseline,Template-only,1055,394,combinatorics,True,True,True,False,2,1.0,0.0,0.0,0.0,1.0,0.0,2.0
full,baseline,MetaKT-Verba (Full),1055,394,combinatorics,True,True,True,False,2,0.5,0.5,0.0,0.0,0.5,0.5,2.0
ablate_stage1,ablation,w/o Symbolic Grounding (Stage 1),1055,394,combinatorics,True,False,True,False,3,0.0,1.0,0.0,0.0,0.0,1.0,3.0
ablate_citation,ablation,w/o Citation-Forcing Prompt,1055,394,combinatorics,False,True,True,False,4,0.0,1.0,0.0,,0.0,1.0,4.0
ablate_stage3,ablation,w/o Auto Verification (Stage 3),1055,394,combinatorics,True,True,False,False,2,,,,0.0,,,
naive,baseline,Naive Prompting,101,294,circle-graph,False,False,True,False,4,0.0,1.0,0.0,,0.0,1.0,4.0
template,baseline,Template-only,101,294,circle-graph,True,True,True,False,2,1.0,0.0,0.0,0.0,1.0,0.0,2.0
full,baseline,MetaKT-Verba (Full),101,294,circle-graph,True,True,True,False,2,0.0,1.0,0.0,0.0,0.0,1.0,2.0
ablate_stage1,ablation,w/o Symbolic Grounding (Stage 1),101,294,circle-graph,True,False,True,False,3,0.0,1.0,0.0,0.0,0.0,1.0,3.0
ablate_citation,ablation,w/o Citation-Forcing Prompt,101,294,circle-graph,False,True,True,False,4,0.0,1.0,0.0,,0.0,1.0,4.0
ablate_stage3,ablation,w/o Auto Verification (Stage 3),101,294,circle-graph,True,True,False,False,2,,,,0.0,,,
naive,baseline,Naive Prompting,4761,864,interpreting-linear-equations,False,False,True,False,3,0.0,1.0,0.0,,0.0,1.0,3.0
template,baseline,Template-only,4761,864,interpreting-linear-equations,True,True,True,False,2,1.0,0.0,0.0,0.0,1.0,0.0,2.0
full,baseline,MetaKT-Verba (Full),4761,864,interpreting-linear-equations,True,True,True,False,2,0.0,1.0,0.0,0.0,0.0,1.0,2.0
ablate_stage1,ablation,w/o Symbolic Grounding (Stage 1),4761,864,interpreting-linear-equations,True,False,True,False,3,0.0,1.0,0.0,0.0,0.0,1.0,3.0
ablate_citation,ablation,w/o Citation-Forcing Prompt,4761,864,interpreting-linear-equations,False,True,True,False,4,0.5,0.5,0.0,,0.5,0.5,4.0
ablate_stage3,ablation,w/o Auto Verification (Stage 3),4761,864,interpreting-linear-equations,True,True,False,False,2,,,,0.0,,,
naive,baseline,Naive Prompting,1764,225,pythagorean-theorem,False,False,True,False,3,0.0,1.0,0.0,,0.0,1.0,3.0
template,baseline,Template-only,1764,225,pythagorean-theorem,True,True,True,False,2,1.0,0.0,0.0,0.0,1.0,0.0,2.0
full,baseline,MetaKT-Verba (Full),1764,225,pythagorean-theorem,True,True,True,False,3,0.0,1.0,0.0,0.0,0.0,1.0,3.0
ablate_stage1,ablation,w/o Symbolic Grounding (Stage 1),1764,225,pythagorean-theorem,True,False,True,False,3,0.0,1.0,0.0,0.0,0.0,1.0,3.0
ablate_citation,ablation,w/o Citation-Forcing Prompt,1764,225,pythagorean-theorem,False,True,True,False,4,0.0,1.0,0.0,,0.0,1.0,4.0
ablate_stage3,ablation,w/o Auto Verification (Stage 3),1764,225,pythagorean-theorem,True,True,False,False,3,,,,0.0,,,
naive,baseline,Naive Prompting,5368,49,square-root,False,False,True,False,4,0.0,1.0,0.0,,0.0,1.0,4.0
template,baseline,Template-only,5368,49,square-root,True,True,True,False,1,1.0,0.0,0.0,0.0,1.0,0.0,1.0
full,baseline,MetaKT-Verba (Full),5368,49,square-root,True,True,True,False,2,0.0,1.0,0.0,0.0,0.0,1.0,2.0
ablate_stage1,ablation,w/o Symbolic Grounding (Stage 1),5368,49,square-root,True,False,True,False,3,0.3333333333333333,0.6666666666666666,0.0,0.0,0.3333333333333333,0.6666666666666666,3.0
ablate_citation,ablation,w/o Citation-Forcing Prompt,5368,49,square-root,False,True,True,False,4,0.25,0.75,0.0,,0.25,0.75,4.0
ablate_stage3,ablation,w/o Auto Verification (Stage 3),5368,49,square-root,True,True,False,False,2,,,,0.0,,,
naive,baseline,Naive Prompting,476,768,probability,False,False,True,False,4,0.25,0.75,0.0,,0.25,0.75,4.0
template,baseline,Template-only,476,768,probability,True,True,True,False,2,1.0,0.0,0.0,0.0,1.0,0.0,2.0
full,baseline,MetaKT-Verba (Full),476,768,probability,True,True,True,False,2,0.5,0.5,0.0,0.0,0.5,0.5,2.0
ablate_stage1,ablation,w/o Symbolic Grounding (Stage 1),476,768,probability,True,False,True,False,3,0.0,1.0,0.0,0.0,0.0,1.0,3.0
ablate_citation,ablation,w/o Citation-Forcing Prompt,476,768,probability,False,True,True,False,4,0.0,1.0,0.0,,0.0,1.0,4.0
ablate_stage3,ablation,w/o Auto Verification (Stage 3),476,768,probability,True,True,False,False,2,,,,0.0,,,
naive,baseline,Naive Prompting,6876,59,point-plotting,False,False,True,False,3,0.0,1.0,0.0,,0.0,1.0,3.0
template,baseline,Template-only,6876,59,point-plotting,True,True,True,False,2,1.0,0.0,0.0,0.0,1.0,0.0,2.0
full,baseline,MetaKT-Verba (Full),6876,59,point-plotting,True,True,True,False,2,0.0,1.0,0.0,0.0,0.0,1.0,2.0
ablate_stage1,ablation,w/o Symbolic Grounding (Stage 1),6876,59,point-plotting,True,False,True,False,3,0.0,1.0,0.0,0.0,0.0,1.0,3.0
ablate_citation,ablation,w/o Citation-Forcing Prompt,6876,59,point-plotting,False,True,True,False,4,0.0,1.0,0.0,,0.0,1.0,4.0
ablate_stage3,ablation,w/o Auto Verification (Stage 3),6876,59,point-plotting,True,True,False,False,2,,,,0.0,,,
naive,baseline,Naive Prompting,4255,706,noskill,False,False,True,False,4,0.0,1.0,0.0,,0.0,1.0,4.0
template,baseline,Template-only,4255,706,noskill,True,True,True,False,1,1.0,0.0,0.0,0.0,1.0,0.0,1.0
full,baseline,MetaKT-Verba (Full),4255,706,noskill,True,True,True,False,3,0.3333333333333333,0.6666666666666666,0.0,0.0,0.3333333333333333,0.6666666666666666,3.0
ablate_stage1,ablation,w/o Symbolic Grounding (Stage 1),4255,706,noskill,True,False,True,False,3,0.3333333333333333,0.6666666666666666,0.0,0.0,0.3333333333333333,0.6666666666666666,3.0
ablate_citation,ablation,w/o Citation-Forcing Prompt,4255,706,noskill,False,True,True,False,4,0.25,0.75,0.0,,0.25,0.75,4.0
ablate_stage3,ablation,w/o Auto Verification (Stage 3),4255,706,noskill,True,True,False,False,3,,,,0.0,,,
naive,baseline,Naive Prompting,5132,67,noskill,False,False,True,False,4,0.0,1.0,0.0,,0.0,1.0,4.0
template,baseline,Template-only,5132,67,noskill,True,True,True,False,2,1.0,0.0,0.0,0.0,1.0,0.0,2.0
full,baseline,MetaKT-Verba (Full),5132,67,noskill,True,True,True,False,2,0.5,0.5,0.0,0.0,0.5,0.5,2.0
ablate_stage1,ablation,w/o Symbolic Grounding (Stage 1),5132,67,noskill,True,False,True,False,3,0.0,1.0,0.0,0.0,0.0,1.0,3.0
ablate_citation,ablation,w/o Citation-Forcing Prompt,5132,67,noskill,False,True,True,False,4,0.0,1.0,0.0,,0.0,1.0,4.0
ablate_stage3,ablation,w/o Auto Verification (Stage 3),5132,67,noskill,True,True,False,False,2,,,,0.0,,,
naive,baseline,Naive Prompting,3892,28,sum-of-interior-angles-more-than-3-sides,False,False,True,False,4,0.0,1.0,0.0,,0.0,1.0,4.0
template,baseline,Template-only,3892,28,sum-of-interior-angles-more-than-3-sides,True,True,True,False,2,1.0,0.0,0.0,0.0,1.0,0.0,2.0
full,baseline,MetaKT-Verba (Full),3892,28,sum-of-interior-angles-more-than-3-sides,True,True,True,False,2,0.0,1.0,0.0,0.0,0.0,1.0,2.0
ablate_stage1,ablation,w/o Symbolic Grounding (Stage 1),3892,28,sum-of-interior-angles-more-than-3-sides,True,False,True,False,3,0.0,1.0,0.0,0.0,0.0,1.0,3.0
ablate_citation,ablation,w/o Citation-Forcing Prompt,3892,28,sum-of-interior-angles-more-than-3-sides,False,True,True,False,2,0.5,0.5,0.0,,0.5,0.5,2.0
ablate_stage3,ablation,w/o Auto Verification (Stage 3),3892,28,sum-of-interior-angles-more-than-3-sides,True,True,False,False,2,,,,0.0,,,
naive,baseline,Naive Prompting,672,680,substitution,False,False,True,False,4,0.25,0.75,0.0,,0.25,0.75,4.0
template,baseline,Template-only,672,680,substitution,True,True,True,False,1,1.0,0.0,0.0,0.0,1.0,0.0,1.0
full,baseline,MetaKT-Verba (Full),672,680,substitution,True,True,True,False,3,0.3333333333333333,0.6666666666666666,0.0,0.0,0.3333333333333333,0.6666666666666666,3.0
ablate_stage1,ablation,w/o Symbolic Grounding (Stage 1),672,680,substitution,True,False,True,False,3,0.3333333333333333,0.6666666666666666,0.0,0.0,0.3333333333333333,0.6666666666666666,3.0
ablate_citation,ablation,w/o Citation-Forcing Prompt,672,680,substitution,False,True,True,False,4,0.0,1.0,0.0,,0.0,1.0,4.0
ablate_stage3,ablation,w/o Auto Verification (Stage 3),672,680,substitution,True,True,False,False,3,,,,0.0,,,
naive,baseline,Naive Prompting,6215,726,circle-graph,False,False,True,False,3,0.0,1.0,0.0,,0.0,1.0,3.0
template,baseline,Template-only,6215,726,circle-graph,True,True,True,False,1,1.0,0.0,0.0,0.0,1.0,0.0,1.0
full,baseline,MetaKT-Verba (Full),6215,726,circle-graph,True,True,True,False,3,0.0,1.0,0.0,0.0,0.0,1.0,3.0
ablate_stage1,ablation,w/o Symbolic Grounding (Stage 1),6215,726,circle-graph,True,False,True,False,3,0.0,1.0,0.0,0.0,0.0,1.0,3.0
ablate_citation,ablation,w/o Citation-Forcing Prompt,6215,726,circle-graph,False,True,True,False,4,0.0,1.0,0.0,,0.0,1.0,4.0
ablate_stage3,ablation,w/o Auto Verification (Stage 3),6215,726,circle-graph,True,True,False,False,3,,,,0.0,,,
naive,baseline,Naive Prompting,6950,456,point-plotting,False,False,True,False,4,0.0,1.0,0.0,,0.0,1.0,4.0
template,baseline,Template-only,6950,456,point-plotting,True,True,True,False,1,1.0,0.0,0.0,0.0,1.0,0.0,1.0
full,baseline,MetaKT-Verba (Full),6950,456,point-plotting,True,True,True,False,3,0.3333333333333333,0.6666666666666666,0.0,0.0,0.3333333333333333,0.6666666666666666,3.0
ablate_stage1,ablation,w/o Symbolic Grounding (Stage 1),6950,456,point-plotting,True,False,True,False,4,0.0,1.0,0.0,0.0,0.0,1.0,4.0
ablate_citation,ablation,w/o Citation-Forcing Prompt,6950,456,point-plotting,False,True,True,False,4,0.0,1.0,0.0,,0.0,1.0,4.0
ablate_stage3,ablation,w/o Auto Verification (Stage 3),6950,456,point-plotting,True,True,False,False,3,,,,0.0,,,
naive,baseline,Naive Prompting,6315,94,triangle-inequality,False,False,True,False,4,0.0,1.0,0.0,,0.0,1.0,4.0
template,baseline,Template-only,6315,94,triangle-inequality,True,True,True,False,2,1.0,0.0,0.0,0.0,1.0,0.0,2.0
full,baseline,MetaKT-Verba (Full),6315,94,triangle-inequality,True,True,True,False,2,0.0,1.0,0.0,0.0,0.0,1.0,2.0
ablate_stage1,ablation,w/o Symbolic Grounding (Stage 1),6315,94,triangle-inequality,True,False,True,False,3,0.3333333333333333,0.6666666666666666,0.0,0.0,0.3333333333333333,0.6666666666666666,3.0
ablate_citation,ablation,w/o Citation-Forcing Prompt,6315,94,triangle-inequality,False,True,True,False,4,0.0,1.0,0.0,,0.0,1.0,4.0
ablate_stage3,ablation,w/o Auto Verification (Stage 3),6315,94,triangle-inequality,True,True,False,False,2,,,,0.0,,,
naive,baseline,Naive Prompting,387,250,properties-of-geometric-figures,False,False,True,False,4,0.0,1.0,0.0,,0.0,1.0,4.0
template,baseline,Template-only,387,250,properties-of-geometric-figures,True,True,True,False,2,1.0,0.0,0.0,0.0,1.0,0.0,2.0
full,baseline,MetaKT-Verba (Full),387,250,properties-of-geometric-figures,True,True,True,False,2,0.0,1.0,0.0,0.0,0.0,1.0,2.0
ablate_stage1,ablation,w/o Symbolic Grounding (Stage 1),387,250,properties-of-geometric-figures,True,False,True,False,3,0.3333333333333333,0.6666666666666666,0.0,0.0,0.3333333333333333,0.6666666666666666,3.0
ablate_citation,ablation,w/o Citation-Forcing Prompt,387,250,properties-of-geometric-figures,False,True,True,False,4,0.25,0.75,0.0,,0.25,0.75,4.0
ablate_stage3,ablation,w/o Auto Verification (Stage 3),387,250,properties-of-geometric-figures,True,True,False,False,2,,,,0.0,,,
naive,baseline,Naive Prompting,832,1762,proportion,False,False,True,False,4,0.25,0.75,0.0,,0.25,0.75,4.0
template,baseline,Template-only,832,1762,proportion,True,True,True,False,2,1.0,0.0,0.0,0.0,1.0,0.0,2.0
full,baseline,MetaKT-Verba (Full),832,1762,proportion,True,True,True,False,2,0.5,0.5,0.0,0.0,0.5,0.5,2.0
ablate_stage1,ablation,w/o Symbolic Grounding (Stage 1),832,1762,proportion,True,False,True,False,3,0.0,1.0,0.0,0.0,0.0,1.0,3.0
ablate_citation,ablation,w/o Citation-Forcing Prompt,832,1762,proportion,False,True,True,False,4,0.0,1.0,0.0,,0.0,1.0,4.0
ablate_stage3,ablation,w/o Auto Verification (Stage 3),832,1762,proportion,True,True,False,False,2,,,,0.0,,,
naive,baseline,Naive Prompting,6694,291,transversals,False,False,True,False,4,0.0,1.0,0.0,,0.0,1.0,4.0
template,baseline,Template-only,6694,291,transversals,True,True,True,False,2,1.0,0.0,0.0,0.0,1.0,0.0,2.0
full,baseline,MetaKT-Verba (Full),6694,291,transversals,True,True,True,False,2,0.5,0.5,0.0,0.0,0.5,0.5,2.0
ablate_stage1,ablation,w/o Symbolic Grounding (Stage 1),6694,291,transversals,True,False,True,False,3,0.0,1.0,0.0,0.0,0.0,1.0,3.0
ablate_citation,ablation,w/o Citation-Forcing Prompt,6694,291,transversals,False,True,True,False,4,0.25,0.75,0.0,,0.25,0.75,4.0
ablate_stage3,ablation,w/o Auto Verification (Stage 3),6694,291,transversals,True,True,False,False,2,,,,0.0,,,
naive,baseline,Naive Prompting,6410,329,multiplying-decimals,False,False,True,False,4,0.0,1.0,0.0,,0.0,1.0,4.0
template,baseline,Template-only,6410,329,multiplying-decimals,True,True,True,False,1,1.0,0.0,0.0,0.0,1.0,0.0,1.0
full,baseline,MetaKT-Verba (Full),6410,329,multiplying-decimals,True,True,True,False,1,0.0,1.0,0.0,0.0,0.0,1.0,1.0
ablate_stage1,ablation,w/o Symbolic Grounding (Stage 1),6410,329,multiplying-decimals,True,False,True,False,4,0.0,1.0,0.0,0.0,0.0,1.0,4.0
ablate_citation,ablation,w/o Citation-Forcing Prompt,6410,329,multiplying-decimals,False,True,True,False,4,0.0,1.0,0.0,,0.0,1.0,4.0
ablate_stage3,ablation,w/o Auto Verification (Stage 3),6410,329,multiplying-decimals,True,True,False,False,1,,,,0.0,,,
naive,baseline,Naive Prompting,1469,653,noskill,False,False,True,False,3,0.0,1.0,0.0,,0.0,1.0,3.0
template,baseline,Template-only,1469,653,noskill,True,True,True,False,1,1.0,0.0,0.0,0.0,1.0,0.0,1.0
full,baseline,MetaKT-Verba (Full),1469,653,noskill,True,True,True,False,3,0.0,1.0,0.0,0.0,0.0,1.0,3.0
ablate_stage1,ablation,w/o Symbolic Grounding (Stage 1),1469,653,noskill,True,False,True,False,3,0.0,1.0,0.0,0.0,0.0,1.0,3.0
ablate_citation,ablation,w/o Citation-Forcing Prompt,1469,653,noskill,False,True,True,False,4,0.25,0.75,0.0,,0.25,0.75,4.0
ablate_stage3,ablation,w/o Auto Verification (Stage 3),1469,653,noskill,True,True,False,False,3,,,,0.0,,,
naive,baseline,Naive Prompting,1348,102,area,False,False,True,False,4,0.0,1.0,0.0,,0.0,1.0,4.0
template,baseline,Template-only,1348,102,area,True,True,True,False,2,1.0,0.0,0.0,0.0,1.0,0.0,2.0
full,baseline,MetaKT-Verba (Full),1348,102,area,True,True,True,False,2,0.0,1.0,0.0,0.0,0.0,1.0,2.0
ablate_stage1,ablation,w/o Symbolic Grounding (Stage 1),1348,102,area,True,False,True,False,3,0.0,1.0,0.0,0.0,0.0,1.0,3.0
ablate_citation,ablation,w/o Citation-Forcing Prompt,1348,102,area,False,True,True,False,4,0.0,1.0,0.0,,0.0,1.0,4.0
ablate_stage3,ablation,w/o Auto Verification (Stage 3),1348,102,area,True,True,False,False,2,,,,0.0,,,
naive,baseline,Naive Prompting,7717,378,properties-of-geometric-figures,False,False,True,False,4,0.0,1.0,0.0,,0.0,1.0,4.0
template,baseline,Template-only,7717,378,properties-of-geometric-figures,True,True,True,False,2,1.0,0.0,0.0,0.0,1.0,0.0,2.0
full,baseline,MetaKT-Verba (Full),7717,378,properties-of-geometric-figures,True,True,True,False,2,0.0,1.0,0.0,0.0,0.0,1.0,2.0
ablate_stage1,ablation,w/o Symbolic Grounding (Stage 1),7717,378,properties-of-geometric-figures,True,False,True,False,3,0.0,1.0,0.0,0.0,0.0,1.0,3.0
ablate_citation,ablation,w/o Citation-Forcing Prompt,7717,378,properties-of-geometric-figures,False,True,True,False,4,0.0,1.0,0.0,,0.0,1.0,4.0
ablate_stage3,ablation,w/o Auto Verification (Stage 3),7717,378,properties-of-geometric-figures,True,True,False,False,2,,,,0.0,,,
naive,baseline,Naive Prompting,819,549,symbolization-articulation,False,False,True,False,3,1.0,0.0,0.0,,1.0,0.0,3.0
template,baseline,Template-only,819,549,symbolization-articulation,True,True,True,False,1,1.0,0.0,0.0,0.0,1.0,0.0,1.0
full,baseline,MetaKT-Verba (Full),819,549,symbolization-articulation,True,True,True,False,1,1.0,0.0,0.0,0.0,1.0,0.0,1.0
ablate_stage1,ablation,w/o Symbolic Grounding (Stage 1),819,549,symbolization-articulation,True,False,True,False,3,1.0,0.0,0.0,0.0,1.0,0.0,3.0
ablate_citation,ablation,w/o Citation-Forcing Prompt,819,549,symbolization-articulation,False,True,True,False,4,1.0,0.0,0.0,,1.0,0.0,4.0
ablate_stage3,ablation,w/o Auto Verification (Stage 3),819,549,symbolization-articulation,True,True,False,False,1,,,,0.0,,,
naive,baseline,Naive Prompting,3545,142,combinatorics,False,False,True,False,3,0.0,1.0,0.0,,0.0,1.0,3.0
template,baseline,Template-only,3545,142,combinatorics,True,True,True,False,1,1.0,0.0,0.0,0.0,1.0,0.0,1.0
full,baseline,MetaKT-Verba (Full),3545,142,combinatorics,True,True,True,False,3,0.3333333333333333,0.6666666666666666,0.0,0.0,0.3333333333333333,0.6666666666666666,3.0
ablate_stage1,ablation,w/o Symbolic Grounding (Stage 1),3545,142,combinatorics,True,False,True,False,4,0.0,1.0,0.0,0.0,0.0,1.0,4.0
ablate_citation,ablation,w/o Citation-Forcing Prompt,3545,142,combinatorics,False,True,True,False,4,0.0,1.0,0.0,,0.0,1.0,4.0
ablate_stage3,ablation,w/o Auto Verification (Stage 3),3545,142,combinatorics,True,True,False,False,3,,,,0.0,,,
naive,baseline,Naive Prompting,7062,185,venn-diagram,False,False,True,False,3,0.0,1.0,0.0,,0.0,1.0,3.0
template,baseline,Template-only,7062,185,venn-diagram,True,True,True,False,1,1.0,0.0,0.0,0.0,1.0,0.0,1.0
full,baseline,MetaKT-Verba (Full),7062,185,venn-diagram,True,True,True,False,4,0.25,0.75,0.0,0.0,0.25,0.75,4.0
ablate_stage1,ablation,w/o Symbolic Grounding (Stage 1),7062,185,venn-diagram,True,False,True,False,4,0.0,1.0,0.0,0.0,0.0,1.0,4.0
ablate_citation,ablation,w/o Citation-Forcing Prompt,7062,185,venn-diagram,False,True,True,False,4,0.0,1.0,0.0,,0.0,1.0,4.0
ablate_stage3,ablation,w/o Auto Verification (Stage 3),7062,185,venn-diagram,True,True,False,False,4,,,,0.0,,,
naive,baseline,Naive Prompting,2309,306,supplementary-angles,False,False,True,False,4,0.0,1.0,0.0,,0.0,1.0,4.0
template,baseline,Template-only,2309,306,supplementary-angles,True,True,True,False,1,1.0,0.0,0.0,0.0,1.0,0.0,1.0
full,baseline,MetaKT-Verba (Full),2309,306,supplementary-angles,True,True,True,False,3,0.0,1.0,0.0,0.0,0.0,1.0,3.0
ablate_stage1,ablation,w/o Symbolic Grounding (Stage 1),2309,306,supplementary-angles,True,False,True,False,4,0.0,1.0,0.0,0.0,0.0,1.0,4.0
ablate_citation,ablation,w/o Citation-Forcing Prompt,2309,306,supplementary-angles,False,True,True,False,4,0.25,0.75,0.0,,0.25,0.75,4.0
ablate_stage3,ablation,w/o Auto Verification (Stage 3),2309,306,supplementary-angles,True,True,False,False,3,,,,0.0,,,
naive,baseline,Naive Prompting,2245,587,addition,False,False,True,False,3,1.0,0.0,0.0,,1.0,0.0,3.0
template,baseline,Template-only,2245,587,addition,True,True,True,False,1,1.0,0.0,0.0,0.0,1.0,0.0,1.0
full,baseline,MetaKT-Verba (Full),2245,587,addition,True,True,True,False,1,1.0,0.0,0.0,0.0,1.0,0.0,1.0
ablate_stage1,ablation,w/o Symbolic Grounding (Stage 1),2245,587,addition,True,False,True,False,3,1.0,0.0,0.0,0.0,1.0,0.0,3.0
ablate_citation,ablation,w/o Citation-Forcing Prompt,2245,587,addition,False,True,True,False,4,1.0,0.0,0.0,,1.0,0.0,4.0
ablate_stage3,ablation,w/o Auto Verification (Stage 3),2245,587,addition,True,True,False,False,1,,,,0.0,,,
naive,baseline,Naive Prompting,5834,429,congruence,False,False,True,False,3,0.0,1.0,0.0,,0.0,1.0,3.0
template,baseline,Template-only,5834,429,congruence,True,True,True,False,1,1.0,0.0,0.0,0.0,1.0,0.0,1.0
full,baseline,MetaKT-Verba (Full),5834,429,congruence,True,True,True,False,3,0.0,1.0,0.0,0.0,0.0,1.0,3.0
ablate_stage1,ablation,w/o Symbolic Grounding (Stage 1),5834,429,congruence,True,False,True,False,3,0.3333333333333333,0.6666666666666666,0.0,0.0,0.3333333333333333,0.6666666666666666,3.0
ablate_citation,ablation,w/o Citation-Forcing Prompt,5834,429,congruence,False,True,True,False,4,0.0,1.0,0.0,,0.0,1.0,4.0
ablate_stage3,ablation,w/o Auto Verification (Stage 3),5834,429,congruence,True,True,False,False,3,,,,0.0,,,
naive,baseline,Naive Prompting,1551,817,noskill,False,False,True,False,3,0.0,1.0,0.0,,0.0,1.0,3.0
template,baseline,Template-only,1551,817,noskill,True,True,True,False,2,1.0,0.0,0.0,0.0,1.0,0.0,2.0
full,baseline,MetaKT-Verba (Full),1551,817,noskill,True,True,True,False,3,0.0,1.0,0.0,0.0,0.0,1.0,3.0
ablate_stage1,ablation,w/o Symbolic Grounding (Stage 1),1551,817,noskill,True,False,True,False,3,0.0,1.0,0.0,0.0,0.0,1.0,3.0
ablate_citation,ablation,w/o Citation-Forcing Prompt,1551,817,noskill,False,True,True,False,4,0.25,0.75,0.0,,0.25,0.75,4.0
ablate_stage3,ablation,w/o Auto Verification (Stage 3),1551,817,noskill,True,True,False,False,3,,,,0.0,,,
naive,baseline,Naive Prompting,6410,574,probability,False,False,True,False,4,0.0,1.0,0.0,,0.0,1.0,4.0
template,baseline,Template-only,6410,574,probability,True,True,True,False,1,1.0,0.0,0.0,0.0,1.0,0.0,1.0
full,baseline,MetaKT-Verba (Full),6410,574,probability,True,True,True,False,3,0.0,1.0,0.0,0.0,0.0,1.0,3.0
ablate_stage1,ablation,w/o Symbolic Grounding (Stage 1),6410,574,probability,True,False,True,False,3,0.0,1.0,0.0,0.0,0.0,1.0,3.0
ablate_citation,ablation,w/o Citation-Forcing Prompt,6410,574,probability,False,True,True,False,4,0.25,0.75,0.0,,0.25,0.75,4.0
ablate_stage3,ablation,w/o Auto Verification (Stage 3),6410,574,probability,True,True,False,False,3,,,,0.0,,,
naive,baseline,Naive Prompting,832,1362,unit-conversion,False,False,True,False,4,0.0,1.0,0.0,,0.0,1.0,4.0
template,baseline,Template-only,832,1362,unit-conversion,True,True,True,False,2,1.0,0.0,0.0,0.0,1.0,0.0,2.0
full,baseline,MetaKT-Verba (Full),832,1362,unit-conversion,True,True,True,False,2,0.0,1.0,0.0,0.0,0.0,1.0,2.0
ablate_stage1,ablation,w/o Symbolic Grounding (Stage 1),832,1362,unit-conversion,True,False,True,False,3,0.0,1.0,0.0,0.0,0.0,1.0,3.0
ablate_citation,ablation,w/o Citation-Forcing Prompt,832,1362,unit-conversion,False,True,True,False,4,0.0,1.0,0.0,,0.0,1.0,4.0
ablate_stage3,ablation,w/o Auto Verification (Stage 3),832,1362,unit-conversion,True,True,False,False,2,,,,0.0,,,
naive,baseline,Naive Prompting,3890,568,number-line,False,False,True,False,4,1.0,0.0,0.0,,1.0,0.0,4.0
template,baseline,Template-only,3890,568,number-line,True,True,True,False,1,1.0,0.0,0.0,0.0,1.0,0.0,1.0
full,baseline,MetaKT-Verba (Full),3890,568,number-line,True,True,True,False,1,1.0,0.0,0.0,0.0,1.0,0.0,1.0
ablate_stage1,ablation,w/o Symbolic Grounding (Stage 1),3890,568,number-line,True,False,True,False,3,1.0,0.0,0.0,0.0,1.0,0.0,3.0
ablate_citation,ablation,w/o Citation-Forcing Prompt,3890,568,number-line,False,True,True,False,4,1.0,0.0,0.0,,1.0,0.0,4.0
ablate_stage3,ablation,w/o Auto Verification (Stage 3),3890,568,number-line,True,True,False,False,1,,,,0.0,,,
naive,baseline,Naive Prompting,6862,242,point-plotting,False,False,True,False,4,0.0,1.0,0.0,,0.0,1.0,4.0
template,baseline,Template-only,6862,242,point-plotting,True,True,True,False,2,1.0,0.0,0.0,0.0,1.0,0.0,2.0
full,baseline,MetaKT-Verba (Full),6862,242,point-plotting,True,True,True,False,2,0.0,1.0,0.0,0.0,0.0,1.0,2.0
ablate_stage1,ablation,w/o Symbolic Grounding (Stage 1),6862,242,point-plotting,True,False,True,False,3,0.0,1.0,0.0,0.0,0.0,1.0,3.0
ablate_citation,ablation,w/o Citation-Forcing Prompt,6862,242,point-plotting,False,True,True,False,4,0.0,1.0,0.0,,0.0,1.0,4.0
ablate_stage3,ablation,w/o Auto Verification (Stage 3),6862,242,point-plotting,True,True,False,False,2,,,,0.0,,,
naive,baseline,Naive Prompting,2775,142,probability,False,False,True,False,3,0.0,1.0,0.0,,0.0,1.0,3.0
template,baseline,Template-only,2775,142,probability,True,True,True,False,2,1.0,0.0,0.0,0.0,1.0,0.0,2.0
full,baseline,MetaKT-Verba (Full),2775,142,probability,True,True,True,False,2,0.0,1.0,0.0,0.0,0.0,1.0,2.0
ablate_stage1,ablation,w/o Symbolic Grounding (Stage 1),2775,142,probability,True,False,True,False,4,0.0,1.0,0.0,0.0,0.0,1.0,4.0
ablate_citation,ablation,w/o Citation-Forcing Prompt,2775,142,probability,False,True,True,False,4,0.0,1.0,0.0,,0.0,1.0,4.0
ablate_stage3,ablation,w/o Auto Verification (Stage 3),2775,142,probability,True,True,False,False,2,,,,0.0,,,
naive,baseline,Naive Prompting,4241,656,pattern-finding,False,False,True,False,4,1.0,0.0,0.0,,1.0,0.0,4.0
template,baseline,Template-only,4241,656,pattern-finding,True,True,True,False,1,1.0,0.0,0.0,0.0,1.0,0.0,1.0
full,baseline,MetaKT-Verba (Full),4241,656,pattern-finding,True,True,True,False,1,1.0,0.0,0.0,0.0,1.0,0.0,1.0
ablate_stage1,ablation,w/o Symbolic Grounding (Stage 1),4241,656,pattern-finding,True,False,True,False,3,1.0,0.0,0.0,0.0,1.0,0.0,3.0
ablate_citation,ablation,w/o Citation-Forcing Prompt,4241,656,pattern-finding,False,True,True,False,4,1.0,0.0,0.0,,1.0,0.0,4.0
ablate_stage3,ablation,w/o Auto Verification (Stage 3),4241,656,pattern-finding,True,True,False,False,1,,,,0.0,,,
naive,baseline,Naive Prompting,391,147,supplementary-angles,False,False,True,False,3,0.0,1.0,0.0,,0.0,1.0,3.0
template,baseline,Template-only,391,147,supplementary-angles,True,True,True,False,2,1.0,0.0,0.0,0.0,1.0,0.0,2.0
full,baseline,MetaKT-Verba (Full),391,147,supplementary-angles,True,True,True,False,2,0.0,1.0,0.0,0.0,0.0,1.0,2.0
ablate_stage1,ablation,w/o Symbolic Grounding (Stage 1),391,147,supplementary-angles,True,False,True,False,3,0.0,1.0,0.0,0.0,0.0,1.0,3.0
ablate_citation,ablation,w/o Citation-Forcing Prompt,391,147,supplementary-angles,False,True,True,False,4,0.0,1.0,0.0,,0.0,1.0,4.0
ablate_stage3,ablation,w/o Auto Verification (Stage 3),391,147,supplementary-angles,True,True,False,False,2,,,,0.0,,,
naive,baseline,Naive Prompting,7233,706,pattern-finding,False,False,True,False,4,0.0,1.0,0.0,,0.0,1.0,4.0
template,baseline,Template-only,7233,706,pattern-finding,True,True,True,False,2,1.0,0.0,0.0,0.0,1.0,0.0,2.0
full,baseline,MetaKT-Verba (Full),7233,706,pattern-finding,True,True,True,False,2,0.5,0.5,0.0,0.0,0.5,0.5,2.0
ablate_stage1,ablation,w/o Symbolic Grounding (Stage 1),7233,706,pattern-finding,True,False,True,False,3,0.6666666666666666,0.3333333333333333,0.0,0.0,0.6666666666666666,0.3333333333333333,3.0
ablate_citation,ablation,w/o Citation-Forcing Prompt,7233,706,pattern-finding,False,True,True,False,4,0.25,0.75,0.0,,0.25,0.75,4.0
ablate_stage3,ablation,w/o Auto Verification (Stage 3),7233,706,pattern-finding,True,True,False,False,2,,,,0.0,,,
naive,baseline,Naive Prompting,6731,864,supplementary-angles,False,False,True,False,4,0.0,1.0,0.0,,0.0,1.0,4.0
template,baseline,Template-only,6731,864,supplementary-angles,True,True,True,False,1,1.0,0.0,0.0,0.0,1.0,0.0,1.0
full,baseline,MetaKT-Verba (Full),6731,864,supplementary-angles,True,True,True,False,4,0.25,0.25,0.0,0.5,0.5,0.5,2.0
ablate_stage1,ablation,w/o Symbolic Grounding (Stage 1),6731,864,supplementary-angles,True,False,True,False,3,0.0,1.0,0.0,0.0,0.0,1.0,3.0
ablate_citation,ablation,w/o Citation-Forcing Prompt,6731,864,supplementary-angles,False,True,True,False,4,0.0,1.0,0.0,,0.0,1.0,4.0
ablate_stage3,ablation,w/o Auto Verification (Stage 3),6731,864,supplementary-angles,True,True,False,False,4,,,,0.5,,,
naive,baseline,Naive Prompting,4165,68,properties-of-solids,False,False,True,False,4,0.0,1.0,0.0,,0.0,1.0,4.0
template,baseline,Template-only,4165,68,properties-of-solids,True,True,True,False,2,1.0,0.0,0.0,0.0,1.0,0.0,2.0
full,baseline,MetaKT-Verba (Full),4165,68,properties-of-solids,True,True,True,False,3,0.0,1.0,0.0,0.0,0.0,1.0,3.0
ablate_stage1,ablation,w/o Symbolic Grounding (Stage 1),4165,68,properties-of-solids,True,False,True,False,3,0.3333333333333333,0.6666666666666666,0.0,0.0,0.3333333333333333,0.6666666666666666,3.0
ablate_citation,ablation,w/o Citation-Forcing Prompt,4165,68,properties-of-solids,False,True,True,False,2,0.5,0.5,0.0,,0.5,0.5,2.0
ablate_stage3,ablation,w/o Auto Verification (Stage 3),4165,68,properties-of-solids,True,True,False,False,3,,,,0.0,,,
naive,baseline,Naive Prompting,6879,199,probability,False,False,True,False,4,0.0,1.0,0.0,,0.0,1.0,4.0
template,baseline,Template-only,6879,199,probability,True,True,True,False,1,1.0,0.0,0.0,0.0,1.0,0.0,1.0
full,baseline,MetaKT-Verba (Full),6879,199,probability,True,True,True,False,4,0.0,0.75,0.0,0.25,0.0,1.0,3.0
ablate_stage1,ablation,w/o Symbolic Grounding (Stage 1),6879,199,probability,True,False,True,False,3,0.0,1.0,0.0,0.0,0.0,1.0,3.0
ablate_citation,ablation,w/o Citation-Forcing Prompt,6879,199,probability,False,True,True,False,4,0.0,1.0,0.0,,0.0,1.0,4.0
ablate_stage3,ablation,w/o Auto Verification (Stage 3),6879,199,probability,True,True,False,False,4,,,,0.25,,,
naive,baseline,Naive Prompting,6862,1883,pattern-finding,False,False,True,False,4,1.0,0.0,0.0,,1.0,0.0,4.0
template,baseline,Template-only,6862,1883,pattern-finding,True,True,True,False,1,1.0,0.0,0.0,0.0,1.0,0.0,1.0
full,baseline,MetaKT-Verba (Full),6862,1883,pattern-finding,True,True,True,False,1,1.0,0.0,0.0,0.0,1.0,0.0,1.0
ablate_stage1,ablation,w/o Symbolic Grounding (Stage 1),6862,1883,pattern-finding,True,False,True,False,4,1.0,0.0,0.0,0.0,1.0,0.0,4.0
ablate_citation,ablation,w/o Citation-Forcing Prompt,6862,1883,pattern-finding,False,True,True,False,4,1.0,0.0,0.0,,1.0,0.0,4.0
ablate_stage3,ablation,w/o Auto Verification (Stage 3),6862,1883,pattern-finding,True,True,False,False,1,,,,0.0,,,
naive,baseline,Naive Prompting,3982,1225,divide-decimals,False,False,True,False,4,1.0,0.0,0.0,,1.0,0.0,4.0
template,baseline,Template-only,3982,1225,divide-decimals,True,True,True,False,1,1.0,0.0,0.0,0.0,1.0,0.0,1.0
full,baseline,MetaKT-Verba (Full),3982,1225,divide-decimals,True,True,True,False,1,1.0,0.0,0.0,0.0,1.0,0.0,1.0
ablate_stage1,ablation,w/o Symbolic Grounding (Stage 1),3982,1225,divide-decimals,True,False,True,False,3,1.0,0.0,0.0,0.0,1.0,0.0,3.0
ablate_citation,ablation,w/o Citation-Forcing Prompt,3982,1225,divide-decimals,False,True,True,False,4,1.0,0.0,0.0,,1.0,0.0,4.0
ablate_stage3,ablation,w/o Auto Verification (Stage 3),3982,1225,divide-decimals,True,True,False,False,1,,,,0.0,,,
naive,baseline,Naive Prompting,1177,140,linear-area-volume-conversion,False,False,True,False,4,0.0,1.0,0.0,,0.0,1.0,4.0
template,baseline,Template-only,1177,140,linear-area-volume-conversion,True,True,True,False,1,1.0,0.0,0.0,0.0,1.0,0.0,1.0
full,baseline,MetaKT-Verba (Full),1177,140,linear-area-volume-conversion,True,True,True,False,3,0.3333333333333333,0.6666666666666666,0.0,0.0,0.3333333333333333,0.6666666666666666,3.0
ablate_stage1,ablation,w/o Symbolic Grounding (Stage 1),1177,140,linear-area-volume-conversion,True,False,True,False,4,0.0,1.0,0.0,0.0,0.0,1.0,4.0
ablate_citation,ablation,w/o Citation-Forcing Prompt,1177,140,linear-area-volume-conversion,False,True,True,False,4,0.0,1.0,0.0,,0.0,1.0,4.0
ablate_stage3,ablation,w/o Auto Verification (Stage 3),1177,140,linear-area-volume-conversion,True,True,False,False,3,,,,0.0,,,
naive,baseline,Naive Prompting,3688,60,noskill,False,False,True,False,3,0.3333333333333333,0.6666666666666666,0.0,,0.3333333333333333,0.6666666666666666,3.0
template,baseline,Template-only,3688,60,noskill,True,True,True,False,1,1.0,0.0,0.0,0.0,1.0,0.0,1.0
full,baseline,MetaKT-Verba (Full),3688,60,noskill,True,True,True,False,3,0.0,1.0,0.0,0.0,0.0,1.0,3.0
ablate_stage1,ablation,w/o Symbolic Grounding (Stage 1),3688,60,noskill,True,False,True,False,3,0.3333333333333333,0.6666666666666666,0.0,0.0,0.3333333333333333,0.6666666666666666,3.0
ablate_citation,ablation,w/o Citation-Forcing Prompt,3688,60,noskill,False,True,True,False,4,0.5,0.5,0.0,,0.5,0.5,4.0
ablate_stage3,ablation,w/o Auto Verification (Stage 3),3688,60,noskill,True,True,False,False,3,,,,0.0,,,
naive,baseline,Naive Prompting,2607,295,inducing-functions,False,False,True,False,3,0.0,1.0,0.0,,0.0,1.0,3.0
template,baseline,Template-only,2607,295,inducing-functions,True,True,True,False,2,1.0,0.0,0.0,0.0,1.0,0.0,2.0
full,baseline,MetaKT-Verba (Full),2607,295,inducing-functions,True,True,True,False,2,0.0,1.0,0.0,0.0,0.0,1.0,2.0
ablate_stage1,ablation,w/o Symbolic Grounding (Stage 1),2607,295,inducing-functions,True,False,True,False,3,0.0,1.0,0.0,0.0,0.0,1.0,3.0
ablate_citation,ablation,w/o Citation-Forcing Prompt,2607,295,inducing-functions,False,True,True,False,4,0.0,1.0,0.0,,0.0,1.0,4.0
ablate_stage3,ablation,w/o Auto Verification (Stage 3),2607,295,inducing-functions,True,True,False,False,2,,,,0.0,,,
naive,baseline,Naive Prompting,403,47,equivalent-fractions-decimals-percents,False,False,True,False,3,0.0,1.0,0.0,,0.0,1.0,3.0
template,baseline,Template-only,403,47,equivalent-fractions-decimals-percents,True,True,True,False,2,1.0,0.0,0.0,0.0,1.0,0.0,2.0
full,baseline,MetaKT-Verba (Full),403,47,equivalent-fractions-decimals-percents,True,True,True,False,2,0.0,1.0,0.0,0.0,0.0,1.0,2.0
ablate_stage1,ablation,w/o Symbolic Grounding (Stage 1),403,47,equivalent-fractions-decimals-percents,True,False,True,False,3,0.0,1.0,0.0,0.0,0.0,1.0,3.0
ablate_citation,ablation,w/o Citation-Forcing Prompt,403,47,equivalent-fractions-decimals-percents,False,True,True,False,4,0.25,0.75,0.0,,0.25,0.75,4.0
ablate_stage3,ablation,w/o Auto Verification (Stage 3),403,47,equivalent-fractions-decimals-percents,True,True,False,False,2,,,,0.0,,,
naive,baseline,Naive Prompting,5673,157,probability,False,False,True,False,4,0.0,1.0,0.0,,0.0,1.0,4.0
template,baseline,Template-only,5673,157,probability,True,True,True,False,2,1.0,0.0,0.0,0.0,1.0,0.0,2.0
full,baseline,MetaKT-Verba (Full),5673,157,probability,True,True,True,False,2,0.5,0.5,0.0,0.0,0.5,0.5,2.0
ablate_stage1,ablation,w/o Symbolic Grounding (Stage 1),5673,157,probability,True,False,True,False,3,0.0,1.0,0.0,0.0,0.0,1.0,3.0
ablate_citation,ablation,w/o Citation-Forcing Prompt,5673,157,probability,False,True,True,False,4,0.0,1.0,0.0,,0.0,1.0,4.0
ablate_stage3,ablation,w/o Auto Verification (Stage 3),5673,157,probability,True,True,False,False,2,,,,0.0,,,
naive,baseline,Naive Prompting,3405,517,symbolization-articulation,False,False,True,False,4,0.5,0.5,0.0,,0.5,0.5,4.0
template,baseline,Template-only,3405,517,symbolization-articulation,True,True,True,False,2,1.0,0.0,0.0,0.0,1.0,0.0,2.0
full,baseline,MetaKT-Verba (Full),3405,517,symbolization-articulation,True,True,True,False,3,0.6666666666666666,0.3333333333333333,0.0,0.0,0.6666666666666666,0.3333333333333333,3.0
ablate_stage1,ablation,w/o Symbolic Grounding (Stage 1),3405,517,symbolization-articulation,True,False,True,False,3,0.0,1.0,0.0,0.0,0.0,1.0,3.0
ablate_citation,ablation,w/o Citation-Forcing Prompt,3405,517,symbolization-articulation,False,True,True,False,4,0.25,0.75,0.0,,0.25,0.75,4.0
ablate_stage3,ablation,w/o Auto Verification (Stage 3),3405,517,symbolization-articulation,True,True,False,False,3,,,,0.0,,,
naive,baseline,Naive Prompting,3768,236,inducing-functions,False,False,True,False,3,0.0,1.0,0.0,,0.0,1.0,3.0
template,baseline,Template-only,3768,236,inducing-functions,True,True,True,False,2,1.0,0.0,0.0,0.0,1.0,0.0,2.0
full,baseline,MetaKT-Verba (Full),3768,236,inducing-functions,True,True,True,False,2,0.5,0.5,0.0,0.0,0.5,0.5,2.0
ablate_stage1,ablation,w/o Symbolic Grounding (Stage 1),3768,236,inducing-functions,True,False,True,False,3,0.0,1.0,0.0,0.0,0.0,1.0,3.0
ablate_citation,ablation,w/o Citation-Forcing Prompt,3768,236,inducing-functions,False,True,True,False,4,0.0,1.0,0.0,,0.0,1.0,4.0
ablate_stage3,ablation,w/o Auto Verification (Stage 3),3768,236,inducing-functions,True,True,False,False,2,,,,0.0,,,
naive,baseline,Naive Prompting,3539,453,noskill,False,False,True,False,4,1.0,0.0,0.0,,1.0,0.0,4.0
template,baseline,Template-only,3539,453,noskill,True,True,True,False,1,1.0,0.0,0.0,0.0,1.0,0.0,1.0
full,baseline,MetaKT-Verba (Full),3539,453,noskill,True,True,True,False,1,1.0,0.0,0.0,0.0,1.0,0.0,1.0
ablate_stage1,ablation,w/o Symbolic Grounding (Stage 1),3539,453,noskill,True,False,True,False,4,1.0,0.0,0.0,0.0,1.0,0.0,4.0
ablate_citation,ablation,w/o Citation-Forcing Prompt,3539,453,noskill,False,True,True,False,4,1.0,0.0,0.0,,1.0,0.0,4.0
ablate_stage3,ablation,w/o Auto Verification (Stage 3),3539,453,noskill,True,True,False,False,1,,,,0.0,,,
naive,baseline,Naive Prompting,645,52,symbolization-articulation,False,False,True,False,4,0.0,1.0,0.0,,0.0,1.0,4.0
template,baseline,Template-only,645,52,symbolization-articulation,True,True,True,False,2,1.0,0.0,0.0,0.0,1.0,0.0,2.0
full,baseline,MetaKT-Verba (Full),645,52,symbolization-articulation,True,True,True,False,2,0.0,1.0,0.0,0.0,0.0,1.0,2.0
ablate_stage1,ablation,w/o Symbolic Grounding (Stage 1),645,52,symbolization-articulation,True,False,True,False,3,0.0,1.0,0.0,0.0,0.0,1.0,3.0
ablate_citation,ablation,w/o Citation-Forcing Prompt,645,52,symbolization-articulation,False,True,True,False,4,0.0,1.0,0.0,,0.0,1.0,4.0
ablate_stage3,ablation,w/o Auto Verification (Stage 3),645,52,symbolization-articulation,True,True,False,False,2,,,,0.0,,,
naive,baseline,Naive Prompting,4621,484,n-number-sense-operations,False,False,True,False,3,0.0,1.0,0.0,,0.0,1.0,3.0
template,baseline,Template-only,4621,484,n-number-sense-operations,True,True,True,False,1,1.0,0.0,0.0,0.0,1.0,0.0,1.0
full,baseline,MetaKT-Verba (Full),4621,484,n-number-sense-operations,True,True,True,False,3,0.3333333333333333,0.6666666666666666,0.0,0.0,0.3333333333333333,0.6666666666666666,3.0
ablate_stage1,ablation,w/o Symbolic Grounding (Stage 1),4621,484,n-number-sense-operations,True,False,True,False,4,0.0,1.0,0.0,0.0,0.0,1.0,4.0
ablate_citation,ablation,w/o Citation-Forcing Prompt,4621,484,n-number-sense-operations,False,True,True,False,4,0.0,1.0,0.0,,0.0,1.0,4.0
ablate_stage3,ablation,w/o Auto Verification (Stage 3),4621,484,n-number-sense-operations,True,True,False,False,3,,,,0.0,,,
naive,baseline,Naive Prompting,6252,362,probability,False,False,True,False,3,0.0,1.0,0.0,,0.0,1.0,3.0
template,baseline,Template-only,6252,362,probability,True,True,True,False,2,1.0,0.0,0.0,0.0,1.0,0.0,2.0
full,baseline,MetaKT-Verba (Full),6252,362,probability,True,True,True,False,3,0.3333333333333333,0.6666666666666666,0.0,0.0,0.3333333333333333,0.6666666666666666,3.0
ablate_stage1,ablation,w/o Symbolic Grounding (Stage 1),6252,362,probability,True,False,True,False,3,0.3333333333333333,0.6666666666666666,0.0,0.0,0.3333333333333333,0.6666666666666666,3.0
ablate_citation,ablation,w/o Citation-Forcing Prompt,6252,362,probability,False,True,True,False,4,0.0,1.0,0.0,,0.0,1.0,4.0
ablate_stage3,ablation,w/o Auto Verification (Stage 3),6252,362,probability,True,True,False,False,3,,,,0.0,,,
naive,baseline,Naive Prompting,929,205,discount,False,False,True,False,4,0.0,1.0,0.0,,0.0,1.0,4.0
template,baseline,Template-only,929,205,discount,True,True,True,False,2,1.0,0.0,0.0,0.0,1.0,0.0,2.0
full,baseline,MetaKT-Verba (Full),929,205,discount,True,True,True,False,2,0.0,1.0,0.0,0.0,0.0,1.0,2.0
ablate_stage1,ablation,w/o Symbolic Grounding (Stage 1),929,205,discount,True,False,True,False,3,0.0,1.0,0.0,0.0,0.0,1.0,3.0
ablate_citation,ablation,w/o Citation-Forcing Prompt,929,205,discount,False,True,True,False,4,0.25,0.75,0.0,,0.25,0.75,4.0
ablate_stage3,ablation,w/o Auto Verification (Stage 3),929,205,discount,True,True,False,False,2,,,,0.0,,,
naive,baseline,Naive Prompting,1960,799,point-plotting,False,False,True,False,3,0.0,1.0,0.0,,0.0,1.0,3.0
template,baseline,Template-only,1960,799,point-plotting,True,True,True,False,2,1.0,0.0,0.0,0.0,1.0,0.0,2.0
full,baseline,MetaKT-Verba (Full),1960,799,point-plotting,True,True,True,False,2,0.0,1.0,0.0,0.0,0.0,1.0,2.0
ablate_stage1,ablation,w/o Symbolic Grounding (Stage 1),1960,799,point-plotting,True,False,True,False,3,0.0,1.0,0.0,0.0,0.0,1.0,3.0
ablate_citation,ablation,w/o Citation-Forcing Prompt,1960,799,point-plotting,False,True,True,False,4,0.0,1.0,0.0,,0.0,1.0,4.0
ablate_stage3,ablation,w/o Auto Verification (Stage 3),1960,799,point-plotting,True,True,False,False,2,,,,0.0,,,
naive,baseline,Naive Prompting,4607,651,least-common-multiple,False,False,True,False,3,0.0,1.0,0.0,,0.0,1.0,3.0
template,baseline,Template-only,4607,651,least-common-multiple,True,True,True,False,3,1.0,0.0,0.0,0.0,1.0,0.0,3.0
full,baseline,MetaKT-Verba (Full),4607,651,least-common-multiple,True,True,True,False,3,0.0,1.0,0.0,0.0,0.0,1.0,3.0
ablate_stage1,ablation,w/o Symbolic Grounding (Stage 1),4607,651,least-common-multiple,True,False,True,False,3,0.0,1.0,0.0,0.0,0.0,1.0,3.0
ablate_citation,ablation,w/o Citation-Forcing Prompt,4607,651,least-common-multiple,False,True,True,False,4,0.0,1.0,0.0,,0.0,1.0,4.0
ablate_stage3,ablation,w/o Auto Verification (Stage 3),4607,651,least-common-multiple,True,True,False,False,3,,,,0.0,,,
naive,baseline,Naive Prompting,6950,8,noskill,False,False,True,False,3,0.0,1.0,0.0,,0.0,1.0,3.0
template,baseline,Template-only,6950,8,noskill,True,True,True,False,2,1.0,0.0,0.0,0.0,1.0,0.0,2.0
full,baseline,MetaKT-Verba (Full),6950,8,noskill,True,True,True,False,2,0.0,1.0,0.0,0.0,0.0,1.0,2.0
ablate_stage1,ablation,w/o Symbolic Grounding (Stage 1),6950,8,noskill,True,False,True,False,3,0.0,1.0,0.0,0.0,0.0,1.0,3.0
ablate_citation,ablation,w/o Citation-Forcing Prompt,6950,8,noskill,False,True,True,False,4,0.25,0.75,0.0,,0.25,0.75,4.0
ablate_stage3,ablation,w/o Auto Verification (Stage 3),6950,8,noskill,True,True,False,False,2,,,,0.0,,,
naive,baseline,Naive Prompting,5778,1268,interpreting-linear-equations,False,False,True,False,3,0.0,1.0,0.0,,0.0,1.0,3.0
template,baseline,Template-only,5778,1268,interpreting-linear-equations,True,True,True,False,1,1.0,0.0,0.0,0.0,1.0,0.0,1.0
full,baseline,MetaKT-Verba (Full),5778,1268,interpreting-linear-equations,True,True,True,False,3,0.3333333333333333,0.6666666666666666,0.0,0.0,0.3333333333333333,0.6666666666666666,3.0
ablate_stage1,ablation,w/o Symbolic Grounding (Stage 1),5778,1268,interpreting-linear-equations,True,False,True,False,4,0.0,1.0,0.0,0.0,0.0,1.0,4.0
ablate_citation,ablation,w/o Citation-Forcing Prompt,5778,1268,interpreting-linear-equations,False,True,True,False,4,0.0,1.0,0.0,,0.0,1.0,4.0
ablate_stage3,ablation,w/o Auto Verification (Stage 3),5778,1268,interpreting-linear-equations,True,True,False,False,3,,,,0.0,,,
naive,baseline,Naive Prompting,7717,807,symbolization-articulation,False,False,True,False,4,0.25,0.75,0.0,,0.25,0.75,4.0
template,baseline,Template-only,7717,807,symbolization-articulation,True,True,True,False,2,1.0,0.0,0.0,0.0,1.0,0.0,2.0
full,baseline,MetaKT-Verba (Full),7717,807,symbolization-articulation,True,True,True,False,3,0.3333333333333333,0.6666666666666666,0.0,0.0,0.3333333333333333,0.6666666666666666,3.0
ablate_stage1,ablation,w/o Symbolic Grounding (Stage 1),7717,807,symbolization-articulation,True,False,True,False,3,0.0,1.0,0.0,0.0,0.0,1.0,3.0
ablate_citation,ablation,w/o Citation-Forcing Prompt,7717,807,symbolization-articulation,False,True,True,False,2,0.5,0.5,0.0,,0.5,0.5,2.0
ablate_stage3,ablation,w/o Auto Verification (Stage 3),7717,807,symbolization-articulation,True,True,False,False,3,,,,0.0,,,
naive,baseline,Naive Prompting,6605,236,equation-concept,False,False,True,False,4,0.0,1.0,0.0,,0.0,1.0,4.0
template,baseline,Template-only,6605,236,equation-concept,True,True,True,False,1,1.0,0.0,0.0,0.0,1.0,0.0,1.0
full,baseline,MetaKT-Verba (Full),6605,236,equation-concept,True,True,True,False,4,0.25,0.5,0.0,0.25,0.3333333333333333,0.6666666666666666,3.0
ablate_stage1,ablation,w/o Symbolic Grounding (Stage 1),6605,236,equation-concept,True,False,True,False,3,0.0,1.0,0.0,0.0,0.0,1.0,3.0
ablate_citation,ablation,w/o Citation-Forcing Prompt,6605,236,equation-concept,False,True,True,False,4,0.0,1.0,0.0,,0.0,1.0,4.0
ablate_stage3,ablation,w/o Auto Verification (Stage 3),6605,236,equation-concept,True,True,False,False,4,,,,0.25,,,
naive,baseline,Naive Prompting,5705,102,noskill,False,False,True,False,3,0.0,1.0,0.0,,0.0,1.0,3.0
template,baseline,Template-only,5705,102,noskill,True,True,True,False,2,1.0,0.0,0.0,0.0,1.0,0.0,2.0
full,baseline,MetaKT-Verba (Full),5705,102,noskill,True,True,True,False,2,0.5,0.5,0.0,0.0,0.5,0.5,2.0
ablate_stage1,ablation,w/o Symbolic Grounding (Stage 1),5705,102,noskill,True,False,True,False,3,0.0,1.0,0.0,0.0,0.0,1.0,3.0
ablate_citation,ablation,w/o Citation-Forcing Prompt,5705,102,noskill,False,True,True,False,4,0.25,0.75,0.0,,0.25,0.75,4.0
ablate_stage3,ablation,w/o Auto Verification (Stage 3),5705,102,noskill,True,True,False,False,2,,,,0.0,,,
naive,baseline,Naive Prompting,7329,333,sum-of-interior-angles-triangle,False,False,True,False,3,0.0,1.0,0.0,,0.0,1.0,3.0
template,baseline,Template-only,7329,333,sum-of-interior-angles-triangle,True,True,True,False,2,1.0,0.0,0.0,0.0,1.0,0.0,2.0
full,baseline,MetaKT-Verba (Full),7329,333,sum-of-interior-angles-triangle,True,True,True,False,2,0.0,1.0,0.0,0.0,0.0,1.0,2.0
ablate_stage1,ablation,w/o Symbolic Grounding (Stage 1),7329,333,sum-of-interior-angles-triangle,True,False,True,False,3,0.6666666666666666,0.3333333333333333,0.0,0.0,0.6666666666666666,0.3333333333333333,3.0
ablate_citation,ablation,w/o Citation-Forcing Prompt,7329,333,sum-of-interior-angles-triangle,False,True,True,False,4,0.0,1.0,0.0,,0.0,1.0,4.0
ablate_stage3,ablation,w/o Auto Verification (Stage 3),7329,333,sum-of-interior-angles-triangle,True,True,False,False,2,,,,0.0,,,
naive,baseline,Naive Prompting,2309,1182,inducing-functions,False,False,True,False,3,0.0,1.0,0.0,,0.0,1.0,3.0
template,baseline,Template-only,2309,1182,inducing-functions,True,True,True,False,1,1.0,0.0,0.0,0.0,1.0,0.0,1.0
full,baseline,MetaKT-Verba (Full),2309,1182,inducing-functions,True,True,True,False,2,0.5,0.5,0.0,0.0,0.5,0.5,2.0
ablate_stage1,ablation,w/o Symbolic Grounding (Stage 1),2309,1182,inducing-functions,True,False,True,False,3,0.0,1.0,0.0,0.0,0.0,1.0,3.0
ablate_citation,ablation,w/o Citation-Forcing Prompt,2309,1182,inducing-functions,False,True,True,False,4,0.0,1.0,0.0,,0.0,1.0,4.0
ablate_stage3,ablation,w/o Auto Verification (Stage 3),2309,1182,inducing-functions,True,True,False,False,2,,,,0.0,,,
naive,baseline,Naive Prompting,4337,38,noskill,False,False,True,False,4,1.0,0.0,0.0,,1.0,0.0,4.0
template,baseline,Template-only,4337,38,noskill,True,True,True,False,1,1.0,0.0,0.0,0.0,1.0,0.0,1.0
full,baseline,MetaKT-Verba (Full),4337,38,noskill,True,True,True,False,1,1.0,0.0,0.0,0.0,1.0,0.0,1.0
ablate_stage1,ablation,w/o Symbolic Grounding (Stage 1),4337,38,noskill,True,False,True,False,3,1.0,0.0,0.0,0.0,1.0,0.0,3.0
ablate_citation,ablation,w/o Citation-Forcing Prompt,4337,38,noskill,False,True,True,False,4,1.0,0.0,0.0,,1.0,0.0,4.0
ablate_stage3,ablation,w/o Auto Verification (Stage 3),4337,38,noskill,True,True,False,False,1,,,,0.0,,,
naive,baseline,Naive Prompting,5695,54,noskill,False,False,True,False,4,0.0,1.0,0.0,,0.0,1.0,4.0
template,baseline,Template-only,5695,54,noskill,True,True,True,False,2,1.0,0.0,0.0,0.0,1.0,0.0,2.0
full,baseline,MetaKT-Verba (Full),5695,54,noskill,True,True,True,False,2,0.0,1.0,0.0,0.0,0.0,1.0,2.0
ablate_stage1,ablation,w/o Symbolic Grounding (Stage 1),5695,54,noskill,True,False,True,False,3,0.0,1.0,0.0,0.0,0.0,1.0,3.0
ablate_citation,ablation,w/o Citation-Forcing Prompt,5695,54,noskill,False,True,True,False,4,0.0,1.0,0.0,,0.0,1.0,4.0
ablate_stage3,ablation,w/o Auto Verification (Stage 3),5695,54,noskill,True,True,False,False,2,,,,0.0,,,
naive,baseline,Naive Prompting,5950,276,equation-solving,False,False,True,False,4,1.0,0.0,0.0,,1.0,0.0,4.0
template,baseline,Template-only,5950,276,equation-solving,True,True,True,False,1,1.0,0.0,0.0,0.0,1.0,0.0,1.0
full,baseline,MetaKT-Verba (Full),5950,276,equation-solving,True,True,True,False,1,1.0,0.0,0.0,0.0,1.0,0.0,1.0
ablate_stage1,ablation,w/o Symbolic Grounding (Stage 1),5950,276,equation-solving,True,False,True,False,3,1.0,0.0,0.0,0.0,1.0,0.0,3.0
ablate_citation,ablation,w/o Citation-Forcing Prompt,5950,276,equation-solving,False,True,True,False,4,1.0,0.0,0.0,,1.0,0.0,4.0
ablate_stage3,ablation,w/o Auto Verification (Stage 3),5950,276,equation-solving,True,True,False,False,1,,,,0.0,,,
naive,baseline,Naive Prompting,3206,523,reading-graph,False,False,True,False,4,0.25,0.75,0.0,,0.25,0.75,4.0
template,baseline,Template-only,3206,523,reading-graph,True,True,True,False,1,1.0,0.0,0.0,0.0,1.0,0.0,1.0
full,baseline,MetaKT-Verba (Full),3206,523,reading-graph,True,True,True,False,2,0.0,1.0,0.0,0.0,0.0,1.0,2.0
ablate_stage1,ablation,w/o Symbolic Grounding (Stage 1),3206,523,reading-graph,True,False,True,False,3,0.0,1.0,0.0,0.0,0.0,1.0,3.0
ablate_citation,ablation,w/o Citation-Forcing Prompt,3206,523,reading-graph,False,True,True,False,4,0.0,1.0,0.0,,0.0,1.0,4.0
ablate_stage3,ablation,w/o Auto Verification (Stage 3),3206,523,reading-graph,True,True,False,False,2,,,,0.0,,,
naive,baseline,Naive Prompting,5400,659,finding-percents,False,False,True,False,3,0.0,1.0,0.0,,0.0,1.0,3.0
template,baseline,Template-only,5400,659,finding-percents,True,True,True,False,1,1.0,0.0,0.0,0.0,1.0,0.0,1.0
full,baseline,MetaKT-Verba (Full),5400,659,finding-percents,True,True,True,False,3,0.3333333333333333,0.6666666666666666,0.0,0.0,0.3333333333333333,0.6666666666666666,3.0
ablate_stage1,ablation,w/o Symbolic Grounding (Stage 1),5400,659,finding-percents,True,False,True,False,4,0.0,1.0,0.0,0.0,0.0,1.0,4.0
ablate_citation,ablation,w/o Citation-Forcing Prompt,5400,659,finding-percents,False,True,True,False,4,0.25,0.75,0.0,,0.25,0.75,4.0
ablate_stage3,ablation,w/o Auto Verification (Stage 3),5400,659,finding-percents,True,True,False,False,3,,,,0.0,,,
naive,baseline,Naive Prompting,35,180,discount,False,False,True,False,4,0.0,1.0,0.0,,0.0,1.0,4.0
template,baseline,Template-only,35,180,discount,True,True,True,False,1,1.0,0.0,0.0,0.0,1.0,0.0,1.0
full,baseline,MetaKT-Verba (Full),35,180,discount,True,True,True,False,3,0.0,1.0,0.0,0.0,0.0,1.0,3.0
ablate_stage1,ablation,w/o Symbolic Grounding (Stage 1),35,180,discount,True,False,True,False,3,0.0,1.0,0.0,0.0,0.0,1.0,3.0
ablate_citation,ablation,w/o Citation-Forcing Prompt,35,180,discount,False,True,True,False,4,0.0,1.0,0.0,,0.0,1.0,4.0
ablate_stage3,ablation,w/o Auto Verification (Stage 3),35,180,discount,True,True,False,False,3,,,,0.0,,,
naive,baseline,Naive Prompting,2711,315,division,False,False,True,False,4,0.0,1.0,0.0,,0.0,1.0,4.0
template,baseline,Template-only,2711,315,division,True,True,True,False,2,1.0,0.0,0.0,0.0,1.0,0.0,2.0
full,baseline,MetaKT-Verba (Full),2711,315,division,True,True,True,False,3,0.6666666666666666,0.3333333333333333,0.0,0.0,0.6666666666666666,0.3333333333333333,3.0
ablate_stage1,ablation,w/o Symbolic Grounding (Stage 1),2711,315,division,True,False,True,False,3,0.0,1.0,0.0,0.3333333333333333,0.0,1.0,3.0
ablate_citation,ablation,w/o Citation-Forcing Prompt,2711,315,division,False,True,True,False,4,0.5,0.5,0.0,,0.5,0.5,4.0
ablate_stage3,ablation,w/o Auto Verification (Stage 3),2711,315,division,True,True,False,False,3,,,,0.0,,,
naive,baseline,Naive Prompting,4594,291,substitution,False,False,True,False,3,0.0,1.0,0.0,,0.0,1.0,3.0
template,baseline,Template-only,4594,291,substitution,True,True,True,False,2,1.0,0.0,0.0,0.0,1.0,0.0,2.0
full,baseline,MetaKT-Verba (Full),4594,291,substitution,True,True,True,False,3,0.0,1.0,0.0,0.0,0.0,1.0,3.0
ablate_stage1,ablation,w/o Symbolic Grounding (Stage 1),4594,291,substitution,True,False,True,False,3,0.3333333333333333,0.6666666666666666,0.0,0.0,0.3333333333333333,0.6666666666666666,3.0
ablate_citation,ablation,w/o Citation-Forcing Prompt,4594,291,substitution,False,True,True,False,4,0.0,1.0,0.0,,0.0,1.0,4.0
ablate_stage3,ablation,w/o Auto Verification (Stage 3),4594,291,substitution,True,True,False,False,3,,,,0.0,,,
naive,baseline,Naive Prompting,2115,282,unit-conversion,False,False,True,False,4,0.0,1.0,0.0,,0.0,1.0,4.0
template,baseline,Template-only,2115,282,unit-conversion,True,True,True,False,1,1.0,0.0,0.0,0.0,1.0,0.0,1.0
full,baseline,MetaKT-Verba (Full),2115,282,unit-conversion,True,True,True,False,1,0.0,1.0,0.0,0.0,0.0,1.0,1.0
ablate_stage1,ablation,w/o Symbolic Grounding (Stage 1),2115,282,unit-conversion,True,False,True,False,3,0.0,1.0,0.0,0.0,0.0,1.0,3.0
ablate_citation,ablation,w/o Citation-Forcing Prompt,2115,282,unit-conversion,False,True,True,False,4,0.0,1.0,0.0,,0.0,1.0,4.0
ablate_stage3,ablation,w/o Auto Verification (Stage 3),2115,282,unit-conversion,True,True,False,False,1,,,,0.0,,,
naive,baseline,Naive Prompting,3215,91,multiplication,False,False,True,False,3,0.0,1.0,0.0,,0.0,1.0,3.0
template,baseline,Template-only,3215,91,multiplication,True,True,True,False,3,1.0,0.0,0.0,0.0,1.0,0.0,3.0
full,baseline,MetaKT-Verba (Full),3215,91,multiplication,True,True,True,False,3,0.0,1.0,0.0,0.0,0.0,1.0,3.0
ablate_stage1,ablation,w/o Symbolic Grounding (Stage 1),3215,91,multiplication,True,False,True,False,4,0.25,0.75,0.0,0.0,0.25,0.75,4.0
ablate_citation,ablation,w/o Citation-Forcing Prompt,3215,91,multiplication,False,True,True,False,4,0.25,0.75,0.0,,0.25,0.75,4.0
ablate_stage3,ablation,w/o Auto Verification (Stage 3),3215,91,multiplication,True,True,False,False,3,,,,0.0,,,
naive,baseline,Naive Prompting,2895,161,pattern-finding,False,False,True,False,4,1.0,0.0,0.0,,1.0,0.0,4.0
template,baseline,Template-only,2895,161,pattern-finding,True,True,True,False,1,1.0,0.0,0.0,0.0,1.0,0.0,1.0
full,baseline,MetaKT-Verba (Full),2895,161,pattern-finding,True,True,True,False,1,1.0,0.0,0.0,0.0,1.0,0.0,1.0
ablate_stage1,ablation,w/o Symbolic Grounding (Stage 1),2895,161,pattern-finding,True,False,True,False,3,1.0,0.0,0.0,0.0,1.0,0.0,3.0
ablate_citation,ablation,w/o Citation-Forcing Prompt,2895,161,pattern-finding,False,True,True,False,4,1.0,0.0,0.0,,1.0,0.0,4.0
ablate_stage3,ablation,w/o Auto Verification (Stage 3),2895,161,pattern-finding,True,True,False,False,1,,,,0.0,,,
naive,baseline,Naive Prompting,3198,176,noskill,False,False,True,False,4,0.0,1.0,0.0,,0.0,1.0,4.0
template,baseline,Template-only,3198,176,noskill,True,True,True,False,1,1.0,0.0,0.0,0.0,1.0,0.0,1.0
full,baseline,MetaKT-Verba (Full),3198,176,noskill,True,True,True,False,3,0.0,1.0,0.0,0.0,0.0,1.0,3.0
ablate_stage1,ablation,w/o Symbolic Grounding (Stage 1),3198,176,noskill,True,False,True,False,3,0.0,1.0,0.0,0.0,0.0,1.0,3.0
ablate_citation,ablation,w/o Citation-Forcing Prompt,3198,176,noskill,False,True,True,False,4,0.5,0.5,0.0,,0.5,0.5,4.0
ablate_stage3,ablation,w/o Auto Verification (Stage 3),3198,176,noskill,True,True,False,False,3,,,,0.0,,,
naive,baseline,Naive Prompting,4607,29,triangle-inequality,False,False,True,False,3,0.0,1.0,0.0,,0.0,1.0,3.0
template,baseline,Template-only,4607,29,triangle-inequality,True,True,True,False,1,1.0,0.0,0.0,0.0,1.0,0.0,1.0
full,baseline,MetaKT-Verba (Full),4607,29,triangle-inequality,True,True,True,False,3,0.3333333333333333,0.6666666666666666,0.0,0.0,0.3333333333333333,0.6666666666666666,3.0
ablate_stage1,ablation,w/o Symbolic Grounding (Stage 1),4607,29,triangle-inequality,True,False,True,False,4,0.0,1.0,0.0,0.0,0.0,1.0,4.0
ablate_citation,ablation,w/o Citation-Forcing Prompt,4607,29,triangle-inequality,False,True,True,False,4,0.0,1.0,0.0,,0.0,1.0,4.0
ablate_stage3,ablation,w/o Auto Verification (Stage 3),4607,29,triangle-inequality,True,True,False,False,3,,,,0.0,,,
naive,baseline,Naive Prompting,3215,570,graph-shape,False,False,True,False,3,0.0,1.0,0.0,,0.0,1.0,3.0
template,baseline,Template-only,3215,570,graph-shape,True,True,True,False,2,1.0,0.0,0.0,0.0,1.0,0.0,2.0
full,baseline,MetaKT-Verba (Full),3215,570,graph-shape,True,True,True,False,2,0.5,0.5,0.0,0.0,0.5,0.5,2.0
ablate_stage1,ablation,w/o Symbolic Grounding (Stage 1),3215,570,graph-shape,True,False,True,False,3,0.0,1.0,0.0,0.0,0.0,1.0,3.0
ablate_citation,ablation,w/o Citation-Forcing Prompt,3215,570,graph-shape,False,True,True,False,4,0.25,0.75,0.0,,0.25,0.75,4.0
ablate_stage3,ablation,w/o Auto Verification (Stage 3),3215,570,graph-shape,True,True,False,False,2,,,,0.0,,,
naive,baseline,Naive Prompting,4369,676,inequality-solving,False,False,True,False,3,0.0,1.0,0.0,,0.0,1.0,3.0
template,baseline,Template-only,4369,676,inequality-solving,True,True,True,False,2,1.0,0.0,0.0,0.0,1.0,0.0,2.0
full,baseline,MetaKT-Verba (Full),4369,676,inequality-solving,True,True,True,False,2,0.0,1.0,0.0,0.0,0.0,1.0,2.0
ablate_stage1,ablation,w/o Symbolic Grounding (Stage 1),4369,676,inequality-solving,True,False,True,False,3,0.0,1.0,0.0,0.0,0.0,1.0,3.0
ablate_citation,ablation,w/o Citation-Forcing Prompt,4369,676,inequality-solving,False,True,True,False,4,0.0,1.0,0.0,,0.0,1.0,4.0
ablate_stage3,ablation,w/o Auto Verification (Stage 3),4369,676,inequality-solving,True,True,False,False,2,,,,0.0,,,
naive,baseline,Naive Prompting,7769,113,area,False,False,True,False,3,0.0,1.0,0.0,,0.0,1.0,3.0
template,baseline,Template-only,7769,113,area,True,True,True,False,2,1.0,0.0,0.0,0.0,1.0,0.0,2.0
full,baseline,MetaKT-Verba (Full),7769,113,area,True,True,True,False,2,0.5,0.5,0.0,0.0,0.5,0.5,2.0
ablate_stage1,ablation,w/o Symbolic Grounding (Stage 1),7769,113,area,True,False,True,False,4,0.0,1.0,0.0,0.0,0.0,1.0,4.0
ablate_citation,ablation,w/o Citation-Forcing Prompt,7769,113,area,False,True,True,False,4,0.0,1.0,0.0,,0.0,1.0,4.0
ablate_stage3,ablation,w/o Auto Verification (Stage 3),7769,113,area,True,True,False,False,2,,,,0.0,,,
naive,baseline,Naive Prompting,6862,576,evaluating-functions,False,False,True,False,4,0.25,0.75,0.0,,0.25,0.75,4.0
template,baseline,Template-only,6862,576,evaluating-functions,True,True,True,False,2,1.0,0.0,0.0,0.0,1.0,0.0,2.0
full,baseline,MetaKT-Verba (Full),6862,576,evaluating-functions,True,True,True,False,2,0.5,0.5,0.0,0.0,0.5,0.5,2.0
ablate_stage1,ablation,w/o Symbolic Grounding (Stage 1),6862,576,evaluating-functions,True,False,True,False,3,0.3333333333333333,0.6666666666666666,0.0,0.0,0.3333333333333333,0.6666666666666666,3.0
ablate_citation,ablation,w/o Citation-Forcing Prompt,6862,576,evaluating-functions,False,True,True,False,4,0.25,0.75,0.0,,0.25,0.75,4.0
ablate_stage3,ablation,w/o Auto Verification (Stage 3),6862,576,evaluating-functions,True,True,False,False,2,,,,0.0,,,
naive,baseline,Naive Prompting,5781,596,triangle-inequality,False,False,True,False,4,0.0,1.0,0.0,,0.0,1.0,4.0
template,baseline,Template-only,5781,596,triangle-inequality,True,True,True,False,2,1.0,0.0,0.0,0.0,1.0,0.0,2.0
full,baseline,MetaKT-Verba (Full),5781,596,triangle-inequality,True,True,True,False,3,0.0,1.0,0.0,0.0,0.0,1.0,3.0
ablate_stage1,ablation,w/o Symbolic Grounding (Stage 1),5781,596,triangle-inequality,True,False,True,False,4,0.0,1.0,0.0,0.0,0.0,1.0,4.0
ablate_citation,ablation,w/o Citation-Forcing Prompt,5781,596,triangle-inequality,False,True,True,False,2,0.5,0.5,0.0,,0.5,0.5,2.0
ablate_stage3,ablation,w/o Auto Verification (Stage 3),5781,596,triangle-inequality,True,True,False,False,3,,,,0.0,,,
naive,baseline,Naive Prompting,3408,1070,symbolization-articulation,False,False,True,False,4,0.0,1.0,0.0,,0.0,1.0,4.0
template,baseline,Template-only,3408,1070,symbolization-articulation,True,True,True,False,1,1.0,0.0,0.0,0.0,1.0,0.0,1.0
full,baseline,MetaKT-Verba (Full),3408,1070,symbolization-articulation,True,True,True,False,1,0.0,1.0,0.0,0.0,0.0,1.0,1.0
ablate_stage1,ablation,w/o Symbolic Grounding (Stage 1),3408,1070,symbolization-articulation,True,False,True,False,3,0.0,1.0,0.0,0.0,0.0,1.0,3.0
ablate_citation,ablation,w/o Citation-Forcing Prompt,3408,1070,symbolization-articulation,False,True,True,False,4,0.0,1.0,0.0,,0.0,1.0,4.0
ablate_stage3,ablation,w/o Auto Verification (Stage 3),3408,1070,symbolization-articulation,True,True,False,False,1,,,,0.0,,,
naive,baseline,Naive Prompting,1962,153,noskill,False,False,True,False,4,0.0,1.0,0.0,,0.0,1.0,4.0
template,baseline,Template-only,1962,153,noskill,True,True,True,False,1,1.0,0.0,0.0,0.0,1.0,0.0,1.0
full,baseline,MetaKT-Verba (Full),1962,153,noskill,True,True,True,False,4,0.0,1.0,0.0,0.0,0.0,1.0,4.0
ablate_stage1,ablation,w/o Symbolic Grounding (Stage 1),1962,153,noskill,True,False,True,False,3,0.0,1.0,0.0,0.0,0.0,1.0,3.0
ablate_citation,ablation,w/o Citation-Forcing Prompt,1962,153,noskill,False,True,True,False,4,0.0,1.0,0.0,,0.0,1.0,4.0
ablate_stage3,ablation,w/o Auto Verification (Stage 3),1962,153,noskill,True,True,False,False,4,,,,0.0,,,
naive,baseline,Naive Prompting,476,654,symbolization-articulation,False,False,True,False,3,1.0,0.0,0.0,,1.0,0.0,3.0
template,baseline,Template-only,476,654,symbolization-articulation,True,True,True,False,1,1.0,0.0,0.0,0.0,1.0,0.0,1.0
full,baseline,MetaKT-Verba (Full),476,654,symbolization-articulation,True,True,True,False,1,1.0,0.0,0.0,0.0,1.0,0.0,1.0
ablate_stage1,ablation,w/o Symbolic Grounding (Stage 1),476,654,symbolization-articulation,True,False,True,False,3,1.0,0.0,0.0,0.0,1.0,0.0,3.0
ablate_citation,ablation,w/o Citation-Forcing Prompt,476,654,symbolization-articulation,False,True,True,False,4,1.0,0.0,0.0,,1.0,0.0,4.0
ablate_stage3,ablation,w/o Auto Verification (Stage 3),476,654,symbolization-articulation,True,True,False,False,1,,,,0.0,,,
naive,baseline,Naive Prompting,1371,192,noskill,False,False,True,False,4,0.0,1.0,0.0,,0.0,1.0,4.0
template,baseline,Template-only,1371,192,noskill,True,True,True,False,2,1.0,0.0,0.0,0.0,1.0,0.0,2.0
full,baseline,MetaKT-Verba (Full),1371,192,noskill,True,True,True,False,3,0.6666666666666666,0.3333333333333333,0.0,0.0,0.6666666666666666,0.3333333333333333,3.0
ablate_stage1,ablation,w/o Symbolic Grounding (Stage 1),1371,192,noskill,True,False,True,False,3,0.0,1.0,0.0,0.0,0.0,1.0,3.0
ablate_citation,ablation,w/o Citation-Forcing Prompt,1371,192,noskill,False,True,True,False,3,0.6666666666666666,0.3333333333333333,0.0,,0.6666666666666666,0.3333333333333333,3.0
ablate_stage3,ablation,w/o Auto Verification (Stage 3),1371,192,noskill,True,True,False,False,3,,,,0.0,,,
naive,baseline,Naive Prompting,3545,220,equation-solving,False,False,True,False,4,1.0,0.0,0.0,,1.0,0.0,4.0
template,baseline,Template-only,3545,220,equation-solving,True,True,True,False,1,1.0,0.0,0.0,0.0,1.0,0.0,1.0
full,baseline,MetaKT-Verba (Full),3545,220,equation-solving,True,True,True,False,1,1.0,0.0,0.0,0.0,1.0,0.0,1.0
ablate_stage1,ablation,w/o Symbolic Grounding (Stage 1),3545,220,equation-solving,True,False,True,False,3,1.0,0.0,0.0,0.0,1.0,0.0,3.0
ablate_citation,ablation,w/o Citation-Forcing Prompt,3545,220,equation-solving,False,True,True,False,4,1.0,0.0,0.0,,1.0,0.0,4.0
ablate_stage3,ablation,w/o Auto Verification (Stage 3),3545,220,equation-solving,True,True,False,False,1,,,,0.0,,,
naive,baseline,Naive Prompting,1565,387,pythagorean-theorem,False,False,True,False,4,0.0,1.0,0.0,,0.0,1.0,4.0
template,baseline,Template-only,1565,387,pythagorean-theorem,True,True,True,False,1,1.0,0.0,0.0,0.0,1.0,0.0,1.0
full,baseline,MetaKT-Verba (Full),1565,387,pythagorean-theorem,True,True,True,False,2,0.0,1.0,0.0,0.0,0.0,1.0,2.0
ablate_stage1,ablation,w/o Symbolic Grounding (Stage 1),1565,387,pythagorean-theorem,True,False,True,False,3,0.0,1.0,0.0,0.0,0.0,1.0,3.0
ablate_citation,ablation,w/o Citation-Forcing Prompt,1565,387,pythagorean-theorem,False,True,True,False,4,0.25,0.75,0.0,,0.25,0.75,4.0
ablate_stage3,ablation,w/o Auto Verification (Stage 3),1565,387,pythagorean-theorem,True,True,False,False,2,,,,0.0,,,
naive,baseline,Naive Prompting,7060,184,inducing-functions,False,False,True,False,4,0.0,1.0,0.0,,0.0,1.0,4.0
template,baseline,Template-only,7060,184,inducing-functions,True,True,True,False,1,1.0,0.0,0.0,0.0,1.0,0.0,1.0
full,baseline,MetaKT-Verba (Full),7060,184,inducing-functions,True,True,True,False,3,0.6666666666666666,0.3333333333333333,0.0,0.0,0.6666666666666666,0.3333333333333333,3.0
ablate_stage1,ablation,w/o Symbolic Grounding (Stage 1),7060,184,inducing-functions,True,False,True,False,3,0.0,1.0,0.0,0.0,0.0,1.0,3.0
ablate_citation,ablation,w/o Citation-Forcing Prompt,7060,184,inducing-functions,False,True,True,False,4,0.0,1.0,0.0,,0.0,1.0,4.0
ablate_stage3,ablation,w/o Auto Verification (Stage 3),7060,184,inducing-functions,True,True,False,False,3,,,,0.0,,,
naive,baseline,Naive Prompting,3256,96,transversals,False,False,True,False,4,0.0,1.0,0.0,,0.0,1.0,4.0
template,baseline,Template-only,3256,96,transversals,True,True,True,False,1,1.0,0.0,0.0,0.0,1.0,0.0,1.0
full,baseline,MetaKT-Verba (Full),3256,96,transversals,True,True,True,False,3,0.3333333333333333,0.6666666666666666,0.0,0.0,0.3333333333333333,0.6666666666666666,3.0
ablate_stage1,ablation,w/o Symbolic Grounding (Stage 1),3256,96,transversals,True,False,True,False,3,0.3333333333333333,0.6666666666666666,0.0,0.0,0.3333333333333333,0.6666666666666666,3.0
ablate_citation,ablation,w/o Citation-Forcing Prompt,3256,96,transversals,False,True,True,False,4,0.0,1.0,0.0,,0.0,1.0,4.0
ablate_stage3,ablation,w/o Auto Verification (Stage 3),3256,96,transversals,True,True,False,False,3,,,,0.0,,,
naive,baseline,Naive Prompting,215,383,pythagorean-theorem,False,False,True,False,4,0.0,1.0,0.0,,0.0,1.0,4.0
template,baseline,Template-only,215,383,pythagorean-theorem,True,True,True,False,1,1.0,0.0,0.0,0.0,1.0,0.0,1.0
full,baseline,MetaKT-Verba (Full),215,383,pythagorean-theorem,True,True,True,False,3,0.0,1.0,0.0,0.0,0.0,1.0,3.0
ablate_stage1,ablation,w/o Symbolic Grounding (Stage 1),215,383,pythagorean-theorem,True,False,True,False,3,0.0,1.0,0.0,0.0,0.0,1.0,3.0
ablate_citation,ablation,w/o Citation-Forcing Prompt,215,383,pythagorean-theorem,False,True,True,False,4,0.0,1.0,0.0,,0.0,1.0,4.0
ablate_stage3,ablation,w/o Auto Verification (Stage 3),215,383,pythagorean-theorem,True,True,False,False,3,,,,0.0,,,
naive,baseline,Naive Prompting,4819,17,median,False,False,True,False,4,0.0,1.0,0.0,,0.0,1.0,4.0
template,baseline,Template-only,4819,17,median,True,True,True,False,1,1.0,0.0,0.0,0.0,1.0,0.0,1.0
full,baseline,MetaKT-Verba (Full),4819,17,median,True,True,True,False,3,0.3333333333333333,0.6666666666666666,0.0,0.0,0.3333333333333333,0.6666666666666666,3.0
ablate_stage1,ablation,w/o Symbolic Grounding (Stage 1),4819,17,median,True,False,True,False,3,0.0,1.0,0.0,0.0,0.0,1.0,3.0
ablate_citation,ablation,w/o Citation-Forcing Prompt,4819,17,median,False,True,True,False,4,0.0,1.0,0.0,,0.0,1.0,4.0
ablate_stage3,ablation,w/o Auto Verification (Stage 3),4819,17,median,True,True,False,False,3,,,,0.0,,,
naive,baseline,Naive Prompting,1240,424,substitution,False,False,True,False,4,0.0,1.0,0.0,,0.0,1.0,4.0
template,baseline,Template-only,1240,424,substitution,True,True,True,False,2,1.0,0.0,0.0,0.0,1.0,0.0,2.0
full,baseline,MetaKT-Verba (Full),1240,424,substitution,True,True,True,False,2,0.0,1.0,0.0,0.0,0.0,1.0,2.0
ablate_stage1,ablation,w/o Symbolic Grounding (Stage 1),1240,424,substitution,True,False,True,False,3,0.0,1.0,0.0,0.0,0.0,1.0,3.0
ablate_citation,ablation,w/o Citation-Forcing Prompt,1240,424,substitution,False,True,True,False,4,0.0,1.0,0.0,,0.0,1.0,4.0
ablate_stage3,ablation,w/o Auto Verification (Stage 3),1240,424,substitution,True,True,False,False,2,,,,0.0,,,
naive,baseline,Naive Prompting,6105,260,divide-decimals,False,False,True,False,4,0.0,1.0,0.0,,0.0,1.0,4.0
template,baseline,Template-only,6105,260,divide-decimals,True,True,True,False,1,1.0,0.0,0.0,0.0,1.0,0.0,1.0
full,baseline,MetaKT-Verba (Full),6105,260,divide-decimals,True,True,True,False,3,0.0,1.0,0.0,0.0,0.0,1.0,3.0
ablate_stage1,ablation,w/o Symbolic Grounding (Stage 1),6105,260,divide-decimals,True,False,True,False,5,0.0,1.0,0.0,0.2,0.0,1.0,5.0
ablate_citation,ablation,w/o Citation-Forcing Prompt,6105,260,divide-decimals,False,True,True,False,4,0.0,1.0,0.0,,0.0,1.0,4.0
ablate_stage3,ablation,w/o Auto Verification (Stage 3),6105,260,divide-decimals,True,True,False,False,3,,,,0.0,,,
naive,baseline,Naive Prompting,828,861,least-common-multiple,False,False,True,False,4,1.0,0.0,0.0,,1.0,0.0,4.0
template,baseline,Template-only,828,861,least-common-multiple,True,True,True,False,1,1.0,0.0,0.0,0.0,1.0,0.0,1.0
full,baseline,MetaKT-Verba (Full),828,861,least-common-multiple,True,True,True,False,1,1.0,0.0,0.0,0.0,1.0,0.0,1.0
ablate_stage1,ablation,w/o Symbolic Grounding (Stage 1),828,861,least-common-multiple,True,False,True,False,3,1.0,0.0,0.0,0.0,1.0,0.0,3.0
ablate_citation,ablation,w/o Citation-Forcing Prompt,828,861,least-common-multiple,False,True,True,False,4,1.0,0.0,0.0,,1.0,0.0,4.0
ablate_stage3,ablation,w/o Auto Verification (Stage 3),828,861,least-common-multiple,True,True,False,False,1,,,,0.0,,,
naive,baseline,Naive Prompting,7676,731,pattern-finding,False,False,True,False,4,0.0,1.0,0.0,,0.0,1.0,4.0
template,baseline,Template-only,7676,731,pattern-finding,True,True,True,False,2,1.0,0.0,0.0,0.0,1.0,0.0,2.0
full,baseline,MetaKT-Verba (Full),7676,731,pattern-finding,True,True,True,False,3,0.3333333333333333,0.6666666666666666,0.0,0.0,0.3333333333333333,0.6666666666666666,3.0
ablate_stage1,ablation,w/o Symbolic Grounding (Stage 1),7676,731,pattern-finding,True,False,True,False,3,0.3333333333333333,0.6666666666666666,0.0,0.0,0.3333333333333333,0.6666666666666666,3.0
ablate_citation,ablation,w/o Citation-Forcing Prompt,7676,731,pattern-finding,False,True,True,False,4,0.0,1.0,0.0,,0.0,1.0,4.0
ablate_stage3,ablation,w/o Auto Verification (Stage 3),7676,731,pattern-finding,True,True,False,False,3,,,,0.0,,,
naive,baseline,Naive Prompting,7369,433,multiplication,False,False,True,False,4,0.0,1.0,0.0,,0.0,1.0,4.0
template,baseline,Template-only,7369,433,multiplication,True,True,True,False,2,1.0,0.0,0.0,0.0,1.0,0.0,2.0
full,baseline,MetaKT-Verba (Full),7369,433,multiplication,True,True,True,False,2,0.5,0.5,0.0,0.0,0.5,0.5,2.0
ablate_stage1,ablation,w/o Symbolic Grounding (Stage 1),7369,433,multiplication,True,False,True,False,3,0.0,1.0,0.0,0.0,0.0,1.0,3.0
ablate_citation,ablation,w/o Citation-Forcing Prompt,7369,433,multiplication,False,True,True,False,4,0.0,1.0,0.0,,0.0,1.0,4.0
ablate_stage3,ablation,w/o Auto Verification (Stage 3),7369,433,multiplication,True,True,False,False,2,,,,0.0,,,
naive,baseline,Naive Prompting,5663,79,square-root,False,False,True,False,3,0.0,1.0,0.0,,0.0,1.0,3.0
template,baseline,Template-only,5663,79,square-root,True,True,True,False,2,1.0,0.0,0.0,0.0,1.0,0.0,2.0
full,baseline,MetaKT-Verba (Full),5663,79,square-root,True,True,True,False,2,0.0,1.0,0.0,0.0,0.0,1.0,2.0
ablate_stage1,ablation,w/o Symbolic Grounding (Stage 1),5663,79,square-root,True,False,True,False,3,0.0,1.0,0.0,0.0,0.0,1.0,3.0
ablate_citation,ablation,w/o Citation-Forcing Prompt,5663,79,square-root,False,True,True,False,2,0.0,1.0,0.0,,0.0,1.0,2.0
ablate_stage3,ablation,w/o Auto Verification (Stage 3),5663,79,square-root,True,True,False,False,2,,,,0.0,,,
naive,baseline,Naive Prompting,3198,9,rate-with-distance-and-time,False,False,True,False,4,1.0,0.0,0.0,,1.0,0.0,4.0
template,baseline,Template-only,3198,9,rate-with-distance-and-time,True,True,True,False,1,1.0,0.0,0.0,0.0,1.0,0.0,1.0
full,baseline,MetaKT-Verba (Full),3198,9,rate-with-distance-and-time,True,True,True,False,1,1.0,0.0,0.0,0.0,1.0,0.0,1.0
ablate_stage1,ablation,w/o Symbolic Grounding (Stage 1),3198,9,rate-with-distance-and-time,True,False,True,False,3,1.0,0.0,0.0,0.0,1.0,0.0,3.0
ablate_citation,ablation,w/o Citation-Forcing Prompt,3198,9,rate-with-distance-and-time,False,True,True,False,4,1.0,0.0,0.0,,1.0,0.0,4.0
ablate_stage3,ablation,w/o Auto Verification (Stage 3),3198,9,rate-with-distance-and-time,True,True,False,False,1,,,,0.0,,,
naive,baseline,Naive Prompting,3521,8,properties-of-geometric-figures,False,False,True,False,3,0.0,1.0,0.0,,0.0,1.0,3.0
template,baseline,Template-only,3521,8,properties-of-geometric-figures,True,True,True,False,2,1.0,0.0,0.0,0.0,1.0,0.0,2.0
full,baseline,MetaKT-Verba (Full),3521,8,properties-of-geometric-figures,True,True,True,False,2,0.0,1.0,0.0,0.0,0.0,1.0,2.0
ablate_stage1,ablation,w/o Symbolic Grounding (Stage 1),3521,8,properties-of-geometric-figures,True,False,True,False,4,0.25,0.75,0.0,0.0,0.25,0.75,4.0
ablate_citation,ablation,w/o Citation-Forcing Prompt,3521,8,properties-of-geometric-figures,False,True,True,False,4,0.0,1.0,0.0,,0.0,1.0,4.0
ablate_stage3,ablation,w/o Auto Verification (Stage 3),3521,8,properties-of-geometric-figures,True,True,False,False,2,,,,0.0,,,
naive,baseline,Naive Prompting,5705,483,noskill,False,False,True,False,3,0.0,1.0,0.0,,0.0,1.0,3.0
template,baseline,Template-only,5705,483,noskill,True,True,True,False,2,1.0,0.0,0.0,0.0,1.0,0.0,2.0
full,baseline,MetaKT-Verba (Full),5705,483,noskill,True,True,True,False,2,0.0,1.0,0.0,0.0,0.0,1.0,2.0
ablate_stage1,ablation,w/o Symbolic Grounding (Stage 1),5705,483,noskill,True,False,True,False,3,0.0,1.0,0.0,0.0,0.0,1.0,3.0
ablate_citation,ablation,w/o Citation-Forcing Prompt,5705,483,noskill,False,True,True,False,4,0.0,1.0,0.0,,0.0,1.0,4.0
ablate_stage3,ablation,w/o Auto Verification (Stage 3),5705,483,noskill,True,True,False,False,2,,,,0.0,,,
naive,baseline,Naive Prompting,5894,3,pythagorean-theorem,False,False,True,False,4,0.0,1.0,0.0,,0.0,1.0,4.0
template,baseline,Template-only,5894,3,pythagorean-theorem,True,True,True,False,1,1.0,0.0,0.0,0.0,1.0,0.0,1.0
full,baseline,MetaKT-Verba (Full),5894,3,pythagorean-theorem,True,True,True,False,4,0.0,1.0,0.0,0.0,0.0,1.0,4.0
ablate_stage1,ablation,w/o Symbolic Grounding (Stage 1),5894,3,pythagorean-theorem,True,False,True,False,3,0.0,1.0,0.0,0.0,0.0,1.0,3.0
ablate_citation,ablation,w/o Citation-Forcing Prompt,5894,3,pythagorean-theorem,False,True,True,False,4,0.0,1.0,0.0,,0.0,1.0,4.0
ablate_stage3,ablation,w/o Auto Verification (Stage 3),5894,3,pythagorean-theorem,True,True,False,False,4,,,,0.0,,,
naive,baseline,Naive Prompting,205,368,least-common-multiple,False,False,True,False,3,0.0,1.0,0.0,,0.0,1.0,3.0
template,baseline,Template-only,205,368,least-common-multiple,True,True,True,False,1,1.0,0.0,0.0,0.0,1.0,0.0,1.0
full,baseline,MetaKT-Verba (Full),205,368,least-common-multiple,True,True,True,False,4,0.25,0.75,0.0,0.0,0.25,0.75,4.0
ablate_stage1,ablation,w/o Symbolic Grounding (Stage 1),205,368,least-common-multiple,True,False,True,False,3,0.0,1.0,0.0,0.0,0.0,1.0,3.0
ablate_citation,ablation,w/o Citation-Forcing Prompt,205,368,least-common-multiple,False,True,True,False,4,0.25,0.75,0.0,,0.25,0.75,4.0
ablate_stage3,ablation,w/o Auto Verification (Stage 3),205,368,least-common-multiple,True,True,False,False,4,,,,0.0,,,
naive,baseline,Naive Prompting,7586,639,linear-area-volume-conversion,False,False,True,False,4,0.0,1.0,0.0,,0.0,1.0,4.0
template,baseline,Template-only,7586,639,linear-area-volume-conversion,True,True,True,False,2,1.0,0.0,0.0,0.0,1.0,0.0,2.0
full,baseline,MetaKT-Verba (Full),7586,639,linear-area-volume-conversion,True,True,True,False,2,0.0,1.0,0.0,0.0,0.0,1.0,2.0
ablate_stage1,ablation,w/o Symbolic Grounding (Stage 1),7586,639,linear-area-volume-conversion,True,False,True,False,3,0.3333333333333333,0.6666666666666666,0.0,0.0,0.3333333333333333,0.6666666666666666,3.0
ablate_citation,ablation,w/o Citation-Forcing Prompt,7586,639,linear-area-volume-conversion,False,True,True,False,4,0.25,0.75,0.0,,0.25,0.75,4.0
ablate_stage3,ablation,w/o Auto Verification (Stage 3),7586,639,linear-area-volume-conversion,True,True,False,False,2,,,,0.0,,,
naive,baseline,Naive Prompting,4551,115,probability,False,False,True,False,3,0.0,1.0,0.0,,0.0,1.0,3.0
template,baseline,Template-only,4551,115,probability,True,True,True,False,1,1.0,0.0,0.0,0.0,1.0,0.0,1.0
full,baseline,MetaKT-Verba (Full),4551,115,probability,True,True,True,False,3,0.3333333333333333,0.6666666666666666,0.0,0.0,0.3333333333333333,0.6666666666666666,3.0
ablate_stage1,ablation,w/o Symbolic Grounding (Stage 1),4551,115,probability,True,False,True,False,3,0.0,1.0,0.0,0.0,0.0,1.0,3.0
ablate_citation,ablation,w/o Citation-Forcing Prompt,4551,115,probability,False,True,True,False,4,0.0,1.0,0.0,,0.0,1.0,4.0
ablate_stage3,ablation,w/o Auto Verification (Stage 3),4551,115,probability,True,True,False,False,3,,,,0.0,,,
naive,baseline,Naive Prompting,5407,667,multiplication,False,False,True,False,3,1.0,0.0,0.0,,1.0,0.0,3.0
template,baseline,Template-only,5407,667,multiplication,True,True,True,False,1,1.0,0.0,0.0,0.0,1.0,0.0,1.0
full,baseline,MetaKT-Verba (Full),5407,667,multiplication,True,True,True,False,1,1.0,0.0,0.0,0.0,1.0,0.0,1.0
ablate_stage1,ablation,w/o Symbolic Grounding (Stage 1),5407,667,multiplication,True,False,True,False,3,1.0,0.0,0.0,0.0,1.0,0.0,3.0
ablate_citation,ablation,w/o Citation-Forcing Prompt,5407,667,multiplication,False,True,True,False,4,1.0,0.0,0.0,,1.0,0.0,4.0
ablate_stage3,ablation,w/o Auto Verification (Stage 3),5407,667,multiplication,True,True,False,False,1,,,,0.0,,,
naive,baseline,Naive Prompting,2451,188,pythagorean-theorem,False,False,True,False,4,0.0,1.0,0.0,,0.0,1.0,4.0
template,baseline,Template-only,2451,188,pythagorean-theorem,True,True,True,False,2,1.0,0.0,0.0,0.0,1.0,0.0,2.0
full,baseline,MetaKT-Verba (Full),2451,188,pythagorean-theorem,True,True,True,False,2,0.5,0.5,0.0,0.0,0.5,0.5,2.0
ablate_stage1,ablation,w/o Symbolic Grounding (Stage 1),2451,188,pythagorean-theorem,True,False,True,False,3,0.0,1.0,0.0,0.0,0.0,1.0,3.0
ablate_citation,ablation,w/o Citation-Forcing Prompt,2451,188,pythagorean-theorem,False,True,True,False,4,0.0,1.0,0.0,,0.0,1.0,4.0
ablate_stage3,ablation,w/o Auto Verification (Stage 3),2451,188,pythagorean-theorem,True,True,False,False,2,,,,0.0,,,
naive,baseline,Naive Prompting,2607,441,inducing-functions,False,False,True,False,3,0.0,1.0,0.0,,0.0,1.0,3.0
template,baseline,Template-only,2607,441,inducing-functions,True,True,True,False,2,1.0,0.0,0.0,0.0,1.0,0.0,2.0
full,baseline,MetaKT-Verba (Full),2607,441,inducing-functions,True,True,True,False,2,0.0,1.0,0.0,0.0,0.0,1.0,2.0
ablate_stage1,ablation,w/o Symbolic Grounding (Stage 1),2607,441,inducing-functions,True,False,True,False,3,0.0,1.0,0.0,0.0,0.0,1.0,3.0
ablate_citation,ablation,w/o Citation-Forcing Prompt,2607,441,inducing-functions,False,True,True,False,4,0.0,1.0,0.0,,0.0,1.0,4.0
ablate_stage3,ablation,w/o Auto Verification (Stage 3),2607,441,inducing-functions,True,True,False,False,2,,,,0.0,,,
naive,baseline,Naive Prompting,5656,270,equation-solving,False,False,True,False,4,0.0,1.0,0.0,,0.0,1.0,4.0
template,baseline,Template-only,5656,270,equation-solving,True,True,True,False,1,1.0,0.0,0.0,0.0,1.0,0.0,1.0
full,baseline,MetaKT-Verba (Full),5656,270,equation-solving,True,True,True,False,3,0.3333333333333333,0.6666666666666666,0.0,0.0,0.3333333333333333,0.6666666666666666,3.0
ablate_stage1,ablation,w/o Symbolic Grounding (Stage 1),5656,270,equation-solving,True,False,True,False,3,0.0,1.0,0.0,0.0,0.0,1.0,3.0
ablate_citation,ablation,w/o Citation-Forcing Prompt,5656,270,equation-solving,False,True,True,False,4,0.0,1.0,0.0,,0.0,1.0,4.0
ablate_stage3,ablation,w/o Auto Verification (Stage 3),5656,270,equation-solving,True,True,False,False,3,,,,0.0,,,
naive,baseline,Naive Prompting,5222,23,unit-conversion,False,False,True,False,4,1.0,0.0,0.0,,1.0,0.0,4.0
template,baseline,Template-only,5222,23,unit-conversion,True,True,True,False,1,1.0,0.0,0.0,0.0,1.0,0.0,1.0
full,baseline,MetaKT-Verba (Full),5222,23,unit-conversion,True,True,True,False,1,1.0,0.0,0.0,0.0,1.0,0.0,1.0
ablate_stage1,ablation,w/o Symbolic Grounding (Stage 1),5222,23,unit-conversion,True,False,True,False,4,1.0,0.0,0.0,0.0,1.0,0.0,4.0
ablate_citation,ablation,w/o Citation-Forcing Prompt,5222,23,unit-conversion,False,True,True,False,4,1.0,0.0,0.0,,1.0,0.0,4.0
ablate_stage3,ablation,w/o Auto Verification (Stage 3),5222,23,unit-conversion,True,True,False,False,1,,,,0.0,,,
naive,baseline,Naive Prompting,5673,73,probability,False,False,True,False,4,0.0,1.0,0.0,,0.0,1.0,4.0
template,baseline,Template-only,5673,73,probability,True,True,True,False,2,1.0,0.0,0.0,0.0,1.0,0.0,2.0
full,baseline,MetaKT-Verba (Full),5673,73,probability,True,True,True,False,2,0.0,1.0,0.0,0.0,0.0,1.0,2.0
ablate_stage1,ablation,w/o Symbolic Grounding (Stage 1),5673,73,probability,True,False,True,False,3,0.0,1.0,0.0,0.0,0.0,1.0,3.0
ablate_citation,ablation,w/o Citation-Forcing Prompt,5673,73,probability,False,True,True,False,4,0.0,1.0,0.0,,0.0,1.0,4.0
ablate_stage3,ablation,w/o Auto Verification (Stage 3),5673,73,probability,True,True,False,False,2,,,,0.0,,,
naive,baseline,Naive Prompting,1107,502,proportion,False,False,True,False,4,0.0,1.0,0.0,,0.0,1.0,4.0
template,baseline,Template-only,1107,502,proportion,True,True,True,False,1,1.0,0.0,0.0,0.0,1.0,0.0,1.0
full,baseline,MetaKT-Verba (Full),1107,502,proportion,True,True,True,False,3,0.3333333333333333,0.6666666666666666,0.0,0.0,0.3333333333333333,0.6666666666666666,3.0
ablate_stage1,ablation,w/o Symbolic Grounding (Stage 1),1107,502,proportion,True,False,True,False,3,0.0,1.0,0.0,0.0,0.0,1.0,3.0
ablate_citation,ablation,w/o Citation-Forcing Prompt,1107,502,proportion,False,True,True,False,4,0.0,1.0,0.0,,0.0,1.0,4.0
ablate_stage3,ablation,w/o Auto Verification (Stage 3),1107,502,proportion,True,True,False,False,3,,,,0.0,,,
naive,baseline,Naive Prompting,6093,967,evaluating-functions,False,False,True,False,3,0.0,1.0,0.0,,0.0,1.0,3.0
template,baseline,Template-only,6093,967,evaluating-functions,True,True,True,False,2,1.0,0.0,0.0,0.0,1.0,0.0,2.0
full,baseline,MetaKT-Verba (Full),6093,967,evaluating-functions,True,True,True,False,2,0.0,1.0,0.0,0.0,0.0,1.0,2.0
ablate_stage1,ablation,w/o Symbolic Grounding (Stage 1),6093,967,evaluating-functions,True,False,True,False,3,0.0,1.0,0.0,0.0,0.0,1.0,3.0
ablate_citation,ablation,w/o Citation-Forcing Prompt,6093,967,evaluating-functions,False,True,True,False,2,0.0,1.0,0.0,,0.0,1.0,2.0
ablate_stage3,ablation,w/o Auto Verification (Stage 3),6093,967,evaluating-functions,True,True,False,False,2,,,,0.0,,,
naive,baseline,Naive Prompting,6279,308,order-of-operations,False,False,True,False,4,0.0,1.0,0.0,,0.0,1.0,4.0
template,baseline,Template-only,6279,308,order-of-operations,True,True,True,False,2,1.0,0.0,0.0,0.0,1.0,0.0,2.0
full,baseline,MetaKT-Verba (Full),6279,308,order-of-operations,True,True,True,False,2,0.0,1.0,0.0,0.0,0.0,1.0,2.0
ablate_stage1,ablation,w/o Symbolic Grounding (Stage 1),6279,308,order-of-operations,True,False,True,False,4,0.0,1.0,0.0,0.0,0.0,1.0,4.0
ablate_citation,ablation,w/o Citation-Forcing Prompt,6279,308,order-of-operations,False,True,True,False,4,0.0,1.0,0.0,,0.0,1.0,4.0
ablate_stage3,ablation,w/o Auto Verification (Stage 3),6279,308,order-of-operations,True,True,False,False,2,,,,0.0,,,
naive,baseline,Naive Prompting,6226,606,inequality-solving,False,False,True,False,4,0.0,1.0,0.0,,0.0,1.0,4.0
template,baseline,Template-only,6226,606,inequality-solving,True,True,True,False,1,1.0,0.0,0.0,0.0,1.0,0.0,1.0
full,baseline,MetaKT-Verba (Full),6226,606,inequality-solving,True,True,True,False,3,0.0,1.0,0.0,0.0,0.0,1.0,3.0
ablate_stage1,ablation,w/o Symbolic Grounding (Stage 1),6226,606,inequality-solving,True,False,True,False,3,0.0,1.0,0.0,0.0,0.0,1.0,3.0
ablate_citation,ablation,w/o Citation-Forcing Prompt,6226,606,inequality-solving,False,True,True,False,4,0.0,1.0,0.0,,0.0,1.0,4.0
ablate_stage3,ablation,w/o Auto Verification (Stage 3),6226,606,inequality-solving,True,True,False,False,3,,,,0.0,,,
naive,baseline,Naive Prompting,3778,1621,inequality-solving,False,False,True,False,4,0.0,1.0,0.0,,0.0,1.0,4.0
template,baseline,Template-only,3778,1621,inequality-solving,True,True,True,False,2,1.0,0.0,0.0,0.0,1.0,0.0,2.0
full,baseline,MetaKT-Verba (Full),3778,1621,inequality-solving,True,True,True,False,2,0.5,0.5,0.0,0.0,0.5,0.5,2.0
ablate_stage1,ablation,w/o Symbolic Grounding (Stage 1),3778,1621,inequality-solving,True,False,True,False,3,0.0,1.0,0.0,0.0,0.0,1.0,3.0
ablate_citation,ablation,w/o Citation-Forcing Prompt,3778,1621,inequality-solving,False,True,True,False,4,0.0,1.0,0.0,,0.0,1.0,4.0
ablate_stage3,ablation,w/o Auto Verification (Stage 3),3778,1621,inequality-solving,True,True,False,False,2,,,,0.0,,,
naive,baseline,Naive Prompting,7307,308,unit-conversion,False,False,True,False,4,0.0,1.0,0.0,,0.0,1.0,4.0
template,baseline,Template-only,7307,308,unit-conversion,True,True,True,False,2,1.0,0.0,0.0,0.0,1.0,0.0,2.0
full,baseline,MetaKT-Verba (Full),7307,308,unit-conversion,True,True,True,False,3,0.3333333333333333,0.6666666666666666,0.0,0.0,0.3333333333333333,0.6666666666666666,3.0
ablate_stage1,ablation,w/o Symbolic Grounding (Stage 1),7307,308,unit-conversion,True,False,True,False,4,0.0,1.0,0.0,0.25,0.0,1.0,4.0
ablate_citation,ablation,w/o Citation-Forcing Prompt,7307,308,unit-conversion,False,True,True,False,3,0.3333333333333333,0.6666666666666666,0.0,,0.3333333333333333,0.6666666666666666,3.0
ablate_stage3,ablation,w/o Auto Verification (Stage 3),7307,308,unit-conversion,True,True,False,False,3,,,,0.0,,,
naive,baseline,Naive Prompting,6308,89,reading-graph,False,False,True,False,4,0.0,1.0,0.0,,0.0,1.0,4.0
template,baseline,Template-only,6308,89,reading-graph,True,True,True,False,2,1.0,0.0,0.0,0.0,1.0,0.0,2.0
full,baseline,MetaKT-Verba (Full),6308,89,reading-graph,True,True,True,False,2,0.0,1.0,0.0,0.0,0.0,1.0,2.0
ablate_stage1,ablation,w/o Symbolic Grounding (Stage 1),6308,89,reading-graph,True,False,True,False,3,0.0,1.0,0.0,0.0,0.0,1.0,3.0
ablate_citation,ablation,w/o Citation-Forcing Prompt,6308,89,reading-graph,False,True,True,False,4,0.0,1.0,0.0,,0.0,1.0,4.0
ablate_stage3,ablation,w/o Auto Verification (Stage 3),6308,89,reading-graph,True,True,False,False,2,,,,0.0,,,
naive,baseline,Naive Prompting,5919,89,percent-of,False,False,True,False,4,0.0,1.0,0.0,,0.0,1.0,4.0
template,baseline,Template-only,5919,89,percent-of,True,True,True,False,2,1.0,0.0,0.0,0.0,1.0,0.0,2.0
full,baseline,MetaKT-Verba (Full),5919,89,percent-of,True,True,True,False,2,0.0,1.0,0.0,0.0,0.0,1.0,2.0
ablate_stage1,ablation,w/o Symbolic Grounding (Stage 1),5919,89,percent-of,True,False,True,False,3,0.0,1.0,0.0,0.0,0.0,1.0,3.0
ablate_citation,ablation,w/o Citation-Forcing Prompt,5919,89,percent-of,False,True,True,False,4,0.0,1.0,0.0,,0.0,1.0,4.0
ablate_stage3,ablation,w/o Auto Verification (Stage 3),5919,89,percent-of,True,True,False,False,2,,,,0.0,,,
naive,baseline,Naive Prompting,5695,272,n-number-sense-operations,False,False,True,False,4,0.0,1.0,0.0,,0.0,1.0,4.0
template,baseline,Template-only,5695,272,n-number-sense-operations,True,True,True,False,2,1.0,0.0,0.0,0.0,1.0,0.0,2.0
full,baseline,MetaKT-Verba (Full),5695,272,n-number-sense-operations,True,True,True,False,2,0.0,1.0,0.0,0.0,0.0,1.0,2.0
ablate_stage1,ablation,w/o Symbolic Grounding (Stage 1),5695,272,n-number-sense-operations,True,False,True,False,3,0.3333333333333333,0.6666666666666666,0.0,0.0,0.3333333333333333,0.6666666666666666,3.0
ablate_citation,ablation,w/o Citation-Forcing Prompt,5695,272,n-number-sense-operations,False,True,True,False,4,0.25,0.75,0.0,,0.25,0.75,4.0
ablate_stage3,ablation,w/o Auto Verification (Stage 3),5695,272,n-number-sense-operations,True,True,False,False,2,,,,0.0,,,
naive,baseline,Naive Prompting,7493,535,rate-with-distance-and-time,False,False,True,False,4,0.0,1.0,0.0,,0.0,1.0,4.0
template,baseline,Template-only,7493,535,rate-with-distance-and-time,True,True,True,False,2,1.0,0.0,0.0,0.0,1.0,0.0,2.0
full,baseline,MetaKT-Verba (Full),7493,535,rate-with-distance-and-time,True,True,True,False,2,0.5,0.5,0.0,0.0,0.5,0.5,2.0
ablate_stage1,ablation,w/o Symbolic Grounding (Stage 1),7493,535,rate-with-distance-and-time,True,False,True,False,3,0.0,1.0,0.0,0.0,0.0,1.0,3.0
ablate_citation,ablation,w/o Citation-Forcing Prompt,7493,535,rate-with-distance-and-time,False,True,True,False,2,0.0,1.0,0.0,,0.0,1.0,2.0
ablate_stage3,ablation,w/o Auto Verification (Stage 3),7493,535,rate-with-distance-and-time,True,True,False,False,2,,,,0.0,,,
naive,baseline,Naive Prompting,6849,94,reading-graph,False,False,True,False,4,1.0,0.0,0.0,,1.0,0.0,4.0
template,baseline,Template-only,6849,94,reading-graph,True,True,True,False,1,1.0,0.0,0.0,0.0,1.0,0.0,1.0
full,baseline,MetaKT-Verba (Full),6849,94,reading-graph,True,True,True,False,1,1.0,0.0,0.0,0.0,1.0,0.0,1.0
ablate_stage1,ablation,w/o Symbolic Grounding (Stage 1),6849,94,reading-graph,True,False,True,False,3,1.0,0.0,0.0,0.0,1.0,0.0,3.0
ablate_citation,ablation,w/o Citation-Forcing Prompt,6849,94,reading-graph,False,True,True,False,4,1.0,0.0,0.0,,1.0,0.0,4.0
ablate_stage3,ablation,w/o Auto Verification (Stage 3),6849,94,reading-graph,True,True,False,False,1,,,,0.0,,,
naive,baseline,Naive Prompting,2513,199,fractions,False,False,True,False,4,0.0,1.0,0.0,,0.0,1.0,4.0
template,baseline,Template-only,2513,199,fractions,True,True,True,False,1,1.0,0.0,0.0,0.0,1.0,0.0,1.0
full,baseline,MetaKT-Verba (Full),2513,199,fractions,True,True,True,False,3,0.3333333333333333,0.6666666666666666,0.0,0.0,0.3333333333333333,0.6666666666666666,3.0
ablate_stage1,ablation,w/o Symbolic Grounding (Stage 1),2513,199,fractions,True,False,True,False,3,0.0,1.0,0.0,0.0,0.0,1.0,3.0
ablate_citation,ablation,w/o Citation-Forcing Prompt,2513,199,fractions,False,True,True,False,4,0.0,1.0,0.0,,0.0,1.0,4.0
ablate_stage3,ablation,w/o Auto Verification (Stage 3),2513,199,fractions,True,True,False,False,3,,,,0.0,,,
naive,baseline,Naive Prompting,832,883,multiplication,False,False,True,False,4,0.0,1.0,0.0,,0.0,1.0,4.0
template,baseline,Template-only,832,883,multiplication,True,True,True,False,2,1.0,0.0,0.0,0.0,1.0,0.0,2.0
full,baseline,MetaKT-Verba (Full),832,883,multiplication,True,True,True,False,2,0.0,1.0,0.0,0.0,0.0,1.0,2.0
ablate_stage1,ablation,w/o Symbolic Grounding (Stage 1),832,883,multiplication,True,False,True,False,3,0.0,1.0,0.0,0.0,0.0,1.0,3.0
ablate_citation,ablation,w/o Citation-Forcing Prompt,832,883,multiplication,False,True,True,False,4,0.25,0.75,0.0,,0.25,0.75,4.0
ablate_stage3,ablation,w/o Auto Verification (Stage 3),832,883,multiplication,True,True,False,False,2,,,,0.0,,,
naive,baseline,Naive Prompting,114,181,noskill,False,False,True,False,4,0.0,1.0,0.0,,0.0,1.0,4.0
template,baseline,Template-only,114,181,noskill,True,True,True,False,1,1.0,0.0,0.0,0.0,1.0,0.0,1.0
full,baseline,MetaKT-Verba (Full),114,181,noskill,True,True,True,False,4,0.25,0.5,0.0,0.25,0.3333333333333333,0.6666666666666666,3.0
ablate_stage1,ablation,w/o Symbolic Grounding (Stage 1),114,181,noskill,True,False,True,False,3,0.0,1.0,0.0,0.0,0.0,1.0,3.0
ablate_citation,ablation,w/o Citation-Forcing Prompt,114,181,noskill,False,True,True,False,4,0.25,0.75,0.0,,0.25,0.75,4.0
ablate_stage3,ablation,w/o Auto Verification (Stage 3),114,181,noskill,True,True,False,False,4,,,,0.25,,,
naive,baseline,Naive Prompting,3609,1784,noskill,False,False,True,False,2,0.0,1.0,0.0,,0.0,1.0,2.0
template,baseline,Template-only,3609,1784,noskill,True,True,True,False,2,1.0,0.0,0.0,0.0,1.0,0.0,2.0
full,baseline,MetaKT-Verba (Full),3609,1784,noskill,True,True,True,False,2,0.5,0.5,0.0,0.0,0.5,0.5,2.0
ablate_stage1,ablation,w/o Symbolic Grounding (Stage 1),3609,1784,noskill,True,False,True,False,3,0.0,1.0,0.0,0.0,0.0,1.0,3.0
ablate_citation,ablation,w/o Citation-Forcing Prompt,3609,1784,noskill,False,True,True,False,4,0.0,1.0,0.0,,0.0,1.0,4.0
ablate_stage3,ablation,w/o Auto Verification (Stage 3),3609,1784,noskill,True,True,False,False,2,,,,0.0,,,
naive,baseline,Naive Prompting,3982,1061,equation-concept,False,False,True,False,4,0.0,1.0,0.0,,0.0,1.0,4.0
template,baseline,Template-only,3982,1061,equation-concept,True,True,True,False,1,1.0,0.0,0.0,0.0,1.0,0.0,1.0
full,baseline,MetaKT-Verba (Full),3982,1061,equation-concept,True,True,True,False,1,0.0,1.0,0.0,0.0,0.0,1.0,1.0
ablate_stage1,ablation,w/o Symbolic Grounding (Stage 1),3982,1061,equation-concept,True,False,True,False,4,0.0,1.0,0.0,0.0,0.0,1.0,4.0
ablate_citation,ablation,w/o Citation-Forcing Prompt,3982,1061,equation-concept,False,True,True,False,4,0.0,1.0,0.0,,0.0,1.0,4.0
ablate_stage3,ablation,w/o Auto Verification (Stage 3),3982,1061,equation-concept,True,True,False,False,1,,,,0.0,,,
naive,baseline,Naive Prompting,7609,39,symbolization-articulation,False,False,True,False,3,0.0,1.0,0.0,,0.0,1.0,3.0
template,baseline,Template-only,7609,39,symbolization-articulation,True,True,True,False,2,1.0,0.0,0.0,0.0,1.0,0.0,2.0
full,baseline,MetaKT-Verba (Full),7609,39,symbolization-articulation,True,True,True,False,2,0.0,1.0,0.0,0.0,0.0,1.0,2.0
ablate_stage1,ablation,w/o Symbolic Grounding (Stage 1),7609,39,symbolization-articulation,True,False,True,False,3,0.3333333333333333,0.6666666666666666,0.0,0.0,0.3333333333333333,0.6666666666666666,3.0
ablate_citation,ablation,w/o Citation-Forcing Prompt,7609,39,symbolization-articulation,False,True,True,False,4,0.0,1.0,0.0,,0.0,1.0,4.0
ablate_stage3,ablation,w/o Auto Verification (Stage 3),7609,39,symbolization-articulation,True,True,False,False,2,,,,0.0,,,
naive,baseline,Naive Prompting,4693,318,discount,False,False,True,False,3,0.0,1.0,0.0,,0.0,1.0,3.0
template,baseline,Template-only,4693,318,discount,True,True,True,False,1,1.0,0.0,0.0,0.0,1.0,0.0,1.0
full,baseline,MetaKT-Verba (Full),4693,318,discount,True,True,True,False,3,0.0,1.0,0.0,0.0,0.0,1.0,3.0
ablate_stage1,ablation,w/o Symbolic Grounding (Stage 1),4693,318,discount,True,False,True,False,3,0.0,1.0,0.0,0.0,0.0,1.0,3.0
ablate_citation,ablation,w/o Citation-Forcing Prompt,4693,318,discount,False,True,True,False,4,0.0,1.0,0.0,,0.0,1.0,4.0
ablate_stage3,ablation,w/o Auto Verification (Stage 3),4693,318,discount,True,True,False,False,3,,,,0.0,,,
naive,baseline,Naive Prompting,5332,200,noskill,False,False,True,False,4,0.0,1.0,0.0,,0.0,1.0,4.0
template,baseline,Template-only,5332,200,noskill,True,True,True,False,1,1.0,0.0,0.0,0.0,1.0,0.0,1.0
full,baseline,MetaKT-Verba (Full),5332,200,noskill,True,True,True,False,3,0.0,1.0,0.0,0.0,0.0,1.0,3.0
ablate_stage1,ablation,w/o Symbolic Grounding (Stage 1),5332,200,noskill,True,False,True,False,3,0.3333333333333333,0.6666666666666666,0.0,0.0,0.3333333333333333,0.6666666666666666,3.0
ablate_citation,ablation,w/o Citation-Forcing Prompt,5332,200,noskill,False,True,True,False,4,0.0,1.0,0.0,,0.0,1.0,4.0
ablate_stage3,ablation,w/o Auto Verification (Stage 3),5332,200,noskill,True,True,False,False,3,,,,0.0,,,
naive,baseline,Naive Prompting,5387,628,p-patterns-relations-algebra,False,False,True,False,4,0.0,1.0,0.0,,0.0,1.0,4.0
template,baseline,Template-only,5387,628,p-patterns-relations-algebra,True,True,True,False,1,1.0,0.0,0.0,0.0,1.0,0.0,1.0
full,baseline,MetaKT-Verba (Full),5387,628,p-patterns-relations-algebra,True,True,True,False,3,0.0,1.0,0.0,0.0,0.0,1.0,3.0
ablate_stage1,ablation,w/o Symbolic Grounding (Stage 1),5387,628,p-patterns-relations-algebra,True,False,True,False,4,0.0,1.0,0.0,0.0,0.0,1.0,4.0
ablate_citation,ablation,w/o Citation-Forcing Prompt,5387,628,p-patterns-relations-algebra,False,True,True,False,4,0.25,0.75,0.0,,0.25,0.75,4.0
ablate_stage3,ablation,w/o Auto Verification (Stage 3),5387,628,p-patterns-relations-algebra,True,True,False,False,3,,,,0.0,,,
naive,baseline,Naive Prompting,7181,408,division,False,False,True,False,3,0.0,1.0,0.0,,0.0,1.0,3.0
template,baseline,Template-only,7181,408,division,True,True,True,False,2,1.0,0.0,0.0,0.0,1.0,0.0,2.0
full,baseline,MetaKT-Verba (Full),7181,408,division,True,True,True,False,3,0.3333333333333333,0.6666666666666666,0.0,0.0,0.3333333333333333,0.6666666666666666,3.0
ablate_stage1,ablation,w/o Symbolic Grounding (Stage 1),7181,408,division,True,False,True,False,3,0.0,1.0,0.0,0.0,0.0,1.0,3.0
ablate_citation,ablation,w/o Citation-Forcing Prompt,7181,408,division,False,True,True,False,2,0.0,1.0,0.0,,0.0,1.0,2.0
ablate_stage3,ablation,w/o Auto Verification (Stage 3),7181,408,division,True,True,False,False,3,,,,0.0,,,
naive,baseline,Naive Prompting,6862,969,substitution,False,False,True,False,4,0.0,1.0,0.0,,0.0,1.0,4.0
template,baseline,Template-only,6862,969,substitution,True,True,True,False,1,1.0,0.0,0.0,0.0,1.0,0.0,1.0
full,baseline,MetaKT-Verba (Full),6862,969,substitution,True,True,True,False,4,0.25,0.5,0.0,0.25,0.3333333333333333,0.6666666666666666,3.0
ablate_stage1,ablation,w/o Symbolic Grounding (Stage 1),6862,969,substitution,True,False,True,False,3,0.0,1.0,0.0,0.0,0.0,1.0,3.0
ablate_citation,ablation,w/o Citation-Forcing Prompt,6862,969,substitution,False,True,True,False,4,0.0,1.0,0.0,,0.0,1.0,4.0
ablate_stage3,ablation,w/o Auto Verification (Stage 3),6862,969,substitution,True,True,False,False,4,,,,0.25,,,
naive,baseline,Naive Prompting,2738,102,equation-solving,False,False,True,False,4,0.25,0.75,0.0,,0.25,0.75,4.0
template,baseline,Template-only,2738,102,equation-solving,True,True,True,False,2,1.0,0.0,0.0,0.0,1.0,0.0,2.0
full,baseline,MetaKT-Verba (Full),2738,102,equation-solving,True,True,True,False,2,0.0,1.0,0.0,0.0,0.0,1.0,2.0
ablate_stage1,ablation,w/o Symbolic Grounding (Stage 1),2738,102,equation-solving,True,False,True,False,3,0.3333333333333333,0.6666666666666666,0.0,0.0,0.3333333333333333,0.6666666666666666,3.0
ablate_citation,ablation,w/o Citation-Forcing Prompt,2738,102,equation-solving,False,True,True,False,4,0.0,1.0,0.0,,0.0,1.0,4.0
ablate_stage3,ablation,w/o Auto Verification (Stage 3),2738,102,equation-solving,True,True,False,False,2,,,,0.0,,,
naive,baseline,Naive Prompting,1649,237,equation-solving,False,False,True,False,3,0.0,1.0,0.0,,0.0,1.0,3.0
template,baseline,Template-only,1649,237,equation-solving,True,True,True,False,2,1.0,0.0,0.0,0.0,1.0,0.0,2.0
full,baseline,MetaKT-Verba (Full),1649,237,equation-solving,True,True,True,False,2,0.0,1.0,0.0,0.0,0.0,1.0,2.0
ablate_stage1,ablation,w/o Symbolic Grounding (Stage 1),1649,237,equation-solving,True,False,True,False,3,0.0,1.0,0.0,0.0,0.0,1.0,3.0
ablate_citation,ablation,w/o Citation-Forcing Prompt,1649,237,equation-solving,False,True,True,False,4,0.25,0.75,0.0,,0.25,0.75,4.0
ablate_stage3,ablation,w/o Auto Verification (Stage 3),1649,237,equation-solving,True,True,False,False,2,,,,0.0,,,
naive,baseline,Naive Prompting,3069,1126,multiplying-decimals,False,False,True,False,3,0.0,1.0,0.0,,0.0,1.0,3.0
template,baseline,Template-only,3069,1126,multiplying-decimals,True,True,True,False,2,1.0,0.0,0.0,0.0,1.0,0.0,2.0
full,baseline,MetaKT-Verba (Full),3069,1126,multiplying-decimals,True,True,True,False,2,0.5,0.5,0.0,0.0,0.5,0.5,2.0
ablate_stage1,ablation,w/o Symbolic Grounding (Stage 1),3069,1126,multiplying-decimals,True,False,True,False,3,0.0,1.0,0.0,0.0,0.0,1.0,3.0
ablate_citation,ablation,w/o Citation-Forcing Prompt,3069,1126,multiplying-decimals,False,True,True,False,4,0.0,1.0,0.0,,0.0,1.0,4.0
ablate_stage3,ablation,w/o Auto Verification (Stage 3),3069,1126,multiplying-decimals,True,True,False,False,2,,,,0.0,,,
naive,baseline,Naive Prompting,1764,1388,number-line,False,False,True,False,3,0.0,1.0,0.0,,0.0,1.0,3.0
template,baseline,Template-only,1764,1388,number-line,True,True,True,False,2,1.0,0.0,0.0,0.0,1.0,0.0,2.0
full,baseline,MetaKT-Verba (Full),1764,1388,number-line,True,True,True,False,2,0.0,1.0,0.0,0.0,0.0,1.0,2.0
ablate_stage1,ablation,w/o Symbolic Grounding (Stage 1),1764,1388,number-line,True,False,True,False,3,0.0,1.0,0.0,0.0,0.0,1.0,3.0
ablate_citation,ablation,w/o Citation-Forcing Prompt,1764,1388,number-line,False,True,True,False,4,0.0,1.0,0.0,,0.0,1.0,4.0
ablate_stage3,ablation,w/o Auto Verification (Stage 3),1764,1388,number-line,True,True,False,False,2,,,,0.0,,,
naive,baseline,Naive Prompting,6939,398,combinatorics,False,False,True,False,4,0.0,1.0,0.0,,0.0,1.0,4.0
template,baseline,Template-only,6939,398,combinatorics,True,True,True,False,1,1.0,0.0,0.0,0.0,1.0,0.0,1.0
full,baseline,MetaKT-Verba (Full),6939,398,combinatorics,True,True,True,False,3,0.3333333333333333,0.6666666666666666,0.0,0.0,0.3333333333333333,0.6666666666666666,3.0
ablate_stage1,ablation,w/o Symbolic Grounding (Stage 1),6939,398,combinatorics,True,False,True,False,4,0.0,1.0,0.0,0.0,0.0,1.0,4.0
ablate_citation,ablation,w/o Citation-Forcing Prompt,6939,398,combinatorics,False,True,True,False,4,0.0,1.0,0.0,,0.0,1.0,4.0
ablate_stage3,ablation,w/o Auto Verification (Stage 3),6939,398,combinatorics,True,True,False,False,3,,,,0.0,,,
naive,baseline,Naive Prompting,3559,217,noskill,False,False,True,False,4,0.0,1.0,0.0,,0.0,1.0,4.0
template,baseline,Template-only,3559,217,noskill,True,True,True,False,2,1.0,0.0,0.0,0.0,1.0,0.0,2.0
full,baseline,MetaKT-Verba (Full),3559,217,noskill,True,True,True,False,2,0.0,1.0,0.0,0.0,0.0,1.0,2.0
ablate_stage1,ablation,w/o Symbolic Grounding (Stage 1),3559,217,noskill,True,False,True,False,3,0.0,1.0,0.0,0.0,0.0,1.0,3.0
ablate_citation,ablation,w/o Citation-Forcing Prompt,3559,217,noskill,False,True,True,False,4,0.0,1.0,0.0,,0.0,1.0,4.0
ablate_stage3,ablation,w/o Auto Verification (Stage 3),3559,217,noskill,True,True,False,False,2,,,,0.0,,,
naive,baseline,Naive Prompting,5295,619,probability,False,False,True,False,2,0.0,1.0,0.0,,0.0,1.0,2.0
template,baseline,Template-only,5295,619,probability,True,True,True,False,2,1.0,0.0,0.0,0.0,1.0,0.0,2.0
full,baseline,MetaKT-Verba (Full),5295,619,probability,True,True,True,False,2,0.0,1.0,0.0,0.0,0.0,1.0,2.0
ablate_stage1,ablation,w/o Symbolic Grounding (Stage 1),5295,619,probability,True,False,True,False,3,0.0,1.0,0.0,0.0,0.0,1.0,3.0
ablate_citation,ablation,w/o Citation-Forcing Prompt,5295,619,probability,False,True,True,False,4,0.0,1.0,0.0,,0.0,1.0,4.0
ablate_stage3,ablation,w/o Auto Verification (Stage 3),5295,619,probability,True,True,False,False,2,,,,0.0,,,
naive,baseline,Naive Prompting,7775,369,probability,False,False,True,False,4,0.0,1.0,0.0,,0.0,1.0,4.0
template,baseline,Template-only,7775,369,probability,True,True,True,False,2,1.0,0.0,0.0,0.0,1.0,0.0,2.0
full,baseline,MetaKT-Verba (Full),7775,369,probability,True,True,True,False,3,0.0,1.0,0.0,0.0,0.0,1.0,3.0
ablate_stage1,ablation,w/o Symbolic Grounding (Stage 1),7775,369,probability,True,False,True,False,3,0.0,1.0,0.0,0.0,0.0,1.0,3.0
ablate_citation,ablation,w/o Citation-Forcing Prompt,7775,369,probability,False,True,True,False,4,0.0,1.0,0.0,,0.0,1.0,4.0
ablate_stage3,ablation,w/o Auto Verification (Stage 3),7775,369,probability,True,True,False,False,3,,,,0.0,,,
naive,baseline,Naive Prompting,7329,1421,area,False,False,True,False,4,1.0,0.0,0.0,,1.0,0.0,4.0
template,baseline,Template-only,7329,1421,area,True,True,True,False,1,1.0,0.0,0.0,0.0,1.0,0.0,1.0
full,baseline,MetaKT-Verba (Full),7329,1421,area,True,True,True,False,1,1.0,0.0,0.0,0.0,1.0,0.0,1.0
ablate_stage1,ablation,w/o Symbolic Grounding (Stage 1),7329,1421,area,True,False,True,False,3,1.0,0.0,0.0,0.0,1.0,0.0,3.0
ablate_citation,ablation,w/o Citation-Forcing Prompt,7329,1421,area,False,True,True,False,4,1.0,0.0,0.0,,1.0,0.0,4.0
ablate_stage3,ablation,w/o Auto Verification (Stage 3),7329,1421,area,True,True,False,False,1,,,,0.0,,,
naive,baseline,Naive Prompting,2230,562,algebraic-manipulation,False,False,True,False,3,0.0,1.0,0.0,,0.0,1.0,3.0
template,baseline,Template-only,2230,562,algebraic-manipulation,True,True,True,False,2,1.0,0.0,0.0,0.0,1.0,0.0,2.0
full,baseline,MetaKT-Verba (Full),2230,562,algebraic-manipulation,True,True,True,False,2,0.0,1.0,0.0,0.0,0.0,1.0,2.0
ablate_stage1,ablation,w/o Symbolic Grounding (Stage 1),2230,562,algebraic-manipulation,True,False,True,False,3,0.0,1.0,0.0,0.0,0.0,1.0,3.0
ablate_citation,ablation,w/o Citation-Forcing Prompt,2230,562,algebraic-manipulation,False,True,True,False,4,0.0,1.0,0.0,,0.0,1.0,4.0
ablate_stage3,ablation,w/o Auto Verification (Stage 3),2230,562,algebraic-manipulation,True,True,False,False,2,,,,0.0,,,
naive,baseline,Naive Prompting,1305,292,probability,False,False,True,False,3,0.0,1.0,0.0,,0.0,1.0,3.0
template,baseline,Template-only,1305,292,probability,True,True,True,False,2,1.0,0.0,0.0,0.0,1.0,0.0,2.0
full,baseline,MetaKT-Verba (Full),1305,292,probability,True,True,True,False,2,0.5,0.5,0.0,0.0,0.5,0.5,2.0
ablate_stage1,ablation,w/o Symbolic Grounding (Stage 1),1305,292,probability,True,False,True,False,3,0.0,1.0,0.0,0.0,0.0,1.0,3.0
ablate_citation,ablation,w/o Citation-Forcing Prompt,1305,292,probability,False,True,True,False,4,0.25,0.75,0.0,,0.25,0.75,4.0
ablate_stage3,ablation,w/o Auto Verification (Stage 3),1305,292,probability,True,True,False,False,2,,,,0.0,,,
naive,baseline,Naive Prompting,3939,76,proportion,False,False,True,False,3,0.0,1.0,0.0,,0.0,1.0,3.0
template,baseline,Template-only,3939,76,proportion,True,True,True,False,2,1.0,0.0,0.0,0.0,1.0,0.0,2.0
full,baseline,MetaKT-Verba (Full),3939,76,proportion,True,True,True,False,2,0.0,1.0,0.0,0.0,0.0,1.0,2.0
ablate_stage1,ablation,w/o Symbolic Grounding (Stage 1),3939,76,proportion,True,False,True,False,4,0.0,1.0,0.0,0.0,0.0,1.0,4.0
ablate_citation,ablation,w/o Citation-Forcing Prompt,3939,76,proportion,False,True,True,False,4,0.25,0.75,0.0,,0.25,0.75,4.0
ablate_stage3,ablation,w/o Auto Verification (Stage 3),3939,76,proportion,True,True,False,False,2,,,,0.0,,,
naive,baseline,Naive Prompting,6694,1359,rate,False,False,True,False,3,0.0,1.0,0.0,,0.0,1.0,3.0
template,baseline,Template-only,6694,1359,rate,True,True,True,False,2,1.0,0.0,0.0,0.0,1.0,0.0,2.0
full,baseline,MetaKT-Verba (Full),6694,1359,rate,True,True,True,False,2,0.0,1.0,0.0,0.0,0.0,1.0,2.0
ablate_stage1,ablation,w/o Symbolic Grounding (Stage 1),6694,1359,rate,True,False,True,False,3,0.0,1.0,0.0,0.0,0.0,1.0,3.0
ablate_citation,ablation,w/o Citation-Forcing Prompt,6694,1359,rate,False,True,True,False,4,0.25,0.75,0.0,,0.25,0.75,4.0
ablate_stage3,ablation,w/o Auto Verification (Stage 3),6694,1359,rate,True,True,False,False,2,,,,0.0,,,
naive,baseline,Naive Prompting,7310,223,pattern-finding,False,False,True,False,4,0.0,1.0,0.0,,0.0,1.0,4.0
template,baseline,Template-only,7310,223,pattern-finding,True,True,True,False,2,1.0,0.0,0.0,0.0,1.0,0.0,2.0
full,baseline,MetaKT-Verba (Full),7310,223,pattern-finding,True,True,True,False,3,0.3333333333333333,0.6666666666666666,0.0,0.0,0.3333333333333333,0.6666666666666666,3.0
ablate_stage1,ablation,w/o Symbolic Grounding (Stage 1),7310,223,pattern-finding,True,False,True,False,3,0.0,1.0,0.0,0.0,0.0,1.0,3.0
ablate_citation,ablation,w/o Citation-Forcing Prompt,7310,223,pattern-finding,False,True,True,False,4,0.0,1.0,0.0,,0.0,1.0,4.0
ablate_stage3,ablation,w/o Auto Verification (Stage 3),7310,223,pattern-finding,True,True,False,False,3,,,,0.0,,,
naive,baseline,Naive Prompting,3929,487,linear-area-volume-conversion,False,False,True,False,3,0.0,1.0,0.0,,0.0,1.0,3.0
template,baseline,Template-only,3929,487,linear-area-volume-conversion,True,True,True,False,2,1.0,0.0,0.0,0.0,1.0,0.0,2.0
full,baseline,MetaKT-Verba (Full),3929,487,linear-area-volume-conversion,True,True,True,False,3,0.0,1.0,0.0,0.0,0.0,1.0,3.0
ablate_stage1,ablation,w/o Symbolic Grounding (Stage 1),3929,487,linear-area-volume-conversion,True,False,True,False,3,0.3333333333333333,0.6666666666666666,0.0,0.0,0.3333333333333333,0.6666666666666666,3.0
ablate_citation,ablation,w/o Citation-Forcing Prompt,3929,487,linear-area-volume-conversion,False,True,True,False,2,0.0,1.0,0.0,,0.0,1.0,2.0
ablate_stage3,ablation,w/o Auto Verification (Stage 3),3929,487,linear-area-volume-conversion,True,True,False,False,3,,,,0.0,,,
naive,baseline,Naive Prompting,2570,744,substitution,False,False,True,False,3,0.0,1.0,0.0,,0.0,1.0,3.0
template,baseline,Template-only,2570,744,substitution,True,True,True,False,2,1.0,0.0,0.0,0.0,1.0,0.0,2.0
full,baseline,MetaKT-Verba (Full),2570,744,substitution,True,True,True,False,2,0.5,0.5,0.0,0.0,0.5,0.5,2.0
ablate_stage1,ablation,w/o Symbolic Grounding (Stage 1),2570,744,substitution,True,False,True,False,3,0.0,1.0,0.0,0.0,0.0,1.0,3.0
ablate_citation,ablation,w/o Citation-Forcing Prompt,2570,744,substitution,False,True,True,False,4,0.0,1.0,0.0,,0.0,1.0,4.0
ablate_stage3,ablation,w/o Auto Verification (Stage 3),2570,744,substitution,True,True,False,False,2,,,,0.0,,,
naive,baseline,Naive Prompting,6764,141,equation-solving,False,False,True,False,4,0.0,1.0,0.0,,0.0,1.0,4.0
template,baseline,Template-only,6764,141,equation-solving,True,True,True,False,2,1.0,0.0,0.0,0.0,1.0,0.0,2.0
full,baseline,MetaKT-Verba (Full),6764,141,equation-solving,True,True,True,False,2,0.0,1.0,0.0,0.0,0.0,1.0,2.0
ablate_stage1,ablation,w/o Symbolic Grounding (Stage 1),6764,141,equation-solving,True,False,True,False,3,0.0,1.0,0.0,0.0,0.0,1.0,3.0
ablate_citation,ablation,w/o Citation-Forcing Prompt,6764,141,equation-solving,False,True,True,False,2,0.0,1.0,0.0,,0.0,1.0,2.0
ablate_stage3,ablation,w/o Auto Verification (Stage 3),6764,141,equation-solving,True,True,False,False,2,,,,0.0,,,
naive,baseline,Naive Prompting,5673,499,mean,False,False,True,False,4,0.0,1.0,0.0,,0.0,1.0,4.0
template,baseline,Template-only,5673,499,mean,True,True,True,False,1,1.0,0.0,0.0,0.0,1.0,0.0,1.0
full,baseline,MetaKT-Verba (Full),5673,499,mean,True,True,True,False,4,0.0,1.0,0.0,0.0,0.0,1.0,4.0
ablate_stage1,ablation,w/o Symbolic Grounding (Stage 1),5673,499,mean,True,False,True,False,3,0.0,1.0,0.0,0.0,0.0,1.0,3.0
ablate_citation,ablation,w/o Citation-Forcing Prompt,5673,499,mean,False,True,True,False,4,0.0,1.0,0.0,,0.0,1.0,4.0
ablate_stage3,ablation,w/o Auto Verification (Stage 3),5673,499,mean,True,True,False,False,4,,,,0.0,,,
naive,baseline,Naive Prompting,7636,373,graph-shape,False,False,True,False,3,0.0,1.0,0.0,,0.0,1.0,3.0
template,baseline,Template-only,7636,373,graph-shape,True,True,True,False,2,1.0,0.0,0.0,0.0,1.0,0.0,2.0
full,baseline,MetaKT-Verba (Full),7636,373,graph-shape,True,True,True,False,2,0.5,0.5,0.0,0.0,0.5,0.5,2.0
ablate_stage1,ablation,w/o Symbolic Grounding (Stage 1),7636,373,graph-shape,True,False,True,False,3,0.0,1.0,0.0,0.0,0.0,1.0,3.0
ablate_citation,ablation,w/o Citation-Forcing Prompt,7636,373,graph-shape,False,True,True,False,4,0.0,1.0,0.0,,0.0,1.0,4.0
ablate_stage3,ablation,w/o Auto Verification (Stage 3),7636,373,graph-shape,True,True,False,False,2,,,,0.0,,,
naive,baseline,Naive Prompting,898,481,perimeter,False,False,True,False,4,0.0,1.0,0.0,,0.0,1.0,4.0
template,baseline,Template-only,898,481,perimeter,True,True,True,False,3,1.0,0.0,0.0,0.0,1.0,0.0,3.0
full,baseline,MetaKT-Verba (Full),898,481,perimeter,True,True,True,False,3,0.0,1.0,0.0,0.0,0.0,1.0,3.0
ablate_stage1,ablation,w/o Symbolic Grounding (Stage 1),898,481,perimeter,True,False,True,False,3,0.0,1.0,0.0,0.0,0.0,1.0,3.0
ablate_citation,ablation,w/o Citation-Forcing Prompt,898,481,perimeter,False,True,True,False,4,0.0,1.0,0.0,,0.0,1.0,4.0
ablate_stage3,ablation,w/o Auto Verification (Stage 3),898,481,perimeter,True,True,False,False,3,,,,0.0,,,
naive,baseline,Naive Prompting,2393,88,pattern-finding,False,False,True,False,4,1.0,0.0,0.0,,1.0,0.0,4.0
template,baseline,Template-only,2393,88,pattern-finding,True,True,True,False,1,1.0,0.0,0.0,0.0,1.0,0.0,1.0
full,baseline,MetaKT-Verba (Full),2393,88,pattern-finding,True,True,True,False,1,1.0,0.0,0.0,0.0,1.0,0.0,1.0
ablate_stage1,ablation,w/o Symbolic Grounding (Stage 1),2393,88,pattern-finding,True,False,True,False,4,1.0,0.0,0.0,0.25,1.0,0.0,4.0
ablate_citation,ablation,w/o Citation-Forcing Prompt,2393,88,pattern-finding,False,True,True,False,4,1.0,0.0,0.0,,1.0,0.0,4.0
ablate_stage3,ablation,w/o Auto Verification (Stage 3),2393,88,pattern-finding,True,True,False,False,1,,,,0.0,,,
naive,baseline,Naive Prompting,7062,273,linear-area-volume-conversion,False,False,True,False,3,0.0,1.0,0.0,,0.0,1.0,3.0
template,baseline,Template-only,7062,273,linear-area-volume-conversion,True,True,True,False,1,1.0,0.0,0.0,0.0,1.0,0.0,1.0
full,baseline,MetaKT-Verba (Full),7062,273,linear-area-volume-conversion,True,True,True,False,3,0.0,1.0,0.0,0.0,0.0,1.0,3.0
ablate_stage1,ablation,w/o Symbolic Grounding (Stage 1),7062,273,linear-area-volume-conversion,True,False,True,False,3,0.0,1.0,0.0,0.0,0.0,1.0,3.0
ablate_citation,ablation,w/o Citation-Forcing Prompt,7062,273,linear-area-volume-conversion,False,True,True,False,4,0.0,1.0,0.0,,0.0,1.0,4.0
ablate_stage3,ablation,w/o Auto Verification (Stage 3),7062,273,linear-area-volume-conversion,True,True,False,False,3,,,,0.0,,,
naive,baseline,Naive Prompting,4786,19,point-plotting,False,False,True,False,3,0.0,1.0,0.0,,0.0,1.0,3.0
template,baseline,Template-only,4786,19,point-plotting,True,True,True,False,2,1.0,0.0,0.0,0.0,1.0,0.0,2.0
full,baseline,MetaKT-Verba (Full),4786,19,point-plotting,True,True,True,False,2,0.0,1.0,0.0,0.0,0.0,1.0,2.0
ablate_stage1,ablation,w/o Symbolic Grounding (Stage 1),4786,19,point-plotting,True,False,True,False,3,0.0,1.0,0.0,0.0,0.0,1.0,3.0
ablate_citation,ablation,w/o Citation-Forcing Prompt,4786,19,point-plotting,False,True,True,False,4,0.0,1.0,0.0,,0.0,1.0,4.0
ablate_stage3,ablation,w/o Auto Verification (Stage 3),4786,19,point-plotting,True,True,False,False,2,,,,0.0,,,
naive,baseline,Naive Prompting,1469,668,multiplication,False,False,True,False,4,0.0,1.0,0.0,,0.0,1.0,4.0
template,baseline,Template-only,1469,668,multiplication,True,True,True,False,1,1.0,0.0,0.0,0.0,1.0,0.0,1.0
full,baseline,MetaKT-Verba (Full),1469,668,multiplication,True,True,True,False,1,0.0,1.0,0.0,0.0,0.0,1.0,1.0
ablate_stage1,ablation,w/o Symbolic Grounding (Stage 1),1469,668,multiplication,True,False,True,False,4,0.0,1.0,0.0,0.0,0.0,1.0,4.0
ablate_citation,ablation,w/o Citation-Forcing Prompt,1469,668,multiplication,False,True,True,False,4,0.0,1.0,0.0,,0.0,1.0,4.0
ablate_stage3,ablation,w/o Auto Verification (Stage 3),1469,668,multiplication,True,True,False,False,1,,,,0.0,,,
naive,baseline,Naive Prompting,1135,146,noskill,False,False,True,False,3,0.0,1.0,0.0,,0.0,1.0,3.0
template,baseline,Template-only,1135,146,noskill,True,True,True,False,3,1.0,0.0,0.0,0.0,1.0,0.0,3.0
full,baseline,MetaKT-Verba (Full),1135,146,noskill,True,True,True,False,3,0.6666666666666666,0.3333333333333333,0.0,0.0,0.6666666666666666,0.3333333333333333,3.0
ablate_stage1,ablation,w/o Symbolic Grounding (Stage 1),1135,146,noskill,True,False,True,False,3,0.0,1.0,0.0,0.0,0.0,1.0,3.0
ablate_citation,ablation,w/o Citation-Forcing Prompt,1135,146,noskill,False,True,True,False,4,0.0,1.0,0.0,,0.0,1.0,4.0
ablate_stage3,ablation,w/o Auto Verification (Stage 3),1135,146,noskill,True,True,False,False,3,,,,0.0,,,
naive,baseline,Naive Prompting,6476,340,finding-percents,False,False,True,False,4,0.0,1.0,0.0,,0.0,1.0,4.0
template,baseline,Template-only,6476,340,finding-percents,True,True,True,False,2,1.0,0.0,0.0,0.0,1.0,0.0,2.0
full,baseline,MetaKT-Verba (Full),6476,340,finding-percents,True,True,True,False,2,0.0,1.0,0.0,0.0,0.0,1.0,2.0
ablate_stage1,ablation,w/o Symbolic Grounding (Stage 1),6476,340,finding-percents,True,False,True,False,3,0.0,1.0,0.0,0.0,0.0,1.0,3.0
ablate_citation,ablation,w/o Citation-Forcing Prompt,6476,340,finding-percents,False,True,True,False,4,0.0,1.0,0.0,,0.0,1.0,4.0
ablate_stage3,ablation,w/o Auto Verification (Stage 3),6476,340,finding-percents,True,True,False,False,2,,,,0.0,,,
naive,baseline,Naive Prompting,7110,425,subtraction,False,False,True,False,4,1.0,0.0,0.0,,1.0,0.0,4.0
template,baseline,Template-only,7110,425,subtraction,True,True,True,False,1,1.0,0.0,0.0,0.0,1.0,0.0,1.0
full,baseline,MetaKT-Verba (Full),7110,425,subtraction,True,True,True,False,1,1.0,0.0,0.0,0.0,1.0,0.0,1.0
ablate_stage1,ablation,w/o Symbolic Grounding (Stage 1),7110,425,subtraction,True,False,True,False,3,1.0,0.0,0.0,0.0,1.0,0.0,3.0
ablate_citation,ablation,w/o Citation-Forcing Prompt,7110,425,subtraction,False,True,True,False,4,1.0,0.0,0.0,,1.0,0.0,4.0
ablate_stage3,ablation,w/o Auto Verification (Stage 3),7110,425,subtraction,True,True,False,False,1,,,,0.0,,,
naive,baseline,Naive Prompting,5369,164,probability,False,False,True,False,4,0.0,1.0,0.0,,0.0,1.0,4.0
template,baseline,Template-only,5369,164,probability,True,True,True,False,3,1.0,0.0,0.0,0.0,1.0,0.0,3.0
full,baseline,MetaKT-Verba (Full),5369,164,probability,True,True,True,False,3,0.6666666666666666,0.3333333333333333,0.0,0.0,0.6666666666666666,0.3333333333333333,3.0
ablate_stage1,ablation,w/o Symbolic Grounding (Stage 1),5369,164,probability,True,False,True,False,3,0.0,1.0,0.0,0.0,0.0,1.0,3.0
ablate_citation,ablation,w/o Citation-Forcing Prompt,5369,164,probability,False,True,True,False,4,0.25,0.75,0.0,,0.25,0.75,4.0
ablate_stage3,ablation,w/o Auto Verification (Stage 3),5369,164,probability,True,True,False,False,3,,,,0.0,,,
naive,baseline,Naive Prompting,404,159,multiplication,False,False,True,False,4,0.0,1.0,0.0,,0.0,1.0,4.0
template,baseline,Template-only,404,159,multiplication,True,True,True,False,1,1.0,0.0,0.0,0.0,1.0,0.0,1.0
full,baseline,MetaKT-Verba (Full),404,159,multiplication,True,True,True,False,1,0.0,1.0,0.0,0.0,0.0,1.0,1.0
ablate_stage1,ablation,w/o Symbolic Grounding (Stage 1),404,159,multiplication,True,False,True,False,3,0.0,1.0,0.0,0.0,0.0,1.0,3.0
ablate_citation,ablation,w/o Citation-Forcing Prompt,404,159,multiplication,False,True,True,False,4,0.0,1.0,0.0,,0.0,1.0,4.0
ablate_stage3,ablation,w/o Auto Verification (Stage 3),404,159,multiplication,True,True,False,False,1,,,,0.0,,,
naive,baseline,Naive Prompting,6756,173,equation-solving,False,False,True,False,3,0.0,1.0,0.0,,0.0,1.0,3.0
template,baseline,Template-only,6756,173,equation-solving,True,True,True,False,1,1.0,0.0,0.0,0.0,1.0,0.0,1.0
full,baseline,MetaKT-Verba (Full),6756,173,equation-solving,True,True,True,False,3,0.6666666666666666,0.3333333333333333,0.0,0.0,0.6666666666666666,0.3333333333333333,3.0
ablate_stage1,ablation,w/o Symbolic Grounding (Stage 1),6756,173,equation-solving,True,False,True,False,3,0.0,1.0,0.0,0.0,0.0,1.0,3.0
ablate_citation,ablation,w/o Citation-Forcing Prompt,6756,173,equation-solving,False,True,True,False,4,0.0,1.0,0.0,,0.0,1.0,4.0
ablate_stage3,ablation,w/o Auto Verification (Stage 3),6756,173,equation-solving,True,True,False,False,3,,,,0.0,,,
naive,baseline,Naive Prompting,5767,231,multiplication,False,False,True,False,3,0.0,1.0,0.0,,0.0,1.0,3.0
template,baseline,Template-only,5767,231,multiplication,True,True,True,False,1,1.0,0.0,0.0,0.0,1.0,0.0,1.0
full,baseline,MetaKT-Verba (Full),5767,231,multiplication,True,True,True,False,1,0.0,1.0,0.0,0.0,0.0,1.0,1.0
ablate_stage1,ablation,w/o Symbolic Grounding (Stage 1),5767,231,multiplication,True,False,True,False,4,0.0,1.0,0.0,0.0,0.0,1.0,4.0
ablate_citation,ablation,w/o Citation-Forcing Prompt,5767,231,multiplication,False,True,True,False,4,0.0,1.0,0.0,,0.0,1.0,4.0
ablate_stage3,ablation,w/o Auto Verification (Stage 3),5767,231,multiplication,True,True,False,False,1,,,,0.0,,,
naive,baseline,Naive Prompting,3195,594,symbolization-articulation,False,False,True,False,3,0.3333333333333333,0.6666666666666666,0.0,,0.3333333333333333,0.6666666666666666,3.0
template,baseline,Template-only,3195,594,symbolization-articulation,True,True,True,False,2,1.0,0.0,0.0,0.0,1.0,0.0,2.0
full,baseline,MetaKT-Verba (Full),3195,594,symbolization-articulation,True,True,True,False,2,0.0,1.0,0.0,0.0,0.0,1.0,2.0
ablate_stage1,ablation,w/o Symbolic Grounding (Stage 1),3195,594,symbolization-articulation,True,False,True,False,3,0.0,1.0,0.0,0.0,0.0,1.0,3.0
ablate_citation,ablation,w/o Citation-Forcing Prompt,3195,594,symbolization-articulation,False,True,True,False,4,0.0,1.0,0.0,,0.0,1.0,4.0
ablate_stage3,ablation,w/o Auto Verification (Stage 3),3195,594,symbolization-articulation,True,True,False,False,2,,,,0.0,,,
naive,baseline,Naive Prompting,1572,662,mean,False,False,True,False,4,0.0,1.0,0.0,,0.0,1.0,4.0
template,baseline,Template-only,1572,662,mean,True,True,True,False,1,1.0,0.0,0.0,0.0,1.0,0.0,1.0
full,baseline,MetaKT-Verba (Full),1572,662,mean,True,True,True,False,4,0.25,0.75,0.0,0.0,0.25,0.75,4.0
ablate_stage1,ablation,w/o Symbolic Grounding (Stage 1),1572,662,mean,True,False,True,False,4,0.0,1.0,0.0,0.25,0.0,1.0,4.0
ablate_citation,ablation,w/o Citation-Forcing Prompt,1572,662,mean,False,True,True,False,3,0.0,1.0,0.0,,0.0,1.0,3.0
ablate_stage3,ablation,w/o Auto Verification (Stage 3),1572,662,mean,True,True,False,False,4,,,,0.0,,,
naive,baseline,Naive Prompting,4722,327,addition,False,False,True,False,3,0.0,1.0,0.0,,0.0,1.0,3.0
template,baseline,Template-only,4722,327,addition,True,True,True,False,2,1.0,0.0,0.0,0.0,1.0,0.0,2.0
full,baseline,MetaKT-Verba (Full),4722,327,addition,True,True,True,False,2,0.0,1.0,0.0,0.0,0.0,1.0,2.0
ablate_stage1,ablation,w/o Symbolic Grounding (Stage 1),4722,327,addition,True,False,True,False,3,0.0,1.0,0.0,0.0,0.0,1.0,3.0
ablate_citation,ablation,w/o Citation-Forcing Prompt,4722,327,addition,False,True,True,False,4,0.0,1.0,0.0,,0.0,1.0,4.0
ablate_stage3,ablation,w/o Auto Verification (Stage 3),4722,327,addition,True,True,False,False,2,,,,0.0,,,
naive,baseline,Naive Prompting,7308,125,area,False,False,True,False,4,0.0,1.0,0.0,,0.0,1.0,4.0
template,baseline,Template-only,7308,125,area,True,True,True,False,1,1.0,0.0,0.0,0.0,1.0,0.0,1.0
full,baseline,MetaKT-Verba (Full),7308,125,area,True,True,True,False,3,0.3333333333333333,0.6666666666666666,0.0,0.0,0.3333333333333333,0.6666666666666666,3.0
ablate_stage1,ablation,w/o Symbolic Grounding (Stage 1),7308,125,area,True,False,True,False,4,0.0,1.0,0.0,0.25,0.0,1.0,4.0
ablate_citation,ablation,w/o Citation-Forcing Prompt,7308,125,area,False,True,True,False,4,0.0,1.0,0.0,,0.0,1.0,4.0
ablate_stage3,ablation,w/o Auto Verification (Stage 3),7308,125,area,True,True,False,False,3,,,,0.0,,,
naive,baseline,Naive Prompting,3069,184,multiplying-decimals,False,False,True,False,3,0.0,1.0,0.0,,0.0,1.0,3.0
template,baseline,Template-only,3069,184,multiplying-decimals,True,True,True,False,2,1.0,0.0,0.0,0.0,1.0,0.0,2.0
full,baseline,MetaKT-Verba (Full),3069,184,multiplying-decimals,True,True,True,False,2,0.0,1.0,0.0,0.0,0.0,1.0,2.0
ablate_stage1,ablation,w/o Symbolic Grounding (Stage 1),3069,184,multiplying-decimals,True,False,True,False,3,0.0,1.0,0.0,0.0,0.0,1.0,3.0
ablate_citation,ablation,w/o Citation-Forcing Prompt,3069,184,multiplying-decimals,False,True,True,False,4,0.0,1.0,0.0,,0.0,1.0,4.0
ablate_stage3,ablation,w/o Auto Verification (Stage 3),3069,184,multiplying-decimals,True,True,False,False,2,,,,0.0,,,
naive,baseline,Naive Prompting,2607,1009,interpreting-linear-equations,False,False,True,False,3,0.0,1.0,0.0,,0.0,1.0,3.0
template,baseline,Template-only,2607,1009,interpreting-linear-equations,True,True,True,False,2,1.0,0.0,0.0,0.0,1.0,0.0,2.0
full,baseline,MetaKT-Verba (Full),2607,1009,interpreting-linear-equations,True,True,True,False,2,0.0,1.0,0.0,0.0,0.0,1.0,2.0
ablate_stage1,ablation,w/o Symbolic Grounding (Stage 1),2607,1009,interpreting-linear-equations,True,False,True,False,3,0.0,1.0,0.0,0.0,0.0,1.0,3.0
ablate_citation,ablation,w/o Citation-Forcing Prompt,2607,1009,interpreting-linear-equations,False,True,True,False,4,0.0,1.0,0.0,,0.0,1.0,4.0
ablate_stage3,ablation,w/o Auto Verification (Stage 3),2607,1009,interpreting-linear-equations,True,True,False,False,2,,,,0.0,,,
naive,baseline,Naive Prompting,5245,396,probability,False,False,True,False,4,0.25,0.75,0.0,,0.25,0.75,4.0
template,baseline,Template-only,5245,396,probability,True,True,True,False,2,1.0,0.0,0.0,0.0,1.0,0.0,2.0
full,baseline,MetaKT-Verba (Full),5245,396,probability,True,True,True,False,3,0.0,1.0,0.0,0.0,0.0,1.0,3.0
ablate_stage1,ablation,w/o Symbolic Grounding (Stage 1),5245,396,probability,True,False,True,False,3,0.0,1.0,0.0,0.0,0.0,1.0,3.0
ablate_citation,ablation,w/o Citation-Forcing Prompt,5245,396,probability,False,True,True,False,2,0.0,1.0,0.0,,0.0,1.0,2.0
ablate_stage3,ablation,w/o Auto Verification (Stage 3),5245,396,probability,True,True,False,False,3,,,,0.0,,,
naive,baseline,Naive Prompting,5810,613,probability,False,False,True,False,4,0.0,1.0,0.0,,0.0,1.0,4.0
template,baseline,Template-only,5810,613,probability,True,True,True,False,1,1.0,0.0,0.0,0.0,1.0,0.0,1.0
full,baseline,MetaKT-Verba (Full),5810,613,probability,True,True,True,False,3,0.3333333333333333,0.6666666666666666,0.0,0.0,0.3333333333333333,0.6666666666666666,3.0
ablate_stage1,ablation,w/o Symbolic Grounding (Stage 1),5810,613,probability,True,False,True,False,3,0.0,1.0,0.0,0.0,0.0,1.0,3.0
ablate_citation,ablation,w/o Citation-Forcing Prompt,5810,613,probability,False,True,True,False,4,0.0,1.0,0.0,,0.0,1.0,4.0
ablate_stage3,ablation,w/o Auto Verification (Stage 3),5810,613,probability,True,True,False,False,3,,,,0.0,,,
naive,baseline,Naive Prompting,6131,246,noskill,False,False,True,False,4,0.5,0.5,0.0,,0.5,0.5,4.0
template,baseline,Template-only,6131,246,noskill,True,True,True,False,1,1.0,0.0,0.0,0.0,1.0,0.0,1.0
full,baseline,MetaKT-Verba (Full),6131,246,noskill,True,True,True,False,2,0.0,1.0,0.0,0.0,0.0,1.0,2.0
ablate_stage1,ablation,w/o Symbolic Grounding (Stage 1),6131,246,noskill,True,False,True,False,3,0.0,1.0,0.0,0.0,0.0,1.0,3.0
ablate_citation,ablation,w/o Citation-Forcing Prompt,6131,246,noskill,False,True,True,False,4,0.0,1.0,0.0,,0.0,1.0,4.0
ablate_stage3,ablation,w/o Auto Verification (Stage 3),6131,246,noskill,True,True,False,False,2,,,,0.0,,,
naive,baseline,Naive Prompting,1607,591,sum-of-interior-angles-more-than-3-sides,False,False,True,False,4,1.0,0.0,0.0,,1.0,0.0,4.0
template,baseline,Template-only,1607,591,sum-of-interior-angles-more-than-3-sides,True,True,True,False,1,1.0,0.0,0.0,0.0,1.0,0.0,1.0
full,baseline,MetaKT-Verba (Full),1607,591,sum-of-interior-angles-more-than-3-sides,True,True,True,False,1,1.0,0.0,0.0,0.0,1.0,0.0,1.0
ablate_stage1,ablation,w/o Symbolic Grounding (Stage 1),1607,591,sum-of-interior-angles-more-than-3-sides,True,False,True,False,2,1.0,0.0,0.0,0.0,1.0,0.0,2.0
ablate_citation,ablation,w/o Citation-Forcing Prompt,1607,591,sum-of-interior-angles-more-than-3-sides,False,True,True,False,4,1.0,0.0,0.0,,1.0,0.0,4.0
ablate_stage3,ablation,w/o Auto Verification (Stage 3),1607,591,sum-of-interior-angles-more-than-3-sides,True,True,False,False,1,,,,0.0,,,
naive,baseline,Naive Prompting,1572,88,fraction-division,False,False,True,False,3,0.0,1.0,0.0,,0.0,1.0,3.0
template,baseline,Template-only,1572,88,fraction-division,True,True,True,False,1,1.0,0.0,0.0,0.0,1.0,0.0,1.0
full,baseline,MetaKT-Verba (Full),1572,88,fraction-division,True,True,True,False,3,0.0,1.0,0.0,0.0,0.0,1.0,3.0
ablate_stage1,ablation,w/o Symbolic Grounding (Stage 1),1572,88,fraction-division,True,False,True,False,3,0.0,1.0,0.0,0.0,0.0,1.0,3.0
ablate_citation,ablation,w/o Citation-Forcing Prompt,1572,88,fraction-division,False,True,True,False,4,0.0,1.0,0.0,,0.0,1.0,4.0
ablate_stage3,ablation,w/o Auto Verification (Stage 3),1572,88,fraction-division,True,True,False,False,3,,,,0.0,,,
naive,baseline,Naive Prompting,1622,355,combinatorics,False,False,True,False,4,1.0,0.0,0.0,,1.0,0.0,4.0
template,baseline,Template-only,1622,355,combinatorics,True,True,True,False,1,1.0,0.0,0.0,0.0,1.0,0.0,1.0
full,baseline,MetaKT-Verba (Full),1622,355,combinatorics,True,True,True,False,1,1.0,0.0,0.0,0.0,1.0,0.0,1.0
ablate_stage1,ablation,w/o Symbolic Grounding (Stage 1),1622,355,combinatorics,True,False,True,False,3,1.0,0.0,0.0,0.0,1.0,0.0,3.0
ablate_citation,ablation,w/o Citation-Forcing Prompt,1622,355,combinatorics,False,True,True,False,4,1.0,0.0,0.0,,1.0,0.0,4.0
ablate_stage3,ablation,w/o Auto Verification (Stage 3),1622,355,combinatorics,True,True,False,False,1,,,,0.0,,,
naive,baseline,Naive Prompting,1240,434,fraction-division,False,False,True,False,4,1.0,0.0,0.0,,1.0,0.0,4.0
template,baseline,Template-only,1240,434,fraction-division,True,True,True,False,1,1.0,0.0,0.0,0.0,1.0,0.0,1.0
full,baseline,MetaKT-Verba (Full),1240,434,fraction-division,True,True,True,False,1,1.0,0.0,0.0,0.0,1.0,0.0,1.0
ablate_stage1,ablation,w/o Symbolic Grounding (Stage 1),1240,434,fraction-division,True,False,True,False,3,1.0,0.0,0.0,0.0,1.0,0.0,3.0
ablate_citation,ablation,w/o Citation-Forcing Prompt,1240,434,fraction-division,False,True,True,False,4,1.0,0.0,0.0,,1.0,0.0,4.0
ablate_stage3,ablation,w/o Auto Verification (Stage 3),1240,434,fraction-division,True,True,False,False,1,,,,0.0,,,
naive,baseline,Naive Prompting,738,177,measurement,False,False,True,False,3,0.0,1.0,0.0,,0.0,1.0,3.0
template,baseline,Template-only,738,177,measurement,True,True,True,False,2,1.0,0.0,0.0,0.0,1.0,0.0,2.0
full,baseline,MetaKT-Verba (Full),738,177,measurement,True,True,True,False,2,0.0,1.0,0.0,0.0,0.0,1.0,2.0
ablate_stage1,ablation,w/o Symbolic Grounding (Stage 1),738,177,measurement,True,False,True,False,3,0.0,1.0,0.0,0.0,0.0,1.0,3.0
ablate_citation,ablation,w/o Citation-Forcing Prompt,738,177,measurement,False,True,True,False,4,0.0,1.0,0.0,,0.0,1.0,4.0
ablate_stage3,ablation,w/o Auto Verification (Stage 3),738,177,measurement,True,True,False,False,2,,,,0.0,,,
naive,baseline,Naive Prompting,9,380,equation-solving,False,False,True,False,4,0.0,1.0,0.0,,0.0,1.0,4.0
template,baseline,Template-only,9,380,equation-solving,True,True,True,False,2,1.0,0.0,0.0,0.0,1.0,0.0,2.0
full,baseline,MetaKT-Verba (Full),9,380,equation-solving,True,True,True,False,2,0.0,1.0,0.0,0.0,0.0,1.0,2.0
ablate_stage1,ablation,w/o Symbolic Grounding (Stage 1),9,380,equation-solving,True,False,True,False,3,0.0,1.0,0.0,0.0,0.0,1.0,3.0
ablate_citation,ablation,w/o Citation-Forcing Prompt,9,380,equation-solving,False,True,True,False,2,0.0,1.0,0.0,,0.0,1.0,2.0
ablate_stage3,ablation,w/o Auto Verification (Stage 3),9,380,equation-solving,True,True,False,False,2,,,,0.0,,,
naive,baseline,Naive Prompting,5417,368,subtraction,False,False,True,False,3,0.0,1.0,0.0,,0.0,1.0,3.0
template,baseline,Template-only,5417,368,subtraction,True,True,True,False,2,1.0,0.0,0.0,0.0,1.0,0.0,2.0
full,baseline,MetaKT-Verba (Full),5417,368,subtraction,True,True,True,False,2,0.0,1.0,0.0,0.0,0.0,1.0,2.0
ablate_stage1,ablation,w/o Symbolic Grounding (Stage 1),5417,368,subtraction,True,False,True,False,4,0.0,1.0,0.0,0.0,0.0,1.0,4.0
ablate_citation,ablation,w/o Citation-Forcing Prompt,5417,368,subtraction,False,True,True,False,4,0.25,0.75,0.0,,0.25,0.75,4.0
ablate_stage3,ablation,w/o Auto Verification (Stage 3),5417,368,subtraction,True,True,False,False,2,,,,0.0,,,
naive,baseline,Naive Prompting,360,81,equivalent-fractions-decimals-percents,False,False,True,False,3,0.0,1.0,0.0,,0.0,1.0,3.0
template,baseline,Template-only,360,81,equivalent-fractions-decimals-percents,True,True,True,False,2,1.0,0.0,0.0,0.0,1.0,0.0,2.0
full,baseline,MetaKT-Verba (Full),360,81,equivalent-fractions-decimals-percents,True,True,True,False,3,0.3333333333333333,0.6666666666666666,0.0,0.0,0.3333333333333333,0.6666666666666666,3.0
ablate_stage1,ablation,w/o Symbolic Grounding (Stage 1),360,81,equivalent-fractions-decimals-percents,True,False,True,False,3,0.3333333333333333,0.6666666666666666,0.0,0.3333333333333333,0.3333333333333333,0.6666666666666666,3.0
ablate_citation,ablation,w/o Citation-Forcing Prompt,360,81,equivalent-fractions-decimals-percents,False,True,True,False,3,0.6666666666666666,0.3333333333333333,0.0,,0.6666666666666666,0.3333333333333333,3.0
ablate_stage3,ablation,w/o Auto Verification (Stage 3),360,81,equivalent-fractions-decimals-percents,True,True,False,False,3,,,,0.0,,,
naive,baseline,Naive Prompting,3890,87,point-plotting,False,False,True,False,4,1.0,0.0,0.0,,1.0,0.0,4.0
template,baseline,Template-only,3890,87,point-plotting,True,True,True,False,1,1.0,0.0,0.0,0.0,1.0,0.0,1.0
full,baseline,MetaKT-Verba (Full),3890,87,point-plotting,True,True,True,False,1,1.0,0.0,0.0,0.0,1.0,0.0,1.0
ablate_stage1,ablation,w/o Symbolic Grounding (Stage 1),3890,87,point-plotting,True,False,True,False,4,1.0,0.0,0.0,0.0,1.0,0.0,4.0
ablate_citation,ablation,w/o Citation-Forcing Prompt,3890,87,point-plotting,False,True,True,False,4,1.0,0.0,0.0,,1.0,0.0,4.0
ablate_stage3,ablation,w/o Auto Verification (Stage 3),3890,87,point-plotting,True,True,False,False,1,,,,0.0,,,
naive,baseline,Naive Prompting,3206,163,area,False,False,True,False,4,0.0,1.0,0.0,,0.0,1.0,4.0
template,baseline,Template-only,3206,163,area,True,True,True,False,2,1.0,0.0,0.0,0.0,1.0,0.0,2.0
full,baseline,MetaKT-Verba (Full),3206,163,area,True,True,True,False,3,0.3333333333333333,0.6666666666666666,0.0,0.0,0.3333333333333333,0.6666666666666666,3.0
ablate_stage1,ablation,w/o Symbolic Grounding (Stage 1),3206,163,area,True,False,True,False,3,0.0,1.0,0.0,0.0,0.0,1.0,3.0
ablate_citation,ablation,w/o Citation-Forcing Prompt,3206,163,area,False,True,True,False,4,0.0,1.0,0.0,,0.0,1.0,4.0
ablate_stage3,ablation,w/o Auto Verification (Stage 3),3206,163,area,True,True,False,False,3,,,,0.0,,,
naive,baseline,Naive Prompting,1622,182,noskill,False,False,True,False,4,0.0,1.0,0.0,,0.0,1.0,4.0
template,baseline,Template-only,1622,182,noskill,True,True,True,False,1,1.0,0.0,0.0,0.0,1.0,0.0,1.0
full,baseline,MetaKT-Verba (Full),1622,182,noskill,True,True,True,False,3,0.0,1.0,0.0,0.0,0.0,1.0,3.0
ablate_stage1,ablation,w/o Symbolic Grounding (Stage 1),1622,182,noskill,True,False,True,False,3,0.3333333333333333,0.6666666666666666,0.0,0.0,0.3333333333333333,0.6666666666666666,3.0
ablate_citation,ablation,w/o Citation-Forcing Prompt,1622,182,noskill,False,True,True,False,4,0.25,0.75,0.0,,0.25,0.75,4.0
ablate_stage3,ablation,w/o Auto Verification (Stage 3),1622,182,noskill,True,True,False,False,3,,,,0.0,,,
naive,baseline,Naive Prompting,1960,652,probability,False,False,True,False,3,0.0,1.0,0.0,,0.0,1.0,3.0
template,baseline,Template-only,1960,652,probability,True,True,True,False,2,1.0,0.0,0.0,0.0,1.0,0.0,2.0
full,baseline,MetaKT-Verba (Full),1960,652,probability,True,True,True,False,2,0.0,1.0,0.0,0.0,0.0,1.0,2.0
ablate_stage1,ablation,w/o Symbolic Grounding (Stage 1),1960,652,probability,True,False,True,False,3,0.0,1.0,0.0,0.0,0.0,1.0,3.0
ablate_citation,ablation,w/o Citation-Forcing Prompt,1960,652,probability,False,True,True,False,4,0.0,1.0,0.0,,0.0,1.0,4.0
ablate_stage3,ablation,w/o Auto Verification (Stage 3),1960,652,probability,True,True,False,False,2,,,,0.0,,,
naive,baseline,Naive Prompting,3345,732,inducing-functions,False,False,True,False,4,0.25,0.75,0.0,,0.25,0.75,4.0
template,baseline,Template-only,3345,732,inducing-functions,True,True,True,False,1,1.0,0.0,0.0,0.0,1.0,0.0,1.0
full,baseline,MetaKT-Verba (Full),3345,732,inducing-functions,True,True,True,False,2,0.5,0.5,0.0,0.0,0.5,0.5,2.0
ablate_stage1,ablation,w/o Symbolic Grounding (Stage 1),3345,732,inducing-functions,True,False,True,False,3,0.0,1.0,0.0,0.0,0.0,1.0,3.0
ablate_citation,ablation,w/o Citation-Forcing Prompt,3345,732,inducing-functions,False,True,True,False,4,0.25,0.75,0.0,,0.25,0.75,4.0
ablate_stage3,ablation,w/o Auto Verification (Stage 3),3345,732,inducing-functions,True,True,False,False,2,,,,0.0,,,
naive,baseline,Naive Prompting,5663,619,probability,False,False,True,False,4,1.0,0.0,0.0,,1.0,0.0,4.0
template,baseline,Template-only,5663,619,probability,True,True,True,False,1,1.0,0.0,0.0,0.0,1.0,0.0,1.0
full,baseline,MetaKT-Verba (Full),5663,619,probability,True,True,True,False,1,1.0,0.0,0.0,0.0,1.0,0.0,1.0
ablate_stage1,ablation,w/o Symbolic Grounding (Stage 1),5663,619,probability,True,False,True,False,3,1.0,0.0,0.0,0.0,1.0,0.0,3.0
ablate_citation,ablation,w/o Citation-Forcing Prompt,5663,619,probability,False,True,True,False,4,1.0,0.0,0.0,,1.0,0.0,4.0
ablate_stage3,ablation,w/o Auto Verification (Stage 3),5663,619,probability,True,True,False,False,1,,,,0.0,,,
naive,baseline,Naive Prompting,4621,425,area,False,False,True,False,3,0.0,1.0,0.0,,0.0,1.0,3.0
template,baseline,Template-only,4621,425,area,True,True,True,False,1,1.0,0.0,0.0,0.0,1.0,0.0,1.0
full,baseline,MetaKT-Verba (Full),4621,425,area,True,True,True,False,3,0.3333333333333333,0.6666666666666666,0.0,0.0,0.3333333333333333,0.6666666666666666,3.0
ablate_stage1,ablation,w/o Symbolic Grounding (Stage 1),4621,425,area,True,False,True,False,3,0.0,1.0,0.0,0.0,0.0,1.0,3.0
ablate_citation,ablation,w/o Citation-Forcing Prompt,4621,425,area,False,True,True,False,4,0.0,1.0,0.0,,0.0,1.0,4.0
ablate_stage3,ablation,w/o Auto Verification (Stage 3),4621,425,area,True,True,False,False,3,,,,0.0,,,
naive,baseline,Naive Prompting,5387,196,combinatorics,False,False,True,False,3,0.0,1.0,0.0,,0.0,1.0,3.0
template,baseline,Template-only,5387,196,combinatorics,True,True,True,False,2,1.0,0.0,0.0,0.0,1.0,0.0,2.0
full,baseline,MetaKT-Verba (Full),5387,196,combinatorics,True,True,True,False,2,0.0,1.0,0.0,0.0,0.0,1.0,2.0
ablate_stage1,ablation,w/o Symbolic Grounding (Stage 1),5387,196,combinatorics,True,False,True,False,3,0.0,1.0,0.0,0.0,0.0,1.0,3.0
ablate_citation,ablation,w/o Citation-Forcing Prompt,5387,196,combinatorics,False,True,True,False,4,0.0,1.0,0.0,,0.0,1.0,4.0
ablate_stage3,ablation,w/o Auto Verification (Stage 3),5387,196,combinatorics,True,True,False,False,2,,,,0.0,,,
naive,baseline,Naive Prompting,5695,128,interpreting-numberline,False,False,True,False,4,0.0,1.0,0.0,,0.0,1.0,4.0
template,baseline,Template-only,5695,128,interpreting-numberline,True,True,True,False,2,1.0,0.0,0.0,0.0,1.0,0.0,2.0
full,baseline,MetaKT-Verba (Full),5695,128,interpreting-numberline,True,True,True,False,2,0.0,1.0,0.0,0.0,0.0,1.0,2.0
ablate_stage1,ablation,w/o Symbolic Grounding (Stage 1),5695,128,interpreting-numberline,True,False,True,False,3,0.3333333333333333,0.6666666666666666,0.0,0.0,0.3333333333333333,0.6666666666666666,3.0
ablate_citation,ablation,w/o Citation-Forcing Prompt,5695,128,interpreting-numberline,False,True,True,False,4,0.0,1.0,0.0,,0.0,1.0,4.0
ablate_stage3,ablation,w/o Auto Verification (Stage 3),5695,128,interpreting-numberline,True,True,False,False,2,,,,0.0,,,
naive,baseline,Naive Prompting,6048,648,inducing-functions,False,False,True,False,4,0.0,1.0,0.0,,0.0,1.0,4.0
template,baseline,Template-only,6048,648,inducing-functions,True,True,True,False,2,1.0,0.0,0.0,0.0,1.0,0.0,2.0
full,baseline,MetaKT-Verba (Full),6048,648,inducing-functions,True,True,True,False,2,0.5,0.5,0.0,0.0,0.5,0.5,2.0
ablate_stage1,ablation,w/o Symbolic Grounding (Stage 1),6048,648,inducing-functions,True,False,True,False,4,0.25,0.75,0.0,0.0,0.25,0.75,4.0
ablate_citation,ablation,w/o Citation-Forcing Prompt,6048,648,inducing-functions,False,True,True,False,4,0.0,1.0,0.0,,0.0,1.0,4.0
ablate_stage3,ablation,w/o Auto Verification (Stage 3),6048,648,inducing-functions,True,True,False,False,2,,,,0.0,,,
naive,baseline,Naive Prompting,6974,226,mean,False,False,True,False,3,0.0,1.0,0.0,,0.0,1.0,3.0
template,baseline,Template-only,6974,226,mean,True,True,True,False,1,1.0,0.0,0.0,0.0,1.0,0.0,1.0
full,baseline,MetaKT-Verba (Full),6974,226,mean,True,True,True,False,3,0.3333333333333333,0.6666666666666666,0.0,0.0,0.3333333333333333,0.6666666666666666,3.0
ablate_stage1,ablation,w/o Symbolic Grounding (Stage 1),6974,226,mean,True,False,True,False,3,0.0,1.0,0.0,0.0,0.0,1.0,3.0
ablate_citation,ablation,w/o Citation-Forcing Prompt,6974,226,mean,False,True,True,False,4,0.0,1.0,0.0,,0.0,1.0,4.0
ablate_stage3,ablation,w/o Auto Verification (Stage 3),6974,226,mean,True,True,False,False,3,,,,0.0,,,
naive,baseline,Naive Prompting,1960,557,pythagorean-theorem,False,False,True,False,4,0.0,1.0,0.0,,0.0,1.0,4.0
template,baseline,Template-only,1960,557,pythagorean-theorem,True,True,True,False,1,1.0,0.0,0.0,0.0,1.0,0.0,1.0
full,baseline,MetaKT-Verba (Full),1960,557,pythagorean-theorem,True,True,True,False,3,0.0,1.0,0.0,0.0,0.0,1.0,3.0
ablate_stage1,ablation,w/o Symbolic Grounding (Stage 1),1960,557,pythagorean-theorem,True,False,True,False,4,0.0,1.0,0.0,0.0,0.0,1.0,4.0
ablate_citation,ablation,w/o Citation-Forcing Prompt,1960,557,pythagorean-theorem,False,True,True,False,4,0.25,0.75,0.0,,0.25,0.75,4.0
ablate_stage3,ablation,w/o Auto Verification (Stage 3),1960,557,pythagorean-theorem,True,True,False,False,3,,,,0.0,,,
naive,baseline,Naive Prompting,5870,312,sum-of-interior-angles-more-than-3-sides,False,False,True,False,4,1.0,0.0,0.0,,1.0,0.0,4.0
template,baseline,Template-only,5870,312,sum-of-interior-angles-more-than-3-sides,True,True,True,False,1,1.0,0.0,0.0,0.0,1.0,0.0,1.0
full,baseline,MetaKT-Verba (Full),5870,312,sum-of-interior-angles-more-than-3-sides,True,True,True,False,1,1.0,0.0,0.0,0.0,1.0,0.0,1.0
ablate_stage1,ablation,w/o Symbolic Grounding (Stage 1),5870,312,sum-of-interior-angles-more-than-3-sides,True,False,True,False,2,1.0,0.0,0.0,0.0,1.0,0.0,2.0
ablate_citation,ablation,w/o Citation-Forcing Prompt,5870,312,sum-of-interior-angles-more-than-3-sides,False,True,True,False,4,1.0,0.0,0.0,,1.0,0.0,4.0
ablate_stage3,ablation,w/o Auto Verification (Stage 3),5870,312,sum-of-interior-angles-more-than-3-sides,True,True,False,False,1,,,,0.0,,,
naive,baseline,Naive Prompting,6694,791,equation-solving,False,False,True,False,3,0.0,1.0,0.0,,0.0,1.0,3.0
template,baseline,Template-only,6694,791,equation-solving,True,True,True,False,3,1.0,0.0,0.0,0.0,1.0,0.0,3.0
full,baseline,MetaKT-Verba (Full),6694,791,equation-solving,True,True,True,False,3,0.0,1.0,0.0,0.0,0.0,1.0,3.0
ablate_stage1,ablation,w/o Symbolic Grounding (Stage 1),6694,791,equation-solving,True,False,True,False,3,0.0,1.0,0.0,0.0,0.0,1.0,3.0
ablate_citation,ablation,w/o Citation-Forcing Prompt,6694,791,equation-solving,False,True,True,False,4,0.0,1.0,0.0,,0.0,1.0,4.0
ablate_stage3,ablation,w/o Auto Verification (Stage 3),6694,791,equation-solving,True,True,False,False,3,,,,0.0,,,
naive,baseline,Naive Prompting,205,330,scientific-notation,False,False,True,False,3,1.0,0.0,0.0,,1.0,0.0,3.0
template,baseline,Template-only,205,330,scientific-notation,True,True,True,False,1,1.0,0.0,0.0,0.0,1.0,0.0,1.0
full,baseline,MetaKT-Verba (Full),205,330,scientific-notation,True,True,True,False,1,1.0,0.0,0.0,0.0,1.0,0.0,1.0
ablate_stage1,ablation,w/o Symbolic Grounding (Stage 1),205,330,scientific-notation,True,False,True,False,3,1.0,0.0,0.0,0.0,1.0,0.0,3.0
ablate_citation,ablation,w/o Citation-Forcing Prompt,205,330,scientific-notation,False,True,True,False,4,1.0,0.0,0.0,,1.0,0.0,4.0
ablate_stage3,ablation,w/o Auto Verification (Stage 3),205,330,scientific-notation,True,True,False,False,1,,,,0.0,,,
naive,baseline,Naive Prompting,7028,342,noskill,False,False,True,False,3,1.0,0.0,0.0,,1.0,0.0,3.0
template,baseline,Template-only,7028,342,noskill,True,True,True,False,1,1.0,0.0,0.0,0.0,1.0,0.0,1.0
full,baseline,MetaKT-Verba (Full),7028,342,noskill,True,True,True,False,1,1.0,0.0,0.0,0.0,1.0,0.0,1.0
ablate_stage1,ablation,w/o Symbolic Grounding (Stage 1),7028,342,noskill,True,False,True,False,3,1.0,0.0,0.0,0.0,1.0,0.0,3.0
ablate_citation,ablation,w/o Citation-Forcing Prompt,7028,342,noskill,False,True,True,False,4,1.0,0.0,0.0,,1.0,0.0,4.0
ablate_stage3,ablation,w/o Auto Verification (Stage 3),7028,342,noskill,True,True,False,False,1,,,,0.0,,,
naive,baseline,Naive Prompting,1951,301,pattern-finding,False,False,True,False,4,0.0,1.0,0.0,,0.0,1.0,4.0
template,baseline,Template-only,1951,301,pattern-finding,True,True,True,False,2,1.0,0.0,0.0,0.0,1.0,0.0,2.0
full,baseline,MetaKT-Verba (Full),1951,301,pattern-finding,True,True,True,False,2,0.0,1.0,0.0,0.0,0.0,1.0,2.0
ablate_stage1,ablation,w/o Symbolic Grounding (Stage 1),1951,301,pattern-finding,True,False,True,False,4,0.0,1.0,0.0,0.0,0.0,1.0,4.0
ablate_citation,ablation,w/o Citation-Forcing Prompt,1951,301,pattern-finding,False,True,True,False,4,0.25,0.75,0.0,,0.25,0.75,4.0
ablate_stage3,ablation,w/o Auto Verification (Stage 3),1951,301,pattern-finding,True,True,False,False,2,,,,0.0,,,
naive,baseline,Naive Prompting,2230,340,number-line,False,False,True,False,3,0.0,1.0,0.0,,0.0,1.0,3.0
template,baseline,Template-only,2230,340,number-line,True,True,True,False,3,1.0,0.0,0.0,0.0,1.0,0.0,3.0
full,baseline,MetaKT-Verba (Full),2230,340,number-line,True,True,True,False,3,0.3333333333333333,0.6666666666666666,0.0,0.0,0.3333333333333333,0.6666666666666666,3.0
ablate_stage1,ablation,w/o Symbolic Grounding (Stage 1),2230,340,number-line,True,False,True,False,3,0.3333333333333333,0.6666666666666666,0.0,0.0,0.3333333333333333,0.6666666666666666,3.0
ablate_citation,ablation,w/o Citation-Forcing Prompt,2230,340,number-line,False,True,True,False,4,0.0,1.0,0.0,,0.0,1.0,4.0
ablate_stage3,ablation,w/o Auto Verification (Stage 3),2230,340,number-line,True,True,False,False,3,,,,0.0,,,
naive,baseline,Naive Prompting,2252,15,sum-of-interior-angles-triangle,False,False,True,False,3,0.0,1.0,0.0,,0.0,1.0,3.0
template,baseline,Template-only,2252,15,sum-of-interior-angles-triangle,True,True,True,False,2,1.0,0.0,0.0,0.0,1.0,0.0,2.0
full,baseline,MetaKT-Verba (Full),2252,15,sum-of-interior-angles-triangle,True,True,True,False,2,0.0,1.0,0.0,0.0,0.0,1.0,2.0
ablate_stage1,ablation,w/o Symbolic Grounding (Stage 1),2252,15,sum-of-interior-angles-triangle,True,False,True,False,3,0.3333333333333333,0.6666666666666666,0.0,0.0,0.3333333333333333,0.6666666666666666,3.0
ablate_citation,ablation,w/o Citation-Forcing Prompt,2252,15,sum-of-interior-angles-triangle,False,True,True,False,4,0.25,0.75,0.0,,0.25,0.75,4.0
ablate_stage3,ablation,w/o Auto Verification (Stage 3),2252,15,sum-of-interior-angles-triangle,True,True,False,False,2,,,,0.0,,,
naive,baseline,Naive Prompting,3435,264,probability,False,False,True,False,4,0.0,1.0,0.0,,0.0,1.0,4.0
template,baseline,Template-only,3435,264,probability,True,True,True,False,1,1.0,0.0,0.0,0.0,1.0,0.0,1.0
full,baseline,MetaKT-Verba (Full),3435,264,probability,True,True,True,False,3,0.3333333333333333,0.6666666666666666,0.0,0.0,0.3333333333333333,0.6666666666666666,3.0
ablate_stage1,ablation,w/o Symbolic Grounding (Stage 1),3435,264,probability,True,False,True,False,3,0.0,1.0,0.0,0.0,0.0,1.0,3.0
ablate_citation,ablation,w/o Citation-Forcing Prompt,3435,264,probability,False,True,True,False,4,0.25,0.75,0.0,,0.25,0.75,4.0
ablate_stage3,ablation,w/o Auto Verification (Stage 3),3435,264,probability,True,True,False,False,3,,,,0.0,,,
naive,baseline,Naive Prompting,2607,509,unit-conversion,False,False,True,False,3,0.0,1.0,0.0,,0.0,1.0,3.0
template,baseline,Template-only,2607,509,unit-conversion,True,True,True,False,2,1.0,0.0,0.0,0.0,1.0,0.0,2.0
full,baseline,MetaKT-Verba (Full),2607,509,unit-conversion,True,True,True,False,3,0.0,1.0,0.0,0.0,0.0,1.0,3.0
ablate_stage1,ablation,w/o Symbolic Grounding (Stage 1),2607,509,unit-conversion,True,False,True,False,3,0.0,1.0,0.0,0.0,0.0,1.0,3.0
ablate_citation,ablation,w/o Citation-Forcing Prompt,2607,509,unit-conversion,False,True,True,False,4,0.0,1.0,0.0,,0.0,1.0,4.0
ablate_stage3,ablation,w/o Auto Verification (Stage 3),2607,509,unit-conversion,True,True,False,False,3,,,,0.0,,,
naive,baseline,Naive Prompting,3506,135,multiplying-decimals,False,False,True,False,4,1.0,0.0,0.0,,1.0,0.0,4.0
template,baseline,Template-only,3506,135,multiplying-decimals,True,True,True,False,1,1.0,0.0,0.0,0.0,1.0,0.0,1.0
full,baseline,MetaKT-Verba (Full),3506,135,multiplying-decimals,True,True,True,False,1,1.0,0.0,0.0,0.0,1.0,0.0,1.0
ablate_stage1,ablation,w/o Symbolic Grounding (Stage 1),3506,135,multiplying-decimals,True,False,True,False,4,1.0,0.0,0.0,0.0,1.0,0.0,4.0
ablate_citation,ablation,w/o Citation-Forcing Prompt,3506,135,multiplying-decimals,False,True,True,False,4,1.0,0.0,0.0,,1.0,0.0,4.0
ablate_stage3,ablation,w/o Auto Verification (Stage 3),3506,135,multiplying-decimals,True,True,False,False,1,,,,0.0,,,
naive,baseline,Naive Prompting,3371,968,inequality-solving,False,False,True,False,4,0.0,1.0,0.0,,0.0,1.0,4.0
template,baseline,Template-only,3371,968,inequality-solving,True,True,True,False,2,1.0,0.0,0.0,0.0,1.0,0.0,2.0
full,baseline,MetaKT-Verba (Full),3371,968,inequality-solving,True,True,True,False,2,0.5,0.5,0.0,0.0,0.5,0.5,2.0
ablate_stage1,ablation,w/o Symbolic Grounding (Stage 1),3371,968,inequality-solving,True,False,True,False,3,0.0,1.0,0.0,0.0,0.0,1.0,3.0
ablate_citation,ablation,w/o Citation-Forcing Prompt,3371,968,inequality-solving,False,True,True,False,4,0.0,1.0,0.0,,0.0,1.0,4.0
ablate_stage3,ablation,w/o Auto Verification (Stage 3),3371,968,inequality-solving,True,True,False,False,2,,,,0.0,,,
naive,baseline,Naive Prompting,6315,420,graph interpretation,False,False,True,False,2,0.0,1.0,0.0,,0.0,1.0,2.0
template,baseline,Template-only,6315,420,graph interpretation,True,True,True,False,1,1.0,0.0,0.0,0.0,1.0,0.0,1.0
full,baseline,MetaKT-Verba (Full),6315,420,graph interpretation,True,True,True,False,3,0.3333333333333333,0.6666666666666666,0.0,0.0,0.3333333333333333,0.6666666666666666,3.0
ablate_stage1,ablation,w/o Symbolic Grounding (Stage 1),6315,420,graph interpretation,True,False,True,False,3,0.0,1.0,0.0,0.0,0.0,1.0,3.0
ablate_citation,ablation,w/o Citation-Forcing Prompt,6315,420,graph interpretation,False,True,True,False,4,0.0,1.0,0.0,,0.0,1.0,4.0
ablate_stage3,ablation,w/o Auto Verification (Stage 3),6315,420,graph interpretation,True,True,False,False,3,,,,0.0,,,
naive,baseline,Naive Prompting,2071,41,properties-of-geometric-figures,False,False,True,False,3,1.0,0.0,0.0,,1.0,0.0,3.0
template,baseline,Template-only,2071,41,properties-of-geometric-figures,True,True,True,False,1,1.0,0.0,0.0,0.0,1.0,0.0,1.0
full,baseline,MetaKT-Verba (Full),2071,41,properties-of-geometric-figures,True,True,True,False,1,1.0,0.0,0.0,0.0,1.0,0.0,1.0
ablate_stage1,ablation,w/o Symbolic Grounding (Stage 1),2071,41,properties-of-geometric-figures,True,False,True,False,3,1.0,0.0,0.0,0.0,1.0,0.0,3.0
ablate_citation,ablation,w/o Citation-Forcing Prompt,2071,41,properties-of-geometric-figures,False,True,True,False,4,1.0,0.0,0.0,,1.0,0.0,4.0
ablate_stage3,ablation,w/o Auto Verification (Stage 3),2071,41,properties-of-geometric-figures,True,True,False,False,1,,,,0.0,,,
naive,baseline,Naive Prompting,4663,18,reading-graph,False,False,True,False,4,1.0,0.0,0.0,,1.0,0.0,4.0
template,baseline,Template-only,4663,18,reading-graph,True,True,True,False,1,1.0,0.0,0.0,0.0,1.0,0.0,1.0
full,baseline,MetaKT-Verba (Full),4663,18,reading-graph,True,True,True,False,1,1.0,0.0,0.0,0.0,1.0,0.0,1.0
ablate_stage1,ablation,w/o Symbolic Grounding (Stage 1),4663,18,reading-graph,True,False,True,False,3,1.0,0.0,0.0,0.0,1.0,0.0,3.0
ablate_citation,ablation,w/o Citation-Forcing Prompt,4663,18,reading-graph,False,True,True,False,4,1.0,0.0,0.0,,1.0,0.0,4.0
ablate_stage3,ablation,w/o Auto Verification (Stage 3),4663,18,reading-graph,True,True,False,False,1,,,,0.0,,,
naive,baseline,Naive Prompting,3408,706,square-root,False,False,True,False,3,0.0,1.0,0.0,,0.0,1.0,3.0
template,baseline,Template-only,3408,706,square-root,True,True,True,False,2,1.0,0.0,0.0,0.0,1.0,0.0,2.0
full,baseline,MetaKT-Verba (Full),3408,706,square-root,True,True,True,False,2,1.0,0.0,0.0,0.0,1.0,0.0,2.0
ablate_stage1,ablation,w/o Symbolic Grounding (Stage 1),3408,706,square-root,True,False,True,False,3,0.0,1.0,0.0,0.0,0.0,1.0,3.0
ablate_citation,ablation,w/o Citation-Forcing Prompt,3408,706,square-root,False,True,True,False,4,0.0,1.0,0.0,,0.0,1.0,4.0
ablate_stage3,ablation,w/o Auto Verification (Stage 3),3408,706,square-root,True,True,False,False,2,,,,0.0,,,
naive,baseline,Naive Prompting,6782,520,pattern-finding,False,False,True,False,4,0.25,0.75,0.0,,0.25,0.75,4.0
template,baseline,Template-only,6782,520,pattern-finding,True,True,True,False,2,1.0,0.0,0.0,0.0,1.0,0.0,2.0
full,baseline,MetaKT-Verba (Full),6782,520,pattern-finding,True,True,True,False,2,0.5,0.5,0.0,0.0,0.5,0.5,2.0
ablate_stage1,ablation,w/o Symbolic Grounding (Stage 1),6782,520,pattern-finding,True,False,True,False,3,0.3333333333333333,0.6666666666666666,0.0,0.0,0.3333333333333333,0.6666666666666666,3.0
ablate_citation,ablation,w/o Citation-Forcing Prompt,6782,520,pattern-finding,False,True,True,False,4,0.25,0.75,0.0,,0.25,0.75,4.0
ablate_stage3,ablation,w/o Auto Verification (Stage 3),6782,520,pattern-finding,True,True,False,False,2,,,,0.0,,,
naive,baseline,Naive Prompting,3553,203,linear-area-volume-conversion,False,False,True,False,4,0.0,1.0,0.0,,0.0,1.0,4.0
template,baseline,Template-only,3553,203,linear-area-volume-conversion,True,True,True,False,2,1.0,0.0,0.0,0.0,1.0,0.0,2.0
full,baseline,MetaKT-Verba (Full),3553,203,linear-area-volume-conversion,True,True,True,False,2,0.0,1.0,0.0,0.0,0.0,1.0,2.0
ablate_stage1,ablation,w/o Symbolic Grounding (Stage 1),3553,203,linear-area-volume-conversion,True,False,True,False,4,0.25,0.75,0.0,0.0,0.25,0.75,4.0
ablate_citation,ablation,w/o Citation-Forcing Prompt,3553,203,linear-area-volume-conversion,False,True,True,False,2,0.0,1.0,0.0,,0.0,1.0,2.0
ablate_stage3,ablation,w/o Auto Verification (Stage 3),3553,203,linear-area-volume-conversion,True,True,False,False,2,,,,0.0,,,
naive,baseline,Naive Prompting,5711,104,transformations-rotations,False,False,True,False,4,0.0,1.0,0.0,,0.0,1.0,4.0
template,baseline,Template-only,5711,104,transformations-rotations,True,True,True,False,2,1.0,0.0,0.0,0.0,1.0,0.0,2.0
full,baseline,MetaKT-Verba (Full),5711,104,transformations-rotations,True,True,True,False,2,0.0,1.0,0.0,0.0,0.0,1.0,2.0
ablate_stage1,ablation,w/o Symbolic Grounding (Stage 1),5711,104,transformations-rotations,True,False,True,False,3,0.0,1.0,0.0,0.0,0.0,1.0,3.0
ablate_citation,ablation,w/o Citation-Forcing Prompt,5711,104,transformations-rotations,False,True,True,False,4,0.0,1.0,0.0,,0.0,1.0,4.0
ablate_stage3,ablation,w/o Auto Verification (Stage 3),5711,104,transformations-rotations,True,True,False,False,2,,,,0.0,,,
naive,baseline,Naive Prompting,291,191,inequality-solving,False,False,True,False,4,0.25,0.75,0.0,,0.25,0.75,4.0
template,baseline,Template-only,291,191,inequality-solving,True,True,True,False,3,1.0,0.0,0.0,0.0,1.0,0.0,3.0
full,baseline,MetaKT-Verba (Full),291,191,inequality-solving,True,True,True,False,3,0.0,1.0,0.0,0.0,0.0,1.0,3.0
ablate_stage1,ablation,w/o Symbolic Grounding (Stage 1),291,191,inequality-solving,True,False,True,False,3,0.3333333333333333,0.6666666666666666,0.0,0.0,0.3333333333333333,0.6666666666666666,3.0
ablate_citation,ablation,w/o Citation-Forcing Prompt,291,191,inequality-solving,False,True,True,False,4,0.0,1.0,0.0,,0.0,1.0,4.0
ablate_stage3,ablation,w/o Auto Verification (Stage 3),291,191,inequality-solving,True,True,False,False,3,,,,0.0,,,
naive,baseline,Naive Prompting,640,140,p-patterns-relations-algebra,False,False,True,False,4,1.0,0.0,0.0,,1.0,0.0,4.0
template,baseline,Template-only,640,140,p-patterns-relations-algebra,True,True,True,False,1,1.0,0.0,0.0,0.0,1.0,0.0,1.0
full,baseline,MetaKT-Verba (Full),640,140,p-patterns-relations-algebra,True,True,True,False,1,1.0,0.0,0.0,0.0,1.0,0.0,1.0
ablate_stage1,ablation,w/o Symbolic Grounding (Stage 1),640,140,p-patterns-relations-algebra,True,False,True,False,4,1.0,0.0,0.0,0.0,1.0,0.0,4.0
ablate_citation,ablation,w/o Citation-Forcing Prompt,640,140,p-patterns-relations-algebra,False,True,True,False,4,1.0,0.0,0.0,,1.0,0.0,4.0
ablate_stage3,ablation,w/o Auto Verification (Stage 3),640,140,p-patterns-relations-algebra,True,True,False,False,1,,,,0.0,,,
naive,baseline,Naive Prompting,3408,975,equivalent-fractions-decimals-percents,False,False,True,False,2,0.0,1.0,0.0,,0.0,1.0,2.0
template,baseline,Template-only,3408,975,equivalent-fractions-decimals-percents,True,True,True,False,2,1.0,0.0,0.0,0.0,1.0,0.0,2.0
full,baseline,MetaKT-Verba (Full),3408,975,equivalent-fractions-decimals-percents,True,True,True,False,2,0.0,1.0,0.0,0.0,0.0,1.0,2.0
ablate_stage1,ablation,w/o Symbolic Grounding (Stage 1),3408,975,equivalent-fractions-decimals-percents,True,False,True,False,3,0.0,1.0,0.0,0.0,0.0,1.0,3.0
ablate_citation,ablation,w/o Citation-Forcing Prompt,3408,975,equivalent-fractions-decimals-percents,False,True,True,False,4,0.25,0.75,0.0,,0.25,0.75,4.0
ablate_stage3,ablation,w/o Auto Verification (Stage 3),3408,975,equivalent-fractions-decimals-percents,True,True,False,False,2,,,,0.0,,,
naive,baseline,Naive Prompting,6287,546,probability,False,False,True,False,3,0.0,1.0,0.0,,0.0,1.0,3.0
template,baseline,Template-only,6287,546,probability,True,True,True,False,2,1.0,0.0,0.0,0.0,1.0,0.0,2.0
full,baseline,MetaKT-Verba (Full),6287,546,probability,True,True,True,False,2,0.0,1.0,0.0,0.0,0.0,1.0,2.0
ablate_stage1,ablation,w/o Symbolic Grounding (Stage 1),6287,546,probability,True,False,True,False,3,0.0,1.0,0.0,0.0,0.0,1.0,3.0
ablate_citation,ablation,w/o Citation-Forcing Prompt,6287,546,probability,False,True,True,False,4,0.0,1.0,0.0,,0.0,1.0,4.0
ablate_stage3,ablation,w/o Auto Verification (Stage 3),6287,546,probability,True,True,False,False,2,,,,0.0,,,
naive,baseline,Naive Prompting,7365,439,inequality-solving,False,False,True,False,4,0.25,0.75,0.0,,0.25,0.75,4.0
template,baseline,Template-only,7365,439,inequality-solving,True,True,True,False,2,1.0,0.0,0.0,0.0,1.0,0.0,2.0
full,baseline,MetaKT-Verba (Full),7365,439,inequality-solving,True,True,True,False,2,0.5,0.5,0.0,0.0,0.5,0.5,2.0
ablate_stage1,ablation,w/o Symbolic Grounding (Stage 1),7365,439,inequality-solving,True,False,True,False,3,0.0,1.0,0.0,0.0,0.0,1.0,3.0
ablate_citation,ablation,w/o Citation-Forcing Prompt,7365,439,inequality-solving,False,True,True,False,4,0.0,1.0,0.0,,0.0,1.0,4.0
ablate_stage3,ablation,w/o Auto Verification (Stage 3),7365,439,inequality-solving,True,True,False,False,2,,,,0.0,,,
naive,baseline,Naive Prompting,6222,271,square-root,False,False,True,False,4,0.0,1.0,0.0,,0.0,1.0,4.0
template,baseline,Template-only,6222,271,square-root,True,True,True,False,2,1.0,0.0,0.0,0.0,1.0,0.0,2.0
full,baseline,MetaKT-Verba (Full),6222,271,square-root,True,True,True,False,2,0.0,1.0,0.0,0.0,0.0,1.0,2.0
ablate_stage1,ablation,w/o Symbolic Grounding (Stage 1),6222,271,square-root,True,False,True,False,3,0.3333333333333333,0.6666666666666666,0.0,0.0,0.3333333333333333,0.6666666666666666,3.0
ablate_citation,ablation,w/o Citation-Forcing Prompt,6222,271,square-root,False,True,True,False,4,0.5,0.5,0.0,,0.5,0.5,4.0
ablate_stage3,ablation,w/o Auto Verification (Stage 3),6222,271,square-root,True,True,False,False,2,,,,0.0,,,
naive,baseline,Naive Prompting,832,822,percents,False,False,True,False,2,0.0,1.0,0.0,,0.0,1.0,2.0
template,baseline,Template-only,832,822,percents,True,True,True,False,2,1.0,0.0,0.0,0.0,1.0,0.0,2.0
full,baseline,MetaKT-Verba (Full),832,822,percents,True,True,True,False,2,0.0,1.0,0.0,0.0,0.0,1.0,2.0
ablate_stage1,ablation,w/o Symbolic Grounding (Stage 1),832,822,percents,True,False,True,False,3,0.0,1.0,0.0,0.0,0.0,1.0,3.0
ablate_citation,ablation,w/o Citation-Forcing Prompt,832,822,percents,False,True,True,False,2,0.0,1.0,0.0,,0.0,1.0,2.0
ablate_stage3,ablation,w/o Auto Verification (Stage 3),832,822,percents,True,True,False,False,2,,,,0.0,,,
naive,baseline,Naive Prompting,240,585,finding-percents,False,False,True,False,4,0.0,1.0,0.0,,0.0,1.0,4.0
template,baseline,Template-only,240,585,finding-percents,True,True,True,False,1,1.0,0.0,0.0,0.0,1.0,0.0,1.0
full,baseline,MetaKT-Verba (Full),240,585,finding-percents,True,True,True,False,3,0.3333333333333333,0.6666666666666666,0.0,0.0,0.3333333333333333,0.6666666666666666,3.0
ablate_stage1,ablation,w/o Symbolic Grounding (Stage 1),240,585,finding-percents,True,False,True,False,4,0.0,1.0,0.0,0.0,0.0,1.0,4.0
ablate_citation,ablation,w/o Citation-Forcing Prompt,240,585,finding-percents,False,True,True,False,4,0.0,1.0,0.0,,0.0,1.0,4.0
ablate_stage3,ablation,w/o Auto Verification (Stage 3),240,585,finding-percents,True,True,False,False,3,,,,0.0,,,
naive,baseline,Naive Prompting,929,182,perimeter,False,False,True,False,4,0.0,1.0,0.0,,0.0,1.0,4.0
template,baseline,Template-only,929,182,perimeter,True,True,True,False,1,1.0,0.0,0.0,0.0,1.0,0.0,1.0
full,baseline,MetaKT-Verba (Full),929,182,perimeter,True,True,True,False,3,1.0,0.0,0.0,0.0,1.0,0.0,3.0
ablate_stage1,ablation,w/o Symbolic Grounding (Stage 1),929,182,perimeter,True,False,True,False,3,0.0,1.0,0.0,0.0,0.0,1.0,3.0
ablate_citation,ablation,w/o Citation-Forcing Prompt,929,182,perimeter,False,True,True,False,4,0.75,0.25,0.0,,0.75,0.25,4.0
ablate_stage3,ablation,w/o Auto Verification (Stage 3),929,182,perimeter,True,True,False,False,3,,,,0.0,,,
naive,baseline,Naive Prompting,1989,35,pattern-finding,False,False,True,False,4,0.0,1.0,0.0,,0.0,1.0,4.0
template,baseline,Template-only,1989,35,pattern-finding,True,True,True,False,1,1.0,0.0,0.0,0.0,1.0,0.0,1.0
full,baseline,MetaKT-Verba (Full),1989,35,pattern-finding,True,True,True,False,3,0.3333333333333333,0.6666666666666666,0.0,0.0,0.3333333333333333,0.6666666666666666,3.0
ablate_stage1,ablation,w/o Symbolic Grounding (Stage 1),1989,35,pattern-finding,True,False,True,False,3,0.3333333333333333,0.6666666666666666,0.0,0.0,0.3333333333333333,0.6666666666666666,3.0
ablate_citation,ablation,w/o Citation-Forcing Prompt,1989,35,pattern-finding,False,True,True,False,4,0.0,1.0,0.0,,0.0,1.0,4.0
ablate_stage3,ablation,w/o Auto Verification (Stage 3),1989,35,pattern-finding,True,True,False,False,3,,,,0.0,,,
naive,baseline,Naive Prompting,6298,275,venn-diagram,False,False,True,False,4,0.0,1.0,0.0,,0.0,1.0,4.0
template,baseline,Template-only,6298,275,venn-diagram,True,True,True,False,2,1.0,0.0,0.0,0.0,1.0,0.0,2.0
full,baseline,MetaKT-Verba (Full),6298,275,venn-diagram,True,True,True,False,2,0.0,1.0,0.0,0.0,0.0,1.0,2.0
ablate_stage1,ablation,w/o Symbolic Grounding (Stage 1),6298,275,venn-diagram,True,False,True,False,3,0.0,1.0,0.0,0.0,0.0,1.0,3.0
ablate_citation,ablation,w/o Citation-Forcing Prompt,6298,275,venn-diagram,False,True,True,False,4,0.0,1.0,0.0,,0.0,1.0,4.0
ablate_stage3,ablation,w/o Auto Verification (Stage 3),6298,275,venn-diagram,True,True,False,False,2,,,,0.0,,,
naive,baseline,Naive Prompting,5781,336,percent-of,False,False,True,False,3,0.0,1.0,0.0,,0.0,1.0,3.0
template,baseline,Template-only,5781,336,percent-of,True,True,True,False,2,1.0,0.0,0.0,0.0,1.0,0.0,2.0
full,baseline,MetaKT-Verba (Full),5781,336,percent-of,True,True,True,False,2,0.0,1.0,0.0,0.0,0.0,1.0,2.0
ablate_stage1,ablation,w/o Symbolic Grounding (Stage 1),5781,336,percent-of,True,False,True,False,3,0.0,1.0,0.0,0.0,0.0,1.0,3.0
ablate_citation,ablation,w/o Citation-Forcing Prompt,5781,336,percent-of,False,True,True,False,4,0.25,0.75,0.0,,0.25,0.75,4.0
ablate_stage3,ablation,w/o Auto Verification (Stage 3),5781,336,percent-of,True,True,False,False,2,,,,0.0,,,
naive,baseline,Naive Prompting,7329,446,probability,False,False,True,False,4,0.0,1.0,0.0,,0.0,1.0,4.0
template,baseline,Template-only,7329,446,probability,True,True,True,False,2,1.0,0.0,0.0,0.0,1.0,0.0,2.0
full,baseline,MetaKT-Verba (Full),7329,446,probability,True,True,True,False,2,0.5,0.5,0.0,0.0,0.5,0.5,2.0
ablate_stage1,ablation,w/o Symbolic Grounding (Stage 1),7329,446,probability,True,False,True,False,3,0.0,1.0,0.0,0.0,0.0,1.0,3.0
ablate_citation,ablation,w/o Citation-Forcing Prompt,7329,446,probability,False,True,True,False,4,0.0,1.0,0.0,,0.0,1.0,4.0
ablate_stage3,ablation,w/o Auto Verification (Stage 3),7329,446,probability,True,True,False,False,2,,,,0.0,,,
naive,baseline,Naive Prompting,7613,114,interpreting-linear-equations,False,False,True,False,3,0.0,1.0,0.0,,0.0,1.0,3.0
template,baseline,Template-only,7613,114,interpreting-linear-equations,True,True,True,False,2,1.0,0.0,0.0,0.0,1.0,0.0,2.0
full,baseline,MetaKT-Verba (Full),7613,114,interpreting-linear-equations,True,True,True,False,2,0.0,1.0,0.0,0.0,0.0,1.0,2.0
ablate_stage1,ablation,w/o Symbolic Grounding (Stage 1),7613,114,interpreting-linear-equations,True,False,True,False,3,0.0,1.0,0.0,0.0,0.0,1.0,3.0
ablate_citation,ablation,w/o Citation-Forcing Prompt,7613,114,interpreting-linear-equations,False,True,True,False,4,0.0,1.0,0.0,,0.0,1.0,4.0
ablate_stage3,ablation,w/o Auto Verification (Stage 3),7613,114,interpreting-linear-equations,True,True,False,False,2,,,,0.0,,,
naive,baseline,Naive Prompting,2252,517,mean,False,False,True,False,4,1.0,0.0,0.0,,1.0,0.0,4.0
template,baseline,Template-only,2252,517,mean,True,True,True,False,1,1.0,0.0,0.0,0.0,1.0,0.0,1.0
full,baseline,MetaKT-Verba (Full),2252,517,mean,True,True,True,False,1,1.0,0.0,0.0,0.0,1.0,0.0,1.0
ablate_stage1,ablation,w/o Symbolic Grounding (Stage 1),2252,517,mean,True,False,True,False,3,1.0,0.0,0.0,0.0,1.0,0.0,3.0
ablate_citation,ablation,w/o Citation-Forcing Prompt,2252,517,mean,False,True,True,False,4,1.0,0.0,0.0,,1.0,0.0,4.0
ablate_stage3,ablation,w/o Auto Verification (Stage 3),2252,517,mean,True,True,False,False,1,,,,0.0,,,
naive,baseline,Naive Prompting,828,479,multiplication,False,False,True,False,3,0.0,1.0,0.0,,0.0,1.0,3.0
template,baseline,Template-only,828,479,multiplication,True,True,True,False,1,1.0,0.0,0.0,0.0,1.0,0.0,1.0
full,baseline,MetaKT-Verba (Full),828,479,multiplication,True,True,True,False,1,0.0,1.0,0.0,0.0,0.0,1.0,1.0
ablate_stage1,ablation,w/o Symbolic Grounding (Stage 1),828,479,multiplication,True,False,True,False,3,0.0,1.0,0.0,0.0,0.0,1.0,3.0
ablate_citation,ablation,w/o Citation-Forcing Prompt,828,479,multiplication,False,True,True,False,4,0.0,1.0,0.0,,0.0,1.0,4.0
ablate_stage3,ablation,w/o Auto Verification (Stage 3),828,479,multiplication,True,True,False,False,1,,,,0.0,,,
naive,baseline,Naive Prompting,6948,148,inducing-functions,False,False,True,False,3,0.0,1.0,0.0,,0.0,1.0,3.0
template,baseline,Template-only,6948,148,inducing-functions,True,True,True,False,2,1.0,0.0,0.0,0.0,1.0,0.0,2.0
full,baseline,MetaKT-Verba (Full),6948,148,inducing-functions,True,True,True,False,3,0.6666666666666666,0.3333333333333333,0.0,0.0,0.6666666666666666,0.3333333333333333,3.0
ablate_stage1,ablation,w/o Symbolic Grounding (Stage 1),6948,148,inducing-functions,True,False,True,False,3,0.0,1.0,0.0,0.0,0.0,1.0,3.0
ablate_citation,ablation,w/o Citation-Forcing Prompt,6948,148,inducing-functions,False,True,True,False,4,0.75,0.25,0.0,,0.75,0.25,4.0
ablate_stage3,ablation,w/o Auto Verification (Stage 3),6948,148,inducing-functions,True,True,False,False,3,,,,0.0,,,
naive,baseline,Naive Prompting,2895,19,multiplying-decimals,False,False,True,False,4,0.0,1.0,0.0,,0.0,1.0,4.0
template,baseline,Template-only,2895,19,multiplying-decimals,True,True,True,False,2,1.0,0.0,0.0,0.0,1.0,0.0,2.0
full,baseline,MetaKT-Verba (Full),2895,19,multiplying-decimals,True,True,True,False,2,0.0,1.0,0.0,0.0,0.0,1.0,2.0
ablate_stage1,ablation,w/o Symbolic Grounding (Stage 1),2895,19,multiplying-decimals,True,False,True,False,4,0.0,1.0,0.0,0.0,0.0,1.0,4.0
ablate_citation,ablation,w/o Citation-Forcing Prompt,2895,19,multiplying-decimals,False,True,True,False,4,0.0,1.0,0.0,,0.0,1.0,4.0
ablate_stage3,ablation,w/o Auto Verification (Stage 3),2895,19,multiplying-decimals,True,True,False,False,2,,,,0.0,,,
naive,baseline,Naive Prompting,5711,425,substitution,False,False,True,False,4,0.0,1.0,0.0,,0.0,1.0,4.0
template,baseline,Template-only,5711,425,substitution,True,True,True,False,2,1.0,0.0,0.0,0.0,1.0,0.0,2.0
full,baseline,MetaKT-Verba (Full),5711,425,substitution,True,True,True,False,2,0.0,1.0,0.0,0.0,0.0,1.0,2.0
ablate_stage1,ablation,w/o Symbolic Grounding (Stage 1),5711,425,substitution,True,False,True,False,3,0.0,1.0,0.0,0.0,0.0,1.0,3.0
ablate_citation,ablation,w/o Citation-Forcing Prompt,5711,425,substitution,False,True,True,False,4,0.25,0.75,0.0,,0.25,0.75,4.0
ablate_stage3,ablation,w/o Auto Verification (Stage 3),5711,425,substitution,True,True,False,False,2,,,,0.0,,,
naive,baseline,Naive Prompting,3778,499,fraction-division,False,False,True,False,2,0.0,1.0,0.0,,0.0,1.0,2.0
template,baseline,Template-only,3778,499,fraction-division,True,True,True,False,2,1.0,0.0,0.0,0.0,1.0,0.0,2.0
full,baseline,MetaKT-Verba (Full),3778,499,fraction-division,True,True,True,False,2,0.0,1.0,0.0,0.0,0.0,1.0,2.0
ablate_stage1,ablation,w/o Symbolic Grounding (Stage 1),3778,499,fraction-division,True,False,True,False,4,0.0,1.0,0.0,0.0,0.0,1.0,4.0
ablate_citation,ablation,w/o Citation-Forcing Prompt,3778,499,fraction-division,False,True,True,False,4,0.0,1.0,0.0,,0.0,1.0,4.0
ablate_stage3,ablation,w/o Auto Verification (Stage 3),3778,499,fraction-division,True,True,False,False,2,,,,0.0,,,
naive,baseline,Naive Prompting,2663,160,pattern-finding,False,False,True,False,4,0.0,1.0,0.0,,0.0,1.0,4.0
template,baseline,Template-only,2663,160,pattern-finding,True,True,True,False,2,1.0,0.0,0.0,0.0,1.0,0.0,2.0
full,baseline,MetaKT-Verba (Full),2663,160,pattern-finding,True,True,True,False,3,0.3333333333333333,0.6666666666666666,0.0,0.0,0.3333333333333333,0.6666666666666666,3.0
ablate_stage1,ablation,w/o Symbolic Grounding (Stage 1),2663,160,pattern-finding,True,False,True,False,3,0.3333333333333333,0.6666666666666666,0.0,0.0,0.3333333333333333,0.6666666666666666,3.0
ablate_citation,ablation,w/o Citation-Forcing Prompt,2663,160,pattern-finding,False,True,True,False,4,0.25,0.75,0.0,,0.25,0.75,4.0
ablate_stage3,ablation,w/o Auto Verification (Stage 3),2663,160,pattern-finding,True,True,False,False,3,,,,0.0,,,
naive,baseline,Naive Prompting,7233,469,evaluating-functions,False,False,True,False,4,0.0,1.0,0.0,,0.0,1.0,4.0
template,baseline,Template-only,7233,469,evaluating-functions,True,True,True,False,2,1.0,0.0,0.0,0.0,1.0,0.0,2.0
full,baseline,MetaKT-Verba (Full),7233,469,evaluating-functions,True,True,True,False,2,0.5,0.5,0.0,0.0,0.5,0.5,2.0
ablate_stage1,ablation,w/o Symbolic Grounding (Stage 1),7233,469,evaluating-functions,True,False,True,False,3,0.0,1.0,0.0,0.0,0.0,1.0,3.0
ablate_citation,ablation,w/o Citation-Forcing Prompt,7233,469,evaluating-functions,False,True,True,False,4,0.0,1.0,0.0,,0.0,1.0,4.0
ablate_stage3,ablation,w/o Auto Verification (Stage 3),7233,469,evaluating-functions,True,True,False,False,2,,,,0.0,,,
naive,baseline,Naive Prompting,3061,1653,evaluating-functions,False,False,True,False,3,0.0,1.0,0.0,,0.0,1.0,3.0
template,baseline,Template-only,3061,1653,evaluating-functions,True,True,True,False,1,1.0,0.0,0.0,0.0,1.0,0.0,1.0
full,baseline,MetaKT-Verba (Full),3061,1653,evaluating-functions,True,True,True,False,4,0.25,0.5,0.0,0.25,0.3333333333333333,0.6666666666666666,3.0
ablate_stage1,ablation,w/o Symbolic Grounding (Stage 1),3061,1653,evaluating-functions,True,False,True,False,3,0.0,1.0,0.0,0.0,0.0,1.0,3.0
ablate_citation,ablation,w/o Citation-Forcing Prompt,3061,1653,evaluating-functions,False,True,True,False,4,0.0,1.0,0.0,,0.0,1.0,4.0
ablate_stage3,ablation,w/o Auto Verification (Stage 3),3061,1653,evaluating-functions,True,True,False,False,4,,,,0.25,,,
naive,baseline,Naive Prompting,2252,122,area,False,False,True,False,4,1.0,0.0,0.0,,1.0,0.0,4.0
template,baseline,Template-only,2252,122,area,True,True,True,False,1,1.0,0.0,0.0,0.0,1.0,0.0,1.0
full,baseline,MetaKT-Verba (Full),2252,122,area,True,True,True,False,1,1.0,0.0,0.0,0.0,1.0,0.0,1.0
ablate_stage1,ablation,w/o Symbolic Grounding (Stage 1),2252,122,area,True,False,True,False,3,1.0,0.0,0.0,0.0,1.0,0.0,3.0
ablate_citation,ablation,w/o Citation-Forcing Prompt,2252,122,area,False,True,True,False,4,1.0,0.0,0.0,,1.0,0.0,4.0
ablate_stage3,ablation,w/o Auto Verification (Stage 3),2252,122,area,True,True,False,False,1,,,,0.0,,,
naive,baseline,Naive Prompting,1824,268,symbolization-articulation,False,False,True,False,4,0.0,1.0,0.0,,0.0,1.0,4.0
template,baseline,Template-only,1824,268,symbolization-articulation,True,True,True,False,1,1.0,0.0,0.0,0.0,1.0,0.0,1.0
full,baseline,MetaKT-Verba (Full),1824,268,symbolization-articulation,True,True,True,False,3,0.3333333333333333,0.6666666666666666,0.0,0.0,0.3333333333333333,0.6666666666666666,3.0
ablate_stage1,ablation,w/o Symbolic Grounding (Stage 1),1824,268,symbolization-articulation,True,False,True,False,3,0.3333333333333333,0.6666666666666666,0.0,0.0,0.3333333333333333,0.6666666666666666,3.0
ablate_citation,ablation,w/o Citation-Forcing Prompt,1824,268,symbolization-articulation,False,True,True,False,4,0.0,1.0,0.0,,0.0,1.0,4.0
ablate_stage3,ablation,w/o Auto Verification (Stage 3),1824,268,symbolization-articulation,True,True,False,False,3,,,,0.0,,,
naive,baseline,Naive Prompting,1574,99,inequalities,False,False,True,False,4,1.0,0.0,0.0,,1.0,0.0,4.0
template,baseline,Template-only,1574,99,inequalities,True,True,True,False,1,1.0,0.0,0.0,0.0,1.0,0.0,1.0
full,baseline,MetaKT-Verba (Full),1574,99,inequalities,True,True,True,False,1,1.0,0.0,0.0,0.0,1.0,0.0,1.0
ablate_stage1,ablation,w/o Symbolic Grounding (Stage 1),1574,99,inequalities,True,False,True,False,3,1.0,0.0,0.0,0.0,1.0,0.0,3.0
ablate_citation,ablation,w/o Citation-Forcing Prompt,1574,99,inequalities,False,True,True,False,4,1.0,0.0,0.0,,1.0,0.0,4.0
ablate_stage3,ablation,w/o Auto Verification (Stage 3),1574,99,inequalities,True,True,False,False,1,,,,0.0,,,
naive,baseline,Naive Prompting,7181,511,evaluating-functions,False,False,True,False,3,0.0,1.0,0.0,,0.0,1.0,3.0
template,baseline,Template-only,7181,511,evaluating-functions,True,True,True,False,1,1.0,0.0,0.0,0.0,1.0,0.0,1.0
full,baseline,MetaKT-Verba (Full),7181,511,evaluating-functions,True,True,True,False,3,0.3333333333333333,0.6666666666666666,0.0,0.0,0.3333333333333333,0.6666666666666666,3.0
ablate_stage1,ablation,w/o Symbolic Grounding (Stage 1),7181,511,evaluating-functions,True,False,True,False,3,0.0,1.0,0.0,0.0,0.0,1.0,3.0
ablate_citation,ablation,w/o Citation-Forcing Prompt,7181,511,evaluating-functions,False,True,True,False,4,0.0,1.0,0.0,,0.0,1.0,4.0
ablate_stage3,ablation,w/o Auto Verification (Stage 3),7181,511,evaluating-functions,True,True,False,False,3,,,,0.0,,,
naive,baseline,Naive Prompting,6212,13,equation-solving,False,False,True,False,3,0.0,1.0,0.0,,0.0,1.0,3.0
template,baseline,Template-only,6212,13,equation-solving,True,True,True,False,2,1.0,0.0,0.0,0.0,1.0,0.0,2.0
full,baseline,MetaKT-Verba (Full),6212,13,equation-solving,True,True,True,False,2,0.0,1.0,0.0,0.0,0.0,1.0,2.0
ablate_stage1,ablation,w/o Symbolic Grounding (Stage 1),6212,13,equation-solving,True,False,True,False,3,0.0,1.0,0.0,0.0,0.0,1.0,3.0
ablate_citation,ablation,w/o Citation-Forcing Prompt,6212,13,equation-solving,False,True,True,False,4,0.0,1.0,0.0,,0.0,1.0,4.0
ablate_stage3,ablation,w/o Auto Verification (Stage 3),6212,13,equation-solving,True,True,False,False,2,,,,0.0,,,
naive,baseline,Naive Prompting,4693,344,percent-of,False,False,True,False,4,0.0,1.0,0.0,,0.0,1.0,4.0
template,baseline,Template-only,4693,344,percent-of,True,True,True,False,1,1.0,0.0,0.0,0.0,1.0,0.0,1.0
full,baseline,MetaKT-Verba (Full),4693,344,percent-of,True,True,True,False,3,0.3333333333333333,0.6666666666666666,0.0,0.0,0.3333333333333333,0.6666666666666666,3.0
ablate_stage1,ablation,w/o Symbolic Grounding (Stage 1),4693,344,percent-of,True,False,True,False,3,0.3333333333333333,0.6666666666666666,0.0,0.0,0.3333333333333333,0.6666666666666666,3.0
ablate_citation,ablation,w/o Citation-Forcing Prompt,4693,344,percent-of,False,True,True,False,4,0.0,1.0,0.0,,0.0,1.0,4.0
ablate_stage3,ablation,w/o Auto Verification (Stage 3),4693,344,percent-of,True,True,False,False,3,,,,0.0,,,
naive,baseline,Naive Prompting,1980,305,interpreting-linear-equations,False,False,True,False,4,0.0,1.0,0.0,,0.0,1.0,4.0
template,baseline,Template-only,1980,305,interpreting-linear-equations,True,True,True,False,2,1.0,0.0,0.0,0.0,1.0,0.0,2.0
full,baseline,MetaKT-Verba (Full),1980,305,interpreting-linear-equations,True,True,True,False,2,0.0,1.0,0.0,0.0,0.0,1.0,2.0
ablate_stage1,ablation,w/o Symbolic Grounding (Stage 1),1980,305,interpreting-linear-equations,True,False,True,False,3,0.0,1.0,0.0,0.0,0.0,1.0,3.0
ablate_citation,ablation,w/o Citation-Forcing Prompt,1980,305,interpreting-linear-equations,False,True,True,False,4,0.0,1.0,0.0,,0.0,1.0,4.0
ablate_stage3,ablation,w/o Auto Verification (Stage 3),1980,305,interpreting-linear-equations,True,True,False,False,2,,,,0.0,,,
naive,baseline,Naive Prompting,6694,179,supplementary-angles,False,False,True,False,4,1.0,0.0,0.0,,1.0,0.0,4.0
template,baseline,Template-only,6694,179,supplementary-angles,True,True,True,False,1,1.0,0.0,0.0,0.0,1.0,0.0,1.0
full,baseline,MetaKT-Verba (Full),6694,179,supplementary-angles,True,True,True,False,1,1.0,0.0,0.0,0.0,1.0,0.0,1.0
ablate_stage1,ablation,w/o Symbolic Grounding (Stage 1),6694,179,supplementary-angles,True,False,True,False,4,1.0,0.0,0.0,0.0,1.0,0.0,4.0
ablate_citation,ablation,w/o Citation-Forcing Prompt,6694,179,supplementary-angles,False,True,True,False,4,1.0,0.0,0.0,,1.0,0.0,4.0
ablate_stage3,ablation,w/o Auto Verification (Stage 3),6694,179,supplementary-angles,True,True,False,False,1,,,,0.0,,,
naive,baseline,Naive Prompting,7511,193,supplementary-angles,False,False,True,False,3,0.0,1.0,0.0,,0.0,1.0,3.0
template,baseline,Template-only,7511,193,supplementary-angles,True,True,True,False,2,1.0,0.0,0.0,0.0,1.0,0.0,2.0
full,baseline,MetaKT-Verba (Full),7511,193,supplementary-angles,True,True,True,False,2,0.0,1.0,0.0,0.0,0.0,1.0,2.0
ablate_stage1,ablation,w/o Symbolic Grounding (Stage 1),7511,193,supplementary-angles,True,False,True,False,3,0.0,1.0,0.0,0.0,0.0,1.0,3.0
ablate_citation,ablation,w/o Citation-Forcing Prompt,7511,193,supplementary-angles,False,True,True,False,4,0.25,0.75,0.0,,0.25,0.75,4.0
ablate_stage3,ablation,w/o Auto Verification (Stage 3),7511,193,supplementary-angles,True,True,False,False,2,,,,0.0,,,
naive,baseline,Naive Prompting,476,646,symbolization-articulation,False,False,True,False,3,0.0,1.0,0.0,,0.0,1.0,3.0
template,baseline,Template-only,476,646,symbolization-articulation,True,True,True,False,3,1.0,0.0,0.0,0.0,1.0,0.0,3.0
full,baseline,MetaKT-Verba (Full),476,646,symbolization-articulation,True,True,True,False,3,0.3333333333333333,0.6666666666666666,0.0,0.0,0.3333333333333333,0.6666666666666666,3.0
ablate_stage1,ablation,w/o Symbolic Grounding (Stage 1),476,646,symbolization-articulation,True,False,True,False,3,0.0,1.0,0.0,0.0,0.0,1.0,3.0
ablate_citation,ablation,w/o Citation-Forcing Prompt,476,646,symbolization-articulation,False,True,True,False,4,0.0,1.0,0.0,,0.0,1.0,4.0
ablate_stage3,ablation,w/o Auto Verification (Stage 3),476,646,symbolization-articulation,True,True,False,False,3,,,,0.0,,,
naive,baseline,Naive Prompting,1371,355,percent-of,False,False,True,False,4,0.0,1.0,0.0,,0.0,1.0,4.0
template,baseline,Template-only,1371,355,percent-of,True,True,True,False,3,1.0,0.0,0.0,0.0,1.0,0.0,3.0
full,baseline,MetaKT-Verba (Full),1371,355,percent-of,True,True,True,False,3,0.3333333333333333,0.6666666666666666,0.0,0.0,0.3333333333333333,0.6666666666666666,3.0
ablate_stage1,ablation,w/o Symbolic Grounding (Stage 1),1371,355,percent-of,True,False,True,False,3,0.0,1.0,0.0,0.0,0.0,1.0,3.0
ablate_citation,ablation,w/o Citation-Forcing Prompt,1371,355,percent-of,False,True,True,False,4,0.0,1.0,0.0,,0.0,1.0,4.0
ablate_stage3,ablation,w/o Auto Verification (Stage 3),1371,355,percent-of,True,True,False,False,3,,,,0.0,,,
naive,baseline,Naive Prompting,2421,310,equivalent-fractions-decimals-percents,False,False,True,False,4,0.0,1.0,0.0,,0.0,1.0,4.0
template,baseline,Template-only,2421,310,equivalent-fractions-decimals-percents,True,True,True,False,2,1.0,0.0,0.0,0.0,1.0,0.0,2.0
full,baseline,MetaKT-Verba (Full),2421,310,equivalent-fractions-decimals-percents,True,True,True,False,2,0.0,1.0,0.0,0.0,0.0,1.0,2.0
ablate_stage1,ablation,w/o Symbolic Grounding (Stage 1),2421,310,equivalent-fractions-decimals-percents,True,False,True,False,3,0.0,1.0,0.0,0.0,0.0,1.0,3.0
ablate_citation,ablation,w/o Citation-Forcing Prompt,2421,310,equivalent-fractions-decimals-percents,False,True,True,False,4,0.0,1.0,0.0,,0.0,1.0,4.0
ablate_stage3,ablation,w/o Auto Verification (Stage 3),2421,310,equivalent-fractions-decimals-percents,True,True,False,False,2,,,,0.0,,,
naive,baseline,Naive Prompting,4551,337,sum-of-interior-angles-more-than-3-sides,False,False,True,False,3,0.0,1.0,0.0,,0.0,1.0,3.0
template,baseline,Template-only,4551,337,sum-of-interior-angles-more-than-3-sides,True,True,True,False,2,1.0,0.0,0.0,0.0,1.0,0.0,2.0
full,baseline,MetaKT-Verba (Full),4551,337,sum-of-interior-angles-more-than-3-sides,True,True,True,False,2,0.5,0.5,0.0,0.0,0.5,0.5,2.0
ablate_stage1,ablation,w/o Symbolic Grounding (Stage 1),4551,337,sum-of-interior-angles-more-than-3-sides,True,False,True,False,3,0.0,1.0,0.0,0.0,0.0,1.0,3.0
ablate_citation,ablation,w/o Citation-Forcing Prompt,4551,337,sum-of-interior-angles-more-than-3-sides,False,True,True,False,4,0.25,0.75,0.0,,0.25,0.75,4.0
ablate_stage3,ablation,w/o Auto Verification (Stage 3),4551,337,sum-of-interior-angles-more-than-3-sides,True,True,False,False,2,,,,0.0,,,
naive,baseline,Naive Prompting,7649,169,triangle-inequality,False,False,True,False,4,0.0,1.0,0.0,,0.0,1.0,4.0
template,baseline,Template-only,7649,169,triangle-inequality,True,True,True,False,1,1.0,0.0,0.0,0.0,1.0,0.0,1.0
full,baseline,MetaKT-Verba (Full),7649,169,triangle-inequality,True,True,True,False,3,0.0,1.0,0.0,0.0,0.0,1.0,3.0
ablate_stage1,ablation,w/o Symbolic Grounding (Stage 1),7649,169,triangle-inequality,True,False,True,False,3,0.0,1.0,0.0,0.0,0.0,1.0,3.0
ablate_citation,ablation,w/o Citation-Forcing Prompt,7649,169,triangle-inequality,False,True,True,False,4,0.5,0.5,0.0,,0.5,0.5,4.0
ablate_stage3,ablation,w/o Auto Verification (Stage 3),7649,169,triangle-inequality,True,True,False,False,3,,,,0.0,,,
naive,baseline,Naive Prompting,4255,204,probability,False,False,True,False,4,0.0,1.0,0.0,,0.0,1.0,4.0
template,baseline,Template-only,4255,204,probability,True,True,True,False,1,1.0,0.0,0.0,0.0,1.0,0.0,1.0
full,baseline,MetaKT-Verba (Full),4255,204,probability,True,True,True,False,3,0.3333333333333333,0.6666666666666666,0.0,0.0,0.3333333333333333,0.6666666666666666,3.0
ablate_stage1,ablation,w/o Symbolic Grounding (Stage 1),4255,204,probability,True,False,True,False,3,0.0,1.0,0.0,0.0,0.0,1.0,3.0
ablate_citation,ablation,w/o Citation-Forcing Prompt,4255,204,probability,False,True,True,False,4,0.25,0.75,0.0,,0.25,0.75,4.0
ablate_stage3,ablation,w/o Auto Verification (Stage 3),4255,204,probability,True,True,False,False,3,,,,0.0,,,
naive,baseline,Naive Prompting,2711,125,noskill,False,False,True,False,4,0.0,1.0,0.0,,0.0,1.0,4.0
template,baseline,Template-only,2711,125,noskill,True,True,True,False,1,1.0,0.0,0.0,0.0,1.0,0.0,1.0
full,baseline,MetaKT-Verba (Full),2711,125,noskill,True,True,True,False,3,0.0,1.0,0.0,0.0,0.0,1.0,3.0
ablate_stage1,ablation,w/o Symbolic Grounding (Stage 1),2711,125,noskill,True,False,True,False,4,0.25,0.75,0.0,0.0,0.25,0.75,4.0
ablate_citation,ablation,w/o Citation-Forcing Prompt,2711,125,noskill,False,True,True,False,4,0.0,1.0,0.0,,0.0,1.0,4.0
ablate_stage3,ablation,w/o Auto Verification (Stage 3),2711,125,noskill,True,True,False,False,3,,,,0.0,,,
naive,baseline,Naive Prompting,6941,325,percents,False,False,True,False,4,0.0,1.0,0.0,,0.0,1.0,4.0
template,baseline,Template-only,6941,325,percents,True,True,True,False,1,1.0,0.0,0.0,0.0,1.0,0.0,1.0
full,baseline,MetaKT-Verba (Full),6941,325,percents,True,True,True,False,2,0.0,1.0,0.0,0.0,0.0,1.0,2.0
ablate_stage1,ablation,w/o Symbolic Grounding (Stage 1),6941,325,percents,True,False,True,False,3,0.0,1.0,0.0,0.0,0.0,1.0,3.0
ablate_citation,ablation,w/o Citation-Forcing Prompt,6941,325,percents,False,True,True,False,4,0.0,1.0,0.0,,0.0,1.0,4.0
ablate_stage3,ablation,w/o Auto Verification (Stage 3),6941,325,percents,True,True,False,False,2,,,,0.0,,,
naive,baseline,Naive Prompting,5407,100,sum-of-interior-angles-more-than-3-sides,False,False,True,False,3,0.0,1.0,0.0,,0.0,1.0,3.0
template,baseline,Template-only,5407,100,sum-of-interior-angles-more-than-3-sides,True,True,True,False,2,1.0,0.0,0.0,0.0,1.0,0.0,2.0
full,baseline,MetaKT-Verba (Full),5407,100,sum-of-interior-angles-more-than-3-sides,True,True,True,False,2,0.0,1.0,0.0,0.0,0.0,1.0,2.0
ablate_stage1,ablation,w/o Symbolic Grounding (Stage 1),5407,100,sum-of-interior-angles-more-than-3-sides,True,False,True,False,3,0.3333333333333333,0.6666666666666666,0.0,0.0,0.3333333333333333,0.6666666666666666,3.0
ablate_citation,ablation,w/o Citation-Forcing Prompt,5407,100,sum-of-interior-angles-more-than-3-sides,False,True,True,False,4,0.0,1.0,0.0,,0.0,1.0,4.0
ablate_stage3,ablation,w/o Auto Verification (Stage 3),5407,100,sum-of-interior-angles-more-than-3-sides,True,True,False,False,2,,,,0.0,,,
naive,baseline,Naive Prompting,5347,172,discount,False,False,True,False,3,0.0,1.0,0.0,,0.0,1.0,3.0
template,baseline,Template-only,5347,172,discount,True,True,True,False,3,1.0,0.0,0.0,0.0,1.0,0.0,3.0
full,baseline,MetaKT-Verba (Full),5347,172,discount,True,True,True,False,3,1.0,0.0,0.0,0.0,1.0,0.0,3.0
ablate_stage1,ablation,w/o Symbolic Grounding (Stage 1),5347,172,discount,True,False,True,False,3,0.0,1.0,0.0,0.0,0.0,1.0,3.0
ablate_citation,ablation,w/o Citation-Forcing Prompt,5347,172,discount,False,True,True,False,4,0.5,0.5,0.0,,0.5,0.5,4.0
ablate_stage3,ablation,w/o Auto Verification (Stage 3),5347,172,discount,True,True,False,False,3,,,,0.0,,,
naive,baseline,Naive Prompting,5245,24,fraction-multiplication,False,False,True,False,4,0.0,1.0,0.0,,0.0,1.0,4.0
template,baseline,Template-only,5245,24,fraction-multiplication,True,True,True,False,2,1.0,0.0,0.0,0.0,1.0,0.0,2.0
full,baseline,MetaKT-Verba (Full),5245,24,fraction-multiplication,True,True,True,False,2,0.0,1.0,0.0,0.0,0.0,1.0,2.0
ablate_stage1,ablation,w/o Symbolic Grounding (Stage 1),5245,24,fraction-multiplication,True,False,True,False,3,0.3333333333333333,0.6666666666666666,0.0,0.0,0.3333333333333333,0.6666666666666666,3.0
ablate_citation,ablation,w/o Citation-Forcing Prompt,5245,24,fraction-multiplication,False,True,True,False,4,0.0,1.0,0.0,,0.0,1.0,4.0
ablate_stage3,ablation,w/o Auto Verification (Stage 3),5245,24,fraction-multiplication,True,True,False,False,2,,,,0.0,,,
naive,baseline,Naive Prompting,5777,211,properties-of-geometric-figures,False,False,True,False,4,0.0,1.0,0.0,,0.0,1.0,4.0
template,baseline,Template-only,5777,211,properties-of-geometric-figures,True,True,True,False,2,1.0,0.0,0.0,0.0,1.0,0.0,2.0
full,baseline,MetaKT-Verba (Full),5777,211,properties-of-geometric-figures,True,True,True,False,2,0.0,1.0,0.0,0.0,0.0,1.0,2.0
ablate_stage1,ablation,w/o Symbolic Grounding (Stage 1),5777,211,properties-of-geometric-figures,True,False,True,False,3,0.0,1.0,0.0,0.0,0.0,1.0,3.0
ablate_citation,ablation,w/o Citation-Forcing Prompt,5777,211,properties-of-geometric-figures,False,True,True,False,4,0.0,1.0,0.0,,0.0,1.0,4.0
ablate_stage3,ablation,w/o Auto Verification (Stage 3),5777,211,properties-of-geometric-figures,True,True,False,False,2,,,,0.0,,,
naive,baseline,Naive Prompting,7676,928,probability,False,False,True,False,4,0.0,1.0,0.0,,0.0,1.0,4.0
template,baseline,Template-only,7676,928,probability,True,True,True,False,3,1.0,0.0,0.0,0.0,1.0,0.0,3.0
full,baseline,MetaKT-Verba (Full),7676,928,probability,True,True,True,False,3,0.0,1.0,0.0,0.0,0.0,1.0,3.0
ablate_stage1,ablation,w/o Symbolic Grounding (Stage 1),7676,928,probability,True,False,True,False,3,0.0,1.0,0.0,0.0,0.0,1.0,3.0
ablate_citation,ablation,w/o Citation-Forcing Prompt,7676,928,probability,False,True,True,False,4,0.0,1.0,0.0,,0.0,1.0,4.0
ablate_stage3,ablation,w/o Auto Verification (Stage 3),7676,928,probability,True,True,False,False,3,,,,0.0,,,
naive,baseline,Naive Prompting,1185,171,properties-of-geometric-figures,False,False,True,False,3,0.0,1.0,0.0,,0.0,1.0,3.0
template,baseline,Template-only,1185,171,properties-of-geometric-figures,True,True,True,False,2,1.0,0.0,0.0,0.0,1.0,0.0,2.0
full,baseline,MetaKT-Verba (Full),1185,171,properties-of-geometric-figures,True,True,True,False,2,0.0,1.0,0.0,0.0,0.0,1.0,2.0
ablate_stage1,ablation,w/o Symbolic Grounding (Stage 1),1185,171,properties-of-geometric-figures,True,False,True,False,3,0.0,1.0,0.0,0.0,0.0,1.0,3.0
ablate_citation,ablation,w/o Citation-Forcing Prompt,1185,171,properties-of-geometric-figures,False,True,True,False,4,0.25,0.75,0.0,,0.25,0.75,4.0
ablate_stage3,ablation,w/o Auto Verification (Stage 3),1185,171,properties-of-geometric-figures,True,True,False,False,2,,,,0.0,,,
naive,baseline,Naive Prompting,832,1112,substitution,False,False,True,False,4,0.0,1.0,0.0,,0.0,1.0,4.0
template,baseline,Template-only,832,1112,substitution,True,True,True,False,2,1.0,0.0,0.0,0.0,1.0,0.0,2.0
full,baseline,MetaKT-Verba (Full),832,1112,substitution,True,True,True,False,2,0.0,1.0,0.0,0.0,0.0,1.0,2.0
ablate_stage1,ablation,w/o Symbolic Grounding (Stage 1),832,1112,substitution,True,False,True,False,3,0.0,1.0,0.0,0.0,0.0,1.0,3.0
ablate_citation,ablation,w/o Citation-Forcing Prompt,832,1112,substitution,False,True,True,False,4,0.0,1.0,0.0,,0.0,1.0,4.0
ablate_stage3,ablation,w/o Auto Verification (Stage 3),832,1112,substitution,True,True,False,False,2,,,,0.0,,,
naive,baseline,Naive Prompting,3791,94,noskill,False,False,True,False,4,0.5,0.5,0.0,,0.5,0.5,4.0
template,baseline,Template-only,3791,94,noskill,True,True,True,False,2,1.0,0.0,0.0,0.0,1.0,0.0,2.0
full,baseline,MetaKT-Verba (Full),3791,94,noskill,True,True,True,False,1,0.0,1.0,0.0,0.0,0.0,1.0,1.0
ablate_stage1,ablation,w/o Symbolic Grounding (Stage 1),3791,94,noskill,True,False,True,False,3,0.0,1.0,0.0,0.0,0.0,1.0,3.0
ablate_citation,ablation,w/o Citation-Forcing Prompt,3791,94,noskill,False,True,True,False,4,0.0,1.0,0.0,,0.0,1.0,4.0
ablate_stage3,ablation,w/o Auto Verification (Stage 3),3791,94,noskill,True,True,False,False,1,,,,0.0,,,
naive,baseline,Naive Prompting,363,283,proportion,False,False,True,False,4,0.0,1.0,0.0,,0.0,1.0,4.0
template,baseline,Template-only,363,283,proportion,True,True,True,False,2,1.0,0.0,0.0,0.0,1.0,0.0,2.0
full,baseline,MetaKT-Verba (Full),363,283,proportion,True,True,True,False,2,0.5,0.5,0.0,0.0,0.5,0.5,2.0
ablate_stage1,ablation,w/o Symbolic Grounding (Stage 1),363,283,proportion,True,False,True,False,3,0.0,1.0,0.0,0.0,0.0,1.0,3.0
ablate_citation,ablation,w/o Citation-Forcing Prompt,363,283,proportion,False,True,True,False,4,0.0,1.0,0.0,,0.0,1.0,4.0
ablate_stage3,ablation,w/o Auto Verification (Stage 3),363,283,proportion,True,True,False,False,2,,,,0.0,,,
naive,baseline,Naive Prompting,4241,743,probability,False,False,True,False,3,0.0,1.0,0.0,,0.0,1.0,3.0
template,baseline,Template-only,4241,743,probability,True,True,True,False,2,1.0,0.0,0.0,0.0,1.0,0.0,2.0
full,baseline,MetaKT-Verba (Full),4241,743,probability,True,True,True,False,2,0.0,1.0,0.0,0.0,0.0,1.0,2.0
ablate_stage1,ablation,w/o Symbolic Grounding (Stage 1),4241,743,probability,True,False,True,False,3,0.0,1.0,0.0,0.0,0.0,1.0,3.0
ablate_citation,ablation,w/o Citation-Forcing Prompt,4241,743,probability,False,True,True,False,4,0.25,0.75,0.0,,0.25,0.75,4.0
ablate_stage3,ablation,w/o Auto Verification (Stage 3),4241,743,probability,True,True,False,False,2,,,,0.0,,,
naive,baseline,Naive Prompting,1305,297,probability,False,False,True,False,3,0.0,1.0,0.0,,0.0,1.0,3.0
template,baseline,Template-only,1305,297,probability,True,True,True,False,1,1.0,0.0,0.0,0.0,1.0,0.0,1.0
full,baseline,MetaKT-Verba (Full),1305,297,probability,True,True,True,False,3,0.3333333333333333,0.6666666666666666,0.0,0.0,0.3333333333333333,0.6666666666666666,3.0
ablate_stage1,ablation,w/o Symbolic Grounding (Stage 1),1305,297,probability,True,False,True,False,3,0.0,1.0,0.0,0.0,0.0,1.0,3.0
ablate_citation,ablation,w/o Citation-Forcing Prompt,1305,297,probability,False,True,True,False,4,0.0,1.0,0.0,,0.0,1.0,4.0
ablate_stage3,ablation,w/o Auto Verification (Stage 3),1305,297,probability,True,True,False,False,3,,,,0.0,,,
naive,baseline,Naive Prompting,4255,400,noskill,False,False,True,False,4,0.0,1.0,0.0,,0.0,1.0,4.0
template,baseline,Template-only,4255,400,noskill,True,True,True,False,2,1.0,0.0,0.0,0.0,1.0,0.0,2.0
full,baseline,MetaKT-Verba (Full),4255,400,noskill,True,True,True,False,3,0.0,1.0,0.0,0.0,0.0,1.0,3.0
ablate_stage1,ablation,w/o Symbolic Grounding (Stage 1),4255,400,noskill,True,False,True,False,3,0.0,1.0,0.0,0.0,0.0,1.0,3.0
ablate_citation,ablation,w/o Citation-Forcing Prompt,4255,400,noskill,False,True,True,False,4,0.25,0.75,0.0,,0.25,0.75,4.0
ablate_stage3,ablation,w/o Auto Verification (Stage 3),4255,400,noskill,True,True,False,False,3,,,,0.0,,,
naive,baseline,Naive Prompting,215,69,properties-of-geometric-figures,False,False,True,False,3,0.0,1.0,0.0,,0.0,1.0,3.0
template,baseline,Template-only,215,69,properties-of-geometric-figures,True,True,True,False,2,1.0,0.0,0.0,0.0,1.0,0.0,2.0
full,baseline,MetaKT-Verba (Full),215,69,properties-of-geometric-figures,True,True,True,False,2,0.5,0.5,0.0,0.0,0.5,0.5,2.0
ablate_stage1,ablation,w/o Symbolic Grounding (Stage 1),215,69,properties-of-geometric-figures,True,False,True,False,4,0.0,1.0,0.0,0.0,0.0,1.0,4.0
ablate_citation,ablation,w/o Citation-Forcing Prompt,215,69,properties-of-geometric-figures,False,True,True,False,4,0.0,1.0,0.0,,0.0,1.0,4.0
ablate_stage3,ablation,w/o Auto Verification (Stage 3),215,69,properties-of-geometric-figures,True,True,False,False,2,,,,0.0,,,
naive,baseline,Naive Prompting,3929,1049,equation-solving,False,False,True,False,3,0.3333333333333333,0.6666666666666666,0.0,,0.3333333333333333,0.6666666666666666,3.0
template,baseline,Template-only,3929,1049,equation-solving,True,True,True,False,3,1.0,0.0,0.0,0.0,1.0,0.0,3.0
full,baseline,MetaKT-Verba (Full),3929,1049,equation-solving,True,True,True,False,3,0.3333333333333333,0.6666666666666666,0.0,0.0,0.3333333333333333,0.6666666666666666,3.0
ablate_stage1,ablation,w/o Symbolic Grounding (Stage 1),3929,1049,equation-solving,True,False,True,False,3,0.3333333333333333,0.6666666666666666,0.0,0.0,0.3333333333333333,0.6666666666666666,3.0
ablate_citation,ablation,w/o Citation-Forcing Prompt,3929,1049,equation-solving,False,True,True,False,4,0.0,1.0,0.0,,0.0,1.0,4.0
ablate_stage3,ablation,w/o Auto Verification (Stage 3),3929,1049,equation-solving,True,True,False,False,3,,,,0.0,,,
naive,baseline,Naive Prompting,1266,106,venn-diagram,False,False,True,False,2,0.0,1.0,0.0,,0.0,1.0,2.0
template,baseline,Template-only,1266,106,venn-diagram,True,True,True,False,2,1.0,0.0,0.0,0.0,1.0,0.0,2.0
full,baseline,MetaKT-Verba (Full),1266,106,venn-diagram,True,True,True,False,2,0.0,1.0,0.0,0.0,0.0,1.0,2.0
ablate_stage1,ablation,w/o Symbolic Grounding (Stage 1),1266,106,venn-diagram,True,False,True,False,3,0.0,1.0,0.0,0.0,0.0,1.0,3.0
ablate_citation,ablation,w/o Citation-Forcing Prompt,1266,106,venn-diagram,False,True,True,False,4,0.25,0.75,0.0,,0.25,0.75,4.0
ablate_stage3,ablation,w/o Auto Verification (Stage 3),1266,106,venn-diagram,True,True,False,False,2,,,,0.0,,,
naive,baseline,Naive Prompting,6695,134,pythagorean-theorem,False,False,True,False,4,0.0,1.0,0.0,,0.0,1.0,4.0
template,baseline,Template-only,6695,134,pythagorean-theorem,True,True,True,False,1,1.0,0.0,0.0,0.0,1.0,0.0,1.0
full,baseline,MetaKT-Verba (Full),6695,134,pythagorean-theorem,True,True,True,False,1,0.0,1.0,0.0,0.0,0.0,1.0,1.0
ablate_stage1,ablation,w/o Symbolic Grounding (Stage 1),6695,134,pythagorean-theorem,True,False,True,False,3,0.0,1.0,0.0,0.0,0.0,1.0,3.0
ablate_citation,ablation,w/o Citation-Forcing Prompt,6695,134,pythagorean-theorem,False,True,True,False,4,0.0,1.0,0.0,,0.0,1.0,4.0
ablate_stage3,ablation,w/o Auto Verification (Stage 3),6695,134,pythagorean-theorem,True,True,False,False,1,,,,0.0,,,
naive,baseline,Naive Prompting,2924,550,percent-of,False,False,True,False,3,0.0,1.0,0.0,,0.0,1.0,3.0
template,baseline,Template-only,2924,550,percent-of,True,True,True,False,2,1.0,0.0,0.0,0.0,1.0,0.0,2.0
full,baseline,MetaKT-Verba (Full),2924,550,percent-of,True,True,True,False,2,0.5,0.5,0.0,0.0,0.5,0.5,2.0
ablate_stage1,ablation,w/o Symbolic Grounding (Stage 1),2924,550,percent-of,True,False,True,False,3,0.0,1.0,0.0,0.0,0.0,1.0,3.0
ablate_citation,ablation,w/o Citation-Forcing Prompt,2924,550,percent-of,False,True,True,False,4,0.0,1.0,0.0,,0.0,1.0,4.0
ablate_stage3,ablation,w/o Auto Verification (Stage 3),2924,550,percent-of,True,True,False,False,2,,,,0.0,,,
naive,baseline,Naive Prompting,5267,772,noskill,False,False,True,False,4,0.0,1.0,0.0,,0.0,1.0,4.0
template,baseline,Template-only,5267,772,noskill,True,True,True,False,2,1.0,0.0,0.0,0.0,1.0,0.0,2.0
full,baseline,MetaKT-Verba (Full),5267,772,noskill,True,True,True,False,2,0.5,0.5,0.0,0.0,0.5,0.5,2.0
ablate_stage1,ablation,w/o Symbolic Grounding (Stage 1),5267,772,noskill,True,False,True,False,3,0.3333333333333333,0.6666666666666666,0.0,0.0,0.3333333333333333,0.6666666666666666,3.0
ablate_citation,ablation,w/o Citation-Forcing Prompt,5267,772,noskill,False,True,True,False,4,0.0,1.0,0.0,,0.0,1.0,4.0
ablate_stage3,ablation,w/o Auto Verification (Stage 3),5267,772,noskill,True,True,False,False,2,,,,0.0,,,
naive,baseline,Naive Prompting,6950,459,point-plotting,False,False,True,False,4,0.25,0.75,0.0,,0.25,0.75,4.0
template,baseline,Template-only,6950,459,point-plotting,True,True,True,False,2,1.0,0.0,0.0,0.0,1.0,0.0,2.0
full,baseline,MetaKT-Verba (Full),6950,459,point-plotting,True,True,True,False,2,0.5,0.5,0.0,0.0,0.5,0.5,2.0
ablate_stage1,ablation,w/o Symbolic Grounding (Stage 1),6950,459,point-plotting,True,False,True,False,3,0.3333333333333333,0.6666666666666666,0.0,0.0,0.3333333333333333,0.6666666666666666,3.0
ablate_citation,ablation,w/o Citation-Forcing Prompt,6950,459,point-plotting,False,True,True,False,4,0.0,1.0,0.0,,0.0,1.0,4.0
ablate_stage3,ablation,w/o Auto Verification (Stage 3),6950,459,point-plotting,True,True,False,False,2,,,,0.0,,,
naive,baseline,Naive Prompting,542,309,reciprocal,False,False,True,False,4,1.0,0.0,0.0,,1.0,0.0,4.0
template,baseline,Template-only,542,309,reciprocal,True,True,True,False,1,1.0,0.0,0.0,0.0,1.0,0.0,1.0
full,baseline,MetaKT-Verba (Full),542,309,reciprocal,True,True,True,False,1,1.0,0.0,0.0,0.0,1.0,0.0,1.0
ablate_stage1,ablation,w/o Symbolic Grounding (Stage 1),542,309,reciprocal,True,False,True,False,4,1.0,0.0,0.0,0.0,1.0,0.0,4.0
ablate_citation,ablation,w/o Citation-Forcing Prompt,542,309,reciprocal,False,True,True,False,4,1.0,0.0,0.0,,1.0,0.0,4.0
ablate_stage3,ablation,w/o Auto Verification (Stage 3),542,309,reciprocal,True,True,False,False,1,,,,0.0,,,
naive,baseline,Naive Prompting,5155,188,interpreting-linear-equations,False,False,True,False,4,1.0,0.0,0.0,,1.0,0.0,4.0
template,baseline,Template-only,5155,188,interpreting-linear-equations,True,True,True,False,1,1.0,0.0,0.0,0.0,1.0,0.0,1.0
full,baseline,MetaKT-Verba (Full),5155,188,interpreting-linear-equations,True,True,True,False,1,1.0,0.0,0.0,0.0,1.0,0.0,1.0
ablate_stage1,ablation,w/o Symbolic Grounding (Stage 1),5155,188,interpreting-linear-equations,True,False,True,False,3,1.0,0.0,0.0,0.0,1.0,0.0,3.0
ablate_citation,ablation,w/o Citation-Forcing Prompt,5155,188,interpreting-linear-equations,False,True,True,False,4,1.0,0.0,0.0,,1.0,0.0,4.0
ablate_stage3,ablation,w/o Auto Verification (Stage 3),5155,188,interpreting-linear-equations,True,True,False,False,1,,,,0.0,,,
naive,baseline,Naive Prompting,6605,388,inducing-functions,False,False,True,False,4,0.0,1.0,0.0,,0.0,1.0,4.0
template,baseline,Template-only,6605,388,inducing-functions,True,True,True,False,2,1.0,0.0,0.0,0.0,1.0,0.0,2.0
full,baseline,MetaKT-Verba (Full),6605,388,inducing-functions,True,True,True,False,2,0.5,0.5,0.0,0.0,0.5,0.5,2.0
ablate_stage1,ablation,w/o Symbolic Grounding (Stage 1),6605,388,inducing-functions,True,False,True,False,3,0.0,1.0,0.0,0.0,0.0,1.0,3.0
ablate_citation,ablation,w/o Citation-Forcing Prompt,6605,388,inducing-functions,False,True,True,False,4,0.0,1.0,0.0,,0.0,1.0,4.0
ablate_stage3,ablation,w/o Auto Verification (Stage 3),6605,388,inducing-functions,True,True,False,False,2,,,,0.0,,,
naive,baseline,Naive Prompting,6476,144,substitution,False,False,True,False,4,0.0,1.0,0.0,,0.0,1.0,4.0
template,baseline,Template-only,6476,144,substitution,True,True,True,False,1,1.0,0.0,0.0,0.0,1.0,0.0,1.0
full,baseline,MetaKT-Verba (Full),6476,144,substitution,True,True,True,False,2,0.5,0.5,0.0,0.0,0.5,0.5,2.0
ablate_stage1,ablation,w/o Symbolic Grounding (Stage 1),6476,144,substitution,True,False,True,False,3,0.0,1.0,0.0,0.0,0.0,1.0,3.0
ablate_citation,ablation,w/o Citation-Forcing Prompt,6476,144,substitution,False,True,True,False,4,0.0,1.0,0.0,,0.0,1.0,4.0
ablate_stage3,ablation,w/o Auto Verification (Stage 3),6476,144,substitution,True,True,False,False,2,,,,0.0,,,
naive,baseline,Naive Prompting,6697,93,pythagorean-theorem,False,False,True,False,3,0.0,1.0,0.0,,0.0,1.0,3.0
template,baseline,Template-only,6697,93,pythagorean-theorem,True,True,True,False,1,1.0,0.0,0.0,0.0,1.0,0.0,1.0
full,baseline,MetaKT-Verba (Full),6697,93,pythagorean-theorem,True,True,True,False,4,0.0,1.0,0.0,0.0,0.0,1.0,4.0
ablate_stage1,ablation,w/o Symbolic Grounding (Stage 1),6697,93,pythagorean-theorem,True,False,True,False,3,0.0,1.0,0.0,0.0,0.0,1.0,3.0
ablate_citation,ablation,w/o Citation-Forcing Prompt,6697,93,pythagorean-theorem,False,True,True,False,4,0.0,1.0,0.0,,0.0,1.0,4.0
ablate_stage3,ablation,w/o Auto Verification (Stage 3),6697,93,pythagorean-theorem,True,True,False,False,4,,,,0.0,,,
naive,baseline,Naive Prompting,4621,359,area,False,False,True,False,4,0.0,1.0,0.0,,0.0,1.0,4.0
template,baseline,Template-only,4621,359,area,True,True,True,False,2,1.0,0.0,0.0,0.0,1.0,0.0,2.0
full,baseline,MetaKT-Verba (Full),4621,359,area,True,True,True,False,2,0.0,1.0,0.0,0.0,0.0,1.0,2.0
ablate_stage1,ablation,w/o Symbolic Grounding (Stage 1),4621,359,area,True,False,True,False,3,0.3333333333333333,0.6666666666666666,0.0,0.0,0.3333333333333333,0.6666666666666666,3.0
ablate_citation,ablation,w/o Citation-Forcing Prompt,4621,359,area,False,True,True,False,4,0.25,0.75,0.0,,0.25,0.75,4.0
ablate_stage3,ablation,w/o Auto Verification (Stage 3),4621,359,area,True,True,False,False,2,,,,0.0,,,
naive,baseline,Naive Prompting,2738,39,pythagorean-theorem,False,False,True,False,3,0.0,1.0,0.0,,0.0,1.0,3.0
template,baseline,Template-only,2738,39,pythagorean-theorem,True,True,True,False,1,1.0,0.0,0.0,0.0,1.0,0.0,1.0
full,baseline,MetaKT-Verba (Full),2738,39,pythagorean-theorem,True,True,True,False,4,0.0,1.0,0.0,0.0,0.0,1.0,4.0
ablate_stage1,ablation,w/o Symbolic Grounding (Stage 1),2738,39,pythagorean-theorem,True,False,True,False,3,0.0,1.0,0.0,0.0,0.0,1.0,3.0
ablate_citation,ablation,w/o Citation-Forcing Prompt,2738,39,pythagorean-theorem,False,True,True,False,4,0.0,1.0,0.0,,0.0,1.0,4.0
ablate_stage3,ablation,w/o Auto Verification (Stage 3),2738,39,pythagorean-theorem,True,True,False,False,4,,,,0.0,,,
naive,baseline,Naive Prompting,5407,184,probability,False,False,True,False,4,1.0,0.0,0.0,,1.0,0.0,4.0
template,baseline,Template-only,5407,184,probability,True,True,True,False,1,1.0,0.0,0.0,0.0,1.0,0.0,1.0
full,baseline,MetaKT-Verba (Full),5407,184,probability,True,True,True,False,1,1.0,0.0,0.0,0.0,1.0,0.0,1.0
ablate_stage1,ablation,w/o Symbolic Grounding (Stage 1),5407,184,probability,True,False,True,False,3,1.0,0.0,0.0,0.0,1.0,0.0,3.0
ablate_citation,ablation,w/o Citation-Forcing Prompt,5407,184,probability,False,True,True,False,4,1.0,0.0,0.0,,1.0,0.0,4.0
ablate_stage3,ablation,w/o Auto Verification (Stage 3),5407,184,probability,True,True,False,False,1,,,,0.0,,,
naive,baseline,Naive Prompting,6235,313,properties-of-geometric-figures,False,False,True,False,3,0.0,1.0,0.0,,0.0,1.0,3.0
template,baseline,Template-only,6235,313,properties-of-geometric-figures,True,True,True,False,2,1.0,0.0,0.0,0.0,1.0,0.0,2.0
full,baseline,MetaKT-Verba (Full),6235,313,properties-of-geometric-figures,True,True,True,False,2,0.5,0.5,0.0,0.0,0.5,0.5,2.0
ablate_stage1,ablation,w/o Symbolic Grounding (Stage 1),6235,313,properties-of-geometric-figures,True,False,True,False,3,0.0,1.0,0.0,0.0,0.0,1.0,3.0
ablate_citation,ablation,w/o Citation-Forcing Prompt,6235,313,properties-of-geometric-figures,False,True,True,False,2,0.5,0.5,0.0,,0.5,0.5,2.0
ablate_stage3,ablation,w/o Auto Verification (Stage 3),6235,313,properties-of-geometric-figures,True,True,False,False,2,,,,0.0,,,
naive,baseline,Naive Prompting,1135,393,p-patterns-relations-algebra,False,False,True,False,4,0.0,1.0,0.0,,0.0,1.0,4.0
template,baseline,Template-only,1135,393,p-patterns-relations-algebra,True,True,True,False,2,1.0,0.0,0.0,0.0,1.0,0.0,2.0
full,baseline,MetaKT-Verba (Full),1135,393,p-patterns-relations-algebra,True,True,True,False,3,0.0,1.0,0.0,0.0,0.0,1.0,3.0
ablate_stage1,ablation,w/o Symbolic Grounding (Stage 1),1135,393,p-patterns-relations-algebra,True,False,True,False,3,0.0,1.0,0.0,0.0,0.0,1.0,3.0
ablate_citation,ablation,w/o Citation-Forcing Prompt,1135,393,p-patterns-relations-algebra,False,True,True,False,4,0.0,1.0,0.0,,0.0,1.0,4.0
ablate_stage3,ablation,w/o Auto Verification (Stage 3),1135,393,p-patterns-relations-algebra,True,True,False,False,3,,,,0.0,,,
naive,baseline,Naive Prompting,3881,79,area,False,False,True,False,3,0.0,1.0,0.0,,0.0,1.0,3.0
template,baseline,Template-only,3881,79,area,True,True,True,False,3,1.0,0.0,0.0,0.0,1.0,0.0,3.0
full,baseline,MetaKT-Verba (Full),3881,79,area,True,True,True,False,3,0.0,1.0,0.0,0.0,0.0,1.0,3.0
ablate_stage1,ablation,w/o Symbolic Grounding (Stage 1),3881,79,area,True,False,True,False,3,0.0,1.0,0.0,0.0,0.0,1.0,3.0
ablate_citation,ablation,w/o Citation-Forcing Prompt,3881,79,area,False,True,True,False,4,0.0,1.0,0.0,,0.0,1.0,4.0
ablate_stage3,ablation,w/o Auto Verification (Stage 3),3881,79,area,True,True,False,False,3,,,,0.0,,,
naive,baseline,Naive Prompting,873,177,unit-conversion,False,False,True,False,3,0.0,1.0,0.0,,0.0,1.0,3.0
template,baseline,Template-only,873,177,unit-conversion,True,True,True,False,2,1.0,0.0,0.0,0.0,1.0,0.0,2.0
full,baseline,MetaKT-Verba (Full),873,177,unit-conversion,True,True,True,False,4,0.25,0.75,0.0,0.0,0.25,0.75,4.0
ablate_stage1,ablation,w/o Symbolic Grounding (Stage 1),873,177,unit-conversion,True,False,True,False,3,0.3333333333333333,0.6666666666666666,0.0,0.0,0.3333333333333333,0.6666666666666666,3.0
ablate_citation,ablation,w/o Citation-Forcing Prompt,873,177,unit-conversion,False,True,True,False,4,0.0,1.0,0.0,,0.0,1.0,4.0
ablate_stage3,ablation,w/o Auto Verification (Stage 3),873,177,unit-conversion,True,True,False,False,4,,,,0.0,,,
naive,baseline,Naive Prompting,6093,760,probability,False,False,True,False,4,0.0,1.0,0.0,,0.0,1.0,4.0
template,baseline,Template-only,6093,760,probability,True,True,True,False,3,1.0,0.0,0.0,0.0,1.0,0.0,3.0
full,baseline,MetaKT-Verba (Full),6093,760,probability,True,True,True,False,3,0.0,1.0,0.0,0.0,0.0,1.0,3.0
ablate_stage1,ablation,w/o Symbolic Grounding (Stage 1),6093,760,probability,True,False,True,False,3,0.0,1.0,0.0,0.0,0.0,1.0,3.0
ablate_citation,ablation,w/o Citation-Forcing Prompt,6093,760,probability,False,True,True,False,4,0.0,1.0,0.0,,0.0,1.0,4.0
ablate_stage3,ablation,w/o Auto Verification (Stage 3),6093,760,probability,True,True,False,False,3,,,,0.0,,,
naive,baseline,Naive Prompting,5711,470,algebraic-manipulation,False,False,True,False,4,0.0,1.0,0.0,,0.0,1.0,4.0
template,baseline,Template-only,5711,470,algebraic-manipulation,True,True,True,False,2,1.0,0.0,0.0,0.0,1.0,0.0,2.0
full,baseline,MetaKT-Verba (Full),5711,470,algebraic-manipulation,True,True,True,False,3,0.0,1.0,0.0,0.0,0.0,1.0,3.0
ablate_stage1,ablation,w/o Symbolic Grounding (Stage 1),5711,470,algebraic-manipulation,True,False,True,False,3,0.0,1.0,0.0,0.0,0.0,1.0,3.0
ablate_citation,ablation,w/o Citation-Forcing Prompt,5711,470,algebraic-manipulation,False,True,True,False,4,0.0,1.0,0.0,,0.0,1.0,4.0
ablate_stage3,ablation,w/o Auto Verification (Stage 3),5711,470,algebraic-manipulation,True,True,False,False,3,,,,0.0,,,
naive,baseline,Naive Prompting,6695,1424,pattern-finding,False,False,True,False,4,0.0,1.0,0.0,,0.0,1.0,4.0
template,baseline,Template-only,6695,1424,pattern-finding,True,True,True,False,1,1.0,0.0,0.0,0.0,1.0,0.0,1.0
full,baseline,MetaKT-Verba (Full),6695,1424,pattern-finding,True,True,True,False,3,0.3333333333333333,0.6666666666666666,0.0,0.0,0.3333333333333333,0.6666666666666666,3.0
ablate_stage1,ablation,w/o Symbolic Grounding (Stage 1),6695,1424,pattern-finding,True,False,True,False,3,0.3333333333333333,0.6666666666666666,0.0,0.0,0.3333333333333333,0.6666666666666666,3.0
ablate_citation,ablation,w/o Citation-Forcing Prompt,6695,1424,pattern-finding,False,True,True,False,4,0.25,0.75,0.0,,0.25,0.75,4.0
ablate_stage3,ablation,w/o Auto Verification (Stage 3),6695,1424,pattern-finding,True,True,False,False,3,,,,0.0,,,
naive,baseline,Naive Prompting,4518,345,perimeter,False,False,True,False,3,1.0,0.0,0.0,,1.0,0.0,3.0
template,baseline,Template-only,4518,345,perimeter,True,True,True,False,1,1.0,0.0,0.0,0.0,1.0,0.0,1.0
full,baseline,MetaKT-Verba (Full),4518,345,perimeter,True,True,True,False,1,1.0,0.0,0.0,0.0,1.0,0.0,1.0
ablate_stage1,ablation,w/o Symbolic Grounding (Stage 1),4518,345,perimeter,True,False,True,False,4,1.0,0.0,0.0,0.0,1.0,0.0,4.0
ablate_citation,ablation,w/o Citation-Forcing Prompt,4518,345,perimeter,False,True,True,False,4,1.0,0.0,0.0,,1.0,0.0,4.0
ablate_stage3,ablation,w/o Auto Verification (Stage 3),4518,345,perimeter,True,True,False,False,1,,,,0.0,,,
naive,baseline,Naive Prompting,7676,66,sum-of-interior-angles-more-than-3-sides,False,False,True,False,4,0.0,1.0,0.0,,0.0,1.0,4.0
template,baseline,Template-only,7676,66,sum-of-interior-angles-more-than-3-sides,True,True,True,False,1,1.0,0.0,0.0,0.0,1.0,0.0,1.0
full,baseline,MetaKT-Verba (Full),7676,66,sum-of-interior-angles-more-than-3-sides,True,True,True,False,1,0.0,1.0,0.0,0.0,0.0,1.0,1.0
ablate_stage1,ablation,w/o Symbolic Grounding (Stage 1),7676,66,sum-of-interior-angles-more-than-3-sides,True,False,True,False,3,0.0,1.0,0.0,0.0,0.0,1.0,3.0
ablate_citation,ablation,w/o Citation-Forcing Prompt,7676,66,sum-of-interior-angles-more-than-3-sides,False,True,True,False,4,0.0,1.0,0.0,,0.0,1.0,4.0
ablate_stage3,ablation,w/o Auto Verification (Stage 3),7676,66,sum-of-interior-angles-more-than-3-sides,True,True,False,False,1,,,,0.0,,,
naive,baseline,Naive Prompting,6694,595,subtraction,False,False,True,False,3,1.0,0.0,0.0,,1.0,0.0,3.0
template,baseline,Template-only,6694,595,subtraction,True,True,True,False,1,1.0,0.0,0.0,0.0,1.0,0.0,1.0
full,baseline,MetaKT-Verba (Full),6694,595,subtraction,True,True,True,False,1,1.0,0.0,0.0,0.0,1.0,0.0,1.0
ablate_stage1,ablation,w/o Symbolic Grounding (Stage 1),6694,595,subtraction,True,False,True,False,4,1.0,0.0,0.0,0.0,1.0,0.0,4.0
ablate_citation,ablation,w/o Citation-Forcing Prompt,6694,595,subtraction,False,True,True,False,4,1.0,0.0,0.0,,1.0,0.0,4.0
ablate_stage3,ablation,w/o Auto Verification (Stage 3),6694,595,subtraction,True,True,False,False,1,,,,0.0,,,
naive,baseline,Naive Prompting,3892,327,multiplying-decimals,False,False,True,False,3,0.0,1.0,0.0,,0.0,1.0,3.0
template,baseline,Template-only,3892,327,multiplying-decimals,True,True,True,False,2,1.0,0.0,0.0,0.0,1.0,0.0,2.0
full,baseline,MetaKT-Verba (Full),3892,327,multiplying-decimals,True,True,True,False,3,0.0,1.0,0.0,0.0,0.0,1.0,3.0
ablate_stage1,ablation,w/o Symbolic Grounding (Stage 1),3892,327,multiplying-decimals,True,False,True,False,3,0.0,1.0,0.0,0.0,0.0,1.0,3.0
ablate_citation,ablation,w/o Citation-Forcing Prompt,3892,327,multiplying-decimals,False,True,True,False,4,0.0,1.0,0.0,,0.0,1.0,4.0
ablate_stage3,ablation,w/o Auto Verification (Stage 3),3892,327,multiplying-decimals,True,True,False,False,3,,,,0.0,,,
naive,baseline,Naive Prompting,5267,700,equation-concept,False,False,True,False,4,0.25,0.75,0.0,,0.25,0.75,4.0
template,baseline,Template-only,5267,700,equation-concept,True,True,True,False,1,1.0,0.0,0.0,0.0,1.0,0.0,1.0
full,baseline,MetaKT-Verba (Full),5267,700,equation-concept,True,True,True,False,3,0.0,1.0,0.0,0.0,0.0,1.0,3.0
ablate_stage1,ablation,w/o Symbolic Grounding (Stage 1),5267,700,equation-concept,True,False,True,False,3,0.0,1.0,0.0,0.0,0.0,1.0,3.0
ablate_citation,ablation,w/o Citation-Forcing Prompt,5267,700,equation-concept,False,True,True,False,4,0.0,1.0,0.0,,0.0,1.0,4.0
ablate_stage3,ablation,w/o Auto Verification (Stage 3),5267,700,equation-concept,True,True,False,False,3,,,,0.0,,,
naive,baseline,Naive Prompting,6500,38,finding-percents,False,False,True,False,4,1.0,0.0,0.0,,1.0,0.0,4.0
template,baseline,Template-only,6500,38,finding-percents,True,True,True,False,1,1.0,0.0,0.0,0.0,1.0,0.0,1.0
full,baseline,MetaKT-Verba (Full),6500,38,finding-percents,True,True,True,False,1,1.0,0.0,0.0,0.0,1.0,0.0,1.0
ablate_stage1,ablation,w/o Symbolic Grounding (Stage 1),6500,38,finding-percents,True,False,True,False,3,1.0,0.0,0.0,0.0,1.0,0.0,3.0
ablate_citation,ablation,w/o Citation-Forcing Prompt,6500,38,finding-percents,False,True,True,False,4,1.0,0.0,0.0,,1.0,0.0,4.0
ablate_stage3,ablation,w/o Auto Verification (Stage 3),6500,38,finding-percents,True,True,False,False,1,,,,0.0,,,
naive,baseline,Naive Prompting,6615,66,noskill,False,False,True,False,4,0.0,1.0,0.0,,0.0,1.0,4.0
template,baseline,Template-only,6615,66,noskill,True,True,True,False,1,1.0,0.0,0.0,0.0,1.0,0.0,1.0
full,baseline,MetaKT-Verba (Full),6615,66,noskill,True,True,True,False,3,0.0,1.0,0.0,0.0,0.0,1.0,3.0
ablate_stage1,ablation,w/o Symbolic Grounding (Stage 1),6615,66,noskill,True,False,True,False,3,0.0,1.0,0.0,0.0,0.0,1.0,3.0
ablate_citation,ablation,w/o Citation-Forcing Prompt,6615,66,noskill,False,True,True,False,4,0.5,0.5,0.0,,0.5,0.5,4.0
ablate_stage3,ablation,w/o Auto Verification (Stage 3),6615,66,noskill,True,True,False,False,3,,,,0.0,,,
naive,baseline,Naive Prompting,3508,44,probability,False,False,True,False,4,0.0,1.0,0.0,,0.0,1.0,4.0
template,baseline,Template-only,3508,44,probability,True,True,True,False,1,1.0,0.0,0.0,0.0,1.0,0.0,1.0
full,baseline,MetaKT-Verba (Full),3508,44,probability,True,True,True,False,3,0.3333333333333333,0.6666666666666666,0.0,0.0,0.3333333333333333,0.6666666666666666,3.0
ablate_stage1,ablation,w/o Symbolic Grounding (Stage 1),3508,44,probability,True,False,True,False,3,0.3333333333333333,0.6666666666666666,0.0,0.0,0.3333333333333333,0.6666666666666666,3.0
ablate_citation,ablation,w/o Citation-Forcing Prompt,3508,44,probability,False,True,True,False,4,0.0,1.0,0.0,,0.0,1.0,4.0
ablate_stage3,ablation,w/o Auto Verification (Stage 3),3508,44,probability,True,True,False,False,3,,,,0.0,,,
naive,baseline,Naive Prompting,6295,491,equation-solving,False,False,True,False,4,0.0,1.0,0.0,,0.0,1.0,4.0
template,baseline,Template-only,6295,491,equation-solving,True,True,True,False,2,1.0,0.0,0.0,0.0,1.0,0.0,2.0
full,baseline,MetaKT-Verba (Full),6295,491,equation-solving,True,True,True,False,3,0.3333333333333333,0.6666666666666666,0.0,0.0,0.3333333333333333,0.6666666666666666,3.0
ablate_stage1,ablation,w/o Symbolic Grounding (Stage 1),6295,491,equation-solving,True,False,True,False,3,0.0,1.0,0.0,0.0,0.0,1.0,3.0
ablate_citation,ablation,w/o Citation-Forcing Prompt,6295,491,equation-solving,False,True,True,False,4,0.0,1.0,0.0,,0.0,1.0,4.0
ablate_stage3,ablation,w/o Auto Verification (Stage 3),6295,491,equation-solving,True,True,False,False,3,,,,0.0,,,
naive,baseline,Naive Prompting,676,227,multiplying-decimals,False,False,True,False,3,0.0,1.0,0.0,,0.0,1.0,3.0
template,baseline,Template-only,676,227,multiplying-decimals,True,True,True,False,3,1.0,0.0,0.0,0.0,1.0,0.0,3.0
full,baseline,MetaKT-Verba (Full),676,227,multiplying-decimals,True,True,True,False,3,0.3333333333333333,0.6666666666666666,0.0,0.0,0.3333333333333333,0.6666666666666666,3.0
ablate_stage1,ablation,w/o Symbolic Grounding (Stage 1),676,227,multiplying-decimals,True,False,True,False,3,0.0,1.0,0.0,0.0,0.0,1.0,3.0
ablate_citation,ablation,w/o Citation-Forcing Prompt,676,227,multiplying-decimals,False,True,True,False,4,0.25,0.75,0.0,,0.25,0.75,4.0
ablate_stage3,ablation,w/o Auto Verification (Stage 3),676,227,multiplying-decimals,True,True,False,False,3,,,,0.0,,,
naive,baseline,Naive Prompting,5422,184,area,False,False,True,False,4,0.0,1.0,0.0,,0.0,1.0,4.0
template,baseline,Template-only,5422,184,area,True,True,True,False,1,1.0,0.0,0.0,0.0,1.0,0.0,1.0
full,baseline,MetaKT-Verba (Full),5422,184,area,True,True,True,False,3,0.3333333333333333,0.6666666666666666,0.0,0.0,0.3333333333333333,0.6666666666666666,3.0
ablate_stage1,ablation,w/o Symbolic Grounding (Stage 1),5422,184,area,True,False,True,False,3,0.0,1.0,0.0,0.0,0.0,1.0,3.0
ablate_citation,ablation,w/o Citation-Forcing Prompt,5422,184,area,False,True,True,False,4,0.0,1.0,0.0,,0.0,1.0,4.0
ablate_stage3,ablation,w/o Auto Verification (Stage 3),5422,184,area,True,True,False,False,3,,,,0.0,,,
naive,baseline,Naive Prompting,5347,379,reading-graph,False,False,True,False,4,0.0,1.0,0.0,,0.0,1.0,4.0
template,baseline,Template-only,5347,379,reading-graph,True,True,True,False,2,1.0,0.0,0.0,0.0,1.0,0.0,2.0
full,baseline,MetaKT-Verba (Full),5347,379,reading-graph,True,True,True,False,2,0.0,1.0,0.0,0.0,0.0,1.0,2.0
ablate_stage1,ablation,w/o Symbolic Grounding (Stage 1),5347,379,reading-graph,True,False,True,False,3,0.0,1.0,0.0,0.0,0.0,1.0,3.0
ablate_citation,ablation,w/o Citation-Forcing Prompt,5347,379,reading-graph,False,True,True,False,4,0.0,1.0,0.0,,0.0,1.0,4.0
ablate_stage3,ablation,w/o Auto Verification (Stage 3),5347,379,reading-graph,True,True,False,False,2,,,,0.0,,,
naive,baseline,Naive Prompting,6308,21,discount,False,False,True,False,4,0.0,1.0,0.0,,0.0,1.0,4.0
template,baseline,Template-only,6308,21,discount,True,True,True,False,1,1.0,0.0,0.0,0.0,1.0,0.0,1.0
full,baseline,MetaKT-Verba (Full),6308,21,discount,True,True,True,False,3,0.0,1.0,0.0,0.0,0.0,1.0,3.0
ablate_stage1,ablation,w/o Symbolic Grounding (Stage 1),6308,21,discount,True,False,True,False,3,0.3333333333333333,0.6666666666666666,0.0,0.0,0.3333333333333333,0.6666666666666666,3.0
ablate_citation,ablation,w/o Citation-Forcing Prompt,6308,21,discount,False,True,True,False,4,0.0,1.0,0.0,,0.0,1.0,4.0
ablate_stage3,ablation,w/o Auto Verification (Stage 3),6308,21,discount,True,True,False,False,3,,,,0.0,,,
naive,baseline,Naive Prompting,522,278,area,False,False,True,False,3,1.0,0.0,0.0,,1.0,0.0,3.0
template,baseline,Template-only,522,278,area,True,True,True,False,1,1.0,0.0,0.0,0.0,1.0,0.0,1.0
full,baseline,MetaKT-Verba (Full),522,278,area,True,True,True,False,1,1.0,0.0,0.0,0.0,1.0,0.0,1.0
ablate_stage1,ablation,w/o Symbolic Grounding (Stage 1),522,278,area,True,False,True,False,3,1.0,0.0,0.0,0.0,1.0,0.0,3.0
ablate_citation,ablation,w/o Citation-Forcing Prompt,522,278,area,False,True,True,False,4,1.0,0.0,0.0,,1.0,0.0,4.0
ablate_stage3,ablation,w/o Auto Verification (Stage 3),522,278,area,True,True,False,False,1,,,,0.0,,,
naive,baseline,Naive Prompting,7062,73,pattern-finding,False,False,True,False,4,0.0,1.0,0.0,,0.0,1.0,4.0
template,baseline,Template-only,7062,73,pattern-finding,True,True,True,False,1,1.0,0.0,0.0,0.0,1.0,0.0,1.0
full,baseline,MetaKT-Verba (Full),7062,73,pattern-finding,True,True,True,False,3,0.0,1.0,0.0,0.0,0.0,1.0,3.0
ablate_stage1,ablation,w/o Symbolic Grounding (Stage 1),7062,73,pattern-finding,True,False,True,False,3,0.0,1.0,0.0,0.0,0.0,1.0,3.0
ablate_citation,ablation,w/o Citation-Forcing Prompt,7062,73,pattern-finding,False,True,True,False,4,0.0,1.0,0.0,,0.0,1.0,4.0
ablate_stage3,ablation,w/o Auto Verification (Stage 3),7062,73,pattern-finding,True,True,False,False,3,,,,0.0,,,
naive,baseline,Naive Prompting,2924,4,equation-solving,False,False,True,False,3,0.0,1.0,0.0,,0.0,1.0,3.0
template,baseline,Template-only,2924,4,equation-solving,True,True,True,False,1,1.0,0.0,0.0,0.0,1.0,0.0,1.0
full,baseline,MetaKT-Verba (Full),2924,4,equation-solving,True,True,True,False,3,0.0,1.0,0.0,0.0,0.0,1.0,3.0
ablate_stage1,ablation,w/o Symbolic Grounding (Stage 1),2924,4,equation-solving,True,False,True,False,3,0.0,1.0,0.0,0.0,0.0,1.0,3.0
ablate_citation,ablation,w/o Citation-Forcing Prompt,2924,4,equation-solving,False,True,True,False,4,0.0,1.0,0.0,,0.0,1.0,4.0
ablate_stage3,ablation,w/o Auto Verification (Stage 3),2924,4,equation-solving,True,True,False,False,3,,,,0.0,,,
naive,baseline,Naive Prompting,6419,143,probability,False,False,True,False,4,0.0,1.0,0.0,,0.0,1.0,4.0
template,baseline,Template-only,6419,143,probability,True,True,True,False,1,1.0,0.0,0.0,0.0,1.0,0.0,1.0
full,baseline,MetaKT-Verba (Full),6419,143,probability,True,True,True,False,3,0.0,1.0,0.0,0.0,0.0,1.0,3.0
ablate_stage1,ablation,w/o Symbolic Grounding (Stage 1),6419,143,probability,True,False,True,False,4,0.0,1.0,0.0,0.0,0.0,1.0,4.0
ablate_citation,ablation,w/o Citation-Forcing Prompt,6419,143,probability,False,True,True,False,4,0.0,1.0,0.0,,0.0,1.0,4.0
ablate_stage3,ablation,w/o Auto Verification (Stage 3),6419,143,probability,True,True,False,False,3,,,,0.0,,,
naive,baseline,Naive Prompting,7028,71,rate-with-distance-and-time,False,False,True,False,2,0.5,0.5,0.0,,0.5,0.5,2.0
template,baseline,Template-only,7028,71,rate-with-distance-and-time,True,True,True,False,2,1.0,0.0,0.0,0.0,1.0,0.0,2.0
full,baseline,MetaKT-Verba (Full),7028,71,rate-with-distance-and-time,True,True,True,False,3,0.0,1.0,0.0,0.0,0.0,1.0,3.0
ablate_stage1,ablation,w/o Symbolic Grounding (Stage 1),7028,71,rate-with-distance-and-time,True,False,True,False,3,0.0,1.0,0.0,0.0,0.0,1.0,3.0
ablate_citation,ablation,w/o Citation-Forcing Prompt,7028,71,rate-with-distance-and-time,False,True,True,False,2,0.0,1.0,0.0,,0.0,1.0,2.0
ablate_stage3,ablation,w/o Auto Verification (Stage 3),7028,71,rate-with-distance-and-time,True,True,False,False,3,,,,0.0,,,
naive,baseline,Naive Prompting,5554,37,evaluating-functions,False,False,True,False,4,0.0,1.0,0.0,,0.0,1.0,4.0
template,baseline,Template-only,5554,37,evaluating-functions,True,True,True,False,1,1.0,0.0,0.0,0.0,1.0,0.0,1.0
full,baseline,MetaKT-Verba (Full),5554,37,evaluating-functions,True,True,True,False,3,0.3333333333333333,0.6666666666666666,0.0,0.0,0.3333333333333333,0.6666666666666666,3.0
ablate_stage1,ablation,w/o Symbolic Grounding (Stage 1),5554,37,evaluating-functions,True,False,True,False,3,0.0,1.0,0.0,0.0,0.0,1.0,3.0
ablate_citation,ablation,w/o Citation-Forcing Prompt,5554,37,evaluating-functions,False,True,True,False,4,0.25,0.75,0.0,,0.25,0.75,4.0
ablate_stage3,ablation,w/o Auto Verification (Stage 3),5554,37,evaluating-functions,True,True,False,False,3,,,,0.0,,,
naive,baseline,Naive Prompting,3700,144,ordering-numbers,False,False,True,False,4,0.25,0.75,0.0,,0.25,0.75,4.0
template,baseline,Template-only,3700,144,ordering-numbers,True,True,True,False,2,1.0,0.0,0.0,0.0,1.0,0.0,2.0
full,baseline,MetaKT-Verba (Full),3700,144,ordering-numbers,True,True,True,False,3,0.0,1.0,0.0,0.0,0.0,1.0,3.0
ablate_stage1,ablation,w/o Symbolic Grounding (Stage 1),3700,144,ordering-numbers,True,False,True,False,3,0.3333333333333333,0.6666666666666666,0.0,0.0,0.3333333333333333,0.6666666666666666,3.0
ablate_citation,ablation,w/o Citation-Forcing Prompt,3700,144,ordering-numbers,False,True,True,False,4,0.0,1.0,0.0,,0.0,1.0,4.0
ablate_stage3,ablation,w/o Auto Verification (Stage 3),3700,144,ordering-numbers,True,True,False,False,3,,,,0.0,,,
naive,baseline,Naive Prompting,6979,427,order-of-operations,False,False,True,False,3,0.0,1.0,0.0,,0.0,1.0,3.0
template,baseline,Template-only,6979,427,order-of-operations,True,True,True,False,2,1.0,0.0,0.0,0.0,1.0,0.0,2.0
full,baseline,MetaKT-Verba (Full),6979,427,order-of-operations,True,True,True,False,2,0.0,1.0,0.0,0.0,0.0,1.0,2.0
ablate_stage1,ablation,w/o Symbolic Grounding (Stage 1),6979,427,order-of-operations,True,False,True,False,3,0.0,1.0,0.0,0.0,0.0,1.0,3.0
ablate_citation,ablation,w/o Citation-Forcing Prompt,6979,427,order-of-operations,False,True,True,False,4,0.25,0.75,0.0,,0.25,0.75,4.0
ablate_stage3,ablation,w/o Auto Verification (Stage 3),6979,427,order-of-operations,True,True,False,False,2,,,,0.0,,,
naive,baseline,Naive Prompting,7676,42,multiplying-decimals,False,False,True,False,4,0.0,1.0,0.0,,0.0,1.0,4.0
template,baseline,Template-only,7676,42,multiplying-decimals,True,True,True,False,2,1.0,0.0,0.0,0.0,1.0,0.0,2.0
full,baseline,MetaKT-Verba (Full),7676,42,multiplying-decimals,True,True,True,False,2,0.0,1.0,0.0,0.0,0.0,1.0,2.0
ablate_stage1,ablation,w/o Symbolic Grounding (Stage 1),7676,42,multiplying-decimals,True,False,True,False,3,0.0,1.0,0.0,0.0,0.0,1.0,3.0
ablate_citation,ablation,w/o Citation-Forcing Prompt,7676,42,multiplying-decimals,False,True,True,False,4,0.0,1.0,0.0,,0.0,1.0,4.0
ablate_stage3,ablation,w/o Auto Verification (Stage 3),7676,42,multiplying-decimals,True,True,False,False,2,,,,0.0,,,
naive,baseline,Naive Prompting,3386,101,noskill,False,False,True,False,4,1.0,0.0,0.0,,1.0,0.0,4.0
template,baseline,Template-only,3386,101,noskill,True,True,True,False,1,1.0,0.0,0.0,0.0,1.0,0.0,1.0
full,baseline,MetaKT-Verba (Full),3386,101,noskill,True,True,True,False,1,1.0,0.0,0.0,0.0,1.0,0.0,1.0
ablate_stage1,ablation,w/o Symbolic Grounding (Stage 1),3386,101,noskill,True,False,True,False,3,1.0,0.0,0.0,0.0,1.0,0.0,3.0
ablate_citation,ablation,w/o Citation-Forcing Prompt,3386,101,noskill,False,True,True,False,4,1.0,0.0,0.0,,1.0,0.0,4.0
ablate_stage3,ablation,w/o Auto Verification (Stage 3),3386,101,noskill,True,True,False,False,1,,,,0.0,,,
naive,baseline,Naive Prompting,1064,100,inducing-functions,False,False,True,False,4,1.0,0.0,0.0,,1.0,0.0,4.0
template,baseline,Template-only,1064,100,inducing-functions,True,True,True,False,1,1.0,0.0,0.0,0.0,1.0,0.0,1.0
full,baseline,MetaKT-Verba (Full),1064,100,inducing-functions,True,True,True,False,1,1.0,0.0,0.0,0.0,1.0,0.0,1.0
ablate_stage1,ablation,w/o Symbolic Grounding (Stage 1),1064,100,inducing-functions,True,False,True,False,3,1.0,0.0,0.0,0.0,1.0,0.0,3.0
ablate_citation,ablation,w/o Citation-Forcing Prompt,1064,100,inducing-functions,False,True,True,False,4,1.0,0.0,0.0,,1.0,0.0,4.0
ablate_stage3,ablation,w/o Auto Verification (Stage 3),1064,100,inducing-functions,True,True,False,False,1,,,,0.0,,,
naive,baseline,Naive Prompting,6057,953,perimeter,False,False,True,False,3,0.0,1.0,0.0,,0.0,1.0,3.0
template,baseline,Template-only,6057,953,perimeter,True,True,True,False,2,1.0,0.0,0.0,0.0,1.0,0.0,2.0
full,baseline,MetaKT-Verba (Full),6057,953,perimeter,True,True,True,False,2,0.0,1.0,0.0,0.0,0.0,1.0,2.0
ablate_stage1,ablation,w/o Symbolic Grounding (Stage 1),6057,953,perimeter,True,False,True,False,3,0.0,1.0,0.0,0.0,0.0,1.0,3.0
ablate_citation,ablation,w/o Citation-Forcing Prompt,6057,953,perimeter,False,True,True,False,4,0.0,1.0,0.0,,0.0,1.0,4.0
ablate_stage3,ablation,w/o Auto Verification (Stage 3),6057,953,perimeter,True,True,False,False,2,,,,0.0,,,
